candidate,round,source_replicate,heldout_replicate,cross_score,baseline_score,cross_minus_baseline,random_mean,random_std,random_p90,random_p95,cross_percentile,cross_minus_baseline_random_std,cross_above_baseline,cross_above_random_p90,heldout_G,baseline_G,G_vs_baseline,random_G_mean,random_G_std,random_G_p90,random_G_p95,G_quality_percentile,heldout_A,baseline_A,A_vs_baseline,random_A_mean,random_A_std,random_A_p90,random_A_p95,A_quality_percentile,heldout_adapted_loss,baseline_adapted_loss,adapted_loss_vs_baseline,random_adapted_loss_mean,random_adapted_loss_std,random_adapted_loss_p90,random_adapted_loss_p95,adapted_loss_quality_percentile
Full,1,0,1,4.871079743596105,1.7552614698530573,3.1158182737430473,0.019951774702621817,2.12354179699652,2.8025798144393677,3.4541877999442434,99.0,1.467274285888781,True,True,0.3504128813743591,0.25835002660751344,0.09206285476684567,0.21132130080461503,0.064000753617432,0.29985401034355164,0.31667745828628535,98.5,0.2873716115951538,0.2253114700317383,0.062060141563415494,0.18979854592084885,0.05068952905354113,0.25812018275260923,0.2720450061559677,97.6,2.3315573930740356,2.393617534637451,-0.06206014156341544,2.4291304587483404,0.05068952905354112,2.4951462829113007,2.510131273269653,97.6
G,1,0,1,1.7269180278798246,0.4739572041489136,1.2529608237309109,0.005244517675041085,0.6378647231503377,0.8876074441706711,1.0552786567406296,99.7,1.964304935288923,True,True,0.3840670228004456,0.25835002660751344,0.12571699619293214,0.21132130080461503,0.064000753617432,0.29985401034355164,0.31667745828628535,99.7,0.3255440711975098,0.2253114700317383,0.10023260116577148,0.18979854592084885,0.05068952905354113,0.25812018275260923,0.2720450061559677,99.9,2.2933849334716796,2.393617534637451,-0.10023260116577148,2.4291304587483404,0.05068952905354112,2.4951462829113007,2.510131273269653,99.9
A,1,0,1,1.271442338433516,0.36032706878713106,0.911115269646385,0.003280441047840588,0.5096320808094211,0.6901855789136508,0.8301856313596204,99.55,1.7877902588065293,True,True,0.3599653959274292,0.25835002660751344,0.10161536931991577,0.21132130080461503,0.064000753617432,0.29985401034355164,0.31667745828628535,98.95,0.31593371629714967,0.2253114700317383,0.09062224626541138,0.18979854592084885,0.05068952905354113,0.25812018275260923,0.2720450061559677,99.55,2.3029952883720397,2.393617534637451,-0.09062224626541138,2.4291304587483404,0.05068952905354112,2.4951462829113007,2.510131273269653,99.55
C,1,0,1,6.09161204338611,2.075112732698405,4.016499310687705,0.03773909114695048,1.9964443118677682,2.570518604822198,3.272867247234137,99.8,2.0118263689158855,True,True,0.3127376675605774,0.25835002660751344,0.054387640953063976,0.21132130080461503,0.064000753617432,0.29985401034355164,0.31667745828628535,94.2,0.2554197311401367,0.2253114700317383,0.030108261108398426,0.18979854592084885,0.05068952905354113,0.25812018275260923,0.2720450061559677,88.9,2.363509273529053,2.393617534637451,-0.03010826110839826,2.4291304587483404,0.05068952905354112,2.4951462829113007,2.510131273269653,88.9
G+C,1,0,1,2.7827717548566793,0.9927353873235147,1.7900363675331645,0.01467929046177867,0.9492635878688899,1.2164604716733456,1.5601809427538778,99.8,1.8857105554336298,True,True,0.32913109064102175,0.25835002660751344,0.07078106403350831,0.21132130080461503,0.064000753617432,0.29985401034355164,0.31667745828628535,97.1,0.23124585151672364,0.2253114700317383,0.005934381484985346,0.18979854592084885,0.05068952905354113,0.25812018275260923,0.2720450061559677,76.5,2.387683153152466,2.393617534637451,-0.005934381484985263,2.4291304587483404,0.05068952905354112,2.4951462829113007,2.510131273269653,76.5
A+C,1,0,1,2.1900868968189258,0.8791052519617324,1.3109816448571934,0.012715213834578241,0.8033067760154425,1.0001476821574775,1.3132251556990886,99.7,1.6319813102534957,True,True,0.3504128813743591,0.25835002660751344,0.09206285476684567,0.21132130080461503,0.064000753617432,0.29985401034355164,0.31667745828628535,98.5,0.2873716115951538,0.2253114700317383,0.062060141563415494,0.18979854592084885,0.05068952905354113,0.25812018275260923,0.2720450061559677,97.6,2.3315573930740356,2.393617534637451,-0.06206014156341544,2.4291304587483404,0.05068952905354112,2.4951462829113007,2.510131273269653,97.6
G+A,1,0,1,2.7745814624653273,0.8342842729360447,1.9402971895292827,0.008524958722881809,1.1347008751246443,1.5620928486700834,1.8539840082683463,99.4,1.7099635966317073,True,True,0.36544588804244993,0.25835002660751344,0.10709586143493649,0.21132130080461503,0.064000753617432,0.29985401034355164,0.31667745828628535,99.3,0.312135124206543,0.2253114700317383,0.0868236541748047,0.18979854592084885,0.05068952905354113,0.25812018275260923,0.2720450061559677,99.4,2.3067938804626467,2.393617534637451,-0.08682365417480442,2.4291304587483404,0.05068952905354112,2.4951462829113007,2.510131273269653,99.4
Full,1,0,2,6.376453442754504,0.8365888387055636,5.53986460404894,0.11856275028511344,2.7675793859616697,3.668060631867506,4.810975784222412,99.4,2.001700342237506,True,True,0.8886843204498291,0.7780006468296051,0.11068367362022402,0.7737238266289235,0.05201029170989695,0.8439227706193925,0.8632202094793319,98.8,0.8185461282730102,0.7373089611530304,0.08123716711997986,0.7532303197205067,0.03792999946030705,0.8030030864477158,0.8176752629876136,95.2,1.7670123100280761,1.848249477148056,-0.08123716711997986,1.8323281185805798,0.03792999946030705,1.8812756192684172,1.8947185817360879,95.2
G,1,0,2,1.19679014549448,0.07722165737133169,1.1195684881231482,0.021728691052147028,0.6748484225846628,0.9325800833749949,1.182969876364294,95.1,1.6589925243289625,True,True,0.8642853319644928,0.7780006468296051,0.08628468513488763,0.7737238266289235,0.05201029170989695,0.8439227706193925,0.8632202094793319,95.1,0.8044918119907379,0.7373089611530304,0.06718285083770759,0.7532303197205067,0.03792999946030705,0.8030030864477158,0.8176752629876136,90.9,1.7810666263103485,1.848249477148056,-0.06718285083770748,1.8323281185805798,0.03792999946030705,1.8812756192684172,1.8947185817360879,90.9
A,1,0,2,0.7006803324263883,-0.19041493800730425,0.8910952704336925,0.019915835827472434,0.5010782279808694,0.6774441803631572,0.87127250427147,90.9,1.7783555953417187,True,True,0.8469507753849029,0.7780006468296051,0.06895012855529781,0.7737238266289235,0.05201029170989695,0.8439227706193925,0.8632202094793319,90.6,0.8047619879245758,0.7373089611530304,0.06745302677154541,0.7532303197205067,0.03792999946030705,0.8030030864477158,0.8176752629876136,90.9,1.7807964503765106,1.848249477148056,-0.06745302677154541,1.8323281185805798,0.03792999946030705,1.8812756192684172,1.8947185817360879,90.9
C,1,0,2,7.626608878859702,2.125346614590814,5.501262264268888,0.043872868977556295,2.116010360999721,2.7531847553561657,3.5583225135651966,100.0,2.599827659477899,True,True,0.8764243006706238,0.7780006468296051,0.0984236538410187,0.7737238266289235,0.05201029170989695,0.8439227706193925,0.8632202094793319,97.8,0.8230482935905457,0.7373089611530304,0.0857393324375153,0.7532303197205067,0.03792999946030705,0.8030030864477158,0.8176752629876136,96.4,1.7625101447105407,1.848249477148056,-0.0857393324375153,1.8323281185805798,0.03792999946030705,1.8812756192684172,1.8947185817360879,96.4
G+C,1,0,2,3.15792239480694,0.6085583110190349,2.5493640837879052,0.032696908296535994,1.0238649289229926,1.3642643157141974,1.7314904749237876,100.0,2.489941799715311,True,True,0.8841201305389405,0.7780006468296051,0.10611948370933533,0.7737238266289235,0.05201029170989695,0.8439227706193925,0.8632202094793319,98.5,0.7908068299293518,0.7373089611530304,0.053497868776321456,0.7532303197205067,0.03792999946030705,0.8030030864477158,0.8176752629876136,81.6,1.7947516083717345,1.848249477148056,-0.053497868776321456,1.8323281185805798,0.03792999946030705,1.8812756192684172,1.8947185817360879,81.6
A+C,1,0,2,2.1385141070464506,0.3409217156403992,1.7975923914060514,0.030884053071861525,0.8110102519148353,1.0845632708639772,1.4100304247191087,99.4,2.2164854108340144,True,True,0.8886843204498291,0.7780006468296051,0.11068367362022402,0.7737238266289235,0.05201029170989695,0.8439227706193925,0.8632202094793319,98.8,0.8185461282730102,0.7373089611530304,0.08123716711997986,0.7532303197205067,0.03792999946030705,0.8030030864477158,0.8176752629876136,95.2,1.7670123100280761,1.848249477148056,-0.08123716711997986,1.8323281185805798,0.03792999946030705,1.8812756192684172,1.8947185817360879,95.2
G+A,1,0,2,1.8557429972564594,-0.11319328063597345,1.9689362778924329,0.04164452687961949,1.1528587037190647,1.6065563818461697,2.0171381780451516,92.9,1.707873021681445,True,True,0.864437597990036,0.7780006468296051,0.08643695116043093,0.7737238266289235,0.05201029170989695,0.8439227706193925,0.8632202094793319,95.3,0.8014537990093231,0.7373089611530304,0.06414483785629277,0.7532303197205067,0.03792999946030705,0.8030030864477158,0.8176752629876136,88.8,1.7841046392917632,1.848249477148056,-0.06414483785629277,1.8323281185805798,0.03792999946030705,1.8812756192684172,1.8947185817360879,88.8
Full,1,1,0,4.465051139969534,3.1245949115802425,1.3404562283892911,0.018506065800497837,1.376927165352666,1.7576687361563184,2.3593845442662538,99.9,0.9735128059921501,True,True,0.7580080509185791,0.6858639121055603,0.07214413881301884,0.6105328284144401,0.046058357509265895,0.6690560150146484,0.6843337815999985,100.0,0.6747721314430237,0.6419785499572754,0.03279358148574829,0.5816261760473251,0.03426676254637284,0.6253243112564086,0.6392201215028763,99.3,1.9336206316947937,1.966414213180542,-0.03279358148574829,2.0267665870904925,0.03426676254637284,2.0698747086524962,2.0828036606311797,99.3
G,1,1,0,1.4916330813150331,0.7959917682980442,0.695641313016989,0.015355019404156761,0.4772909760976126,0.6218158305856396,0.7801354173109417,100.0,1.4574784520433102,True,True,0.7529929757118226,0.6858639121055603,0.06712906360626225,0.6105328284144401,0.046058357509265895,0.6690560150146484,0.6843337815999985,100.0,0.6623574018478393,0.6419785499572754,0.020378851890563876,0.5816261760473251,0.03426676254637284,0.6253243112564086,0.6392201215028763,98.7,1.9460353612899781,1.966414213180542,-0.020378851890563876,2.0267665870904925,0.03426676254637284,2.0698747086524962,2.0828036606311797,98.7
A,1,1,0,0.8643258905860466,0.6350858612951844,0.22924002929086218,0.0038746528887110745,0.35838796709714227,0.4609031166172524,0.6062361103209806,98.8,0.6396420927511941,True,True,0.7528721213340759,0.6858639121055603,0.06700820922851558,0.6105328284144401,0.046058357509265895,0.6690560150146484,0.6843337815999985,100.0,0.6638970136642456,0.6419785499572754,0.021918463706970148,0.5816261760473251,0.03426676254637284,0.6253243112564086,0.6392201215028763,98.8,1.9444957494735717,1.966414213180542,-0.02191846370697026,2.0267665870904925,0.03426676254637284,2.0698747086524962,2.0828036606311797,98.8
C,1,1,0,6.431161506338628,2.2378762859465766,4.193285220392052,0.03557281518370587,1.9353670053746383,2.586060140936222,3.231137665781777,100.0,2.1666615214308345,True,True,0.621523118019104,0.6858639121055603,-0.06434079408645632,0.6105328284144401,0.046058357509265895,0.6690560150146484,0.6843337815999985,59.2,0.5450325965881347,0.6419785499572754,-0.09694595336914069,0.5816261760473251,0.03426676254637284,0.6253243112564086,0.6392201215028763,13.8,2.063360166549683,1.966414213180542,0.0969459533691408,2.0267665870904925,0.03426676254637284,2.0698747086524962,2.0828036606311797,13.8
G+C,1,1,0,2.767117199210136,1.3554608397846881,1.411656359425448,0.024248223200083047,0.7923953133366488,1.0441048915367623,1.3127128470400435,100.0,1.7815051851848933,True,True,0.715714967250824,0.6858639121055603,0.02985105514526365,0.6105328284144401,0.046058357509265895,0.6690560150146484,0.6843337815999985,99.0,0.6105345129966736,0.6419785499572754,-0.03144403696060183,0.5816261760473251,0.03426676254637284,0.6253243112564086,0.6392201215028763,80.1,1.9978582501411437,1.966414213180542,0.03144403696060172,2.0267665870904925,0.03426676254637284,2.0698747086524962,2.0828036606311797,80.1
A+C,1,1,0,2.175106521261628,1.1945549327818283,0.9805515884797997,0.012767856684637528,0.627230407607618,0.80068055425789,1.0606822721513924,100.0,1.5633036545849543,True,True,0.7458415269851685,0.6858639121055603,0.059977614879608177,0.6105328284144401,0.046058357509265895,0.6690560150146484,0.6843337815999985,99.9,0.6466969728469849,0.6419785499572754,0.004718422889709473,0.5816261760473251,0.03426676254637284,0.6253243112564086,0.6392201215028763,96.4,1.9616957902908325,1.966414213180542,-0.004718422889709473,2.0267665870904925,0.03426676254637284,2.0698747086524962,2.0828036606311797,96.4
G+A,1,1,0,2.354706588901778,1.431077629593228,0.9236289593085503,0.019229672292867518,0.8124184578859628,1.0853043103468094,1.371833441100036,99.6,1.1368882013241972,True,True,0.7528721213340759,0.6858639121055603,0.06700820922851558,0.6105328284144401,0.046058357509265895,0.6690560150146484,0.6843337815999985,100.0,0.6638970136642456,0.6419785499572754,0.021918463706970148,0.5816261760473251,0.03426676254637284,0.6253243112564086,0.6392201215028763,98.8,1.9444957494735717,1.966414213180542,-0.02191846370697026,2.0267665870904925,0.03426676254637284,2.0698747086524962,2.0828036606311797,98.8
Full,1,1,2,6.783829381731203,0.8365888387055636,5.947240543025639,0.11856275028511344,2.7675793859616697,3.668060631867506,4.810975784222412,100.0,2.1488960978653595,True,True,0.8996996700763702,0.7780006468296051,0.12169902324676507,0.7737238266289235,0.05201029170989695,0.8439227706193925,0.8632202094793319,99.7,0.8278924286365509,0.7373089611530304,0.09058346748352053,0.7532303197205067,0.03792999946030705,0.8030030864477158,0.8176752629876136,97.6,1.7576660096645356,1.848249477148056,-0.09058346748352042,1.8323281185805798,0.03792999946030705,1.8812756192684172,1.8947185817360879,97.6
G,1,1,2,1.8284972455243511,0.07722165737133169,1.7512755881530193,0.021728691052147028,0.6748484225846628,0.9325800833749949,1.182969876364294,100.0,2.5950650983900223,True,True,0.9129707396030426,0.7780006468296051,0.13497009277343752,0.7737238266289235,0.05201029170989695,0.8439227706193925,0.8632202094793319,100.0,0.8372408449649811,0.7373089611530304,0.09993188381195073,0.7532303197205067,0.03792999946030705,0.8030030864477158,0.8176752629876136,99.1,1.7483175933361053,1.848249477148056,-0.09993188381195073,1.8323281185805798,0.03792999946030705,1.8812756192684172,1.8947185817360879,99.1
A,1,1,2,1.0337443888281395,-0.19041493800730425,1.2241593268354438,0.019915835827472434,0.5010782279808694,0.6774441803631572,0.87127250427147,98.2,2.443050323236516,True,True,0.9014783799648285,0.7780006468296051,0.12347773313522337,0.7737238266289235,0.05201029170989695,0.8439227706193925,0.8632202094793319,99.9,0.8299738585948944,0.7373089611530304,0.09266489744186401,0.7532303197205067,0.03792999946030705,0.8030030864477158,0.8176752629876136,98.2,1.755584579706192,1.848249477148056,-0.09266489744186401,1.8323281185805798,0.03792999946030705,1.8812756192684172,1.8947185817360879,98.2
C,1,1,2,5.704231023471916,2.125346614590814,3.578884408881102,0.043872868977556295,2.116010360999721,2.7531847553561657,3.5583225135651966,99.8,1.6913359569705688,True,True,0.7813868641853332,0.7780006468296051,0.003386217355728083,0.7737238266289235,0.05201029170989695,0.8439227706193925,0.8632202094793319,56.0,0.7099827289581299,0.7373089611530304,-0.02732623219490049,0.7532303197205067,0.03792999946030705,0.8030030864477158,0.8176752629876136,12.6,1.8755757093429566,1.848249477148056,0.0273262321949006,1.8323281185805798,0.03792999946030705,1.8812756192684172,1.8947185817360879,12.6
G+C,1,1,2,3.676758940749975,0.6085583110190349,3.06820062973094,0.032696908296535994,1.0238649289229926,1.3642643157141974,1.7314904749237876,100.0,2.996684956245539,True,True,0.9325114369392395,0.7780006468296051,0.15451079010963442,0.7737238266289235,0.05201029170989695,0.8439227706193925,0.8632202094793319,100.0,0.835738742351532,0.7373089611530304,0.09842978119850165,0.7532303197205067,0.03792999946030705,0.8030030864477158,0.8176752629876136,99.0,1.7498196959495544,1.848249477148056,-0.09842978119850154,1.8323281185805798,0.03792999946030705,1.8812756192684172,1.8947185817360879,99.0
A+C,1,1,2,2.513660956297181,0.3409217156403992,2.1727392406567816,0.030884053071861525,0.8110102519148353,1.0845632708639772,1.4100304247191087,100.0,2.6790527438177714,True,True,0.9096116304397583,0.7780006468296051,0.13161098361015322,0.7737238266289235,0.05201029170989695,0.8439227706193925,0.8632202094793319,99.9,0.8199546456336975,0.7373089611530304,0.08264568448066711,0.7532303197205067,0.03792999946030705,0.8030030864477158,0.8176752629876136,95.7,1.7656037926673889,1.848249477148056,-0.08264568448066711,1.8323281185805798,0.03792999946030705,1.8812756192684172,1.8947185817360879,95.7
G+A,1,1,2,2.713124978424398,-0.11319328063597345,2.8263182590603715,0.04164452687961949,1.1528587037190647,1.6065563818461697,2.0171381780451516,99.5,2.451573857180251,True,True,0.9014783799648285,0.7780006468296051,0.12347773313522337,0.7737238266289235,0.05201029170989695,0.8439227706193925,0.8632202094793319,99.9,0.8299738585948944,0.7373089611530304,0.09266489744186401,0.7532303197205067,0.03792999946030705,0.8030030864477158,0.8176752629876136,98.2,1.755584579706192,1.848249477148056,-0.09266489744186401,1.8323281185805798,0.03792999946030705,1.8812756192684172,1.8947185817360879,98.2
Full,1,2,0,2.7822373291894906,3.1245949115802425,-0.34235758239075187,0.018506065800497837,1.376927165352666,1.7576687361563184,2.3593845442662538,97.4,-0.24863884670549397,False,True,0.6941786646842957,0.6858639121055603,0.008314752578735374,0.6105328284144401,0.046058357509265895,0.6690560150146484,0.6843337815999985,96.7,0.6106952786445617,0.6419785499572754,-0.03128327131271369,0.5816261760473251,0.03426676254637284,0.6253243112564086,0.6392201215028763,80.3,1.9976974844932556,1.966414213180542,0.03128327131271358,2.0267665870904925,0.03426676254637284,2.0698747086524962,2.0828036606311797,80.3
G,1,2,0,1.0924347031856745,0.7959917682980442,0.2964429348876303,0.015355019404156761,0.4772909760976126,0.6218158305856396,0.7801354173109417,99.0,0.6210947822885375,True,True,0.7144705176353454,0.6858639121055603,0.028606605529785112,0.6105328284144401,0.046058357509265895,0.6690560150146484,0.6843337815999985,99.0,0.6161114335060119,0.6419785499572754,-0.025867116451263494,0.5816261760473251,0.03426676254637284,0.6253243112564086,0.6392201215028763,84.1,1.9922813296318054,1.966414213180542,0.025867116451263383,2.0267665870904925,0.03426676254637284,2.0698747086524962,2.0828036606311797,84.1
A,1,2,0,0.21278965395503824,0.6350858612951844,-0.42229620734014617,0.0038746528887110745,0.35838796709714227,0.4609031166172524,0.6062361103209806,72.8,-1.1783213894167417,False,False,0.6205564260482788,0.6858639121055603,-0.06530748605728154,0.6105328284144401,0.046058357509265895,0.6690560150146484,0.6843337815999985,58.1,0.6016012907028199,0.6419785499572754,-0.040377259254455566,0.5816261760473251,0.03426676254637284,0.6253243112564086,0.6392201215028763,72.8,2.0067914724349976,1.966414213180542,0.040377259254455566,2.0267665870904925,0.03426676254637284,2.0698747086524962,2.0828036606311797,72.8
C,1,2,0,6.782391123840429,2.2378762859465766,4.5445148378938525,0.03557281518370587,1.9353670053746383,2.586060140936222,3.231137665781777,100.0,2.3481411149789384,True,True,0.6592233657836915,0.6858639121055603,-0.026640546321868852,0.6105328284144401,0.046058357509265895,0.6690560150146484,0.6843337815999985,84.6,0.6005038976669311,0.6419785499572754,-0.041474652290344305,0.5816261760473251,0.03426676254637284,0.6253243112564086,0.6392201215028763,71.9,2.0078888654708864,1.966414213180542,0.041474652290344416,2.0267665870904925,0.03426676254637284,2.0698747086524962,2.0828036606311797,71.9
G+C,1,2,0,2.5748444905354653,1.3554608397846881,1.2193836507507771,0.024248223200083047,0.7923953133366488,1.0441048915367623,1.3127128470400435,100.0,1.5388577269799204,True,True,0.6946276903152466,0.6858639121055603,0.008763778209686324,0.6105328284144401,0.046058357509265895,0.6690560150146484,0.6843337815999985,96.7,0.6103866338729859,0.6419785499572754,-0.03159191608428957,0.5816261760473251,0.03426676254637284,0.6253243112564086,0.6392201215028763,80.1,1.9980061292648315,1.966414213180542,0.03159191608428946,2.0267665870904925,0.03426676254637284,2.0698747086524962,2.0828036606311797,80.1
A+C,1,2,0,2.15039384742503,1.1945549327818283,0.9558389146432016,0.012767856684637528,0.627230407607618,0.80068055425789,1.0606822721513924,100.0,1.523903980180046,True,True,0.7084102630615234,0.6858639121055603,0.022546350955963135,0.6105328284144401,0.046058357509265895,0.6690560150146484,0.6843337815999985,98.7,0.6220026731491088,0.6419785499572754,-0.019975876808166593,0.5816261760473251,0.03426676254637284,0.6253243112564086,0.6392201215028763,87.9,1.9863900899887086,1.966414213180542,0.019975876808166593,2.0267665870904925,0.03426676254637284,2.0698747086524962,2.0828036606311797,87.9
G+A,1,2,0,1.2301975107590213,1.431077629593228,-0.20088011883420664,0.019229672292867518,0.8124184578859628,1.0853043103468094,1.371833441100036,93.7,-0.24726188441967145,False,True,0.6938340306282044,0.6858639121055603,0.007970118522644065,0.6105328284144401,0.046058357509265895,0.6690560150146484,0.6843337815999985,96.7,0.6148747324943542,0.6419785499572754,-0.02710381746292123,0.5816261760473251,0.03426676254637284,0.6253243112564086,0.6392201215028763,83.4,1.9935180306434632,1.966414213180542,0.02710381746292123,2.0267665870904925,0.03426676254637284,2.0698747086524962,2.0828036606311797,83.4
Full,1,2,1,3.7977712110320985,1.7552614698530573,2.042509741179041,0.019951774702621817,2.12354179699652,2.8025798144393677,3.4541877999442434,96.5,0.9618410826986837,True,True,0.33423577547073363,0.25835002660751344,0.07588574886322019,0.21132130080461503,0.064000753617432,0.29985401034355164,0.31667745828628535,97.7,0.25016911029815675,0.2253114700317383,0.024857640266418457,0.18979854592084885,0.05068952905354113,0.25812018275260923,0.2720450061559677,87.0,2.3687598943710326,2.393617534637451,-0.024857640266418457,2.4291304587483404,0.05068952905354112,2.4951462829113007,2.510131273269653,87.0
G,1,2,1,1.6870367824350612,0.4739572041489136,1.2130795782861474,0.005244517675041085,0.6378647231503377,0.8876074441706711,1.0552786567406296,99.7,1.9017818892615541,True,True,0.3800655007362366,0.25835002660751344,0.12171547412872313,0.21132130080461503,0.064000753617432,0.29985401034355164,0.31667745828628535,99.7,0.2930633306503296,0.2253114700317383,0.06775186061859129,0.18979854592084885,0.05068952905354113,0.25812018275260923,0.2720450061559677,98.3,2.3258656740188597,2.393617534637451,-0.0677518606185914,2.4291304587483404,0.05068952905354112,2.4951462829113007,2.510131273269653,98.3
A,1,2,1,0.5540231628794414,0.36032706878713106,0.19369609409231037,0.003280441047840588,0.5096320808094211,0.6901855789136508,0.8301856313596204,83.7,0.38007044961665937,True,False,0.2650488615036011,0.25835002660751344,0.006698834896087635,0.21132130080461503,0.064000753617432,0.29985401034355164,0.31667745828628535,77.7,0.24457706212997438,0.2253114700317383,0.019265592098236084,0.18979854592084885,0.05068952905354113,0.25812018275260923,0.2720450061559677,83.7,2.374351942539215,2.393617534637451,-0.019265592098236084,2.4291304587483404,0.05068952905354112,2.4951462829113007,2.510131273269653,83.7
C,1,2,1,6.109183622130021,2.075112732698405,4.034070889431616,0.03773909114695048,1.9964443118677682,2.570518604822198,3.272867247234137,99.8,2.0206278058703036,True,True,0.3133631944656372,0.25835002660751344,0.05501316785812377,0.21132130080461503,0.064000753617432,0.29985401034355164,0.31667745828628535,94.3,0.2649973392486572,0.2253114700317383,0.03968586921691891,0.18979854592084885,0.05068952905354113,0.25812018275260923,0.2720450061559677,93.2,2.3539316654205322,2.393617534637451,-0.039685869216918856,2.4291304587483404,0.05068952905354112,2.4951462829113007,2.510131273269653,93.2
G+C,1,2,1,3.075024786673589,0.9927353873235147,2.082289399350074,0.01467929046177867,0.9492635878688899,1.2164604716733456,1.5601809427538778,99.9,2.193583980214435,True,True,0.35962740182876585,0.25835002660751344,0.10127737522125241,0.21132130080461503,0.064000753617432,0.29985401034355164,0.31667745828628535,98.9,0.278898811340332,0.2253114700317383,0.05358734130859372,0.18979854592084885,0.05068952905354113,0.25812018275260923,0.2720450061559677,96.7,2.3400301933288574,2.393617534637451,-0.05358734130859366,2.4291304587483404,0.05068952905354112,2.4951462829113007,2.510131273269653,96.7
A+C,1,2,1,2.5281809656551086,0.8791052519617324,1.6490757136933762,0.012715213834578241,0.8033067760154425,1.0001476821574775,1.3132251556990886,99.9,2.0528592101178478,True,True,0.3678857207298279,0.25835002660751344,0.10953569412231445,0.21132130080461503,0.064000753617432,0.29985401034355164,0.31667745828628535,99.3,0.28307394981384276,0.2253114700317383,0.05776247978210447,0.18979854592084885,0.05068952905354113,0.25812018275260923,0.2720450061559677,97.3,2.3358550548553465,2.393617534637451,-0.05776247978210458,2.4291304587483404,0.05068952905354112,2.4951462829113007,2.510131273269653,97.3
G+A,1,2,1,2.578791134151998,0.8342842729360447,1.744506861215953,0.008524958722881809,1.1347008751246443,1.5620928486700834,1.8539840082683463,99.0,1.5374156303742368,True,True,0.36644662618637086,0.25835002660751344,0.10809659957885742,0.21132130080461503,0.064000753617432,0.29985401034355164,0.31667745828628535,99.3,0.2916692018508911,0.2253114700317383,0.06635773181915283,0.18979854592084885,0.05068952905354113,0.25812018275260923,0.2720450061559677,98.3,2.3272598028182983,2.393617534637451,-0.06635773181915283,2.4291304587483404,0.05068952905354112,2.4951462829113007,2.510131273269653,98.3
Full,10,0,1,10.849686281266717,-0.4466250275118506,11.296311308778566,-0.0591897442676661,4.481988173439814,5.478363014410793,7.4579324088411685,99.7,2.5203795439979775,True,True,-22.738674998283386,-38.871933257579805,16.13325825929642,-39.24052244722843,7.314455669478296,-30.220050131082534,-26.85171038091183,99.3,-22.74564970731735,-38.8922882437706,16.14663853645325,-39.31566802229881,7.341023645711857,-30.236076762676237,-26.868665215969084,99.3,24.52918734550476,40.675825881958005,-16.146638536453246,41.09920566048621,7.341023645711857,51.45148513317108,53.47963738203048,99.3
G,10,0,1,3.470195370425361,0.06270152584370003,3.407493844581661,-0.012876480207028793,1.4998051770661176,1.8367418223265028,2.5274088553504295,99.4,2.2719576493577103,True,True,-22.253799748420715,-38.871933257579805,16.61813350915909,-39.24052244722843,7.314455669478296,-30.220050131082534,-26.85171038091183,99.4,-22.27739633321762,-38.8922882437706,16.61489191055298,-39.31566802229881,7.341023645711857,-30.236076762676237,-26.868665215969084,99.3,24.060933971405028,40.675825881958005,-16.614891910552977,41.09920566048621,7.341023645711857,51.45148513317108,53.47963738203048,99.3
A,10,0,1,3.476400926450181,0.07373737261245061,3.4026635538377303,-0.012969116336467976,1.5034123448771424,1.8464949373079897,2.536127382853728,99.3,2.2632936103207224,True,True,-22.253799748420715,-38.871933257579805,16.61813350915909,-39.24052244722843,7.314455669478296,-30.220050131082534,-26.85171038091183,99.4,-22.27739633321762,-38.8922882437706,16.61489191055298,-39.31566802229881,7.341023645711857,-30.236076762676237,-26.868665215969084,99.3,24.060933971405028,40.675825881958005,-16.614891910552977,41.09920566048621,7.341023645711857,51.45148513317108,53.47963738203048,99.3
C,10,0,1,7.201838050462041,-2.627205194321804,9.829043244783845,-0.08150012555080442,1.9364012821416012,2.4074371417411653,3.1470414868254357,100.0,5.075933038999654,True,True,-39.28381695747375,-38.871933257579805,-0.4118836998939486,-39.24052244722843,7.314455669478296,-30.220050131082534,-26.85171038091183,47.6,-39.49022287130356,-38.8922882437706,-0.5979346275329576,-39.31566802229881,7.341023645711857,-30.236076762676237,-26.868665215969084,47.0,41.27376050949097,40.675825881958005,0.5979346275329647,41.09920566048621,7.341023645711857,51.45148513317108,53.47963738203048,47.0
G+C,10,0,1,4.260724280531262,-0.594099772736751,4.854824053268013,-0.03325151159472988,1.5281851086140643,1.9170627105274918,2.471799135672721,100.0,3.176856014302437,True,True,-21.181548643112183,-38.871933257579805,17.69038461446762,-39.24052244722843,7.314455669478296,-30.220050131082534,-26.85171038091183,99.8,-21.208202922344206,-38.8922882437706,17.684085321426394,-39.31566802229881,7.341023645711857,-30.236076762676237,-26.868665215969084,99.8,22.991740560531618,40.675825881958005,-17.684085321426387,41.09920566048621,7.341023645711857,51.45148513317108,53.47963738203048,99.8
A+C,10,0,1,4.266034802925974,-0.5830639259679999,4.849098728893974,-0.033344147724169076,1.5300342797571735,1.909258848097232,2.472177036396327,100.0,3.1692745666218394,True,True,-21.181548643112183,-38.871933257579805,17.69038461446762,-39.24052244722843,7.314455669478296,-30.220050131082534,-26.85171038091183,99.8,-21.208202922344206,-38.8922882437706,17.684085321426394,-39.31566802229881,7.341023645711857,-30.236076762676237,-26.868665215969084,99.8,22.991740560531618,40.675825881958005,-17.684085321426387,41.09920566048621,7.341023645711857,51.45148513317108,53.47963738203048,99.8
G+A,10,0,1,6.946596296875542,0.13643889845614998,6.810157398419392,-0.025845596543496743,3.0031979492862337,3.6744235200037787,5.063536238204157,99.3,2.267635205344341,True,True,-22.253799748420715,-38.871933257579805,16.61813350915909,-39.24052244722843,7.314455669478296,-30.220050131082534,-26.85171038091183,99.4,-22.27739633321762,-38.8922882437706,16.61489191055298,-39.31566802229881,7.341023645711857,-30.236076762676237,-26.868665215969084,99.3,24.060933971405028,40.675825881958005,-16.614891910552977,41.09920566048621,7.341023645711857,51.45148513317108,53.47963738203048,99.3
Full,10,0,2,9.312441875599976,-4.613435626136613,13.92587750173659,0.17076553062523062,4.8872635854941775,6.675155794801949,8.1059251706946,97.3,2.8494222294598153,True,True,-29.694506096839905,-49.4017391204834,19.707233023643493,-43.12666501841546,7.521809477644931,-33.30903483510017,-30.38254898309708,96.3,-29.682229936122894,-49.42516988515854,19.742939949035645,-43.19831385917664,7.536858908611702,-33.39799082517624,-30.384073123931888,96.4,31.421563053131102,51.16450300216675,-19.742939949035645,44.93764697618485,7.536858908611702,55.02877411365509,58.28461125850677,96.4
G,10,0,2,3.3250009211163163,-1.3198534587125659,4.644854379828882,0.05686613914731512,1.6502470490076524,2.2108046676910047,2.8528608983870836,98.5,2.8146418335497008,True,True,-28.23053950071335,-49.4017391204834,21.17119961977005,-43.12666501841546,7.521809477644931,-33.30903483510017,-30.38254898309708,98.5,-28.232011115550996,-49.42516988515854,21.193158769607543,-43.19831385917664,7.536858908611702,-33.39799082517624,-30.384073123931888,98.5,29.971344232559204,51.16450300216675,-21.193158769607543,44.93764697618485,7.536858908611702,55.02877411365509,58.28461125850677,98.5
A,10,0,2,3.338932859807614,-1.308222081788272,4.647154941595886,0.05717913406284581,1.6526536464915293,2.2061565522853543,2.867036918971739,98.5,2.8119351876671064,True,True,-28.23053950071335,-49.4017391204834,21.17119961977005,-43.12666501841546,7.521809477644931,-33.30903483510017,-30.38254898309708,98.5,-28.232011115550996,-49.42516988515854,21.193158769607543,-43.19831385917664,7.536858908611702,-33.39799082517624,-30.384073123931888,98.5,29.971344232559204,51.16450300216675,-21.193158769607543,44.93764697618485,7.536858908611702,55.02877411365509,58.28461125850677,98.5
C,10,0,2,8.55047075251273,-2.708552015390019,11.25902276790275,-0.0018355065911039646,1.9078727279461636,2.3551591155627123,3.098542044550276,100.0,5.901348975213433,True,True,-40.567231965065005,-49.4017391204834,8.834507155418393,-43.12666501841546,7.521809477644931,-33.30903483510017,-30.38254898309708,61.4,-40.73794654607773,-49.42516988515854,8.68722333908081,-43.19831385917664,7.536858908611702,-33.39799082517624,-30.384073123931888,61.3,42.47727966308594,51.16450300216675,-8.68722333908081,44.93764697618485,7.536858908611702,55.02877411365509,58.28461125850677,61.3
G+C,10,0,2,3.3748924850445796,-1.9969914625600715,5.371883947604651,0.0564072624995391,1.6296596914428052,2.151077831396967,2.656129691491205,98.6,3.2963225241514684,True,True,-31.734159648418427,-49.4017391204834,17.667579472064972,-43.12666501841546,7.521809477644931,-33.30903483510017,-30.38254898309708,92.8,-31.733210217952728,-49.42516988515854,17.69195966720581,-43.19831385917664,7.536858908611702,-33.39799082517624,-30.384073123931888,93.0,33.47254333496094,51.16450300216675,-17.691959667205808,44.93764697618485,7.536858908611702,55.02877411365509,58.28461125850677,93.0
A+C,10,0,2,3.3897714351075674,-1.9853600856357767,5.375131520743344,0.05672025741506973,1.6299068532396468,2.1269900772377968,2.648252241321295,98.7,3.2978151543197622,True,True,-31.734159648418427,-49.4017391204834,17.667579472064972,-43.12666501841546,7.521809477644931,-33.30903483510017,-30.38254898309708,92.8,-31.733210217952728,-49.42516988515854,17.69195966720581,-43.19831385917664,7.536858908611702,-33.39799082517624,-30.384073123931888,93.0,33.47254333496094,51.16450300216675,-17.691959667205808,44.93764697618485,7.536858908611702,55.02877411365509,58.28461125850677,93.0
G+A,10,0,2,6.663933780923929,-2.6280755405008387,9.292009321424768,0.11404527321016074,3.3028767674923047,4.417587173074536,5.719897817358823,98.5,2.8133079056654258,True,True,-28.23053950071335,-49.4017391204834,21.17119961977005,-43.12666501841546,7.521809477644931,-33.30903483510017,-30.38254898309708,98.5,-28.232011115550996,-49.42516988515854,21.193158769607543,-43.19831385917664,7.536858908611702,-33.39799082517624,-30.384073123931888,98.5,29.971344232559204,51.16450300216675,-21.193158769607543,44.93764697618485,7.536858908611702,55.02877411365509,58.28461125850677,98.5
Full,10,1,0,10.299501937409964,-1.5387654888314986,11.838267426241462,0.08120728507124647,4.499459705178854,5.597249194567766,6.876968839350405,99.7,2.6310419921342287,True,True,-23.474936425685883,-36.31671909093857,12.841782665252687,-34.904051766741276,5.027479300002279,-28.678121129274366,-27.39866851568222,99.7,-23.47491866350174,-36.370514595508574,12.895595932006835,-35.003608154249186,5.0534511372118445,-28.749683728218077,-27.474428827762605,99.7,25.276999759674073,38.17259569168091,-12.895595932006838,36.80568925042152,5.0534511372118445,44.00294301986694,46.12550501346588,99.7
G,10,1,0,3.481321946801154,-0.40246792490369776,3.8837898717048516,0.024770503655853007,1.5204799594052656,1.9077027243636324,2.2946525140872147,99.7,2.5543183569640684,True,True,-23.474936425685883,-36.31671909093857,12.841782665252687,-34.904051766741276,5.027479300002279,-28.678121129274366,-27.39866851568222,99.7,-23.47491866350174,-36.370514595508574,12.895595932006835,-35.003608154249186,5.0534511372118445,-28.749683728218077,-27.474428827762605,99.7,25.276999759674073,38.17259569168091,-12.895595932006838,36.80568925042152,5.0534511372118445,44.00294301986694,46.12550501346588,99.7
A,10,1,0,3.5058086034740636,-0.3881867260038281,3.8939953294778915,0.02456870818950693,1.525956243496017,1.913023699666822,2.2981037419114934,99.7,2.5518394423660653,True,True,-23.474936425685883,-36.31671909093857,12.841782665252687,-34.904051766741276,5.027479300002279,-28.678121129274366,-27.39866851568222,99.7,-23.47491866350174,-36.370514595508574,12.895595932006835,-35.003608154249186,5.0534511372118445,-28.749683728218077,-27.474428827762605,99.7,25.276999759674073,38.17259569168091,-12.895595932006838,36.80568925042152,5.0534511372118445,44.00294301986694,46.12550501346588,99.7
C,10,1,0,7.516775800150502,-1.4396964476805791,8.956472247831082,0.029197460145517728,1.835629994257483,2.5808410316104506,3.0711340771385336,100.0,4.87923616189002,True,True,-37.723222768306734,-36.31671909093857,-1.406503677368164,-34.904051766741276,5.027479300002279,-28.678121129274366,-27.39866851568222,26.5,-37.990108692646025,-36.370514595508574,-1.6195940971374512,-35.003608154249186,5.0534511372118445,-28.749683728218077,-27.474428827762605,25.8,39.79218978881836,38.17259569168091,1.6195940971374512,36.80568925042152,5.0534511372118445,44.00294301986694,46.12550501346588,25.8
G+C,10,1,0,4.103667543428944,-0.7623920368238428,4.866059580252787,0.03206986869223242,1.4958308759702212,1.7859619967191267,2.2368331628665836,100.0,3.253081386688571,True,True,-23.799624538421632,-36.31671909093857,12.517094552516937,-34.904051766741276,5.027479300002279,-28.678121129274366,-27.39866851568222,99.4,-23.908316433429718,-36.370514595508574,12.462198162078856,-35.003608154249186,5.0534511372118445,-28.749683728218077,-27.474428827762605,99.4,25.71039752960205,38.17259569168091,-12.46219816207886,36.80568925042152,5.0534511372118445,44.00294301986694,46.12550501346588,99.4
A+C,10,1,0,4.095480703943409,-0.7481108379239728,4.843591541867381,0.03186807322588635,1.4985977931702814,1.7941573005788845,2.222585482476379,100.0,3.232082393248939,True,True,-23.799624538421632,-36.31671909093857,12.517094552516937,-34.904051766741276,5.027479300002279,-28.678121129274366,-27.39866851568222,99.4,-23.908316433429718,-36.370514595508574,12.462198162078856,-35.003608154249186,5.0534511372118445,-28.749683728218077,-27.474428827762605,99.4,25.71039752960205,38.17259569168091,-12.46219816207886,36.80568925042152,5.0534511372118445,44.00294301986694,46.12550501346588,99.4
G+A,10,1,0,6.987130550275218,-0.7906546509075261,7.777785201182744,0.04933921184535992,3.0463870187499125,3.8141866512111564,4.587336989799285,99.7,2.5531178912304995,True,True,-23.474936425685883,-36.31671909093857,12.841782665252687,-34.904051766741276,5.027479300002279,-28.678121129274366,-27.39866851568222,99.7,-23.47491866350174,-36.370514595508574,12.895595932006835,-35.003608154249186,5.0534511372118445,-28.749683728218077,-27.474428827762605,99.7,25.276999759674073,38.17259569168091,-12.895595932006838,36.80568925042152,5.0534511372118445,44.00294301986694,46.12550501346588,99.7
Full,10,1,2,5.480447332772837,-4.613435626136613,10.09388295890945,0.17076553062523062,4.8872635854941775,6.675155794801949,8.1059251706946,86.3,2.0653444984774243,True,False,-34.637419486045836,-49.4017391204834,14.764319634437562,-43.12666501841546,7.521809477644931,-33.30903483510017,-30.38254898309708,87.1,-34.621760880947114,-49.42516988515854,14.803409004211424,-43.19831385917664,7.536858908611702,-33.39799082517624,-30.384073123931888,87.1,36.36109399795532,51.16450300216675,-14.803409004211424,44.93764697618485,7.536858908611702,55.02877411365509,58.28461125850677,87.1
G,10,1,2,1.9193637774789714,-1.3198534587125659,3.2392172361915375,0.05686613914731512,1.6502470490076524,2.2108046676910047,2.8528608983870836,87.1,1.962868067626229,True,False,-34.637419486045836,-49.4017391204834,14.764319634437562,-43.12666501841546,7.521809477644931,-33.30903483510017,-30.38254898309708,87.1,-34.621760880947114,-49.42516988515854,14.803409004211424,-43.19831385917664,7.536858908611702,-33.39799082517624,-30.384073123931888,87.1,36.36109399795532,51.16450300216675,-14.803409004211424,44.93764697618485,7.536858908611702,55.02877411365509,58.28461125850677,87.1
A,10,1,2,1.9378129266900834,-1.308222081788272,3.2460350084783554,0.05717913406284581,1.6526536464915293,2.2061565522853543,2.867036918971739,87.1,1.9641350838207785,True,False,-34.637419486045836,-49.4017391204834,14.764319634437562,-43.12666501841546,7.521809477644931,-33.30903483510017,-30.38254898309708,87.1,-34.621760880947114,-49.42516988515854,14.803409004211424,-43.19831385917664,7.536858908611702,-33.39799082517624,-30.384073123931888,87.1,36.36109399795532,51.16450300216675,-14.803409004211424,44.93764697618485,7.536858908611702,55.02877411365509,58.28461125850677,87.1
C,10,1,2,8.883006229191178,-2.708552015390019,11.591558244581197,-0.0018355065911039646,1.9078727279461636,2.3551591155627123,3.098542044550276,100.0,6.075645442586508,True,True,-39.86949954032898,-49.4017391204834,9.532239580154418,-43.12666501841546,7.521809477644931,-33.30903483510017,-30.38254898309708,65.5,-40.07700923681259,-49.42516988515854,9.348160648345946,-43.19831385917664,7.536858908611702,-33.39799082517624,-30.384073123931888,65.1,41.8163423538208,51.16450300216675,-9.348160648345946,44.93764697618485,7.536858908611702,55.02877411365509,58.28461125850677,65.1
G+C,10,1,2,2.384118553607923,-1.9969914625600715,4.381110016167995,0.0564072624995391,1.6296596914428052,2.151077831396967,2.656129691491205,92.8,2.6883588267985057,True,True,-34.29262138605118,-49.4017391204834,15.109117734432218,-43.12666501841546,7.521809477644931,-33.30903483510017,-30.38254898309708,87.5,-34.31096347570419,-49.42516988515854,15.114206409454347,-43.19831385917664,7.536858908611702,-33.39799082517624,-30.384073123931888,87.6,36.0502965927124,51.16450300216675,-15.114206409454347,44.93764697618485,7.536858908611702,55.02877411365509,58.28461125850677,87.6
A+C,10,1,2,2.3950712077452962,-1.9853600856357767,4.380431293381073,0.05672025741506973,1.6299068532396468,2.1269900772377968,2.648252241321295,93.0,2.6875347414328674,True,True,-34.29262138605118,-49.4017391204834,15.109117734432218,-43.12666501841546,7.521809477644931,-33.30903483510017,-30.38254898309708,87.5,-34.31096347570419,-49.42516988515854,15.114206409454347,-43.19831385917664,7.536858908611702,-33.39799082517624,-30.384073123931888,87.6,36.0502965927124,51.16450300216675,-15.114206409454347,44.93764697618485,7.536858908611702,55.02877411365509,58.28461125850677,87.6
G+A,10,1,2,3.857176704169054,-2.6280755405008387,6.485252244669892,0.11404527321016074,3.3028767674923047,4.417587173074536,5.719897817358823,87.1,1.963516262095904,True,False,-34.637419486045836,-49.4017391204834,14.764319634437562,-43.12666501841546,7.521809477644931,-33.30903483510017,-30.38254898309708,87.1,-34.621760880947114,-49.42516988515854,14.803409004211424,-43.19831385917664,7.536858908611702,-33.39799082517624,-30.384073123931888,87.1,36.36109399795532,51.16450300216675,-14.803409004211424,44.93764697618485,7.536858908611702,55.02877411365509,58.28461125850677,87.1
Full,10,2,0,4.994244410939617,-1.5387654888314986,6.533009899771115,0.08120728507124647,4.499459705178854,5.597249194567766,6.876968839350405,87.2,1.4519543073697618,True,False,-29.537454736232757,-36.31671909093857,6.779264354705813,-34.904051766741276,5.027479300002279,-28.678121129274366,-27.39866851568222,86.2,-29.566885197162627,-36.370514595508574,6.803629398345947,-35.003608154249186,5.0534511372118445,-28.749683728218077,-27.474428827762605,86.4,31.36896629333496,38.17259569168091,-6.803629398345951,36.80568925042152,5.0534511372118445,44.00294301986694,46.12550501346588,86.4
G,10,2,0,2.619073140172671,-0.40246792490369776,3.0215410650763688,0.024770503655853007,1.5204799594052656,1.9077027243636324,2.2946525140872147,97.8,1.9872284711060855,True,True,-26.325969088077546,-36.31671909093857,9.990750002861024,-34.904051766741276,5.027479300002279,-28.678121129274366,-27.39866851568222,97.8,-26.309334003925322,-36.370514595508574,10.061180591583252,-35.003608154249186,5.0534511372118445,-28.749683728218077,-27.474428827762605,97.9,28.111415100097656,38.17259569168091,-10.061180591583256,36.80568925042152,5.0534511372118445,44.00294301986694,46.12550501346588,97.9
A,10,2,0,2.9543785932620503,-0.3881867260038281,3.342565319265878,0.02456870818950693,1.525956243496017,1.913023699666822,2.2981037419114934,98.7,2.190472586296412,True,True,-25.356013691425325,-36.31671909093857,10.960705399513245,-34.904051766741276,5.027479300002279,-28.678121129274366,-27.39866851568222,98.7,-25.3010684132576,-36.370514595508574,11.069446182250974,-35.003608154249186,5.0534511372118445,-28.749683728218077,-27.474428827762605,98.7,27.103149509429933,38.17259569168091,-11.069446182250978,36.80568925042152,5.0534511372118445,44.00294301986694,46.12550501346588,98.7
C,10,2,0,8.335524784129607,-1.4396964476805791,9.775221231810185,0.029197460145517728,1.835629994257483,2.5808410316104506,3.0711340771385336,100.0,5.32526776223456,True,True,-39.1609112739563,-36.31671909093857,-2.844192183017732,-34.904051766741276,5.027479300002279,-28.678121129274366,-27.39866851568222,19.1,-39.430350315570834,-36.370514595508574,-3.05983572006226,-35.003608154249186,5.0534511372118445,-28.749683728218077,-27.474428827762605,18.7,41.232431411743164,38.17259569168091,3.059835720062253,36.80568925042152,5.0534511372118445,44.00294301986694,46.12550501346588,18.7
G+C,10,2,0,2.6051890154927357,-0.7623920368238428,3.3675810523165786,0.03206986869223242,1.4958308759702212,1.7859619967191267,2.2368331628665836,97.2,2.25131136575337,True,True,-28.06060518026352,-36.31671909093857,8.256113910675051,-34.904051766741276,5.027479300002279,-28.678121129274366,-27.39866851568222,93.0,-28.107324421405792,-36.370514595508574,8.263190174102782,-35.003608154249186,5.0534511372118445,-28.749683728218077,-27.474428827762605,93.0,29.909405517578126,38.17259569168091,-8.263190174102785,36.80568925042152,5.0534511372118445,44.00294301986694,46.12550501346588,93.0
A+C,10,2,0,2.6177211277685974,-0.7481108379239728,3.3658319656925704,0.03186807322588635,1.4985977931702814,1.7941573005788845,2.222585482476379,97.1,2.2459875365038124,True,True,-28.06060518026352,-36.31671909093857,8.256113910675051,-34.904051766741276,5.027479300002279,-28.678121129274366,-27.39866851568222,93.0,-28.107324421405792,-36.370514595508574,8.263190174102782,-35.003608154249186,5.0534511372118445,-28.749683728218077,-27.474428827762605,93.0,29.909405517578126,38.17259569168091,-8.263190174102785,36.80568925042152,5.0534511372118445,44.00294301986694,46.12550501346588,93.0
G+A,10,2,0,5.866799085879517,-0.7906546509075261,6.657453736787043,0.04933921184535992,3.0463870187499125,3.8141866512111564,4.587336989799285,98.7,2.1853604600504553,True,True,-25.356013691425325,-36.31671909093857,10.960705399513245,-34.904051766741276,5.027479300002279,-28.678121129274366,-27.39866851568222,98.7,-25.3010684132576,-36.370514595508574,11.069446182250974,-35.003608154249186,5.0534511372118445,-28.749683728218077,-27.474428827762605,98.7,27.103149509429933,38.17259569168091,-11.069446182250978,36.80568925042152,5.0534511372118445,44.00294301986694,46.12550501346588,98.7
Full,10,2,1,2.6966493749798426,-0.4466250275118506,3.143274402491693,-0.0591897442676661,4.481988173439814,5.478363014410793,7.4579324088411685,73.8,0.701312515976433,True,False,-34.25158931016922,-38.871933257579805,4.620343947410582,-39.24052244722843,7.314455669478296,-30.220050131082534,-26.85171038091183,75.8,-34.23046301603317,-38.8922882437706,4.661825227737431,-39.31566802229881,7.341023645711857,-30.236076762676237,-26.868665215969084,76.0,36.01400065422058,40.675825881958005,-4.661825227737424,41.09920566048621,7.341023645711857,51.45148513317108,53.47963738203048,76.0
G,10,2,1,1.6813331453108213,0.06270152584370003,1.6186316194671213,-0.012876480207028793,1.4998051770661176,1.8367418223265028,2.5274088553504295,88.5,1.0792279185443598,True,False,-30.97796849012375,-38.871933257579805,7.893964767456055,-39.24052244722843,7.314455669478296,-30.220050131082534,-26.85171038091183,88.5,-30.913338124752045,-38.8922882437706,7.978950119018556,-39.31566802229881,7.341023645711857,-30.236076762676237,-26.868665215969084,88.6,32.696875762939456,40.675825881958005,-7.978950119018549,41.09920566048621,7.341023645711857,51.45148513317108,53.47963738203048,88.6
A,10,2,1,1.2706371534835252,0.07373737261245061,1.1968997808710746,-0.012969116336467976,1.5034123448771424,1.8464949373079897,2.536127382853728,81.6,0.7961220918196493,True,False,-33.15123705863952,-38.871933257579805,5.720696198940281,-39.24052244722843,7.314455669478296,-30.220050131082534,-26.85171038091183,80.7,-33.047937142848966,-38.8922882437706,5.844351100921635,-39.31566802229881,7.341023645711857,-30.236076762676237,-26.868665215969084,81.6,34.83147478103638,40.675825881958005,-5.844351100921628,41.09920566048621,7.341023645711857,51.45148513317108,53.47963738203048,81.6
C,10,2,1,7.390259695719935,-2.627205194321804,10.01746489004174,-0.08150012555080442,1.9364012821416012,2.4074371417411653,3.1470414868254357,100.0,5.173238100195187,True,True,-45.696942436695096,-38.871933257579805,-6.825009179115291,-39.24052244722843,7.314455669478296,-30.220050131082534,-26.85171038091183,19.3,-45.91036618947983,-38.8922882437706,-7.01807794570923,-39.31566802229881,7.341023645711857,-30.236076762676237,-26.868665215969084,18.9,47.693903827667235,40.675825881958005,7.01807794570923,41.09920566048621,7.341023645711857,51.45148513317108,53.47963738203048,18.9
G+C,10,2,1,2.0390997418880774,-0.594099772736751,2.6331995146248284,-0.03325151159472988,1.5281851086140643,1.9170627105274918,2.471799135672721,91.1,1.7230893690705569,True,True,-30.26512532234192,-38.871933257579805,8.606807935237885,-39.24052244722843,7.314455669478296,-30.220050131082534,-26.85171038091183,89.9,-30.289544379711153,-38.8922882437706,8.602743864059448,-39.31566802229881,7.341023645711857,-30.236076762676237,-26.868665215969084,89.9,32.07308201789856,40.675825881958005,-8.602743864059448,41.09920566048621,7.341023645711857,51.45148513317108,53.47963738203048,89.9
A+C,10,2,1,2.0471454226154444,-0.5830639259679999,2.6302093485834446,-0.033344147724169076,1.5300342797571735,1.909258848097232,2.472177036396327,91.2,1.719052562012451,True,True,-30.26512532234192,-38.871933257579805,8.606807935237885,-39.24052244722843,7.314455669478296,-30.220050131082534,-26.85171038091183,89.9,-30.289544379711153,-38.8922882437706,8.602743864059448,-39.31566802229881,7.341023645711857,-30.236076762676237,-26.868665215969084,89.9,32.07308201789856,40.675825881958005,-8.602743864059448,41.09920566048621,7.341023645711857,51.45148513317108,53.47963738203048,89.9
G+A,10,2,1,2.5063486972011937,0.13643889845614998,2.3699097987450437,-0.025845596543496743,3.0031979492862337,3.6744235200037787,5.063536238204157,81.4,0.7891287350233764,True,False,-33.15123705863952,-38.871933257579805,5.720696198940281,-39.24052244722843,7.314455669478296,-30.220050131082534,-26.85171038091183,80.7,-33.047937142848966,-38.8922882437706,5.844351100921635,-39.31566802229881,7.341023645711857,-30.236076762676237,-26.868665215969084,81.6,34.83147478103638,40.675825881958005,-5.844351100921628,41.09920566048621,7.341023645711857,51.45148513317108,53.47963738203048,81.6
Full,20,0,1,10.488868709550275,-1.0516787573020667,11.540547466852342,-0.1220075782437274,4.2980191160516314,5.45762424858749,6.78669223853272,99.3,2.6850851881398907,True,True,-44.50362557172775,-60.48247493505478,15.97884936332703,-59.724276766288284,6.550212514784287,-51.043988840579985,-48.72049234271049,99.3,-44.65979596376419,-60.63088332414627,15.971087360382079,-59.887438507461546,6.558926595323374,-51.19314715623855,-48.82995263338089,99.3,46.39272575378418,62.36381311416626,-15.971087360382086,61.620368297481534,6.558926595323374,69.89071542739869,72.55047077178955,99.3
G,20,0,1,2.903558446830042,-0.20111748354978265,3.104675930379825,-0.037039122960586195,1.4175029368445118,1.8414241482043905,2.344241896795621,98.3,2.1902430320822552,True,True,-46.135917615890506,-60.48247493505478,14.346557319164276,-59.724276766288284,6.550212514784287,-51.043988840579985,-48.72049234271049,98.3,-46.211434757709505,-60.63088332414627,14.419448566436763,-59.887438507461546,6.558926595323374,-51.19314715623855,-48.82995263338089,98.4,47.94436454772949,62.36381311416626,-14.41944856643677,61.620368297481534,6.558926595323374,69.89071542739869,72.55047077178955,98.4
A,20,0,1,2.9164406833444994,-0.19753666339396148,3.113977346738461,-0.03698473194944034,1.4164445153816674,1.840606230625269,2.350954055384954,98.4,2.1984464007751026,True,True,-46.135917615890506,-60.48247493505478,14.346557319164276,-59.724276766288284,6.550212514784287,-51.043988840579985,-48.72049234271049,98.3,-46.211434757709505,-60.63088332414627,14.419448566436763,-59.887438507461546,6.558926595323374,-51.19314715623855,-48.82995263338089,98.4,47.94436454772949,62.36381311416626,-14.41944856643677,61.620368297481534,6.558926595323374,69.89071542739869,72.55047077178955,98.4
C,20,0,1,10.256264541446031,-1.8219517878574474,12.078216329303478,-0.04399596553703974,2.7825280620654524,3.5811592794414935,4.732493382226852,100.0,4.340734777832895,True,True,-71.44001445770263,-60.48247493505478,-10.95753952264785,-59.724276766288284,6.550212514784287,-51.043988840579985,-48.72049234271049,3.9,-71.69898520708084,-60.63088332414627,-11.06810188293457,-59.887438507461546,6.558926595323374,-51.19314715623855,-48.82995263338089,3.8,73.43191499710083,62.36381311416626,11.06810188293457,61.620368297481534,6.558926595323374,69.89071542739869,72.55047077178955,3.8
G+C,20,0,1,4.274082438243649,-0.6566054305141447,4.9306878687577935,-0.04803811434484615,1.5730561182762008,1.9497800661784939,2.518310647859053,99.6,3.1344640610539565,True,True,-47.12773967981339,-60.48247493505478,13.354735255241394,-59.724276766288284,6.550212514784287,-51.043988840579985,-48.72049234271049,97.7,-47.30381613969803,-60.63088332414627,13.32706718444824,-59.887438507461546,6.558926595323374,-51.19314715623855,-48.82995263338089,97.6,49.036745929718016,62.36381311416626,-13.327067184448246,61.620368297481534,6.558926595323374,69.89071542739869,72.55047077178955,97.6
A+C,20,0,1,4.265693423688142,-0.6530246103583235,4.918718034046465,-0.047983723333700254,1.5688640739572006,1.9374058211727596,2.5125012828163804,99.6,3.1352098092474074,True,True,-47.12773967981339,-60.48247493505478,13.354735255241394,-59.724276766288284,6.550212514784287,-51.043988840579985,-48.72049234271049,97.7,-47.30381613969803,-60.63088332414627,13.32706718444824,-59.887438507461546,6.558926595323374,-51.19314715623855,-48.82995263338089,97.6,49.036745929718016,62.36381311416626,-13.327067184448246,61.620368297481534,6.558926595323374,69.89071542739869,72.55047077178955,97.6
G+A,20,0,1,5.819999130174542,-0.39865414694374435,6.218653277118287,-0.07402385491002689,2.833922260713959,3.6818095364723997,4.69073759753093,98.3,2.19436269065179,True,True,-46.135917615890506,-60.48247493505478,14.346557319164276,-59.724276766288284,6.550212514784287,-51.043988840579985,-48.72049234271049,98.3,-46.211434757709505,-60.63088332414627,14.419448566436763,-59.887438507461546,6.558926595323374,-51.19314715623855,-48.82995263338089,98.4,47.94436454772949,62.36381311416626,-14.41944856643677,61.620368297481534,6.558926595323374,69.89071542739869,72.55047077178955,98.4
Full,20,0,2,7.166140276366192,-0.056915883518338095,7.22305615988453,-0.017735348259810182,4.42707834105077,6.033446340204636,7.489982126434881,93.8,1.6315627606829595,True,True,-56.315378594398496,-66.76463929414749,10.44926069974899,-67.97461507471799,7.891265134350556,-57.20569640517235,-54.784335192441944,92.5,-56.50251816511154,-66.90521267652511,10.402694511413571,-68.15824510173798,7.897707510835178,-57.38903156995773,-54.96919493436813,92.4,58.31789894104004,68.72059345245361,-10.402694511413571,69.97362587766648,7.897707510835178,80.3640290260315,81.92572011947631,92.4
G,20,0,2,2.4720341836198134,0.23151290019063953,2.2405212834291737,0.0004007235951862498,1.507276005501248,2.057324732540735,2.5198183371103036,94.5,1.486470477372247,True,True,-55.03450664281845,-66.76463929414749,11.730132651329036,-67.97461507471799,7.891265134350556,-57.20569640517235,-54.784335192441944,94.5,-55.17189673185349,-66.90521267652511,11.733315944671624,-68.15824510173798,7.897707510835178,-57.38903156995773,-54.96919493436813,94.5,56.98727750778198,68.72059345245361,-11.73331594467163,69.97362587766648,7.897707510835178,80.3640290260315,81.92572011947631,94.5
A,20,0,2,2.478444346283153,0.23954743435733428,2.238896911925819,0.0004496004132992368,1.5070039058593745,2.055380962857516,2.51712296284575,94.5,1.485660988150578,True,True,-55.03450664281845,-66.76463929414749,11.730132651329036,-67.97461507471799,7.891265134350556,-57.20569640517235,-54.784335192441944,94.5,-55.17189673185349,-66.90521267652511,11.733315944671624,-68.15824510173798,7.897707510835178,-57.38903156995773,-54.96919493436813,94.5,56.98727750778198,68.72059345245361,-11.73331594467163,69.97362587766648,7.897707510835178,80.3640290260315,81.92572011947631,94.5
C,20,0,2,9.668921158305302,-3.0700946096945816,12.739015767999884,-0.07614109072637862,2.590577334521781,3.249016605390923,4.235975443222259,100.0,4.917442763912508,True,True,-82.18180220127105,-66.76463929414749,-15.417162907123569,-67.97461507471799,7.891265134350556,-57.20569640517235,-54.784335192441944,1.6,-82.4979649424553,-66.90521267652511,-15.592752265930187,-68.15824510173798,7.897707510835178,-57.38903156995773,-54.96919493436813,1.6,84.31334571838379,68.72059345245361,15.592752265930173,69.97362587766648,7.897707510835178,80.3640290260315,81.92572011947631,1.6
G+C,20,0,2,3.1812638772429587,-0.5360107522330053,3.717274629475964,-0.01863454908640841,1.5084336321706329,2.0774827576678017,2.660576781014889,98.3,2.4643275979777868,True,True,-58.339323019981386,-66.76463929414749,8.4253162741661,-67.97461507471799,7.891265134350556,-57.20569640517235,-54.784335192441944,86.6,-58.518848502635954,-66.90521267652511,8.386364173889156,-68.15824510173798,7.897707510835178,-57.38903156995773,-54.96919493436813,86.7,60.33422927856445,68.72059345245361,-8.386364173889163,69.97362587766648,7.897707510835178,80.3640290260315,81.92572011947631,86.7
A+C,20,0,2,3.1802627389423304,-0.527976218066311,3.7082389570086414,-0.018585672268295442,1.5057831240506367,2.0797104173919947,2.645229371477973,98.4,2.4626647076726966,True,True,-58.339323019981386,-66.76463929414749,8.4253162741661,-67.97461507471799,7.891265134350556,-57.20569640517235,-54.784335192441944,86.6,-58.518848502635954,-66.90521267652511,8.386364173889156,-68.15824510173798,7.897707510835178,-57.38903156995773,-54.96919493436813,86.7,60.33422927856445,68.72059345245361,-8.386364173889163,69.97362587766648,7.897707510835178,80.3640290260315,81.92572011947631,86.7
G+A,20,0,2,4.950478529902965,0.47106033454797336,4.479418195354992,0.00085032400848538,3.0142605445675064,4.109316513454731,5.036941299956053,94.5,1.4860753173537324,True,True,-55.03450664281845,-66.76463929414749,11.730132651329036,-67.97461507471799,7.891265134350556,-57.20569640517235,-54.784335192441944,94.5,-55.17189673185349,-66.90521267652511,11.733315944671624,-68.15824510173798,7.897707510835178,-57.38903156995773,-54.96919493436813,94.5,56.98727750778198,68.72059345245361,-11.73331594467163,69.97362587766648,7.897707510835178,80.3640290260315,81.92572011947631,94.5
Full,20,1,0,11.909490745752208,2.152170551121109,9.757320194631099,-0.25326988892231395,5.017107179494597,6.225269716253647,7.604040729362738,99.5,1.9448099961886824,True,True,-40.16532871723175,-53.41933608055115,13.254007363319396,-58.06811784707308,7.676957480405055,-48.160688889026645,-46.15787779510021,99.5,-40.3078564286232,-53.63192278146744,13.324066352844241,-58.2355607919693,7.69260927400489,-48.310191500186924,-46.33596543550492,99.5,42.03894557952881,55.36301193237305,-13.324066352844241,59.96664994287491,7.69260927400489,70.36494998931884,72.17685806751251,99.5
G,20,1,0,4.112249429630844,0.970962766907085,3.141286662723759,-0.09226039333556088,1.7557974117316915,2.1736682855524347,2.631731332518535,99.6,1.7890940274399882,True,True,-39.684537303447726,-53.41933608055115,13.734798777103421,-58.06811784707308,7.676957480405055,-48.160688889026645,-46.15787779510021,99.6,-39.82159181833267,-53.63192278146744,13.810330963134767,-58.2355607919693,7.69260927400489,-48.310191500186924,-46.33596543550492,99.6,41.55268096923828,55.36301193237305,-13.810330963134767,59.96664994287491,7.69260927400489,70.36494998931884,72.17685806751251,99.6
A,20,1,0,4.112342638544476,0.9587789366152272,3.1535637019292486,-0.09245334489159367,1.756593194209708,2.1739864971629492,2.624797391818772,99.6,1.7952726404294412,True,True,-39.684537303447726,-53.41933608055115,13.734798777103421,-58.06811784707308,7.676957480405055,-48.160688889026645,-46.15787779510021,99.6,-39.82159181833267,-53.63192278146744,13.810330963134767,-58.2355607919693,7.69260927400489,-48.310191500186924,-46.33596543550492,99.6,41.55268096923828,55.36301193237305,-13.810330963134767,59.96664994287491,7.69260927400489,70.36494998931884,72.17685806751251,99.6
C,20,1,0,8.0312717610306,-2.9454003560657225,10.976672117096323,0.09558877678573864,2.841152521770321,3.6583939911882224,4.539048543333363,99.7,3.8634575345700775,True,True,-69.62228689193725,-53.41933608055115,-16.202950811386103,-58.06811784707308,7.676957480405055,-48.160688889026645,-46.15787779510021,6.7,-69.8663205742836,-53.63192278146744,-16.234397792816168,-58.2355607919693,7.69260927400489,-48.310191500186924,-46.33596543550492,6.6,71.59740972518921,55.36301193237305,16.23439779281616,59.96664994287491,7.69260927400489,70.36494998931884,72.17685806751251,6.6
G+C,20,1,0,5.083333525442191,0.23461267789065443,4.848720847551537,-0.06836319913912631,1.6001569021616,2.0246285085618703,2.4715017546027007,100.0,3.0301533812100283,True,True,-39.17232447862625,-53.41933608055115,14.247011601924896,-58.06811784707308,7.676957480405055,-48.160688889026645,-46.15787779510021,99.6,-39.36870237588882,-53.63192278146744,14.263220405578615,-58.2355607919693,7.69260927400489,-48.310191500186924,-46.33596543550492,99.6,41.099791526794434,55.36301193237305,-14.263220405578615,59.96664994287491,7.69260927400489,70.36494998931884,72.17685806751251,99.6
A+C,20,1,0,5.069694980168547,0.22242884759879655,4.847266132569751,-0.06855615069515913,1.598756483890463,2.038850186823256,2.463027259444386,100.0,3.0318977163890932,True,True,-39.17232447862625,-53.41933608055115,14.247011601924896,-58.06811784707308,7.676957480405055,-48.160688889026645,-46.15787779510021,99.6,-39.36870237588882,-53.63192278146744,14.263220405578615,-58.2355607919693,7.69260927400489,-48.310191500186924,-46.33596543550492,99.6,41.099791526794434,55.36301193237305,-14.263220405578615,59.96664994287491,7.69260927400489,70.36494998931884,72.17685806751251,99.6
G+A,20,1,0,8.22459206817532,1.9297417035223123,6.2948503646530085,-0.18471373822715456,3.5123699483411395,4.349321989891748,5.256528724337308,99.6,1.7921945743858814,True,True,-39.684537303447726,-53.41933608055115,13.734798777103421,-58.06811784707308,7.676957480405055,-48.160688889026645,-46.15787779510021,99.6,-39.82159181833267,-53.63192278146744,13.810330963134767,-58.2355607919693,7.69260927400489,-48.310191500186924,-46.33596543550492,99.6,41.55268096923828,55.36301193237305,-13.810330963134767,59.96664994287491,7.69260927400489,70.36494998931884,72.17685806751251,99.6
Full,20,1,2,13.086907509353441,-0.056915883518338095,13.143823392871779,-0.017735348259810182,4.42707834105077,6.033446340204636,7.489982126434881,100.0,2.968961102629163,True,True,-45.92279012203217,-66.76463929414749,20.841849172115317,-67.97461507471799,7.891265134350556,-57.20569640517235,-54.784335192441944,100.0,-46.06308010816574,-66.90521267652511,20.842132568359368,-68.15824510173798,7.897707510835178,-57.38903156995773,-54.96919493436813,100.0,47.87846088409424,68.72059345245361,-20.842132568359375,69.97362587766648,7.897707510835178,80.3640290260315,81.92572011947631,100.0
G,20,1,2,3.883161040437098,0.23151290019063953,3.6516481402464587,0.0004007235951862498,1.507276005501248,2.057324732540735,2.5198183371103036,100.0,2.4226804692164494,True,True,-47.64662537574768,-66.76463929414749,19.118013918399804,-67.97461507471799,7.891265134350556,-57.20569640517235,-54.784335192441944,100.0,-47.79925354719162,-66.90521267652511,19.105959129333492,-68.15824510173798,7.897707510835178,-57.38903156995773,-54.96919493436813,100.0,49.614634323120114,68.72059345245361,-19.1059591293335,69.97362587766648,7.897707510835178,80.3640290260315,81.92572011947631,100.0
A,20,1,2,3.885257913454367,0.23954743435733428,3.6457104790970325,0.0004496004132992368,1.5070039058593745,2.055380962857516,2.51712296284575,100.0,2.419177856754162,True,True,-47.64662537574768,-66.76463929414749,19.118013918399804,-67.97461507471799,7.891265134350556,-57.20569640517235,-54.784335192441944,100.0,-47.79925354719162,-66.90521267652511,19.105959129333492,-68.15824510173798,7.897707510835178,-57.38903156995773,-54.96919493436813,100.0,49.614634323120114,68.72059345245361,-19.1059591293335,69.97362587766648,7.897707510835178,80.3640290260315,81.92572011947631,100.0
C,20,1,2,8.872687354430157,-3.0700946096945816,11.94278196412474,-0.07614109072637862,2.590577334521781,3.249016605390923,4.235975443222259,99.9,4.610085097625301,True,True,-75.13505854606629,-66.76463929414749,-8.370419251918804,-67.97461507471799,7.891265134350556,-57.20569640517235,-54.784335192441944,22.3,-75.43094147443772,-66.90521267652511,-8.525728797912606,-68.15824510173798,7.897707510835178,-57.38903156995773,-54.96919493436813,21.8,77.2463222503662,68.72059345245361,8.525728797912592,69.97362587766648,7.897707510835178,80.3640290260315,81.92572011947631,21.8
G+C,20,1,2,4.541776438675827,-0.5360107522330053,5.077787190908833,-0.01863454908640841,1.5084336321706329,2.0774827576678017,2.660576781014889,100.0,3.3662649006319936,True,True,-49.94417748451233,-66.76463929414749,16.820461809635155,-67.97461507471799,7.891265134350556,-57.20569640517235,-54.784335192441944,99.7,-50.096309745311736,-66.90521267652511,16.808902931213375,-68.15824510173798,7.897707510835178,-57.38903156995773,-54.96919493436813,99.7,51.91169052124023,68.72059345245361,-16.80890293121338,69.97362587766648,7.897707510835178,80.3640290260315,81.92572011947631,99.7
A+C,20,1,2,4.544405074798823,-0.527976218066311,5.072381292865135,-0.018585672268295442,1.5057831240506367,2.0797104173919947,2.645229371477973,100.0,3.3686001734566924,True,True,-49.94417748451233,-66.76463929414749,16.820461809635155,-67.97461507471799,7.891265134350556,-57.20569640517235,-54.784335192441944,99.7,-50.096309745311736,-66.90521267652511,16.808902931213375,-68.15824510173798,7.897707510835178,-57.38903156995773,-54.96919493436813,99.7,51.91169052124023,68.72059345245361,-16.80890293121338,69.97362587766648,7.897707510835178,80.3640290260315,81.92572011947631,99.7
G+A,20,1,2,7.768418953891465,0.47106033454797336,7.297358619343491,0.00085032400848538,3.0142605445675064,4.109316513454731,5.036941299956053,100.0,2.42094487568278,True,True,-47.64662537574768,-66.76463929414749,19.118013918399804,-67.97461507471799,7.891265134350556,-57.20569640517235,-54.784335192441944,100.0,-47.79925354719162,-66.90521267652511,19.105959129333492,-68.15824510173798,7.897707510835178,-57.38903156995773,-54.96919493436813,100.0,49.614634323120114,68.72059345245361,-19.1059591293335,69.97362587766648,7.897707510835178,80.3640290260315,81.92572011947631,100.0
Full,20,2,0,11.859231505219537,2.152170551121109,9.707060954098427,-0.25326988892231395,5.017107179494597,6.225269716253647,7.604040729362738,99.5,1.9347924225681534,True,True,-41.24919446706772,-53.41933608055115,12.17014161348343,-58.06811784707308,7.676957480405055,-48.160688889026645,-46.15787779510021,99.5,-41.41945616006851,-53.63192278146744,12.212466621398924,-58.2355607919693,7.69260927400489,-48.310191500186924,-46.33596543550492,99.5,43.150545310974124,55.36301193237305,-12.212466621398924,59.96664994287491,7.69260927400489,70.36494998931884,72.17685806751251,99.5
G,20,2,0,4.074312438723659,0.970962766907085,3.103349671816574,-0.09226039333556088,1.7557974117316915,2.1736682855524347,2.631731332518535,99.6,1.76748732574781,True,True,-39.85041103363037,-53.41933608055115,13.568925046920775,-58.06811784707308,7.676957480405055,-48.160688889026645,-46.15787779510021,99.6,-40.04734178781509,-53.63192278146744,13.584580993652345,-58.2355607919693,7.69260927400489,-48.310191500186924,-46.33596543550492,99.5,41.7784309387207,55.36301193237305,-13.584580993652345,59.96664994287491,7.69260927400489,70.36494998931884,72.17685806751251,99.5
A,20,2,0,4.060793047780012,0.9587789366152272,3.102014111164785,-0.09245334489159367,1.756593194209708,2.1739864971629492,2.624797391818772,99.5,1.765926294938415,True,True,-39.85041103363037,-53.41933608055115,13.568925046920775,-58.06811784707308,7.676957480405055,-48.160688889026645,-46.15787779510021,99.6,-40.04734178781509,-53.63192278146744,13.584580993652345,-58.2355607919693,7.69260927400489,-48.310191500186924,-46.33596543550492,99.5,41.7784309387207,55.36301193237305,-13.584580993652345,59.96664994287491,7.69260927400489,70.36494998931884,72.17685806751251,99.5
C,20,2,0,9.793062447734492,-2.9454003560657225,12.738462803800214,0.09558877678573864,2.841152521770321,3.6583939911882224,4.539048543333363,100.0,4.483554721610962,True,True,-62.16022833585739,-53.41933608055115,-8.740892255306242,-58.06811784707308,7.676957480405055,-48.160688889026645,-46.15787779510021,32.5,-62.507589876651764,-53.63192278146744,-8.875667095184326,-58.2355607919693,7.69260927400489,-48.310191500186924,-46.33596543550492,31.9,64.23867902755737,55.36301193237305,8.875667095184319,59.96664994287491,7.69260927400489,70.36494998931884,72.17685806751251,31.9
G+C,20,2,0,4.476189460693991,0.23461267789065443,4.241576782803337,-0.06836319913912631,1.6001569021616,2.0246285085618703,2.4715017546027007,100.0,2.650725548896817,True,True,-47.49242647886276,-53.41933608055115,5.926909601688386,-58.06811784707308,7.676957480405055,-48.160688889026645,-46.15787779510021,92.4,-47.74316402673721,-53.63192278146744,5.888758754730226,-58.2355607919693,7.69260927400489,-48.310191500186924,-46.33596543550492,92.3,49.47425317764282,55.36301193237305,-5.888758754730226,59.96664994287491,7.69260927400489,70.36494998931884,72.17685806751251,92.3
A+C,20,2,0,4.459940405484502,0.22242884759879655,4.237511557885706,-0.06855615069515913,1.598756483890463,2.038850186823256,2.463027259444386,100.0,2.650504689478422,True,True,-46.95986436605453,-53.41933608055115,6.459471714496615,-58.06811784707308,7.676957480405055,-48.160688889026645,-46.15787779510021,94.0,-47.15473085641861,-53.63192278146744,6.477191925048828,-58.2355607919693,7.69260927400489,-48.310191500186924,-46.33596543550492,94.0,48.88582000732422,55.36301193237305,-6.477191925048828,59.96664994287491,7.69260927400489,70.36494998931884,72.17685806751251,94.0
G+A,20,2,0,8.13510548650367,1.9297417035223123,6.205363782981358,-0.18471373822715456,3.5123699483411395,4.349321989891748,5.256528724337308,99.5,1.7667170241882109,True,True,-39.85041103363037,-53.41933608055115,13.568925046920775,-58.06811784707308,7.676957480405055,-48.160688889026645,-46.15787779510021,99.6,-40.04734178781509,-53.63192278146744,13.584580993652345,-58.2355607919693,7.69260927400489,-48.310191500186924,-46.33596543550492,99.5,41.7784309387207,55.36301193237305,-13.584580993652345,59.96664994287491,7.69260927400489,70.36494998931884,72.17685806751251,99.5
Full,20,2,1,12.783937607546921,-1.0516787573020667,13.835616364848988,-0.1220075782437274,4.2980191160516314,5.45762424858749,6.78669223853272,99.9,3.2190681314509964,True,True,-41.01700286865234,-60.48247493505478,19.46547206640244,-59.724276766288284,6.550212514784287,-51.043988840579985,-48.72049234271049,99.9,-41.20288211107254,-60.63088332414627,19.428001213073728,-59.887438507461546,6.558926595323374,-51.19314715623855,-48.82995263338089,99.9,42.93581190109253,62.36381311416626,-19.428001213073735,61.620368297481534,6.558926595323374,69.89071542739869,72.55047077178955,99.9
G,20,2,1,4.650169878804638,-0.20111748354978265,4.85128736235442,-0.037039122960586195,1.4175029368445118,1.8414241482043905,2.344241896795621,100.0,3.4224178562577228,True,True,-38.06491066217423,-60.48247493505478,22.417564272880554,-59.724276766288284,6.550212514784287,-51.043988840579985,-48.72049234271049,100.0,-38.24467250108719,-60.63088332414627,22.38621082305908,-59.887438507461546,6.558926595323374,-51.19314715623855,-48.82995263338089,100.0,39.977602291107175,62.36381311416626,-22.386210823059088,61.620368297481534,6.558926595323374,69.89071542739869,72.55047077178955,100.0
A,20,2,1,4.636916822197521,-0.19753666339396148,4.8344534855914825,-0.03698473194944034,1.4164445153816674,1.840606230625269,2.350954055384954,100.0,3.4130906174526836,True,True,-38.06491066217423,-60.48247493505478,22.417564272880554,-59.724276766288284,6.550212514784287,-51.043988840579985,-48.72049234271049,100.0,-38.24467250108719,-60.63088332414627,22.38621082305908,-59.887438507461546,6.558926595323374,-51.19314715623855,-48.82995263338089,100.0,39.977602291107175,62.36381311416626,-22.386210823059088,61.620368297481534,6.558926595323374,69.89071542739869,72.55047077178955,100.0
C,20,2,1,9.708337712158322,-1.8219517878574474,11.530289500015769,-0.04399596553703974,2.7825280620654524,3.5811592794414935,4.732493382226852,100.0,4.143817867359408,True,True,-59.977570831775665,-60.48247493505478,0.5049041032791166,-59.724276766288284,6.550212514784287,-51.043988840579985,-48.72049234271049,49.4,-60.32805548906326,-60.63088332414627,0.3028278350830078,-59.887438507461546,6.558926595323374,-51.19314715623855,-48.82995263338089,48.0,62.060985279083255,62.36381311416626,-0.3028278350830078,61.620368297481534,6.558926595323374,69.89071542739869,72.55047077178955,48.0
G+C,20,2,1,5.783857300783584,-0.6566054305141447,6.440462731297728,-0.04803811434484615,1.5730561182762008,1.9497800661784939,2.518310647859053,100.0,4.094235835880648,True,True,-42.83233516216278,-60.48247493505478,17.650139772892004,-59.724276766288284,6.550212514784287,-51.043988840579985,-48.72049234271049,99.5,-43.09456626176834,-60.63088332414627,17.536317062377925,-59.887438507461546,6.558926595323374,-51.19314715623855,-48.82995263338089,99.5,44.82749605178833,62.36381311416626,-17.536317062377933,61.620368297481534,6.558926595323374,69.89071542739869,72.55047077178955,99.5
A+C,20,2,1,5.665291489593284,-0.6530246103583235,6.318316099951607,-0.047983723333700254,1.5688640739572006,1.9374058211727596,2.5125012828163804,100.0,4.027319004134436,True,True,-40.374190866947174,-60.48247493505478,20.108284068107608,-59.724276766288284,6.550212514784287,-51.043988840579985,-48.72049234271049,100.0,-40.6172232747078,-60.63088332414627,20.01366004943847,-59.887438507461546,6.558926595323374,-51.19314715623855,-48.82995263338089,99.9,42.350153064727785,62.36381311416626,-20.013660049438478,61.620368297481534,6.558926595323374,69.89071542739869,72.55047077178955,99.9
G+A,20,2,1,9.287086701002158,-0.39865414694374435,9.685740847945903,-0.07402385491002689,2.833922260713959,3.6818095364723997,4.69073759753093,100.0,3.4177863599920144,True,True,-38.06491066217423,-60.48247493505478,22.417564272880554,-59.724276766288284,6.550212514784287,-51.043988840579985,-48.72049234271049,100.0,-38.24467250108719,-60.63088332414627,22.38621082305908,-59.887438507461546,6.558926595323374,-51.19314715623855,-48.82995263338089,100.0,39.977602291107175,62.36381311416626,-22.386210823059088,61.620368297481534,6.558926595323374,69.89071542739869,72.55047077178955,100.0
Full,30,0,1,7.573696823851067,1.478564002466664,6.095132821384404,0.1238613552448487,2.6977409666672387,3.477564379693621,4.2694941666667345,100.0,2.259346948685836,True,True,-107.1259706735611,-139.8478021502495,32.72183147668839,-149.29672983200552,15.318286411926461,-130.1264111793041,-126.34401400208473,100.0,-107.160859811306,-139.92150501012802,32.76064519882202,-149.44677808094025,15.362430123167767,-130.2325155520439,-126.41000028371812,100.0,108.72235612869262,141.48300132751464,-32.76064519882202,151.00827439832688,15.362430123167767,171.14939636230469,178.11983673095702,100.0
G,30,0,1,2.541855918272511,0.6299079654491896,1.9119479528233212,0.03886916168309385,0.9581723960203798,1.237989589515792,1.4745818863653473,99.9,1.995411223245733,True,True,-109.28152152299882,-139.8478021502495,30.566280627250677,-149.29672983200552,15.318286411926461,-130.1264111793041,-126.34401400208473,99.9,-109.36483663320541,-139.92150501012802,30.5566683769226,-149.44677808094025,15.362430123167767,-130.2325155520439,-126.41000028371812,99.9,110.92633295059204,141.48300132751464,-30.5566683769226,151.00827439832688,15.362430123167767,171.14939636230469,178.11983673095702,99.9
A,30,0,1,2.5448436573785305,0.6345614907195017,1.9102821666590288,0.03907905607449091,0.9603984288744105,1.2402788269950678,1.4792473774532526,99.9,1.9890517406383978,True,True,-109.28152152299882,-139.8478021502495,30.566280627250677,-149.29672983200552,15.318286411926461,-130.1264111793041,-126.34401400208473,99.9,-109.36483663320541,-139.92150501012802,30.5566683769226,-149.44677808094025,15.362430123167767,-130.2325155520439,-126.41000028371812,99.9,110.92633295059204,141.48300132751464,-30.5566683769226,151.00827439832688,15.362430123167767,171.14939636230469,178.11983673095702,99.9
C,30,0,1,7.124038218833461,-1.6818677776861197,8.80590599651958,0.027336325651090718,2.0195093454358664,2.5963369733010455,3.2889317555059114,100.0,4.3604185424648385,True,True,-194.2801951766014,-139.8478021502495,-54.43239302635192,-149.29672983200552,15.318286411926461,-130.1264111793041,-126.34401400208473,0.5,-194.70738338232042,-139.92150501012802,-54.7858783721924,-149.44677808094025,15.362430123167767,-130.2325155520439,-126.41000028371812,0.3,196.26887969970704,141.48300132751464,54.7858783721924,151.00827439832688,15.362430123167767,171.14939636230469,178.11983673095702,0.3
G+C,30,0,1,2.5041426683321513,0.20944102102765977,2.2947016473044917,0.045703243095866666,0.8678122245386347,1.1583100197166871,1.3916666295792963,100.0,2.6442375233011393,True,True,-116.59602918624878,-139.8478021502495,23.251772964000708,-149.29672983200552,15.318286411926461,-130.1264111793041,-126.34401400208473,99.1,-116.68879636526108,-139.92150501012802,23.232708644866932,-149.44677808094025,15.362430123167767,-130.2325155520439,-126.41000028371812,99.1,118.25029268264771,141.48300132751464,-23.232708644866932,151.00827439832688,15.362430123167767,171.14939636230469,178.11983673095702,99.1
A+C,30,0,1,2.5067943238251473,0.21409454629797137,2.292699777527176,0.04591313748726341,0.8685899044435504,1.1598213852741406,1.394667018715237,100.0,2.639565306709339,True,True,-116.59602918624878,-139.8478021502495,23.251772964000708,-149.29672983200552,15.318286411926461,-130.1264111793041,-126.34401400208473,99.1,-116.68879636526108,-139.92150501012802,23.232708644866932,-149.44677808094025,15.362430123167767,-130.2325155520439,-126.41000028371812,99.1,118.25029268264771,141.48300132751464,-23.232708644866932,151.00827439832688,15.362430123167767,171.14939636230469,178.11983673095702,99.1
G+A,30,0,1,5.086699575651041,1.2644694561686909,3.82223011948235,0.07794821775758479,1.9185674802443362,2.478268416510859,2.952096626642082,99.9,1.9922312656918253,True,True,-109.28152152299882,-139.8478021502495,30.566280627250677,-149.29672983200552,15.318286411926461,-130.1264111793041,-126.34401400208473,99.9,-109.36483663320541,-139.92150501012802,30.5566683769226,-149.44677808094025,15.362430123167767,-130.2325155520439,-126.41000028371812,99.9,110.92633295059204,141.48300132751464,-30.5566683769226,151.00827439832688,15.362430123167767,171.14939636230469,178.11983673095702,99.9
Full,30,0,2,7.736624116755654,-0.04764067933333038,7.784264796088984,0.20021414733509346,3.1093233175606874,3.9785505429081,5.240609380852831,99.6,2.5035237577660023,True,True,-130.38874555826186,-161.79875721931458,31.41001166105272,-163.99104042627812,14.514567488037546,-145.55098334550857,-140.18737981170418,99.4,-130.4602367401123,-161.9546890258789,31.494452285766613,-164.15838809318544,14.55902820739019,-145.68309815406798,-140.2845051908493,99.4,132.13104553222655,163.62549781799316,-31.494452285766613,165.8291968852997,14.55902820739019,185.6134324359894,190.20743675231932,99.4
G,30,0,2,2.8475578211622405,0.2420178436877084,2.6055399774745323,0.07488745400313386,1.1065291713558791,1.4806793315878948,1.8895777557836888,99.8,2.354696148030014,True,True,-127.62136106491089,-161.79875721931458,34.177396154403695,-163.99104042627812,14.514567488037546,-145.55098334550857,-140.18737981170418,99.8,-127.71484289169311,-161.9546890258789,34.2398461341858,-164.15838809318544,14.55902820739019,-145.68309815406798,-140.2845051908493,99.8,129.38565168380737,163.62549781799316,-34.2398461341858,165.8291968852997,14.55902820739019,185.6134324359894,190.20743675231932,99.8
A,30,0,2,2.850684489546781,0.2428137224382389,2.607870767108542,0.07496944081936988,1.1088853586188705,1.48213606058913,1.8933187720160742,99.8,2.3517947521253912,True,True,-127.62136106491089,-161.79875721931458,34.177396154403695,-163.99104042627812,14.514567488037546,-145.55098334550857,-140.18737981170418,99.8,-127.71484289169311,-161.9546890258789,34.2398461341858,-164.15838809318544,14.55902820739019,-145.68309815406798,-140.2845051908493,99.8,129.38565168380737,163.62549781799316,-34.2398461341858,165.8291968852997,14.55902820739019,185.6134324359894,190.20743675231932,99.8
C,30,0,2,6.227398783532036,-3.1011438715900694,9.328542655122105,-0.09844875322712145,1.8867605476269973,2.40788173050801,3.111132199747376,100.0,4.944211212628296,True,True,-193.87446386814116,-161.79875721931458,-32.07570664882658,-163.99104042627812,14.514567488037546,-145.55098334550857,-140.18737981170418,1.7,-194.24658851623536,-161.9546890258789,-32.29189949035646,-164.15838809318544,14.55902820739019,-145.68309815406798,-140.2845051908493,1.7,195.91739730834962,163.62549781799316,32.29189949035646,165.8291968852997,14.55902820739019,185.6134324359894,190.20743675231932,1.7
G+C,30,0,2,2.664523503058269,-0.5332681242098087,3.1977916272680775,0.05027526569635341,0.9557933444472959,1.2392456849641829,1.5661488218679804,99.8,3.3456935496001554,True,True,-136.3234423160553,-161.79875721931458,25.47531490325929,-163.99104042627812,14.514567488037546,-145.55098334550857,-140.18737981170418,97.5,-136.46168746948243,-161.9546890258789,25.49300155639648,-164.15838809318544,14.55902820739019,-145.68309815406798,-140.2845051908493,97.5,138.13249626159669,163.62549781799316,-25.49300155639648,165.8291968852997,14.55902820739019,185.6134324359894,190.20743675231932,97.5
A+C,30,0,2,2.664858401850783,-0.5324722454592785,3.1973306473100616,0.05035725251258939,0.957092967244451,1.2386265888235264,1.571448323167521,99.8,3.3406688344136914,True,True,-136.3234423160553,-161.79875721931458,25.47531490325929,-163.99104042627812,14.514567488037546,-145.55098334550857,-140.18737981170418,97.5,-136.46168746948243,-161.9546890258789,25.49300155639648,-164.15838809318544,14.55902820739019,-145.68309815406798,-140.2845051908493,97.5,138.13249626159669,163.62549781799316,-25.49300155639648,165.8291968852997,14.55902820739019,185.6134324359894,190.20743675231932,97.5
G+A,30,0,2,5.698242310709022,0.4848315661259466,5.213410744583075,0.14985689482250378,2.2154111880836647,2.9635529793566207,3.7818131544562537,99.8,2.353247457007151,True,True,-127.62136106491089,-161.79875721931458,34.177396154403695,-163.99104042627812,14.514567488037546,-145.55098334550857,-140.18737981170418,99.8,-127.71484289169311,-161.9546890258789,34.2398461341858,-164.15838809318544,14.55902820739019,-145.68309815406798,-140.2845051908493,99.8,129.38565168380737,163.62549781799316,-34.2398461341858,165.8291968852997,14.55902820739019,185.6134324359894,190.20743675231932,99.8
Full,30,1,0,6.548687690916931,1.3731549182774014,5.17553277263953,0.05230951122960541,2.9317529496034926,3.6158898941458015,4.323603730754518,99.5,1.7653372782790238,True,True,-186.2402795791626,-220.236661028862,33.996381449699385,-234.74824118965864,21.64949362354787,-208.45997564315795,-202.1819253310561,99.5,-186.38417340517043,-220.39106122255325,34.00688781738282,-234.94573897714616,21.684280097165477,-208.53486672639846,-202.32628653764726,99.5,187.90875854492188,221.9156463623047,-34.00688781738282,236.4703241168976,21.684280097165477,266.5989616394043,273.16350313186643,99.5
G,30,1,0,2.0178591943317064,0.7065503504106153,1.3113088439210911,0.016652647865005362,1.0292425598496349,1.2664279172347135,1.5648938622794637,99.0,1.2740522934775105,True,True,-192.6540740251541,-220.236661028862,27.582587003707886,-234.74824118965864,21.64949362354787,-208.45997564315795,-202.1819253310561,99.0,-192.80034924745559,-220.39106122255325,27.590711975097662,-234.94573897714616,21.684280097165477,-208.53486672639846,-202.32628653764726,99.0,194.32493438720704,221.9156463623047,-27.590711975097662,236.4703241168976,21.684280097165477,266.5989616394043,273.16350313186643,99.0
A,30,1,0,2.0193486309479005,0.7081838112311284,1.311164819716772,0.01651693973608932,1.0304795769659485,1.2716134586105983,1.5666573824944179,99.0,1.2723831204663443,True,True,-192.6540740251541,-220.236661028862,27.582587003707886,-234.74824118965864,21.64949362354787,-208.45997564315795,-202.1819253310561,99.0,-192.80034924745559,-220.39106122255325,27.590711975097662,-234.94573897714616,21.684280097165477,-208.53486672639846,-202.32628653764726,99.0,194.32493438720704,221.9156463623047,-27.590711975097662,236.4703241168976,21.684280097165477,266.5989616394043,273.16350313186643,99.0
C,30,1,0,7.419344540258012,-2.999052218381885,10.418396758639897,0.010491935569686035,1.810048001506564,2.294181081129903,2.9872124833089897,99.9,5.755867662055544,True,True,-293.64742448329923,-220.236661028862,-73.41076345443724,-234.74824118965864,21.64949362354787,-208.45997564315795,-202.1819253310561,1.1,-294.0814973950386,-220.39106122255325,-73.69043617248533,-234.94573897714616,21.684280097165477,-208.53486672639846,-202.32628653764726,1.1,295.60608253479006,221.9156463623047,73.69043617248536,236.4703241168976,21.684280097165477,266.5989616394043,273.16350313186643,1.1
G+C,30,1,0,2.6739095250645044,-0.043212704184855844,2.71712222924936,0.01927563175742693,0.93752926313457,1.1358623662381118,1.5064764286742907,100.0,2.8981732475899826,True,True,-200.4924653172493,-220.236661028862,19.74419571161269,-234.74824118965864,21.64949362354787,-208.45997564315795,-202.1819253310561,96.4,-200.7426515698433,-220.39106122255325,19.648409652709944,-234.94573897714616,21.684280097165477,-208.53486672639846,-202.32628653764726,96.4,202.26723670959473,221.9156463623047,-19.648409652709972,236.4703241168976,21.684280097165477,266.5989616394043,273.16350313186643,96.4
A+C,30,1,0,2.6706115597466686,-0.041579243364342655,2.712190803111011,0.019139923628510858,0.9379583790342843,1.13585358660096,1.5040672073547394,100.0,2.8915897162766058,True,True,-200.4924653172493,-220.236661028862,19.74419571161269,-234.74824118965864,21.64949362354787,-208.45997564315795,-202.1819253310561,96.4,-200.7426515698433,-220.39106122255325,19.648409652709944,-234.94573897714616,21.684280097165477,-208.53486672639846,-202.32628653764726,96.4,202.26723670959473,221.9156463623047,-19.648409652709972,236.4703241168976,21.684280097165477,266.5989616394043,273.16350313186643,96.4
G+A,30,1,0,4.037207825279607,1.4147341616417437,2.622473663637863,0.033169587601094654,2.0597205042984936,2.538041375845312,3.1316118110998046,99.0,1.2732182148815545,True,True,-192.6540740251541,-220.236661028862,27.582587003707886,-234.74824118965864,21.64949362354787,-208.45997564315795,-202.1819253310561,99.0,-192.80034924745559,-220.39106122255325,27.590711975097662,-234.94573897714616,21.684280097165477,-208.53486672639846,-202.32628653764726,99.0,194.32493438720704,221.9156463623047,-27.590711975097662,236.4703241168976,21.684280097165477,266.5989616394043,273.16350313186643,99.0
Full,30,1,2,7.5367333852893275,-0.04764067933333038,7.584374064622658,0.20021414733509346,3.1093233175606874,3.9785505429081,5.240609380852831,99.5,2.4392362228102793,True,True,-131.34823095798492,-161.79875721931458,30.450526261329657,-163.99104042627812,14.514567488037546,-145.55098334550857,-140.18737981170418,99.1,-131.43798370361327,-161.9546890258789,30.516705322265636,-164.15838809318544,14.55902820739019,-145.68309815406798,-140.2845051908493,99.1,133.10879249572753,163.62549781799316,-30.516705322265636,165.8291968852997,14.55902820739019,185.6134324359894,190.20743675231932,99.1
G,30,1,2,2.2291225585190135,0.2420178436877084,1.9871047148313052,0.07488745400313386,1.1065291713558791,1.4806793315878948,1.8895777557836888,97.9,1.7957996646364216,True,True,-135.73350179195404,-161.79875721931458,26.06525542736054,-163.99104042627812,14.514567488037546,-145.55098334550857,-140.18737981170418,97.9,-135.78774585723878,-161.9546890258789,26.16694316864013,-164.15838809318544,14.55902820739019,-145.68309815406798,-140.2845051908493,97.9,137.45855464935303,163.62549781799316,-26.16694316864013,165.8291968852997,14.55902820739019,185.6134324359894,190.20743675231932,97.9
A,30,1,2,2.2358135124096927,0.2428137224382389,1.9929997899714538,0.07496944081936988,1.1088853586188705,1.48213606058913,1.8933187720160742,97.9,1.7973001216769224,True,True,-135.73350179195404,-161.79875721931458,26.06525542736054,-163.99104042627812,14.514567488037546,-145.55098334550857,-140.18737981170418,97.9,-135.78774585723878,-161.9546890258789,26.16694316864013,-164.15838809318544,14.55902820739019,-145.68309815406798,-140.2845051908493,97.9,137.45855464935303,163.62549781799316,-26.16694316864013,165.8291968852997,14.55902820739019,185.6134324359894,190.20743675231932,97.9
C,30,1,2,7.170907964592421,-3.1011438715900694,10.27205183618249,-0.09844875322712145,1.8867605476269973,2.40788173050801,3.111132199747376,100.0,5.444279534624455,True,True,-204.96494903564454,-161.79875721931458,-43.166191816329956,-163.99104042627812,14.514567488037546,-145.55098334550857,-140.18737981170418,0.1,-205.34526405334472,-161.9546890258789,-43.390575027465815,-164.15838809318544,14.55902820739019,-145.68309815406798,-140.2845051908493,0.1,207.01607284545898,163.62549781799316,43.390575027465815,165.8291968852997,14.55902820739019,185.6134324359894,190.20743675231932,0.1
G+C,30,1,2,2.0502164075964595,-0.5332681242098087,2.5834845318062682,0.05027526569635341,0.9557933444472959,1.2392456849641829,1.5661488218679804,99.0,2.7029739711152865,True,True,-147.35397976636887,-161.79875721931458,14.444777452945715,-163.99104042627812,14.514567488037546,-145.55098334550857,-140.18737981170418,87.4,-147.57162437438964,-161.9546890258789,14.383064651489263,-164.15838809318544,14.55902820739019,-145.68309815406798,-140.2845051908493,87.1,149.2424331665039,163.62549781799316,-14.383064651489263,165.8291968852997,14.55902820739019,185.6134324359894,190.20743675231932,87.1
A+C,30,1,2,2.0452867427211188,-0.5324722454592785,2.5777589881803973,0.05035725251258939,0.957092967244451,1.2386265888235264,1.571448323167521,98.9,2.6933214185054313,True,True,-147.35397976636887,-161.79875721931458,14.444777452945715,-163.99104042627812,14.514567488037546,-145.55098334550857,-140.18737981170418,87.4,-147.57162437438964,-161.9546890258789,14.383064651489263,-164.15838809318544,14.55902820739019,-145.68309815406798,-140.2845051908493,87.1,149.2424331665039,163.62549781799316,-14.383064651489263,165.8291968852997,14.55902820739019,185.6134324359894,190.20743675231932,87.1
G+A,30,1,2,4.464936070928706,0.4848315661259466,3.9801045048027595,0.14985689482250378,2.2154111880836647,2.9635529793566207,3.7818131544562537,97.9,1.7965534011072493,True,True,-135.73350179195404,-161.79875721931458,26.06525542736054,-163.99104042627812,14.514567488037546,-145.55098334550857,-140.18737981170418,97.9,-135.78774585723878,-161.9546890258789,26.16694316864013,-164.15838809318544,14.55902820739019,-145.68309815406798,-140.2845051908493,97.9,137.45855464935303,163.62549781799316,-26.16694316864013,165.8291968852997,14.55902820739019,185.6134324359894,190.20743675231932,97.9
Full,30,2,0,5.866432896695846,1.3731549182774014,4.493277978418445,0.05230951122960541,2.9317529496034926,3.6158898941458015,4.323603730754518,98.8,1.5326250388956348,True,True,-191.3262079000473,-220.236661028862,28.91045312881468,-234.74824118965864,21.64949362354787,-208.45997564315795,-202.1819253310561,99.1,-191.46612683534622,-220.39106122255325,28.92493438720703,-234.94573897714616,21.684280097165477,-208.53486672639846,-202.32628653764726,99.1,192.99071197509767,221.9156463623047,-28.92493438720703,236.4703241168976,21.684280097165477,266.5989616394043,273.16350313186643,99.1
G,30,2,0,2.1114828978892657,0.7065503504106153,1.4049325474786505,0.016652647865005362,1.0292425598496349,1.2664279172347135,1.5648938622794637,99.2,1.365015985817669,True,True,-190.6847561478615,-220.236661028862,29.551904881000496,-234.74824118965864,21.64949362354787,-208.45997564315795,-202.1819253310561,99.2,-190.76982251405715,-220.39106122255325,29.621238708496094,-234.94573897714616,21.684280097165477,-208.53486672639846,-202.32628653764726,99.2,192.2944076538086,221.9156463623047,-29.621238708496094,236.4703241168976,21.684280097165477,266.5989616394043,273.16350313186643,99.2
A,30,2,0,2.11584324916324,0.7081838112311284,1.4076594379321117,0.01651693973608932,1.0304795769659485,1.2716134586105983,1.5666573824944179,99.2,1.3660236159912045,True,True,-190.6847561478615,-220.236661028862,29.551904881000496,-234.74824118965864,21.64949362354787,-208.45997564315795,-202.1819253310561,99.2,-190.76982251405715,-220.39106122255325,29.621238708496094,-234.94573897714616,21.684280097165477,-208.53486672639846,-202.32628653764726,99.2,192.2944076538086,221.9156463623047,-29.621238708496094,236.4703241168976,21.684280097165477,266.5989616394043,273.16350313186643,99.2
C,30,2,0,6.823828542028153,-2.999052218381885,9.822880760410037,0.010491935569686035,1.810048001506564,2.294181081129903,2.9872124833089897,99.9,5.426862023677892,True,True,-291.1528127193451,-220.236661028862,-70.9161516904831,-234.74824118965864,21.64949362354787,-208.45997564315795,-202.1819253310561,1.2,-291.5745107769966,-220.39106122255325,-71.18344955444334,-234.94573897714616,21.684280097165477,-208.53486672639846,-202.32628653764726,1.2,293.09909591674807,221.9156463623047,71.18344955444337,236.4703241168976,21.684280097165477,266.5989616394043,273.16350313186643,1.2
G+C,30,2,0,1.7328724733910925,-0.043212704184855844,1.7760851775759483,0.01927563175742693,0.93752926313457,1.1358623662381118,1.5064764286742907,97.6,1.894431723269863,True,True,-221.913505589962,-220.236661028862,-1.6768445611000118,-234.74824118965864,21.64949362354787,-208.45997564315795,-202.1819253310561,70.6,-222.15969296693802,-220.39106122255325,-1.768631744384777,-234.94573897714616,21.684280097165477,-208.53486672639846,-202.32628653764726,70.4,223.68427810668945,221.9156463623047,1.7686317443847486,236.4703241168976,21.684280097165477,266.5989616394043,273.16350313186643,70.4
A+C,30,2,0,1.730176256039281,-0.041579243364342655,1.7717554994036238,0.019139923628510858,0.9379583790342843,1.13585358660096,1.5040672073547394,97.6,1.888948954459804,True,True,-221.913505589962,-220.236661028862,-1.6768445611000118,-234.74824118965864,21.64949362354787,-208.45997564315795,-202.1819253310561,70.6,-222.15969296693802,-220.39106122255325,-1.768631744384777,-234.94573897714616,21.684280097165477,-208.53486672639846,-202.32628653764726,70.4,223.68427810668945,221.9156463623047,1.7686317443847486,236.4703241168976,21.684280097165477,266.5989616394043,273.16350313186643,70.4
G+A,30,2,0,4.227326147052506,1.4147341616417437,2.812591985410762,0.033169587601094654,2.0597205042984936,2.538041375845312,3.1316118110998046,99.2,1.3655211857827692,True,True,-190.6847561478615,-220.236661028862,29.551904881000496,-234.74824118965864,21.64949362354787,-208.45997564315795,-202.1819253310561,99.2,-190.76982251405715,-220.39106122255325,29.621238708496094,-234.94573897714616,21.684280097165477,-208.53486672639846,-202.32628653764726,99.2,192.2944076538086,221.9156463623047,-29.621238708496094,236.4703241168976,21.684280097165477,266.5989616394043,273.16350313186643,99.2
Full,30,2,1,7.878355147463775,1.478564002466664,6.399791144997112,0.1238613552448487,2.6977409666672387,3.477564379693621,4.2694941666667345,100.0,2.3722778517551104,True,True,-106.86338641643525,-139.8478021502495,32.984415733814245,-149.29672983200552,15.318286411926461,-130.1264111793041,-126.34401400208473,100.0,-106.91548055410385,-139.92150501012802,33.006024456024164,-149.44677808094025,15.362430123167767,-130.2325155520439,-126.41000028371812,100.0,108.47697687149048,141.48300132751464,-33.006024456024164,151.00827439832688,15.362430123167767,171.14939636230469,178.11983673095702,100.0
G,30,2,1,2.7054169278662186,0.6299079654491896,2.075508962417029,0.03886916168309385,0.9581723960203798,1.237989589515792,1.4745818863653473,100.0,2.1661122476887593,True,True,-106.66667433977128,-139.8478021502495,33.181127810478216,-149.29672983200552,15.318286411926461,-130.1264111793041,-126.34401400208473,100.0,-106.6914636015892,-139.92150501012802,33.23004140853881,-149.44677808094025,15.362430123167767,-130.2325155520439,-126.41000028371812,100.0,108.25295991897583,141.48300132751464,-33.23004140853881,151.00827439832688,15.362430123167767,171.14939636230469,178.11983673095702,100.0
A,30,2,1,2.7119723758673735,0.6345614907195017,2.077410885147872,0.03907905607449091,0.9603984288744105,1.2402788269950678,1.4792473774532526,100.0,2.1630719321173846,True,True,-106.66667433977128,-139.8478021502495,33.181127810478216,-149.29672983200552,15.318286411926461,-130.1264111793041,-126.34401400208473,100.0,-106.6914636015892,-139.92150501012802,33.23004140853881,-149.44677808094025,15.362430123167767,-130.2325155520439,-126.41000028371812,100.0,108.25295991897583,141.48300132751464,-33.23004140853881,151.00827439832688,15.362430123167767,171.14939636230469,178.11983673095702,100.0
C,30,2,1,6.673904767905065,-1.6818677776861197,8.355772545591185,0.027336325651090718,2.0195093454358664,2.5963369733010455,3.2889317555059114,100.0,4.137526060216263,True,True,-196.40700904130935,-139.8478021502495,-56.55920689105986,-149.29672983200552,15.318286411926461,-130.1264111793041,-126.34401400208473,0.3,-196.78515313863755,-139.92150501012802,-56.86364812850954,-149.44677808094025,15.362430123167767,-130.2325155520439,-126.41000028371812,0.2,198.34664945602418,141.48300132751464,56.86364812850954,151.00827439832688,15.362430123167767,171.14939636230469,178.11983673095702,0.2
G+C,30,2,1,2.534966611406772,0.20944102102765977,2.3255255903791126,0.045703243095866666,0.8678122245386347,1.1583100197166871,1.3916666295792963,100.0,2.6797566623533786,True,True,-129.51879217624665,-139.8478021502495,10.329009974002844,-149.29672983200552,15.318286411926461,-130.1264111793041,-126.34401400208473,90.9,-129.7080540060997,-139.92150501012802,10.213451004028315,-149.44677808094025,15.362430123167767,-130.2325155520439,-126.41000028371812,90.7,131.26955032348633,141.48300132751464,-10.213451004028315,151.00827439832688,15.362430123167767,171.14939636230469,178.11983673095702,90.7
A+C,30,2,1,2.532036005057556,0.21409454629797137,2.3179414587595843,0.04591313748726341,0.8685899044435504,1.1598213852741406,1.394667018715237,100.0,2.668625834702212,True,True,-129.51879217624665,-139.8478021502495,10.329009974002844,-149.29672983200552,15.318286411926461,-130.1264111793041,-126.34401400208473,90.9,-129.7080540060997,-139.92150501012802,10.213451004028315,-149.44677808094025,15.362430123167767,-130.2325155520439,-126.41000028371812,90.7,131.26955032348633,141.48300132751464,-10.213451004028315,151.00827439832688,15.362430123167767,171.14939636230469,178.11983673095702,90.7
G+A,30,2,1,5.417389303733593,1.2644694561686909,4.1529198475649025,0.07794821775758479,1.9185674802443362,2.478268416510859,2.952096626642082,100.0,2.1645940996748334,True,True,-106.66667433977128,-139.8478021502495,33.181127810478216,-149.29672983200552,15.318286411926461,-130.1264111793041,-126.34401400208473,100.0,-106.6914636015892,-139.92150501012802,33.23004140853881,-149.44677808094025,15.362430123167767,-130.2325155520439,-126.41000028371812,100.0,108.25295991897583,141.48300132751464,-33.23004140853881,151.00827439832688,15.362430123167767,171.14939636230469,178.11983673095702,100.0
Full,40,0,1,5.871330854432971,-2.4502021566922436,8.321533011125215,0.05507824008832352,2.0854361715467222,2.615935069199052,3.153025669200755,100.0,3.990308178530018,True,True,-124.43283931016921,-162.8624082684517,38.42956895828249,-148.7965156419933,10.008020836063423,-136.35548980414868,-134.00880001574754,99.9,-124.67408999800682,-163.09980868697167,38.42571868896485,-149.02126438803674,10.007506294265163,-136.56655864119531,-134.16403312087058,99.9,126.1861343383789,164.61185302734376,-38.42571868896485,150.53330872840883,10.007506294265163,164.42778430938722,168.1733979988098,99.9
G,40,0,1,1.5806799553848432,-0.9554608437536904,2.5361407991385336,0.022288465763743003,0.6956782425375949,0.8870899217168368,1.0502131859983248,99.4,3.645565786113368,True,True,-126.37750992178917,-162.8624082684517,36.48489834666253,-148.7965156419933,10.008020836063423,-136.35548980414868,-134.00880001574754,99.4,-126.53838366866111,-163.09980868697167,36.56142501831056,-149.02126438803674,10.007506294265163,-136.56655864119531,-134.16403312087058,99.5,128.0504280090332,164.61185302734376,-36.56142501831056,150.53330872840883,10.007506294265163,164.42778430938722,168.1733979988098,99.5
A,40,0,1,1.5845347720394811,-0.9559203294693838,2.540455101508865,0.022321346508389548,0.6953673278849348,0.8877312898163696,1.054669756015578,99.5,3.653400152169997,True,True,-126.37750992178917,-162.8624082684517,36.48489834666253,-148.7965156419933,10.008020836063423,-136.35548980414868,-134.00880001574754,99.4,-126.53838366866111,-163.09980868697167,36.56142501831056,-149.02126438803674,10.007506294265163,-136.56655864119531,-134.16403312087058,99.5,128.0504280090332,164.61185302734376,-36.56142501831056,150.53330872840883,10.007506294265163,164.42778430938722,168.1733979988098,99.5
C,40,0,1,7.278575268046024,1.6683973840008552,5.610177884045168,-0.04741167476879513,2.0830935826480723,2.7206196554772055,3.47265696916229,100.0,2.6931953181447525,True,True,-142.3979790329933,-162.8624082684517,20.464429235458397,-148.7965156419933,10.008020836063423,-136.35548980414868,-134.00880001574754,72.4,-142.72096843123435,-163.09980868697167,20.378840255737316,-149.02126438803674,10.007506294265163,-136.56655864119531,-134.16403312087058,72.4,144.23301277160644,164.61185302734376,-20.378840255737316,150.53330872840883,10.007506294265163,164.42778430938722,168.1733979988098,72.4
G+C,40,0,1,2.8885510795666143,-0.5383614977534765,3.426912577320091,0.010435547071544177,0.8152150144244881,1.0373070550723018,1.275498135434163,100.0,4.2036916846279695,True,True,-128.22586079835892,-162.8624082684517,34.63654747009278,-148.7965156419933,10.008020836063423,-136.35548980414868,-134.00880001574754,99.1,-128.46542071700097,-163.09980868697167,34.6343879699707,-149.02126438803674,10.007506294265163,-136.56655864119531,-134.16403312087058,99.1,129.97746505737305,164.61185302734376,-34.6343879699707,150.53330872840883,10.007506294265163,164.42778430938722,168.1733979988098,99.1
A+C,40,0,1,2.8869892397878196,-0.5388209834691698,3.4258102232569896,0.010468427816190774,0.8138859348668854,1.0349800199974015,1.2726820708348847,100.0,4.209201899793606,True,True,-128.22586079835892,-162.8624082684517,34.63654747009278,-148.7965156419933,10.008020836063423,-136.35548980414868,-134.00880001574754,99.1,-128.46542071700097,-163.09980868697167,34.6343879699707,-149.02126438803674,10.007506294265163,-136.56655864119531,-134.16403312087058,99.1,129.97746505737305,164.61185302734376,-34.6343879699707,150.53330872840883,10.007506294265163,164.42778430938722,168.1733979988098,99.1
G+A,40,0,1,3.165214727424324,-1.9113811732230745,5.076595900647399,0.04460981227213265,1.3910417264487671,1.775415974118336,2.1041287930000467,99.5,3.649492178503944,True,True,-126.37750992178917,-162.8624082684517,36.48489834666253,-148.7965156419933,10.008020836063423,-136.35548980414868,-134.00880001574754,99.4,-126.53838366866111,-163.09980868697167,36.56142501831056,-149.02126438803674,10.007506294265163,-136.56655864119531,-134.16403312087058,99.5,128.0504280090332,164.61185302734376,-36.56142501831056,150.53330872840883,10.007506294265163,164.42778430938722,168.1733979988098,99.5
Full,40,0,2,8.379557203742525,-0.4864101051674772,8.865967308910003,-0.05432202808410146,2.9995752438452565,3.7598181422732293,4.528684746021144,99.9,2.9557409260200522,True,True,-116.35901962518692,-143.26570477485657,26.906685149669656,-141.62087377322914,9.836101952567299,-129.39032065749169,-126.4601793885231,99.9,-116.58256872296333,-143.49956281781198,26.916994094848647,-141.846172343874,9.834414494095432,-129.60917234539986,-126.69905321240425,99.9,117.90972442626953,144.82671852111815,-26.91699409484862,143.17332804718018,9.834414494095432,156.35098152160643,159.53726419448853,99.9
G,40,0,2,3.026102619676382,-0.17112109451974356,3.1972237141961255,-0.003600210358215598,1.0017761667713392,1.2420433054228277,1.5404690133588557,100.0,3.19155498029123,True,True,-111.87324460148811,-143.26570477485657,31.392460173368463,-141.62087377322914,9.836101952567299,-129.39032065749169,-126.4601793885231,100.0,-112.08780172467232,-143.49956281781198,31.41176109313966,-141.846172343874,9.834414494095432,-129.60917234539986,-126.69905321240425,100.0,113.41495742797852,144.82671852111815,-31.41176109313963,143.17332804718018,9.834414494095432,156.35098152160643,159.53726419448853,100.0
A,40,0,2,3.0249623473702134,-0.17158353971313933,3.196545887083353,-0.0033300469039269343,1.0007766552713069,1.2419402166568272,1.538081821640933,100.0,3.1940651995092564,True,True,-111.87324460148811,-143.26570477485657,31.392460173368463,-141.62087377322914,9.836101952567299,-129.39032065749169,-126.4601793885231,100.0,-112.08780172467232,-143.49956281781198,31.41176109313966,-141.846172343874,9.834414494095432,-129.60917234539986,-126.69905321240425,100.0,113.41495742797852,144.82671852111815,-31.41176109313963,143.17332804718018,9.834414494095432,156.35098152160643,159.53726419448853,100.0
C,40,0,2,7.671073008301834,0.11151227511418127,7.559560733187652,-0.17624689567212715,2.034579714121005,2.3901511690608754,3.22820473890036,100.0,3.715539224499539,True,True,-143.73436419963838,-143.26570477485657,-0.468659424781805,-141.62087377322914,9.836101952567299,-129.39032065749169,-126.4601793885231,40.6,-144.0906764805317,-143.49956281781198,-0.5911136627197209,-141.846172343874,9.834414494095432,-129.60917234539986,-126.69905321240425,40.1,145.4178321838379,144.82671852111815,0.5911136627197493,143.17332804718018,9.834414494095432,156.35098152160643,159.53726419448853,40.1
G+C,40,0,2,2.5810552449505018,-0.1432430257411983,2.7242982706917003,-0.04766193427624736,1.0815528620437866,1.3136181642395033,1.6366661199948807,99.9,2.518876669184393,True,True,-130.3055417060852,-143.26570477485657,12.96016306877138,-141.62087377322914,9.836101952567299,-129.39032065749169,-126.4601793885231,87.3,-130.59351461529732,-143.49956281781198,12.906048202514654,-141.846172343874,9.834414494095432,-129.60917234539986,-126.69905321240425,87.1,131.92067031860353,144.82671852111815,-12.906048202514626,143.17332804718018,9.834414494095432,156.35098152160643,159.53726419448853,87.1
A+C,40,0,2,2.573995217081449,-0.14370547093459363,2.7177006880160426,-0.04739177082195874,1.0797768912676071,1.3143457610428584,1.633844600623291,99.9,2.5169094745356055,True,True,-130.3055417060852,-143.26570477485657,12.96016306877138,-141.62087377322914,9.836101952567299,-129.39032065749169,-126.4601793885231,87.3,-130.59351461529732,-143.49956281781198,12.906048202514654,-141.846172343874,9.834414494095432,-129.60917234539986,-126.69905321240425,87.1,131.92067031860353,144.82671852111815,-12.906048202514626,143.17332804718018,9.834414494095432,156.35098152160643,159.53726419448853,87.1
G+A,40,0,2,6.051064967046596,-0.34270463423288344,6.393769601279479,-0.006930257262142675,2.0025495104396787,2.4854942094854073,3.0813404720042175,100.0,3.1928147433796363,True,True,-111.87324460148811,-143.26570477485657,31.392460173368463,-141.62087377322914,9.836101952567299,-129.39032065749169,-126.4601793885231,100.0,-112.08780172467232,-143.49956281781198,31.41176109313966,-141.846172343874,9.834414494095432,-129.60917234539986,-126.69905321240425,100.0,113.41495742797852,144.82671852111815,-31.41176109313963,143.17332804718018,9.834414494095432,156.35098152160643,159.53726419448853,100.0
Full,40,1,0,5.3923662254173035,-1.890060561990052,7.282426787407355,0.09923991281445722,1.8959699615074965,2.296107075510471,2.802463141247153,100.0,3.8410032517693775,True,True,-147.55686497688293,-185.52377812862397,37.96691315174104,-175.83762597357037,11.753989751554176,-162.12290207386016,-158.74654298186303,100.0,-147.8136248588562,-185.749209690094,37.935584831237804,-176.0658665289879,11.757283986475857,-162.35493534088135,-158.92222769737245,100.0,149.31149425506592,187.2470790863037,-37.935584831237776,177.5637359251976,11.757283986475857,193.96624362945556,200.29990796089172,100.0
G,40,1,0,1.9240694329063772,-0.4873542633851633,2.4114236962915405,0.023497099029888155,0.6199099066662109,0.7468168731940626,0.9248873406551055,100.0,3.8899583154911026,True,True,-139.8012479543686,-185.52377812862397,45.72253017425538,-175.83762597357037,11.753989751554176,-162.12290207386016,-158.74654298186303,100.0,-140.0046450614929,-185.749209690094,45.7445646286011,-176.0658665289879,11.757283986475857,-162.35493534088135,-158.92222769737245,100.0,141.50251445770263,187.2470790863037,-45.74456462860107,177.5637359251976,11.757283986475857,193.96624362945556,200.29990796089172,100.0
A,40,1,0,1.9247319373660472,-0.48716083992539183,2.411892777291439,0.023395673617286217,0.6199055244656423,0.7463076998005679,0.927298006280734,100.0,3.8907425117246492,True,True,-139.8012479543686,-185.52377812862397,45.72253017425538,-175.83762597357037,11.753989751554176,-162.12290207386016,-158.74654298186303,100.0,-140.0046450614929,-185.749209690094,45.7445646286011,-176.0658665289879,11.757283986475857,-162.35493534088135,-158.92222769737245,100.0,141.50251445770263,187.2470790863037,-45.74456462860107,177.5637359251976,11.757283986475857,193.96624362945556,200.29990796089172,100.0
C,40,1,0,5.676609739506551,-1.7135384750164198,7.390148214522971,0.1158058661999872,2.0074791729896297,2.73370311716754,3.3999432541535755,99.8,3.681307539304243,True,True,-183.68968859910964,-185.52377812862397,1.8340895295143298,-175.83762597357037,11.753989751554176,-162.12290207386016,-158.74654298186303,22.9,-184.02136926651002,-185.749209690094,1.7278404235839844,-176.0658665289879,11.757283986475857,-162.35493534088135,-158.92222769737245,22.9,185.51923866271972,187.2470790863037,-1.7278404235839844,177.5637359251976,11.757283986475857,193.96624362945556,200.29990796089172,22.9
G+C,40,1,0,2.3217970385010163,-0.9157388821392681,3.2375359206402843,0.05244856557988497,0.7736160343660651,0.980708784491527,1.1803206561839743,99.9,4.184939009560813,True,True,-149.9398980021477,-185.52377812862397,35.58388012647629,-175.83762597357037,11.753989751554176,-162.12290207386016,-158.74654298186303,99.9,-150.20883150100707,-185.749209690094,35.54037818908694,-176.0658665289879,11.757283986475857,-162.35493534088135,-158.92222769737245,99.9,151.7067008972168,187.2470790863037,-35.54037818908691,177.5637359251976,11.757283986475857,193.96624362945556,200.29990796089172,99.9
A+C,40,1,0,2.319157720812502,-0.9155454586794971,3.2347031794919987,0.052347140167283,0.772744830396875,0.9805550954370164,1.1823458836886538,99.9,4.1859913547796666,True,True,-149.9398980021477,-185.52377812862397,35.58388012647629,-175.83762597357037,11.753989751554176,-162.12290207386016,-158.74654298186303,99.9,-150.20883150100707,-185.749209690094,35.54037818908694,-176.0658665289879,11.757283986475857,-162.35493534088135,-158.92222769737245,99.9,151.7067008972168,187.2470790863037,-35.54037818908691,177.5637359251976,11.757283986475857,193.96624362945556,200.29990796089172,99.9
G+A,40,1,0,3.8488013702724233,-0.9745151033105555,4.823316473582979,0.046892772647174195,1.2398133617634715,1.4937177534360349,1.8521853469358396,100.0,3.8903569055929883,True,True,-139.8012479543686,-185.52377812862397,45.72253017425538,-175.83762597357037,11.753989751554176,-162.12290207386016,-158.74654298186303,100.0,-140.0046450614929,-185.749209690094,45.7445646286011,-176.0658665289879,11.757283986475857,-162.35493534088135,-158.92222769737245,100.0,141.50251445770263,187.2470790863037,-45.74456462860107,177.5637359251976,11.757283986475857,193.96624362945556,200.29990796089172,100.0
Full,40,1,2,7.703213815970705,-0.4864101051674772,8.189623921138182,-0.05432202808410146,2.9995752438452565,3.7598181422732293,4.528684746021144,99.9,2.7302612054630866,True,True,-119.38152341842651,-143.26570477485657,23.884181356430062,-141.62087377322914,9.836101952567299,-129.39032065749169,-126.4601793885231,99.3,-119.67082021832466,-143.49956281781198,23.828742599487313,-141.846172343874,9.834414494095432,-129.60917234539986,-126.69905321240425,99.3,120.99797592163085,144.82671852111815,-23.8287425994873,143.17332804718018,9.834414494095432,156.35098152160643,159.53726419448853,99.3
G,40,1,2,3.0154264299850335,-0.17112109451974356,3.186547524504777,-0.003600210358215598,1.0017761667713392,1.2420433054228277,1.5404690133588557,100.0,3.1808977196720667,True,True,-111.97807050347328,-143.26570477485657,31.287634271383297,-141.62087377322914,9.836101952567299,-129.39032065749169,-126.4601793885231,100.0,-112.23838003277778,-143.49956281781198,31.261182785034194,-141.846172343874,9.834414494095432,-129.60917234539986,-126.69905321240425,100.0,113.56553573608399,144.82671852111815,-31.261182785034165,143.17332804718018,9.834414494095432,156.35098152160643,159.53726419448853,100.0
A,40,1,2,3.009639090898496,-0.17158353971313933,3.181222630611635,-0.0033300469039269343,1.0007766552713069,1.2419402166568272,1.538081821640933,100.0,3.1787538346897364,True,True,-111.97807050347328,-143.26570477485657,31.287634271383297,-141.62087377322914,9.836101952567299,-129.39032065749169,-126.4601793885231,100.0,-112.23838003277778,-143.49956281781198,31.261182785034194,-141.846172343874,9.834414494095432,-129.60917234539986,-126.69905321240425,100.0,113.56553573608399,144.82671852111815,-31.261182785034165,143.17332804718018,9.834414494095432,156.35098152160643,159.53726419448853,100.0
C,40,1,2,7.000743467956661,0.11151227511418127,6.889231192842479,-0.17624689567212715,2.034579714121005,2.3901511690608754,3.22820473890036,100.0,3.3860709143159915,True,True,-146.78707268238068,-143.26570477485657,-3.521367907524109,-141.62087377322914,9.836101952567299,-129.39032065749169,-126.4601793885231,30.3,-147.10145986676216,-143.49956281781198,-3.6018970489501783,-141.846172343874,9.834414494095432,-129.60917234539986,-126.69905321240425,29.9,148.42861557006836,144.82671852111815,3.6018970489502067,143.17332804718018,9.834414494095432,156.35098152160643,159.53726419448853,29.9
G+C,40,1,2,3.2414416072806023,-0.1432430257411983,3.3846846330218003,-0.04766193427624736,1.0815528620437866,1.3136181642395033,1.6366661199948807,100.0,3.129467594053458,True,True,-120.19351347684861,-143.26570477485657,23.072191298007965,-141.62087377322914,9.836101952567299,-129.39032065749169,-126.4601793885231,99.1,-120.46963384747505,-143.49956281781198,23.029928970336925,-141.846172343874,9.834414494095432,-129.60917234539986,-126.69905321240425,99.1,121.79678955078126,144.82671852111815,-23.029928970336897,143.17332804718018,9.834414494095432,156.35098152160643,159.53726419448853,99.1
A+C,40,1,2,3.2347367131554807,-0.14370547093459363,3.3784421840900745,-0.04739177082195874,1.0797768912676071,1.3143457610428584,1.633844600623291,100.0,3.12883356868653,True,True,-120.19351347684861,-143.26570477485657,23.072191298007965,-141.62087377322914,9.836101952567299,-129.39032065749169,-126.4601793885231,99.1,-120.46963384747505,-143.49956281781198,23.029928970336925,-141.846172343874,9.834414494095432,-129.60917234539986,-126.69905321240425,99.1,121.79678955078126,144.82671852111815,-23.029928970336897,143.17332804718018,9.834414494095432,156.35098152160643,159.53726419448853,99.1
G+A,40,1,2,6.0250655208835315,-0.34270463423288344,6.367770155116415,-0.006930257262142675,2.0025495104396787,2.4854942094854073,3.0813404720042175,100.0,3.179831570665292,True,True,-111.97807050347328,-143.26570477485657,31.287634271383297,-141.62087377322914,9.836101952567299,-129.39032065749169,-126.4601793885231,100.0,-112.23838003277778,-143.49956281781198,31.261182785034194,-141.846172343874,9.834414494095432,-129.60917234539986,-126.69905321240425,100.0,113.56553573608399,144.82671852111815,-31.261182785034165,143.17332804718018,9.834414494095432,156.35098152160643,159.53726419448853,100.0
Full,40,2,0,5.362220302304201,-1.890060561990052,7.252280864294253,0.09923991281445722,1.8959699615074965,2.296107075510471,2.802463141247153,100.0,3.825103251386917,True,True,-143.37534012794495,-185.52377812862397,42.14843800067902,-175.83762597357037,11.753989751554176,-162.12290207386016,-158.74654298186303,100.0,-143.5792212486267,-185.749209690094,42.1699884414673,-176.0658665289879,11.757283986475857,-162.35493534088135,-158.92222769737245,100.0,145.07709064483643,187.2470790863037,-42.16998844146727,177.5637359251976,11.757283986475857,193.96624362945556,200.29990796089172,100.0
G,40,2,0,1.6004422954348474,-0.4873542633851633,2.0877965588200107,0.023497099029888155,0.6199099066662109,0.7468168731940626,0.9248873406551055,100.0,3.367903200721359,True,True,-145.9374784231186,-185.52377812862397,39.58629970550538,-175.83762597357037,11.753989751554176,-162.12290207386016,-158.74654298186303,100.0,-146.11743059158326,-185.749209690094,39.63177909851075,-176.0658665289879,11.757283986475857,-162.35493534088135,-158.92222769737245,100.0,147.61529998779298,187.2470790863037,-39.63177909851072,177.5637359251976,11.757283986475857,193.96624362945556,200.29990796089172,100.0
A,40,2,0,1.6024339028594856,-0.48716083992539183,2.0895947427848776,0.023395673617286217,0.6199055244656423,0.7463076998005679,0.927298006280734,100.0,3.370827747641232,True,True,-145.9374784231186,-185.52377812862397,39.58629970550538,-175.83762597357037,11.753989751554176,-162.12290207386016,-158.74654298186303,100.0,-146.11743059158326,-185.749209690094,39.63177909851075,-176.0658665289879,11.757283986475857,-162.35493534088135,-158.92222769737245,100.0,147.61529998779298,187.2470790863037,-39.63177909851072,177.5637359251976,11.757283986475857,193.96624362945556,200.29990796089172,100.0
C,40,2,0,5.16660524086858,-1.7135384750164198,6.880143715885,0.1158058661999872,2.0074791729896297,2.73370311716754,3.3999432541535755,99.7,3.4272553401581622,True,True,-180.19147316217422,-185.52377812862397,5.332304966449755,-175.83762597357037,11.753989751554176,-162.12290207386016,-158.74654298186303,31.6,-180.50942792892457,-185.749209690094,5.239781761169439,-176.0658665289879,11.757283986475857,-162.35493534088135,-158.92222769737245,31.2,182.0072973251343,187.2470790863037,-5.239781761169411,177.5637359251976,11.757283986475857,193.96624362945556,200.29990796089172,31.2
G+C,40,2,0,2.2201928134799966,-0.9157388821392681,3.1359316956192647,0.05244856557988497,0.7736160343660651,0.980708784491527,1.1803206561839743,99.9,4.053602247514149,True,True,-145.56442791223526,-185.52377812862397,39.959350216388714,-175.83762597357037,11.753989751554176,-162.12290207386016,-158.74654298186303,100.0,-145.7657675743103,-185.749209690094,39.9834421157837,-176.0658665289879,11.757283986475857,-162.35493534088135,-158.92222769737245,100.0,147.26363697052003,187.2470790863037,-39.983442115783674,177.5637359251976,11.757283986475857,193.96624362945556,200.29990796089172,100.0
A+C,40,2,0,2.2210511086752875,-0.9155454586794971,3.1365965673547844,0.052347140167283,0.772744830396875,0.9805550954370164,1.1823458836886538,99.9,4.059032741434007,True,True,-145.56442791223526,-185.52377812862397,39.959350216388714,-175.83762597357037,11.753989751554176,-162.12290207386016,-158.74654298186303,100.0,-145.7657675743103,-185.749209690094,39.9834421157837,-176.0658665289879,11.757283986475857,-162.35493534088135,-158.92222769737245,100.0,147.26363697052003,187.2470790863037,-39.983442115783674,177.5637359251976,11.757283986475857,193.96624362945556,200.29990796089172,100.0
G+A,40,2,0,3.2028761982943337,-0.9745151033105555,4.177391301604889,0.046892772647174195,1.2398133617634715,1.4937177534360349,1.8521853469358396,100.0,3.3693710928095655,True,True,-145.9374784231186,-185.52377812862397,39.58629970550538,-175.83762597357037,11.753989751554176,-162.12290207386016,-158.74654298186303,100.0,-146.11743059158326,-185.749209690094,39.63177909851075,-176.0658665289879,11.757283986475857,-162.35493534088135,-158.92222769737245,100.0,147.61529998779298,187.2470790863037,-39.63177909851072,177.5637359251976,11.757283986475857,193.96624362945556,200.29990796089172,100.0
Full,40,2,1,5.815801345019951,-2.4502021566922436,8.266003501712195,0.05507824008832352,2.0854361715467222,2.615935069199052,3.153025669200755,100.0,3.9636808905934924,True,True,-121.30936926007271,-162.8624082684517,41.55303900837899,-148.7965156419933,10.008020836063423,-136.35548980414868,-134.00880001574754,100.0,-121.5213193833828,-163.09980868697167,41.57848930358887,-149.02126438803674,10.007506294265163,-136.56655864119531,-134.16403312087058,100.0,123.03336372375489,164.61185302734376,-41.57848930358887,150.53330872840883,10.007506294265163,164.42778430938722,168.1733979988098,100.0
G,40,2,1,1.7454177986313348,-0.9554608437536904,2.7008786423850255,0.022288465763743003,0.6956782425375949,0.8870899217168368,1.0502131859983248,99.9,3.882367561953856,True,True,-124.00759281516075,-162.8624082684517,38.85481545329095,-148.7965156419933,10.008020836063423,-136.35548980414868,-134.00880001574754,99.9,-124.1683725297451,-163.09980868697167,38.93143615722657,-149.02126438803674,10.007506294265163,-136.56655864119531,-134.16403312087058,99.9,125.68041687011718,164.61185302734376,-38.93143615722657,150.53330872840883,10.007506294265163,164.42778430938722,168.1733979988098,99.9
A,40,2,1,1.7492139902449164,-0.9559203294693838,2.7051343197143,0.022321346508389548,0.6953673278849348,0.8877312898163696,1.054669756015578,99.9,3.890223499488215,True,True,-124.00759281516075,-162.8624082684517,38.85481545329095,-148.7965156419933,10.008020836063423,-136.35548980414868,-134.00880001574754,99.9,-124.1683725297451,-163.09980868697167,38.93143615722657,-149.02126438803674,10.007506294265163,-136.56655864119531,-134.16403312087058,99.9,125.68041687011718,164.61185302734376,-38.93143615722657,150.53330872840883,10.007506294265163,164.42778430938722,168.1733979988098,99.9
C,40,2,1,6.178301585349333,1.6683973840008552,4.509904201348478,-0.04741167476879513,2.0830935826480723,2.7206196554772055,3.47265696916229,100.0,2.165003165923728,True,True,-153.72534359693526,-162.8624082684517,9.137064671516441,-148.7965156419933,10.008020836063423,-136.35548980414868,-134.00880001574754,31.4,-154.08782557845115,-163.09980868697167,9.011983108520525,-149.02126438803674,10.007506294265163,-136.56655864119531,-134.16403312087058,30.9,155.59986991882323,164.61185302734376,-9.011983108520525,150.53330872840883,10.007506294265163,164.42778430938722,168.1733979988098,30.9
G+C,40,2,1,2.23537792520666,-0.5383614977534765,2.773739422960136,0.010435547071544177,0.8152150144244881,1.0373070550723018,1.275498135434163,99.9,3.402463612521041,True,True,-122.85719713568687,-162.8624082684517,40.00521113276483,-148.7965156419933,10.008020836063423,-136.35548980414868,-134.00880001574754,99.9,-123.03586825728416,-163.09980868697167,40.063940429687506,-149.02126438803674,10.007506294265163,-136.56655864119531,-134.16403312087058,99.9,124.54791259765625,164.61185302734376,-40.063940429687506,150.53330872840883,10.007506294265163,164.42778430938722,168.1733979988098,99.9
A+C,40,2,1,2.237899310855872,-0.5388209834691698,2.7767202943250417,0.010468427816190774,0.8138859348668854,1.0349800199974015,1.2726820708348847,99.9,3.4116823689540556,True,True,-122.85719713568687,-162.8624082684517,40.00521113276483,-148.7965156419933,10.008020836063423,-136.35548980414868,-134.00880001574754,99.9,-123.03586825728416,-163.09980868697167,40.063940429687506,-149.02126438803674,10.007506294265163,-136.56655864119531,-134.16403312087058,99.9,124.54791259765625,164.61185302734376,-40.063940429687506,150.53330872840883,10.007506294265163,164.42778430938722,168.1733979988098,99.9
G+A,40,2,1,3.4946317888762506,-1.9113811732230745,5.406012962099325,0.04460981227213265,1.3910417264487671,1.775415974118336,2.1041287930000467,99.9,3.8863053920751183,True,True,-124.00759281516075,-162.8624082684517,38.85481545329095,-148.7965156419933,10.008020836063423,-136.35548980414868,-134.00880001574754,99.9,-124.1683725297451,-163.09980868697167,38.93143615722657,-149.02126438803674,10.007506294265163,-136.56655864119531,-134.16403312087058,99.9,125.68041687011718,164.61185302734376,-38.93143615722657,150.53330872840883,10.007506294265163,164.42778430938722,168.1733979988098,99.9
