round,client_id,task_id,global_loss,reset_loss,adapted_loss,G,A,D,C,probe_seed,support_hash,query_hash
20,9,0,2.4013404846191406,2.4252567291259766,18.070398330688477,-15.6451416015625,-15.669057846069336,15.669057846069336,-0.0014751809236522274,2309031,4e59092c79600084a8d9c9b168a4261020603bd543563b2c3d3dfa731718a243,917d331ee5b77fdb518cb69fae1b42d7b6460679b09f1fef234bed40004527c6
20,9,1,2.4013404846191406,2.477919340133667,49.90711212158203,-47.429192781448364,-47.50577163696289,47.50577163696289,0.00032517041811746974,2309031,4e59092c79600084a8d9c9b168a4261020603bd543563b2c3d3dfa731718a243,917d331ee5b77fdb518cb69fae1b42d7b6460679b09f1fef234bed40004527c6
20,9,2,2.4013404846191406,2.443512439727783,105.02840423583984,-102.58489179611206,-102.6270637512207,102.6270637512207,-0.0010860144001210536,2309031,4e59092c79600084a8d9c9b168a4261020603bd543563b2c3d3dfa731718a243,917d331ee5b77fdb518cb69fae1b42d7b6460679b09f1fef234bed40004527c6
20,9,3,2.4013404846191406,2.430124044418335,36.810462951660156,-34.38033890724182,-34.409122467041016,34.409122467041016,-0.000543177969275508,2309031,4e59092c79600084a8d9c9b168a4261020603bd543563b2c3d3dfa731718a243,917d331ee5b77fdb518cb69fae1b42d7b6460679b09f1fef234bed40004527c6
20,9,4,2.4013404846191406,2.4209816455841064,44.5766487121582,-42.1556670665741,-42.17530822753906,42.17530822753906,0.0017262464625435354,2309031,4e59092c79600084a8d9c9b168a4261020603bd543563b2c3d3dfa731718a243,917d331ee5b77fdb518cb69fae1b42d7b6460679b09f1fef234bed40004527c6
20,9,5,2.4013404846191406,2.78395676612854,43.823978424072266,-41.040021657943726,-41.422637939453125,41.422637939453125,-0.0012203590386053703,2309031,4e59092c79600084a8d9c9b168a4261020603bd543563b2c3d3dfa731718a243,917d331ee5b77fdb518cb69fae1b42d7b6460679b09f1fef234bed40004527c6
20,9,6,2.4013404846191406,2.6357576847076416,66.22103881835938,-63.58528113365173,-63.819698333740234,63.819698333740234,0.0031553581722948577,2309031,4e59092c79600084a8d9c9b168a4261020603bd543563b2c3d3dfa731718a243,917d331ee5b77fdb518cb69fae1b42d7b6460679b09f1fef234bed40004527c6
20,9,7,2.4013404846191406,2.1353774070739746,30.777999877929688,-28.642622470855713,-28.376659393310547,28.376659393310547,-0.0030911164257435243,2309031,4e59092c79600084a8d9c9b168a4261020603bd543563b2c3d3dfa731718a243,917d331ee5b77fdb518cb69fae1b42d7b6460679b09f1fef234bed40004527c6
20,9,8,2.4013404846191406,2.677776575088501,65.16570281982422,-62.48792624473572,-62.76436233520508,62.76436233520508,0.0003371230975415163,2309031,4e59092c79600084a8d9c9b168a4261020603bd543563b2c3d3dfa731718a243,917d331ee5b77fdb518cb69fae1b42d7b6460679b09f1fef234bed40004527c6
20,9,9,2.4013404846191406,2.2425999641418457,15.751230239868164,-13.508630275726318,-13.349889755249023,13.349889755249023,-0.0033092600382461945,2309031,4e59092c79600084a8d9c9b168a4261020603bd543563b2c3d3dfa731718a243,917d331ee5b77fdb518cb69fae1b42d7b6460679b09f1fef234bed40004527c6
20,17,0,1.7232590913772583,1.6486343145370483,27.924964904785156,-26.276330590248108,-26.201705813407898,26.201705813407898,0.001901231184192493,2317007,c387399755a36bcf15af2e4366cfb357b7090c1611ba0a0893307af6b41d8300,5657c50676e3bbf9cb39cbdc314994984342222f81dfa8225a6fb78f71a394eb
20,17,1,1.7232590913772583,1.616934061050415,76.35065460205078,-74.73372054100037,-74.62739551067352,74.62739551067352,0.00039910159566547215,2317007,c387399755a36bcf15af2e4366cfb357b7090c1611ba0a0893307af6b41d8300,5657c50676e3bbf9cb39cbdc314994984342222f81dfa8225a6fb78f71a394eb
20,17,2,1.7232590913772583,2.014925003051758,26.60552406311035,-24.590599060058594,-24.882264971733093,24.882264971733093,0.005876736026147277,2317007,c387399755a36bcf15af2e4366cfb357b7090c1611ba0a0893307af6b41d8300,5657c50676e3bbf9cb39cbdc314994984342222f81dfa8225a6fb78f71a394eb
20,17,3,1.7232590913772583,1.4157153367996216,31.359939575195312,-29.94422423839569,-29.636680483818054,29.636680483818054,0.0035304280716472627,2317007,c387399755a36bcf15af2e4366cfb357b7090c1611ba0a0893307af6b41d8300,5657c50676e3bbf9cb39cbdc314994984342222f81dfa8225a6fb78f71a394eb
20,17,4,1.7232590913772583,1.7888727188110352,25.904569625854492,-24.115696907043457,-24.181310534477234,24.181310534477234,-0.0007311232277249245,2317007,c387399755a36bcf15af2e4366cfb357b7090c1611ba0a0893307af6b41d8300,5657c50676e3bbf9cb39cbdc314994984342222f81dfa8225a6fb78f71a394eb
20,17,5,1.7232590913772583,1.6631131172180176,24.06744956970215,-22.40433645248413,-22.34419047832489,22.34419047832489,0.00225341317657487,2317007,c387399755a36bcf15af2e4366cfb357b7090c1611ba0a0893307af6b41d8300,5657c50676e3bbf9cb39cbdc314994984342222f81dfa8225a6fb78f71a394eb
20,17,6,1.7232590913772583,1.688794732093811,33.98705291748047,-32.29825818538666,-32.26379382610321,32.26379382610321,-0.0009478739920048307,2317007,c387399755a36bcf15af2e4366cfb357b7090c1611ba0a0893307af6b41d8300,5657c50676e3bbf9cb39cbdc314994984342222f81dfa8225a6fb78f71a394eb
20,17,7,1.7232590913772583,1.9368470907211304,20.85685920715332,-18.92001211643219,-19.133600115776062,19.133600115776062,0.00464936726554491,2317007,c387399755a36bcf15af2e4366cfb357b7090c1611ba0a0893307af6b41d8300,5657c50676e3bbf9cb39cbdc314994984342222f81dfa8225a6fb78f71a394eb
20,17,8,1.7232590913772583,2.061763048171997,41.784942626953125,-39.72317957878113,-40.06168353557587,40.06168353557587,0.006255631767159135,2317007,c387399755a36bcf15af2e4366cfb357b7090c1611ba0a0893307af6b41d8300,5657c50676e3bbf9cb39cbdc314994984342222f81dfa8225a6fb78f71a394eb
20,17,9,1.7232590913772583,1.8310960531234741,16.64349365234375,-14.812397599220276,-14.920234560966492,14.920234560966492,0.008596741082834779,2317007,c387399755a36bcf15af2e4366cfb357b7090c1611ba0a0893307af6b41d8300,5657c50676e3bbf9cb39cbdc314994984342222f81dfa8225a6fb78f71a394eb
20,59,0,1.7615987062454224,1.7642242908477783,50.087158203125,-48.32293391227722,-48.32555949687958,48.32555949687958,0.002801276137962721,2358881,40500d2a0c086d051719339d99b16f8a4d2814bfa2acceaa075f7ca191c9fe9a,0587e2851dd1f4f343cea2991f9fd1a9ccde4a95b51afebcb7cd22cb8286d10f
20,59,1,1.7615987062454224,1.9857898950576782,46.098915100097656,-44.11312520503998,-44.337316393852234,44.337316393852234,0.010271257065691144,2358881,40500d2a0c086d051719339d99b16f8a4d2814bfa2acceaa075f7ca191c9fe9a,0587e2851dd1f4f343cea2991f9fd1a9ccde4a95b51afebcb7cd22cb8286d10f
20,59,2,1.7615987062454224,1.6478086709976196,44.49079132080078,-42.84298264980316,-42.72919261455536,42.72919261455536,-0.00022479994407091777,2358881,40500d2a0c086d051719339d99b16f8a4d2814bfa2acceaa075f7ca191c9fe9a,0587e2851dd1f4f343cea2991f9fd1a9ccde4a95b51afebcb7cd22cb8286d10f
20,59,3,1.7615987062454224,1.6925560235977173,37.034183502197266,-35.34162747859955,-35.27258479595184,35.27258479595184,0.005955897309597979,2358881,40500d2a0c086d051719339d99b16f8a4d2814bfa2acceaa075f7ca191c9fe9a,0587e2851dd1f4f343cea2991f9fd1a9ccde4a95b51afebcb7cd22cb8286d10f
20,59,4,1.7615987062454224,1.7583434581756592,52.21863555908203,-50.46029210090637,-50.45703685283661,50.45703685283661,0.002252972856763615,2358881,40500d2a0c086d051719339d99b16f8a4d2814bfa2acceaa075f7ca191c9fe9a,0587e2851dd1f4f343cea2991f9fd1a9ccde4a95b51afebcb7cd22cb8286d10f
20,59,5,1.7615987062454224,2.075387716293335,36.983642578125,-34.908254861831665,-35.22204387187958,35.22204387187958,0.005286649587640383,2358881,40500d2a0c086d051719339d99b16f8a4d2814bfa2acceaa075f7ca191c9fe9a,0587e2851dd1f4f343cea2991f9fd1a9ccde4a95b51afebcb7cd22cb8286d10f
20,59,6,1.7615987062454224,2.097701072692871,36.714454650878906,-34.616753578186035,-34.952855944633484,34.952855944633484,0.003054179938289093,2358881,40500d2a0c086d051719339d99b16f8a4d2814bfa2acceaa075f7ca191c9fe9a,0587e2851dd1f4f343cea2991f9fd1a9ccde4a95b51afebcb7cd22cb8286d10f
20,59,7,1.7615987062454224,2.069904088973999,39.01997756958008,-36.95007348060608,-37.258378863334656,37.258378863334656,0.004134674181285543,2358881,40500d2a0c086d051719339d99b16f8a4d2814bfa2acceaa075f7ca191c9fe9a,0587e2851dd1f4f343cea2991f9fd1a9ccde4a95b51afebcb7cd22cb8286d10f
20,59,8,1.7615987062454224,2.1362767219543457,32.39377212524414,-30.257495403289795,-30.63217341899872,30.63217341899872,0.008431309050926379,2358881,40500d2a0c086d051719339d99b16f8a4d2814bfa2acceaa075f7ca191c9fe9a,0587e2851dd1f4f343cea2991f9fd1a9ccde4a95b51afebcb7cd22cb8286d10f
20,59,9,1.7615987062454224,1.6663217544555664,39.98344421386719,-38.31712245941162,-38.221845507621765,38.221845507621765,0.0021916703736420923,2358881,40500d2a0c086d051719339d99b16f8a4d2814bfa2acceaa075f7ca191c9fe9a,0587e2851dd1f4f343cea2991f9fd1a9ccde4a95b51afebcb7cd22cb8286d10f
20,11,0,2.326777935028076,1.983177900314331,44.717044830322266,-42.733866930007935,-42.39026689529419,42.39026689529419,0.0008526674010888991,2311025,89b7fa5991318d12df44140f497ef2ad9c72a103f2ff6aa6dbfb464fa72c0dfc,da91368328da3c2af9fc155abfae33e14af864f36c68383bd4c8463b213af6bf
20,11,1,2.326777935028076,2.2631471157073975,22.839750289916992,-20.576603174209595,-20.512972354888916,20.512972354888916,0.005689603393343686,2311025,89b7fa5991318d12df44140f497ef2ad9c72a103f2ff6aa6dbfb464fa72c0dfc,da91368328da3c2af9fc155abfae33e14af864f36c68383bd4c8463b213af6bf
20,11,2,2.326777935028076,1.749677062034607,63.681640625,-61.93196356296539,-61.354862689971924,61.354862689971924,-0.0035664449296209997,2311025,89b7fa5991318d12df44140f497ef2ad9c72a103f2ff6aa6dbfb464fa72c0dfc,da91368328da3c2af9fc155abfae33e14af864f36c68383bd4c8463b213af6bf
20,11,3,2.326777935028076,2.2518632411956787,26.42400550842285,-24.172142267227173,-24.097227573394775,24.097227573394775,0.00031267444042199844,2311025,89b7fa5991318d12df44140f497ef2ad9c72a103f2ff6aa6dbfb464fa72c0dfc,da91368328da3c2af9fc155abfae33e14af864f36c68383bd4c8463b213af6bf
20,11,4,2.326777935028076,2.264173746109009,48.65496063232422,-46.39078688621521,-46.32818269729614,46.32818269729614,0.001828568806545681,2311025,89b7fa5991318d12df44140f497ef2ad9c72a103f2ff6aa6dbfb464fa72c0dfc,da91368328da3c2af9fc155abfae33e14af864f36c68383bd4c8463b213af6bf
20,11,5,2.326777935028076,2.4219114780426025,28.12314796447754,-25.701236486434937,-25.796370029449463,25.796370029449463,0.005686614723426296,2311025,89b7fa5991318d12df44140f497ef2ad9c72a103f2ff6aa6dbfb464fa72c0dfc,da91368328da3c2af9fc155abfae33e14af864f36c68383bd4c8463b213af6bf
20,11,6,2.326777935028076,2.2025835514068604,49.91157913208008,-47.70899558067322,-47.584801197052,47.584801197052,7.197394196322164e-05,2311025,89b7fa5991318d12df44140f497ef2ad9c72a103f2ff6aa6dbfb464fa72c0dfc,da91368328da3c2af9fc155abfae33e14af864f36c68383bd4c8463b213af6bf
20,11,7,2.326777935028076,2.319460391998291,30.191770553588867,-27.872310161590576,-27.86499261856079,27.86499261856079,0.005837537218008987,2311025,89b7fa5991318d12df44140f497ef2ad9c72a103f2ff6aa6dbfb464fa72c0dfc,da91368328da3c2af9fc155abfae33e14af864f36c68383bd4c8463b213af6bf
20,11,8,2.326777935028076,2.653883457183838,50.664588928222656,-48.01070547103882,-48.33781099319458,48.33781099319458,0.006701122870018696,2311025,89b7fa5991318d12df44140f497ef2ad9c72a103f2ff6aa6dbfb464fa72c0dfc,da91368328da3c2af9fc155abfae33e14af864f36c68383bd4c8463b213af6bf
20,11,9,2.326777935028076,2.1239802837371826,29.459941864013672,-27.33596158027649,-27.133163928985596,27.133163928985596,0.003704038103009427,2311025,89b7fa5991318d12df44140f497ef2ad9c72a103f2ff6aa6dbfb464fa72c0dfc,da91368328da3c2af9fc155abfae33e14af864f36c68383bd4c8463b213af6bf
20,2,0,1.5260703563690186,1.451958179473877,58.8603630065918,-57.40840482711792,-57.33429265022278,57.33429265022278,0.0024243957008325437,2302052,5c00fab831f81324154d38af0f4ee195e5cbbfd5fea8523f8264075f0d6bcb14,3a38fe4f8b8b9c587e88eab4528b5091d7cdac97b9aac09cee23fcfec0c33de9
20,2,1,1.5260703563690186,1.3490451574325562,51.34218215942383,-49.99313700199127,-49.81611180305481,49.81611180305481,-7.008507067029139e-06,2302052,5c00fab831f81324154d38af0f4ee195e5cbbfd5fea8523f8264075f0d6bcb14,3a38fe4f8b8b9c587e88eab4528b5091d7cdac97b9aac09cee23fcfec0c33de9
20,2,2,1.5260703563690186,1.8456838130950928,133.91943359375,-132.0737497806549,-132.39336323738098,132.39336323738098,0.00676071713057596,2302052,5c00fab831f81324154d38af0f4ee195e5cbbfd5fea8523f8264075f0d6bcb14,3a38fe4f8b8b9c587e88eab4528b5091d7cdac97b9aac09cee23fcfec0c33de9
20,2,3,1.5260703563690186,1.2601226568222046,55.905601501464844,-54.64547884464264,-54.379531145095825,54.379531145095825,0.002880901773512627,2302052,5c00fab831f81324154d38af0f4ee195e5cbbfd5fea8523f8264075f0d6bcb14,3a38fe4f8b8b9c587e88eab4528b5091d7cdac97b9aac09cee23fcfec0c33de9
20,2,4,1.5260703563690186,1.3805487155914307,60.695159912109375,-59.314611196517944,-59.169089555740356,59.169089555740356,-0.004264939031480593,2302052,5c00fab831f81324154d38af0f4ee195e5cbbfd5fea8523f8264075f0d6bcb14,3a38fe4f8b8b9c587e88eab4528b5091d7cdac97b9aac09cee23fcfec0c33de9
20,2,5,1.5260703563690186,1.487413763999939,66.37521362304688,-64.88779985904694,-64.84914326667786,64.84914326667786,0.00029377717371898636,2302052,5c00fab831f81324154d38af0f4ee195e5cbbfd5fea8523f8264075f0d6bcb14,3a38fe4f8b8b9c587e88eab4528b5091d7cdac97b9aac09cee23fcfec0c33de9
20,2,6,1.5260703563690186,1.401549220085144,42.821990966796875,-41.42044174671173,-41.295920610427856,41.295920610427856,-0.0011872186512609782,2302052,5c00fab831f81324154d38af0f4ee195e5cbbfd5fea8523f8264075f0d6bcb14,3a38fe4f8b8b9c587e88eab4528b5091d7cdac97b9aac09cee23fcfec0c33de9
20,2,7,1.5260703563690186,1.74091374874115,81.56531524658203,-79.82440149784088,-80.03924489021301,80.03924489021301,0.0038978677782659185,2302052,5c00fab831f81324154d38af0f4ee195e5cbbfd5fea8523f8264075f0d6bcb14,3a38fe4f8b8b9c587e88eab4528b5091d7cdac97b9aac09cee23fcfec0c33de9
20,2,8,1.5260703563690186,1.975266695022583,132.00692749023438,-130.0316607952118,-130.48085713386536,130.48085713386536,0.007929199670147567,2302052,5c00fab831f81324154d38af0f4ee195e5cbbfd5fea8523f8264075f0d6bcb14,3a38fe4f8b8b9c587e88eab4528b5091d7cdac97b9aac09cee23fcfec0c33de9
20,2,9,1.5260703563690186,1.7979964017868042,63.07499313354492,-61.27699673175812,-61.5489227771759,61.5489227771759,0.006498384607206508,2302052,5c00fab831f81324154d38af0f4ee195e5cbbfd5fea8523f8264075f0d6bcb14,3a38fe4f8b8b9c587e88eab4528b5091d7cdac97b9aac09cee23fcfec0c33de9
20,95,0,1.4554349184036255,1.396259069442749,34.667938232421875,-33.271679162979126,-33.21250331401825,33.21250331401825,0.00021161002141182066,2394773,8579e40362a2e6571cd53014245b4797a845ea784c0ffc2eb5a724f3356071b7,f9d3ec96b64d95a4e2bea2de462b0ed1ca4ed6b62017eaa40c03f14c184c9098
20,95,1,1.4554349184036255,1.355006456375122,37.61433029174805,-36.259323835372925,-36.15889537334442,36.15889537334442,-0.002558085770001132,2394773,8579e40362a2e6571cd53014245b4797a845ea784c0ffc2eb5a724f3356071b7,f9d3ec96b64d95a4e2bea2de462b0ed1ca4ed6b62017eaa40c03f14c184c9098
20,95,2,1.4554349184036255,1.5888018608093262,73.54109191894531,-71.95229005813599,-72.08565700054169,72.08565700054169,0.00392372717048912,2394773,8579e40362a2e6571cd53014245b4797a845ea784c0ffc2eb5a724f3356071b7,f9d3ec96b64d95a4e2bea2de462b0ed1ca4ed6b62017eaa40c03f14c184c9098
20,95,3,1.4554349184036255,1.2697865962982178,34.94904708862305,-33.67926049232483,-33.49361217021942,33.49361217021942,-0.00014573899059550771,2394773,8579e40362a2e6571cd53014245b4797a845ea784c0ffc2eb5a724f3356071b7,f9d3ec96b64d95a4e2bea2de462b0ed1ca4ed6b62017eaa40c03f14c184c9098
20,95,4,1.4554349184036255,1.4701529741287231,57.9862060546875,-56.51605308055878,-56.530771136283875,56.530771136283875,-0.0025805410654542293,2394773,8579e40362a2e6571cd53014245b4797a845ea784c0ffc2eb5a724f3356071b7,f9d3ec96b64d95a4e2bea2de462b0ed1ca4ed6b62017eaa40c03f14c184c9098
20,95,5,1.4554349184036255,1.3204445838928223,45.82025909423828,-44.49981451034546,-44.364824175834656,44.364824175834656,0.0024228369672898075,2394773,8579e40362a2e6571cd53014245b4797a845ea784c0ffc2eb5a724f3356071b7,f9d3ec96b64d95a4e2bea2de462b0ed1ca4ed6b62017eaa40c03f14c184c9098
20,95,6,1.4554349184036255,1.3403878211975098,57.278221130371094,-55.937833309173584,-55.82278621196747,55.82278621196747,-0.0016293690653657858,2394773,8579e40362a2e6571cd53014245b4797a845ea784c0ffc2eb5a724f3356071b7,f9d3ec96b64d95a4e2bea2de462b0ed1ca4ed6b62017eaa40c03f14c184c9098
20,95,7,1.4554349184036255,1.6139633655548096,39.02125549316406,-37.40729212760925,-37.56582057476044,37.56582057476044,0.0032418245760896117,2394773,8579e40362a2e6571cd53014245b4797a845ea784c0ffc2eb5a724f3356071b7,f9d3ec96b64d95a4e2bea2de462b0ed1ca4ed6b62017eaa40c03f14c184c9098
20,95,8,1.4554349184036255,2.2546398639678955,81.52055358886719,-79.26591372489929,-80.06511867046356,80.06511867046356,0.007559948609832075,2394773,8579e40362a2e6571cd53014245b4797a845ea784c0ffc2eb5a724f3356071b7,f9d3ec96b64d95a4e2bea2de462b0ed1ca4ed6b62017eaa40c03f14c184c9098
20,95,9,1.4554349184036255,1.6605415344238281,33.38331604003906,-31.722774505615234,-31.927881121635437,31.927881121635437,0.005666084922542612,2394773,8579e40362a2e6571cd53014245b4797a845ea784c0ffc2eb5a724f3356071b7,f9d3ec96b64d95a4e2bea2de462b0ed1ca4ed6b62017eaa40c03f14c184c9098
20,68,0,1.5523470640182495,1.829023003578186,28.310665130615234,-26.48164212703705,-26.758318066596985,26.758318066596985,0.0010274860669394952,2367854,96a8f930304c205fee3de471374a2ba43dda6e829918328264f851da41492a2a,361d460a823946fdc7a79db25910eba1555095e3bda4686b03d8ebec691c401e
20,68,1,1.5523470640182495,1.62760329246521,47.122806549072266,-45.495203256607056,-45.570459485054016,45.570459485054016,0.0006824554825564749,2367854,96a8f930304c205fee3de471374a2ba43dda6e829918328264f851da41492a2a,361d460a823946fdc7a79db25910eba1555095e3bda4686b03d8ebec691c401e
20,68,2,1.5523470640182495,1.8759723901748657,31.37653350830078,-29.500561118125916,-29.82418644428253,29.82418644428253,7.21569821441555e-05,2367854,96a8f930304c205fee3de471374a2ba43dda6e829918328264f851da41492a2a,361d460a823946fdc7a79db25910eba1555095e3bda4686b03d8ebec691c401e
20,68,3,1.5523470640182495,1.5428061485290527,35.4907341003418,-33.947927951812744,-33.93838703632355,33.93838703632355,0.0019684380443539414,2367854,96a8f930304c205fee3de471374a2ba43dda6e829918328264f851da41492a2a,361d460a823946fdc7a79db25910eba1555095e3bda4686b03d8ebec691c401e
20,68,4,1.5523470640182495,1.6691769361495972,35.66352081298828,-33.994343876838684,-34.11117374897003,34.11117374897003,0.004186153204472793,2367854,96a8f930304c205fee3de471374a2ba43dda6e829918328264f851da41492a2a,361d460a823946fdc7a79db25910eba1555095e3bda4686b03d8ebec691c401e
20,68,5,1.5523470640182495,1.5748507976531982,34.03101348876953,-32.45616269111633,-32.47866642475128,32.47866642475128,0.004530753094485316,2367854,96a8f930304c205fee3de471374a2ba43dda6e829918328264f851da41492a2a,361d460a823946fdc7a79db25910eba1555095e3bda4686b03d8ebec691c401e
20,68,6,1.5523470640182495,1.7213129997253418,32.84632873535156,-31.12501573562622,-31.293981671333313,31.293981671333313,0.0025959523912311793,2367854,96a8f930304c205fee3de471374a2ba43dda6e829918328264f851da41492a2a,361d460a823946fdc7a79db25910eba1555095e3bda4686b03d8ebec691c401e
20,68,7,1.5523470640182495,1.58535897731781,31.961597442626953,-30.376238465309143,-30.409250378608704,30.409250378608704,-4.354647668042406e-06,2367854,96a8f930304c205fee3de471374a2ba43dda6e829918328264f851da41492a2a,361d460a823946fdc7a79db25910eba1555095e3bda4686b03d8ebec691c401e
20,68,8,1.5523470640182495,1.660385251045227,33.39072036743164,-31.730335116386414,-31.83837330341339,31.83837330341339,-0.0008589579413994019,2367854,96a8f930304c205fee3de471374a2ba43dda6e829918328264f851da41492a2a,361d460a823946fdc7a79db25910eba1555095e3bda4686b03d8ebec691c401e
20,68,9,1.5523470640182495,1.6514188051223755,35.95213317871094,-34.30071437358856,-34.39978611469269,34.39978611469269,0.0011778493011968976,2367854,96a8f930304c205fee3de471374a2ba43dda6e829918328264f851da41492a2a,361d460a823946fdc7a79db25910eba1555095e3bda4686b03d8ebec691c401e
20,28,0,1.630927324295044,1.776750922203064,107.06128692626953,-105.28453600406647,-105.43035960197449,105.43035960197449,-0.001271967780903048,2327974,4d33963a81480eb59a829b46672d2b74107742f8a8110c39ecabb4141d77b9e1,9ac7a194e4d0bbaf4cef811806c3724bd2364745c93e8db3a801b00dc0305e20
20,28,1,1.630927324295044,2.2181549072265625,150.04580688476562,-147.82765197753906,-148.41487956047058,148.41487956047058,0.005263188175388418,2327974,4d33963a81480eb59a829b46672d2b74107742f8a8110c39ecabb4141d77b9e1,9ac7a194e4d0bbaf4cef811806c3724bd2364745c93e8db3a801b00dc0305e20
20,28,2,1.630927324295044,1.7450796365737915,120.00176239013672,-118.25668275356293,-118.37083506584167,118.37083506584167,-0.00125613757012545,2327974,4d33963a81480eb59a829b46672d2b74107742f8a8110c39ecabb4141d77b9e1,9ac7a194e4d0bbaf4cef811806c3724bd2364745c93e8db3a801b00dc0305e20
20,28,3,1.630927324295044,1.6255607604980469,95.54997253417969,-93.92441177368164,-93.91904520988464,93.91904520988464,0.0011508836866226362,2327974,4d33963a81480eb59a829b46672d2b74107742f8a8110c39ecabb4141d77b9e1,9ac7a194e4d0bbaf4cef811806c3724bd2364745c93e8db3a801b00dc0305e20
20,28,4,1.630927324295044,1.9997503757476807,115.67176818847656,-113.67201781272888,-114.04084086418152,114.04084086418152,0.0038902847793980265,2327974,4d33963a81480eb59a829b46672d2b74107742f8a8110c39ecabb4141d77b9e1,9ac7a194e4d0bbaf4cef811806c3724bd2364745c93e8db3a801b00dc0305e20
20,28,5,1.630927324295044,2.223621129989624,107.47505950927734,-105.25143837928772,-105.8441321849823,105.8441321849823,0.0038267238239342656,2327974,4d33963a81480eb59a829b46672d2b74107742f8a8110c39ecabb4141d77b9e1,9ac7a194e4d0bbaf4cef811806c3724bd2364745c93e8db3a801b00dc0305e20
20,28,6,1.630927324295044,2.1655423641204834,126.38421630859375,-124.21867394447327,-124.7532889842987,124.7532889842987,0.005140205790310201,2327974,4d33963a81480eb59a829b46672d2b74107742f8a8110c39ecabb4141d77b9e1,9ac7a194e4d0bbaf4cef811806c3724bd2364745c93e8db3a801b00dc0305e20
20,28,7,1.630927324295044,2.118777275085449,113.82157135009766,-111.7027940750122,-112.19064402580261,112.19064402580261,0.002844291379102187,2327974,4d33963a81480eb59a829b46672d2b74107742f8a8110c39ecabb4141d77b9e1,9ac7a194e4d0bbaf4cef811806c3724bd2364745c93e8db3a801b00dc0305e20
20,28,8,1.630927324295044,2.0543158054351807,126.689697265625,-124.63538146018982,-125.05876994132996,125.05876994132996,0.005647017496327686,2327974,4d33963a81480eb59a829b46672d2b74107742f8a8110c39ecabb4141d77b9e1,9ac7a194e4d0bbaf4cef811806c3724bd2364745c93e8db3a801b00dc0305e20
20,28,9,1.630927324295044,1.7331804037094116,94.26522064208984,-92.53204023838043,-92.6342933177948,92.6342933177948,-0.0032048067999633726,2327974,4d33963a81480eb59a829b46672d2b74107742f8a8110c39ecabb4141d77b9e1,9ac7a194e4d0bbaf4cef811806c3724bd2364745c93e8db3a801b00dc0305e20
20,60,0,2.173595905303955,2.237091302871704,96.41409301757812,-94.17700171470642,-94.24049711227417,94.24049711227417,0.0014823910496042747,2359878,41f5ca73e313a8d776ba455443dad9e5df6283ce7a66c32779a541e14c539c0a,054f396f35030701172481b4ca997ec0da7857b1d67a6872bebb1fb8f7a6df06
20,60,1,2.173595905303955,2.279254913330078,137.1752166748047,-134.8959617614746,-135.00162076950073,135.00162076950073,0.003428333421858735,2359878,41f5ca73e313a8d776ba455443dad9e5df6283ce7a66c32779a541e14c539c0a,054f396f35030701172481b4ca997ec0da7857b1d67a6872bebb1fb8f7a6df06
20,60,2,2.173595905303955,2.254901647567749,57.41412353515625,-55.1592218875885,-55.240527629852295,55.240527629852295,-0.006468935673303646,2359878,41f5ca73e313a8d776ba455443dad9e5df6283ce7a66c32779a541e14c539c0a,054f396f35030701172481b4ca997ec0da7857b1d67a6872bebb1fb8f7a6df06
20,60,3,2.173595905303955,2.110643148422241,58.680694580078125,-56.570051431655884,-56.50709867477417,56.50709867477417,0.0002264665810574332,2359878,41f5ca73e313a8d776ba455443dad9e5df6283ce7a66c32779a541e14c539c0a,054f396f35030701172481b4ca997ec0da7857b1d67a6872bebb1fb8f7a6df06
20,60,4,2.173595905303955,2.243575096130371,79.35691833496094,-77.11334323883057,-77.18332242965698,77.18332242965698,0.002177231202676309,2359878,41f5ca73e313a8d776ba455443dad9e5df6283ce7a66c32779a541e14c539c0a,054f396f35030701172481b4ca997ec0da7857b1d67a6872bebb1fb8f7a6df06
20,60,5,2.173595905303955,2.2421250343322754,47.150875091552734,-44.90875005722046,-44.97727918624878,44.97727918624878,0.00444679777374735,2359878,41f5ca73e313a8d776ba455443dad9e5df6283ce7a66c32779a541e14c539c0a,054f396f35030701172481b4ca997ec0da7857b1d67a6872bebb1fb8f7a6df06
20,60,6,2.173595905303955,2.3045620918273926,63.35337829589844,-61.048816204071045,-61.17978239059448,61.17978239059448,0.002338944773606085,2359878,41f5ca73e313a8d776ba455443dad9e5df6283ce7a66c32779a541e14c539c0a,054f396f35030701172481b4ca997ec0da7857b1d67a6872bebb1fb8f7a6df06
20,60,7,2.173595905303955,2.242570638656616,49.343013763427734,-47.10044312477112,-47.16941785812378,47.16941785812378,0.00045938906436657976,2359878,41f5ca73e313a8d776ba455443dad9e5df6283ce7a66c32779a541e14c539c0a,054f396f35030701172481b4ca997ec0da7857b1d67a6872bebb1fb8f7a6df06
20,60,8,2.173595905303955,2.4827752113342285,81.5195083618164,-79.03673315048218,-79.34591245651245,79.34591245651245,0.005028791546611209,2359878,41f5ca73e313a8d776ba455443dad9e5df6283ce7a66c32779a541e14c539c0a,054f396f35030701172481b4ca997ec0da7857b1d67a6872bebb1fb8f7a6df06
20,60,9,2.173595905303955,2.0627167224884033,27.091670989990234,-25.02895426750183,-24.91807508468628,24.91807508468628,-0.0015267768988054093,2359878,41f5ca73e313a8d776ba455443dad9e5df6283ce7a66c32779a541e14c539c0a,054f396f35030701172481b4ca997ec0da7857b1d67a6872bebb1fb8f7a6df06
20,14,0,1.4742294549942017,1.7049258947372437,20.472545623779297,-18.767619729042053,-18.998316168785095,18.998316168785095,0.001789919374062378,2314016,3d5d045d5891ef0f4771ed2320689b2db240f24ac828b55ca91dfacdc3868eda,28473f3456ad2da629662dd25845deec1fc5fcc18779edc9f00441192d66a2cd
20,14,1,1.4742294549942017,1.7416837215423584,27.631027221679688,-25.88934350013733,-26.156797766685486,26.156797766685486,0.0002224884237578376,2314016,3d5d045d5891ef0f4771ed2320689b2db240f24ac828b55ca91dfacdc3868eda,28473f3456ad2da629662dd25845deec1fc5fcc18779edc9f00441192d66a2cd
20,14,2,1.4742294549942017,1.8061765432357788,39.988014221191406,-38.18183767795563,-38.513784766197205,38.513784766197205,0.0029844709677526193,2314016,3d5d045d5891ef0f4771ed2320689b2db240f24ac828b55ca91dfacdc3868eda,28473f3456ad2da629662dd25845deec1fc5fcc18779edc9f00441192d66a2cd
20,14,3,1.4742294549942017,1.4769610166549683,30.382244110107422,-28.905283093452454,-28.90801465511322,28.90801465511322,0.0027415949748344263,2314016,3d5d045d5891ef0f4771ed2320689b2db240f24ac828b55ca91dfacdc3868eda,28473f3456ad2da629662dd25845deec1fc5fcc18779edc9f00441192d66a2cd
20,14,4,1.4742294549942017,1.6938495635986328,20.508275985717773,-18.81442642211914,-19.034046530723572,19.034046530723572,0.00274232694470064,2314016,3d5d045d5891ef0f4771ed2320689b2db240f24ac828b55ca91dfacdc3868eda,28473f3456ad2da629662dd25845deec1fc5fcc18779edc9f00441192d66a2cd
20,14,5,1.4742294549942017,1.7303780317306519,15.261234283447266,-13.530856251716614,-13.787004828453064,13.787004828453064,0.005262469034091782,2314016,3d5d045d5891ef0f4771ed2320689b2db240f24ac828b55ca91dfacdc3868eda,28473f3456ad2da629662dd25845deec1fc5fcc18779edc9f00441192d66a2cd
20,14,6,1.4742294549942017,1.8139866590499878,24.389057159423828,-22.57507050037384,-22.914827704429626,22.914827704429626,0.003160554643270588,2314016,3d5d045d5891ef0f4771ed2320689b2db240f24ac828b55ca91dfacdc3868eda,28473f3456ad2da629662dd25845deec1fc5fcc18779edc9f00441192d66a2cd
20,14,7,1.4742294549942017,1.475614070892334,24.79875373840332,-23.323139667510986,-23.32452428340912,23.32452428340912,0.0021133609851535827,2314016,3d5d045d5891ef0f4771ed2320689b2db240f24ac828b55ca91dfacdc3868eda,28473f3456ad2da629662dd25845deec1fc5fcc18779edc9f00441192d66a2cd
20,14,8,1.4742294549942017,1.5897008180618286,22.17598533630371,-20.586284518241882,-20.70175588130951,20.70175588130951,0.0006117535001177227,2314016,3d5d045d5891ef0f4771ed2320689b2db240f24ac828b55ca91dfacdc3868eda,28473f3456ad2da629662dd25845deec1fc5fcc18779edc9f00441192d66a2cd
20,14,9,1.4742294549942017,1.7546744346618652,28.432819366455078,-26.678144931793213,-26.958589911460876,26.958589911460876,0.0024186612774492345,2314016,3d5d045d5891ef0f4771ed2320689b2db240f24ac828b55ca91dfacdc3868eda,28473f3456ad2da629662dd25845deec1fc5fcc18779edc9f00441192d66a2cd
40,83,0,1.4257014989852905,2.038271903991699,112.9456787109375,-110.9074068069458,-111.51997721195221,111.51997721195221,0.006819485152524088,4382869,a93bc35185407a5b82e65fb0f8ad7ac141410e492fb2d3e46a2bf15be5365af8,0878fce57ddf6c608bb5b6ce54180089ae3e03fe538db163f8070d9cfbdc076b
40,83,1,1.4257014989852905,2.1641571521759033,183.87637329101562,-181.71221613883972,-182.45067179203033,182.45067179203033,0.010131166318698018,4382869,a93bc35185407a5b82e65fb0f8ad7ac141410e492fb2d3e46a2bf15be5365af8,0878fce57ddf6c608bb5b6ce54180089ae3e03fe538db163f8070d9cfbdc076b
40,83,2,1.4257014989852905,1.5667965412139893,56.529170989990234,-54.962374448776245,-55.103469491004944,55.103469491004944,0.006318680159072775,4382869,a93bc35185407a5b82e65fb0f8ad7ac141410e492fb2d3e46a2bf15be5365af8,0878fce57ddf6c608bb5b6ce54180089ae3e03fe538db163f8070d9cfbdc076b
40,83,3,1.4257014989852905,1.8016234636306763,65.04853820800781,-63.246914744377136,-63.62283670902252,63.62283670902252,0.0038359936980168342,4382869,a93bc35185407a5b82e65fb0f8ad7ac141410e492fb2d3e46a2bf15be5365af8,0878fce57ddf6c608bb5b6ce54180089ae3e03fe538db163f8070d9cfbdc076b
40,83,4,1.4257014989852905,1.5668556690216064,29.539581298828125,-27.97272562980652,-28.113879799842834,28.113879799842834,0.00023404259245261855,4382869,a93bc35185407a5b82e65fb0f8ad7ac141410e492fb2d3e46a2bf15be5365af8,0878fce57ddf6c608bb5b6ce54180089ae3e03fe538db163f8070d9cfbdc076b
40,83,5,1.4257014989852905,1.5025932788848877,46.908897399902344,-45.406304121017456,-45.48319590091705,45.48319590091705,0.001710778636098956,4382869,a93bc35185407a5b82e65fb0f8ad7ac141410e492fb2d3e46a2bf15be5365af8,0878fce57ddf6c608bb5b6ce54180089ae3e03fe538db163f8070d9cfbdc076b
40,83,6,1.4257014989852905,1.5130270719528198,40.41595458984375,-38.90292751789093,-38.99025309085846,38.99025309085846,0.0004908460362842124,4382869,a93bc35185407a5b82e65fb0f8ad7ac141410e492fb2d3e46a2bf15be5365af8,0878fce57ddf6c608bb5b6ce54180089ae3e03fe538db163f8070d9cfbdc076b
40,83,7,1.4257014989852905,1.5332764387130737,57.72065734863281,-56.18738090991974,-56.29495584964752,56.29495584964752,0.004094208906684398,4382869,a93bc35185407a5b82e65fb0f8ad7ac141410e492fb2d3e46a2bf15be5365af8,0878fce57ddf6c608bb5b6ce54180089ae3e03fe538db163f8070d9cfbdc076b
40,83,8,1.4257014989852905,1.761710524559021,68.41537475585938,-66.65366423130035,-66.98967325687408,66.98967325687408,0.004508143257874901,4382869,a93bc35185407a5b82e65fb0f8ad7ac141410e492fb2d3e46a2bf15be5365af8,0878fce57ddf6c608bb5b6ce54180089ae3e03fe538db163f8070d9cfbdc076b
40,83,9,1.4257014989852905,1.7980536222457886,48.27497482299805,-46.47692120075226,-46.849273324012756,46.849273324012756,0.0033846108860182537,4382869,a93bc35185407a5b82e65fb0f8ad7ac141410e492fb2d3e46a2bf15be5365af8,0878fce57ddf6c608bb5b6ce54180089ae3e03fe538db163f8070d9cfbdc076b
40,93,0,1.0656063556671143,1.6749701499938965,102.33643341064453,-100.66146326065063,-101.27082705497742,101.27082705497742,0.009401993907095783,4392839,71605813d4cf39eb2ad61afc10f3bd234709c5f9e349d0e1abc06a3f86f6d0d1,85bca27ae358b9b1801242db0d4a8d8ea39ec90240f44b851740b95b507ab751
40,93,1,1.0656063556671143,1.532925009727478,223.2194366455078,-221.68651163578033,-222.1538302898407,222.1538302898407,0.007286954404922155,4392839,71605813d4cf39eb2ad61afc10f3bd234709c5f9e349d0e1abc06a3f86f6d0d1,85bca27ae358b9b1801242db0d4a8d8ea39ec90240f44b851740b95b507ab751
40,93,2,1.0656063556671143,1.3519703149795532,66.79469299316406,-65.44272267818451,-65.72908663749695,65.72908663749695,0.004335048199549192,4392839,71605813d4cf39eb2ad61afc10f3bd234709c5f9e349d0e1abc06a3f86f6d0d1,85bca27ae358b9b1801242db0d4a8d8ea39ec90240f44b851740b95b507ab751
40,93,3,1.0656063556671143,1.571433424949646,83.50318908691406,-81.93175566196442,-82.43758273124695,82.43758273124695,0.008166466227226344,4392839,71605813d4cf39eb2ad61afc10f3bd234709c5f9e349d0e1abc06a3f86f6d0d1,85bca27ae358b9b1801242db0d4a8d8ea39ec90240f44b851740b95b507ab751
40,93,4,1.0656063556671143,1.0083694458007812,25.12293243408203,-24.11456298828125,-24.057326078414917,24.057326078414917,-0.002622666668076062,4392839,71605813d4cf39eb2ad61afc10f3bd234709c5f9e349d0e1abc06a3f86f6d0d1,85bca27ae358b9b1801242db0d4a8d8ea39ec90240f44b851740b95b507ab751
40,93,5,1.0656063556671143,1.1227383613586426,62.25868606567383,-61.135947704315186,-61.193079710006714,61.193079710006714,0.00432476387446912,4392839,71605813d4cf39eb2ad61afc10f3bd234709c5f9e349d0e1abc06a3f86f6d0d1,85bca27ae358b9b1801242db0d4a8d8ea39ec90240f44b851740b95b507ab751
40,93,6,1.0656063556671143,1.2399485111236572,62.26828384399414,-61.02833533287048,-61.202677488327026,61.202677488327026,-0.0008876077526644601,4392839,71605813d4cf39eb2ad61afc10f3bd234709c5f9e349d0e1abc06a3f86f6d0d1,85bca27ae358b9b1801242db0d4a8d8ea39ec90240f44b851740b95b507ab751
40,93,7,1.0656063556671143,1.1961075067520142,72.40119171142578,-71.20508420467377,-71.33558535575867,71.33558535575867,0.001612396781265479,4392839,71605813d4cf39eb2ad61afc10f3bd234709c5f9e349d0e1abc06a3f86f6d0d1,85bca27ae358b9b1801242db0d4a8d8ea39ec90240f44b851740b95b507ab751
40,93,8,1.0656063556671143,1.3349545001983643,79.39189147949219,-78.05693697929382,-78.32628512382507,78.32628512382507,0.0019884506591812253,4392839,71605813d4cf39eb2ad61afc10f3bd234709c5f9e349d0e1abc06a3f86f6d0d1,85bca27ae358b9b1801242db0d4a8d8ea39ec90240f44b851740b95b507ab751
40,93,9,1.0656063556671143,1.3753857612609863,53.10064697265625,-51.725261211395264,-52.035040616989136,52.035040616989136,0.00466270831918587,4392839,71605813d4cf39eb2ad61afc10f3bd234709c5f9e349d0e1abc06a3f86f6d0d1,85bca27ae358b9b1801242db0d4a8d8ea39ec90240f44b851740b95b507ab751
40,34,0,1.6648411750793457,1.981510043144226,199.2849578857422,-197.30344784259796,-197.62011671066284,197.62011671066284,0.009141375256617084,4334016,2f38fb8e0ae25ac2a8b8c6cdb657bc2b3f05c7d8fff60e6a45d271934d867120,64f89ac5827df13cf05023cc092a6657b949641139a2bda04397f69940309b55
40,34,1,1.6648411750793457,2.1105611324310303,368.8851318359375,-366.77457070350647,-367.22029066085815,367.22029066085815,0.008350633592825125,4334016,2f38fb8e0ae25ac2a8b8c6cdb657bc2b3f05c7d8fff60e6a45d271934d867120,64f89ac5827df13cf05023cc092a6657b949641139a2bda04397f69940309b55
40,34,2,1.6648411750793457,1.9665842056274414,237.82537841796875,-235.8587942123413,-236.1605372428894,236.1605372428894,0.00485522720397028,4334016,2f38fb8e0ae25ac2a8b8c6cdb657bc2b3f05c7d8fff60e6a45d271934d867120,64f89ac5827df13cf05023cc092a6657b949641139a2bda04397f69940309b55
40,34,3,1.6648411750793457,1.9288476705551147,199.422607421875,-197.49375975131989,-197.75776624679565,197.75776624679565,0.001861846735589236,4334016,2f38fb8e0ae25ac2a8b8c6cdb657bc2b3f05c7d8fff60e6a45d271934d867120,64f89ac5827df13cf05023cc092a6657b949641139a2bda04397f69940309b55
40,34,4,1.6648411750793457,1.7644023895263672,174.41310119628906,-172.6486988067627,-172.74826002120972,172.74826002120972,0.0028843222722964895,4334016,2f38fb8e0ae25ac2a8b8c6cdb657bc2b3f05c7d8fff60e6a45d271934d867120,64f89ac5827df13cf05023cc092a6657b949641139a2bda04397f69940309b55
40,34,5,1.6648411750793457,1.602405309677124,249.69363403320312,-248.091228723526,-248.02879285812378,248.02879285812378,0.0029770185573523606,4334016,2f38fb8e0ae25ac2a8b8c6cdb657bc2b3f05c7d8fff60e6a45d271934d867120,64f89ac5827df13cf05023cc092a6657b949641139a2bda04397f69940309b55
40,34,6,1.6648411750793457,1.740809679031372,193.15223693847656,-191.4114272594452,-191.48739576339722,191.48739576339722,9.270361040933938e-05,4334016,2f38fb8e0ae25ac2a8b8c6cdb657bc2b3f05c7d8fff60e6a45d271934d867120,64f89ac5827df13cf05023cc092a6657b949641139a2bda04397f69940309b55
40,34,7,1.6648411750793457,1.7797526121139526,233.8143768310547,-232.03462421894073,-232.14953565597534,232.14953565597534,0.00030765540906892353,4334016,2f38fb8e0ae25ac2a8b8c6cdb657bc2b3f05c7d8fff60e6a45d271934d867120,64f89ac5827df13cf05023cc092a6657b949641139a2bda04397f69940309b55
40,34,8,1.6648411750793457,1.9509376287460327,256.69580078125,-254.74486315250397,-255.03095960617065,255.03095960617065,0.004234873627874124,4334016,2f38fb8e0ae25ac2a8b8c6cdb657bc2b3f05c7d8fff60e6a45d271934d867120,64f89ac5827df13cf05023cc092a6657b949641139a2bda04397f69940309b55
40,34,9,1.6648411750793457,2.0665340423583984,203.80575561523438,-201.73922157287598,-202.14091444015503,202.14091444015503,0.004219558654636266,4334016,2f38fb8e0ae25ac2a8b8c6cdb657bc2b3f05c7d8fff60e6a45d271934d867120,64f89ac5827df13cf05023cc092a6657b949641139a2bda04397f69940309b55
40,60,0,1.2992823123931885,1.5598214864730835,78.52794647216797,-76.96812498569489,-77.22866415977478,77.22866415977478,0.003430153424050379,4359938,69caf7884a4f0f568bc81d60559a02256dedd6ce85d8dbbe1096a402980504f1,e7b7549bba39ccc1bcccc939214853e9a4afa948c1415af2d763ea373c06715a
40,60,1,1.2992823123931885,1.7250384092330933,92.70381927490234,-90.97878086566925,-91.40453696250916,91.40453696250916,0.009297778915540155,4359938,69caf7884a4f0f568bc81d60559a02256dedd6ce85d8dbbe1096a402980504f1,e7b7549bba39ccc1bcccc939214853e9a4afa948c1415af2d763ea373c06715a
40,60,2,1.2992823123931885,1.6664706468582153,36.1014404296875,-34.434969782829285,-34.80215811729431,34.80215811729431,0.009565551578487987,4359938,69caf7884a4f0f568bc81d60559a02256dedd6ce85d8dbbe1096a402980504f1,e7b7549bba39ccc1bcccc939214853e9a4afa948c1415af2d763ea373c06715a
40,60,3,1.2992823123931885,1.4556760787963867,62.491180419921875,-61.03550434112549,-61.19189810752869,61.19189810752869,0.0010298398440137153,4359938,69caf7884a4f0f568bc81d60559a02256dedd6ce85d8dbbe1096a402980504f1,e7b7549bba39ccc1bcccc939214853e9a4afa948c1415af2d763ea373c06715a
40,60,4,1.2992823123931885,1.4079216718673706,53.93362808227539,-52.52570641040802,-52.6343457698822,52.6343457698822,0.004999998337071098,4359938,69caf7884a4f0f568bc81d60559a02256dedd6ce85d8dbbe1096a402980504f1,e7b7549bba39ccc1bcccc939214853e9a4afa948c1415af2d763ea373c06715a
40,60,5,1.2992823123931885,1.4971706867218018,46.12887954711914,-44.63170886039734,-44.82959723472595,44.82959723472595,0.008953193811022095,4359938,69caf7884a4f0f568bc81d60559a02256dedd6ce85d8dbbe1096a402980504f1,e7b7549bba39ccc1bcccc939214853e9a4afa948c1415af2d763ea373c06715a
40,60,6,1.2992823123931885,1.4410237073898315,44.028656005859375,-42.58763229846954,-42.72937369346619,42.72937369346619,0.0030528696419037877,4359938,69caf7884a4f0f568bc81d60559a02256dedd6ce85d8dbbe1096a402980504f1,e7b7549bba39ccc1bcccc939214853e9a4afa948c1415af2d763ea373c06715a
40,60,7,1.2992823123931885,1.369321584701538,83.07878112792969,-81.70945954322815,-81.7794988155365,81.7794988155365,0.0017398339849885656,4359938,69caf7884a4f0f568bc81d60559a02256dedd6ce85d8dbbe1096a402980504f1,e7b7549bba39ccc1bcccc939214853e9a4afa948c1415af2d763ea373c06715a
40,60,8,1.2992823123931885,1.3317805528640747,58.25400924682617,-56.9222286939621,-56.95472693443298,56.95472693443298,0.001734237718609859,4359938,69caf7884a4f0f568bc81d60559a02256dedd6ce85d8dbbe1096a402980504f1,e7b7549bba39ccc1bcccc939214853e9a4afa948c1415af2d763ea373c06715a
40,60,9,1.2992823123931885,1.3104777336120605,32.6396369934082,-31.329159259796143,-31.340354681015015,31.340354681015015,0.001136554736589235,4359938,69caf7884a4f0f568bc81d60559a02256dedd6ce85d8dbbe1096a402980504f1,e7b7549bba39ccc1bcccc939214853e9a4afa948c1415af2d763ea373c06715a
40,90,0,1.5842434167861938,1.8443318605422974,143.29995727539062,-141.45562541484833,-141.71571385860443,141.71571385860443,-0.00019726719229907954,4389848,66a25b1282b6d53dff27d96901831a103b0cf3ed238b765d41fb4a6bcf05a72a,69b60ecb46907ba291e33500f3ee549f66f64939264969a4c54d10f857943069
40,90,1,1.5842434167861938,2.1114423274993896,141.69264221191406,-139.58119988441467,-140.10839879512787,140.10839879512787,0.009849882686646218,4389848,66a25b1282b6d53dff27d96901831a103b0cf3ed238b765d41fb4a6bcf05a72a,69b60ecb46907ba291e33500f3ee549f66f64939264969a4c54d10f857943069
40,90,2,1.5842434167861938,2.119795560836792,97.24738311767578,-95.12758755683899,-95.66313970088959,95.66313970088959,0.009124286549135045,4389848,66a25b1282b6d53dff27d96901831a103b0cf3ed238b765d41fb4a6bcf05a72a,69b60ecb46907ba291e33500f3ee549f66f64939264969a4c54d10f857943069
40,90,3,1.5842434167861938,1.6737717390060425,109.21429443359375,-107.54052269458771,-107.63005101680756,107.63005101680756,0.00012031923104653902,4389848,66a25b1282b6d53dff27d96901831a103b0cf3ed238b765d41fb4a6bcf05a72a,69b60ecb46907ba291e33500f3ee549f66f64939264969a4c54d10f857943069
40,90,4,1.5842434167861938,1.992925763130188,121.63530731201172,-119.64238154888153,-120.05106389522552,120.05106389522552,0.005387482840251748,4389848,66a25b1282b6d53dff27d96901831a103b0cf3ed238b765d41fb4a6bcf05a72a,69b60ecb46907ba291e33500f3ee549f66f64939264969a4c54d10f857943069
40,90,5,1.5842434167861938,1.7907646894454956,122.70662689208984,-120.91586220264435,-121.12238347530365,121.12238347530365,0.008083540770627435,4389848,66a25b1282b6d53dff27d96901831a103b0cf3ed238b765d41fb4a6bcf05a72a,69b60ecb46907ba291e33500f3ee549f66f64939264969a4c54d10f857943069
40,90,6,1.5842434167861938,1.8900611400604248,97.55632019042969,-95.66625905036926,-95.9720767736435,95.9720767736435,0.004991981085815748,4389848,66a25b1282b6d53dff27d96901831a103b0cf3ed238b765d41fb4a6bcf05a72a,69b60ecb46907ba291e33500f3ee549f66f64939264969a4c54d10f857943069
40,90,7,1.5842434167861938,1.514431357383728,168.0357666015625,-166.52133524417877,-166.4515231847763,166.4515231847763,-0.002460061870951252,4389848,66a25b1282b6d53dff27d96901831a103b0cf3ed238b765d41fb4a6bcf05a72a,69b60ecb46907ba291e33500f3ee549f66f64939264969a4c54d10f857943069
40,90,8,1.5842434167861938,1.8216273784637451,124.7319107055664,-122.91028332710266,-123.14766728878021,123.14766728878021,0.0018129386838818787,4389848,66a25b1282b6d53dff27d96901831a103b0cf3ed238b765d41fb4a6bcf05a72a,69b60ecb46907ba291e33500f3ee549f66f64939264969a4c54d10f857943069
40,90,9,1.5842434167861938,1.5182782411575317,98.77558135986328,-97.25730311870575,-97.19133794307709,97.19133794307709,-0.004391977901079314,4389848,66a25b1282b6d53dff27d96901831a103b0cf3ed238b765d41fb4a6bcf05a72a,69b60ecb46907ba291e33500f3ee549f66f64939264969a4c54d10f857943069
40,45,0,1.8358500003814697,2.2466864585876465,45.326629638671875,-43.07994318008423,-43.490779638290405,43.490779638290405,0.0012906551285221182,4344983,e6f2b69df0ffc338de7de7b77e025a67f3119420efbb679cce632b954df11970,5a2fd92da1ff27230110e6cfdf19339c7beb0874d56aa9d465120bd3abcd1690
40,45,1,1.8358500003814697,2.608623743057251,50.42820358276367,-47.81957983970642,-48.5923535823822,48.5923535823822,0.011142824106227089,4344983,e6f2b69df0ffc338de7de7b77e025a67f3119420efbb679cce632b954df11970,5a2fd92da1ff27230110e6cfdf19339c7beb0874d56aa9d465120bd3abcd1690
40,45,2,1.8358500003814697,2.201108932495117,39.669742584228516,-37.4686336517334,-37.833892583847046,37.833892583847046,0.008045099038887359,4344983,e6f2b69df0ffc338de7de7b77e025a67f3119420efbb679cce632b954df11970,5a2fd92da1ff27230110e6cfdf19339c7beb0874d56aa9d465120bd3abcd1690
40,45,3,1.8358500003814697,1.8634337186813354,46.500450134277344,-44.63701641559601,-44.664600133895874,44.664600133895874,0.0021989776922631023,4344983,e6f2b69df0ffc338de7de7b77e025a67f3119420efbb679cce632b954df11970,5a2fd92da1ff27230110e6cfdf19339c7beb0874d56aa9d465120bd3abcd1690
40,45,4,1.8358500003814697,2.041656494140625,41.29701232910156,-39.25535583496094,-39.46116232872009,39.46116232872009,0.004309984141636866,4344983,e6f2b69df0ffc338de7de7b77e025a67f3119420efbb679cce632b954df11970,5a2fd92da1ff27230110e6cfdf19339c7beb0874d56aa9d465120bd3abcd1690
40,45,5,1.8358500003814697,1.9237815141677856,35.651512145996094,-33.72773063182831,-33.815662145614624,33.815662145614624,0.00453655168572839,4344983,e6f2b69df0ffc338de7de7b77e025a67f3119420efbb679cce632b954df11970,5a2fd92da1ff27230110e6cfdf19339c7beb0874d56aa9d465120bd3abcd1690
40,45,6,1.8358500003814697,2.1021523475646973,38.703861236572266,-36.60170888900757,-36.868011236190796,36.868011236190796,0.006385986118017728,4344983,e6f2b69df0ffc338de7de7b77e025a67f3119420efbb679cce632b954df11970,5a2fd92da1ff27230110e6cfdf19339c7beb0874d56aa9d465120bd3abcd1690
40,45,7,1.8358500003814697,1.9268258810043335,46.5208740234375,-44.59404814243317,-44.68502402305603,44.68502402305603,0.0008786571598465391,4344983,e6f2b69df0ffc338de7de7b77e025a67f3119420efbb679cce632b954df11970,5a2fd92da1ff27230110e6cfdf19339c7beb0874d56aa9d465120bd3abcd1690
40,45,8,1.8358500003814697,2.0080296993255615,46.80585861206055,-44.797828912734985,-44.97000861167908,44.97000861167908,0.002970114027728405,4344983,e6f2b69df0ffc338de7de7b77e025a67f3119420efbb679cce632b954df11970,5a2fd92da1ff27230110e6cfdf19339c7beb0874d56aa9d465120bd3abcd1690
40,45,9,1.8358500003814697,1.6205729246139526,32.1424674987793,-30.521894574165344,-30.306617498397827,30.306617498397827,-0.0022703076748530004,4344983,e6f2b69df0ffc338de7de7b77e025a67f3119420efbb679cce632b954df11970,5a2fd92da1ff27230110e6cfdf19339c7beb0874d56aa9d465120bd3abcd1690
40,42,0,1.7850474119186401,2.1026275157928467,477.3731689453125,-475.27054142951965,-475.58812153339386,475.58812153339386,0.007646969626852713,4341992,9a85c5d6755e6a794589c02efd695530c4ed21c777390c0328f93f484d00ad78,558c1bb09085c1eaf934c77324e500a708c80e197425be61271a35c37acf6eb3
40,42,1,1.7850474119186401,2.4934396743774414,654.2835083007812,-651.7900686264038,-652.4984608888626,652.4984608888626,0.005991819967924217,4341992,9a85c5d6755e6a794589c02efd695530c4ed21c777390c0328f93f484d00ad78,558c1bb09085c1eaf934c77324e500a708c80e197425be61271a35c37acf6eb3
40,42,2,1.7850474119186401,1.7786898612976074,558.5565185546875,-556.7778286933899,-556.7714711427689,556.7714711427689,0.0033004600444938082,4341992,9a85c5d6755e6a794589c02efd695530c4ed21c777390c0328f93f484d00ad78,558c1bb09085c1eaf934c77324e500a708c80e197425be61271a35c37acf6eb3
40,42,3,1.7850474119186401,1.8808436393737793,457.1824951171875,-455.3016514778137,-455.39744770526886,455.39744770526886,-0.0021279175023865638,4341992,9a85c5d6755e6a794589c02efd695530c4ed21c777390c0328f93f484d00ad78,558c1bb09085c1eaf934c77324e500a708c80e197425be61271a35c37acf6eb3
40,42,4,1.7850474119186401,1.7144062519073486,439.7251892089844,-438.010782957077,-437.94014179706573,437.94014179706573,0.00510490455767742,4341992,9a85c5d6755e6a794589c02efd695530c4ed21c777390c0328f93f484d00ad78,558c1bb09085c1eaf934c77324e500a708c80e197425be61271a35c37acf6eb3
40,42,5,1.7850474119186401,1.7270147800445557,442.025634765625,-440.29861998558044,-440.24058735370636,440.24058735370636,-0.00011855835400745281,4341992,9a85c5d6755e6a794589c02efd695530c4ed21c777390c0328f93f484d00ad78,558c1bb09085c1eaf934c77324e500a708c80e197425be61271a35c37acf6eb3
40,42,6,1.7850474119186401,1.8851419687271118,377.22979736328125,-375.34465539455414,-375.4447499513626,375.4447499513626,-0.0007016900100774012,4341992,9a85c5d6755e6a794589c02efd695530c4ed21c777390c0328f93f484d00ad78,558c1bb09085c1eaf934c77324e500a708c80e197425be61271a35c37acf6eb3
40,42,7,1.7850474119186401,1.7641812562942505,624.8218383789062,-623.057657122612,-623.0367909669876,623.0367909669876,0.0041773481664530415,4341992,9a85c5d6755e6a794589c02efd695530c4ed21c777390c0328f93f484d00ad78,558c1bb09085c1eaf934c77324e500a708c80e197425be61271a35c37acf6eb3
40,42,8,1.7850474119186401,2.03712797164917,617.92626953125,-615.8891415596008,-616.1412221193314,616.1412221193314,0.004616372992514995,4341992,9a85c5d6755e6a794589c02efd695530c4ed21c777390c0328f93f484d00ad78,558c1bb09085c1eaf934c77324e500a708c80e197425be61271a35c37acf6eb3
40,42,9,1.7850474119186401,1.8582755327224731,612.4450073242188,-610.5867317914963,-610.6599599123001,610.6599599123001,0.0025477869621184186,4341992,9a85c5d6755e6a794589c02efd695530c4ed21c777390c0328f93f484d00ad78,558c1bb09085c1eaf934c77324e500a708c80e197425be61271a35c37acf6eb3
40,41,0,0.9921181201934814,1.3837758302688599,194.8666534423828,-193.48287761211395,-193.87453532218933,193.87453532218933,0.007440997598581971,4340995,2cdc5b2eaca6bf91bcb54ffa40dd4e7c822d016e4affabf625358bfe4e3a9c26,2f623d94c60fde83800c9ce0a95d04b7e6b941dc6f136c8008dd5785b5a0d195
40,41,1,0.9921181201934814,2.00235652923584,229.79232788085938,-227.78997135162354,-228.8002097606659,228.8002097606659,0.008753193974912856,4340995,2cdc5b2eaca6bf91bcb54ffa40dd4e7c822d016e4affabf625358bfe4e3a9c26,2f623d94c60fde83800c9ce0a95d04b7e6b941dc6f136c8008dd5785b5a0d195
40,41,2,0.9921181201934814,1.2432582378387451,103.91279602050781,-102.66953778266907,-102.92067790031433,102.92067790031433,0.001834970754794326,4340995,2cdc5b2eaca6bf91bcb54ffa40dd4e7c822d016e4affabf625358bfe4e3a9c26,2f623d94c60fde83800c9ce0a95d04b7e6b941dc6f136c8008dd5785b5a0d195
40,41,3,0.9921181201934814,1.385505199432373,107.175537109375,-105.79003190994263,-106.18341898918152,106.18341898918152,0.001696935047818098,4340995,2cdc5b2eaca6bf91bcb54ffa40dd4e7c822d016e4affabf625358bfe4e3a9c26,2f623d94c60fde83800c9ce0a95d04b7e6b941dc6f136c8008dd5785b5a0d195
40,41,4,0.9921181201934814,1.103841781616211,38.21428680419922,-37.11044502258301,-37.22216868400574,37.22216868400574,0.000697682425077125,4340995,2cdc5b2eaca6bf91bcb54ffa40dd4e7c822d016e4affabf625358bfe4e3a9c26,2f623d94c60fde83800c9ce0a95d04b7e6b941dc6f136c8008dd5785b5a0d195
40,41,5,0.9921181201934814,1.1320433616638184,99.81657409667969,-98.68453073501587,-98.8244559764862,98.8244559764862,-0.0005346348086450755,4340995,2cdc5b2eaca6bf91bcb54ffa40dd4e7c822d016e4affabf625358bfe4e3a9c26,2f623d94c60fde83800c9ce0a95d04b7e6b941dc6f136c8008dd5785b5a0d195
40,41,6,0.9921181201934814,1.117004632949829,94.02297973632812,-92.9059751033783,-93.03086161613464,93.03086161613464,0.0013828419684129363,4340995,2cdc5b2eaca6bf91bcb54ffa40dd4e7c822d016e4affabf625358bfe4e3a9c26,2f623d94c60fde83800c9ce0a95d04b7e6b941dc6f136c8008dd5785b5a0d195
40,41,7,0.9921181201934814,1.2314682006835938,122.58566284179688,-121.35419464111328,-121.5935447216034,121.5935447216034,0.00341992252962685,4340995,2cdc5b2eaca6bf91bcb54ffa40dd4e7c822d016e4affabf625358bfe4e3a9c26,2f623d94c60fde83800c9ce0a95d04b7e6b941dc6f136c8008dd5785b5a0d195
40,41,8,0.9921181201934814,1.3852862119674683,118.69334411621094,-117.30805790424347,-117.70122599601746,117.70122599601746,0.009640646686011887,4340995,2cdc5b2eaca6bf91bcb54ffa40dd4e7c822d016e4affabf625358bfe4e3a9c26,2f623d94c60fde83800c9ce0a95d04b7e6b941dc6f136c8008dd5785b5a0d195
40,41,9,0.9921181201934814,1.1591761112213135,122.77032470703125,-121.61114859580994,-121.77820658683777,121.77820658683777,-0.0014136964516219526,4340995,2cdc5b2eaca6bf91bcb54ffa40dd4e7c822d016e4affabf625358bfe4e3a9c26,2f623d94c60fde83800c9ce0a95d04b7e6b941dc6f136c8008dd5785b5a0d195
40,91,0,1.6093121767044067,2.3316280841827393,1057.5296630859375,-1055.1980350017548,-1055.920350909233,1055.920350909233,0.005842724778731329,4390845,80b8998213b26583c319290a3885c9444f5d0ca8a1b6fd576be7c123e4fc118c,d32af76b430fa45ba72a8c5c054eff6273fe04a30e924eca8051903371d4e39f
40,91,1,1.6093121767044067,2.264531373977661,1448.8741455078125,-1446.6096141338348,-1447.264833331108,1447.264833331108,0.007147810368738476,4390845,80b8998213b26583c319290a3885c9444f5d0ca8a1b6fd576be7c123e4fc118c,d32af76b430fa45ba72a8c5c054eff6273fe04a30e924eca8051903371d4e39f
40,91,2,1.6093121767044067,1.7152289152145386,1162.0115966796875,-1160.296367764473,-1160.402284502983,1160.402284502983,-0.00085668477262044,4390845,80b8998213b26583c319290a3885c9444f5d0ca8a1b6fd576be7c123e4fc118c,d32af76b430fa45ba72a8c5c054eff6273fe04a30e924eca8051903371d4e39f
40,91,3,1.6093121767044067,1.8893309831619263,1165.2928466796875,-1163.4035156965256,-1163.683534502983,1163.683534502983,-0.00011949308439832126,4390845,80b8998213b26583c319290a3885c9444f5d0ca8a1b6fd576be7c123e4fc118c,d32af76b430fa45ba72a8c5c054eff6273fe04a30e924eca8051903371d4e39f
40,91,4,1.6093121767044067,1.8554085493087769,962.4174194335938,-960.562010884285,-960.8081072568893,960.8081072568893,0.0016662587695599304,4390845,80b8998213b26583c319290a3885c9444f5d0ca8a1b6fd576be7c123e4fc118c,d32af76b430fa45ba72a8c5c054eff6273fe04a30e924eca8051903371d4e39f
40,91,5,1.6093121767044067,1.9477932453155518,1344.751953125,-1342.8041598796844,-1343.1426409482956,1343.1426409482956,-0.0020539916233921567,4390845,80b8998213b26583c319290a3885c9444f5d0ca8a1b6fd576be7c123e4fc118c,d32af76b430fa45ba72a8c5c054eff6273fe04a30e924eca8051903371d4e39f
40,91,6,1.6093121767044067,1.6815013885498047,836.6106567382812,-834.9291553497314,-835.0013445615768,835.0013445615768,-0.0008598603900427066,4390845,80b8998213b26583c319290a3885c9444f5d0ca8a1b6fd576be7c123e4fc118c,d32af76b430fa45ba72a8c5c054eff6273fe04a30e924eca8051903371d4e39f
40,91,7,1.6093121767044067,1.7520374059677124,1616.5771484375,-1614.8251110315323,-1614.9678362607956,1614.9678362607956,-0.0011063776486345952,4390845,80b8998213b26583c319290a3885c9444f5d0ca8a1b6fd576be7c123e4fc118c,d32af76b430fa45ba72a8c5c054eff6273fe04a30e924eca8051903371d4e39f
40,91,8,1.6093121767044067,1.8684661388397217,1434.91845703125,-1433.0499908924103,-1433.3091448545456,1433.3091448545456,-0.0003227996948083847,4390845,80b8998213b26583c319290a3885c9444f5d0ca8a1b6fd576be7c123e4fc118c,d32af76b430fa45ba72a8c5c054eff6273fe04a30e924eca8051903371d4e39f
40,91,9,1.6093121767044067,2.1126790046691895,1201.20947265625,-1199.0967936515808,-1199.6001604795456,1199.6001604795456,0.002574429843491328,4390845,80b8998213b26583c319290a3885c9444f5d0ca8a1b6fd576be7c123e4fc118c,d32af76b430fa45ba72a8c5c054eff6273fe04a30e924eca8051903371d4e39f
40,36,0,1.018350601196289,1.6359028816223145,111.07353973388672,-109.4376368522644,-110.05518913269043,110.05518913269043,0.01040897273436565,4336010,9f5c1843a08549b639ad98122906b76b649c33359cc9a19ba7a1c0151677c10f,8c109811393d7544eb143e74e544a10da256a6245684782f61a0ea3d65d20505
40,36,1,1.018350601196289,1.4872039556503296,252.23828125,-250.75107729434967,-251.2199306488037,251.2199306488037,0.009938472844810026,4336010,9f5c1843a08549b639ad98122906b76b649c33359cc9a19ba7a1c0151677c10f,8c109811393d7544eb143e74e544a10da256a6245684782f61a0ea3d65d20505
40,36,2,1.018350601196289,1.2181241512298584,60.009788513183594,-58.791664361953735,-58.991437911987305,58.991437911987305,0.006831290170175734,4336010,9f5c1843a08549b639ad98122906b76b649c33359cc9a19ba7a1c0151677c10f,8c109811393d7544eb143e74e544a10da256a6245684782f61a0ea3d65d20505
40,36,3,1.018350601196289,1.3068021535873413,74.0942153930664,-72.78741323947906,-73.07586479187012,73.07586479187012,0.0068901419246461945,4336010,9f5c1843a08549b639ad98122906b76b649c33359cc9a19ba7a1c0151677c10f,8c109811393d7544eb143e74e544a10da256a6245684782f61a0ea3d65d20505
40,36,4,1.018350601196289,0.8827296495437622,25.76183319091797,-24.879103541374207,-24.74348258972168,24.74348258972168,-0.0005025536319145066,4336010,9f5c1843a08549b639ad98122906b76b649c33359cc9a19ba7a1c0151677c10f,8c109811393d7544eb143e74e544a10da256a6245684782f61a0ea3d65d20505
40,36,5,1.018350601196289,1.2025628089904785,44.381553649902344,-43.178990840911865,-43.363203048706055,43.363203048706055,0.007665736371551057,4336010,9f5c1843a08549b639ad98122906b76b649c33359cc9a19ba7a1c0151677c10f,8c109811393d7544eb143e74e544a10da256a6245684782f61a0ea3d65d20505
40,36,6,1.018350601196289,1.0096933841705322,49.20695495605469,-48.197261571884155,-48.1886043548584,48.1886043548584,-5.795687715986826e-05,4336010,9f5c1843a08549b639ad98122906b76b649c33359cc9a19ba7a1c0151677c10f,8c109811393d7544eb143e74e544a10da256a6245684782f61a0ea3d65d20505
40,36,7,1.018350601196289,1.1665531396865845,62.19144058227539,-61.024887442588806,-61.1730899810791,61.1730899810791,0.0054472521300975565,4336010,9f5c1843a08549b639ad98122906b76b649c33359cc9a19ba7a1c0151677c10f,8c109811393d7544eb143e74e544a10da256a6245684782f61a0ea3d65d20505
40,36,8,1.018350601196289,1.2644705772399902,89.16407775878906,-87.89960718154907,-88.14572715759277,88.14572715759277,0.0052137613608473415,4336010,9f5c1843a08549b639ad98122906b76b649c33359cc9a19ba7a1c0151677c10f,8c109811393d7544eb143e74e544a10da256a6245684782f61a0ea3d65d20505
40,36,9,1.018350601196289,1.1746571063995361,61.23123550415039,-60.056578397750854,-60.2128849029541,60.2128849029541,0.0037305659438630393,4336010,9f5c1843a08549b639ad98122906b76b649c33359cc9a19ba7a1c0151677c10f,8c109811393d7544eb143e74e544a10da256a6245684782f61a0ea3d65d20505
120,61,0,0.7801343202590942,1.0859876871109009,222.9432373046875,-221.8572496175766,-222.1631029844284,222.1631029844284,0.008885699324474297,12361175,fac02e73c46592faf7c2b748de78a2a540a1c49068af36e439df8e33c56541e9,df81b37909518028b4ae080e1f75b8c246867eb6c503c8ee261e8e58d2857e26
120,61,1,0.7801343202590942,1.1267541646957397,300.2467041015625,-299.11994993686676,-299.4665697813034,299.4665697813034,0.009014865773114902,12361175,fac02e73c46592faf7c2b748de78a2a540a1c49068af36e439df8e33c56541e9,df81b37909518028b4ae080e1f75b8c246867eb6c503c8ee261e8e58d2857e26
120,61,2,0.7801343202590942,1.195920705795288,374.50543212890625,-373.30951142311096,-373.72529780864716,373.72529780864716,0.013499092817103068,12361175,fac02e73c46592faf7c2b748de78a2a540a1c49068af36e439df8e33c56541e9,df81b37909518028b4ae080e1f75b8c246867eb6c503c8ee261e8e58d2857e26
120,61,3,0.7801343202590942,1.0026328563690186,188.53048706054688,-187.52785420417786,-187.75035274028778,187.75035274028778,0.006674814397983602,12361175,fac02e73c46592faf7c2b748de78a2a540a1c49068af36e439df8e33c56541e9,df81b37909518028b4ae080e1f75b8c246867eb6c503c8ee261e8e58d2857e26
120,61,4,0.7801343202590942,1.034372329711914,218.08889770507812,-217.0545253753662,-217.30876338481903,217.30876338481903,0.011121994985314285,12361175,fac02e73c46592faf7c2b748de78a2a540a1c49068af36e439df8e33c56541e9,df81b37909518028b4ae080e1f75b8c246867eb6c503c8ee261e8e58d2857e26
120,61,5,0.7801343202590942,0.966827929019928,212.56521606445312,-211.5983881354332,-211.78508174419403,211.78508174419403,0.006657464233138294,12361175,fac02e73c46592faf7c2b748de78a2a540a1c49068af36e439df8e33c56541e9,df81b37909518028b4ae080e1f75b8c246867eb6c503c8ee261e8e58d2857e26
120,61,6,0.7801343202590942,1.0300347805023193,240.46092224121094,-239.43088746070862,-239.68078792095184,239.68078792095184,0.011735358760291293,12361175,fac02e73c46592faf7c2b748de78a2a540a1c49068af36e439df8e33c56541e9,df81b37909518028b4ae080e1f75b8c246867eb6c503c8ee261e8e58d2857e26
120,61,7,0.7801343202590942,1.0079402923583984,146.92071533203125,-145.91277503967285,-146.14058101177216,146.14058101177216,0.006438639081699481,12361175,fac02e73c46592faf7c2b748de78a2a540a1c49068af36e439df8e33c56541e9,df81b37909518028b4ae080e1f75b8c246867eb6c503c8ee261e8e58d2857e26
120,61,8,0.7801343202590942,1.133591890335083,232.28167724609375,-231.14808535575867,-231.50154292583466,231.50154292583466,0.009873205470989221,12361175,fac02e73c46592faf7c2b748de78a2a540a1c49068af36e439df8e33c56541e9,df81b37909518028b4ae080e1f75b8c246867eb6c503c8ee261e8e58d2857e26
120,61,9,0.7801343202590942,1.0103189945220947,232.90493774414062,-231.89461874961853,-232.12480342388153,232.12480342388153,0.008921530647255363,12361175,fac02e73c46592faf7c2b748de78a2a540a1c49068af36e439df8e33c56541e9,df81b37909518028b4ae080e1f75b8c246867eb6c503c8ee261e8e58d2857e26
120,34,0,0.9103158712387085,1.0896238088607788,281.1341552734375,-280.0445314645767,-280.2238394021988,280.2238394021988,0.015804090385022236,12334256,366526f6830f6f49060894c71413284d45187ca9cd1dffd12614f676d4534429,81826998f083a870cd6400365ec604f11112bf02ffdc10a1696acfa1b0ea4243
120,34,1,0.9103158712387085,1.1855336427688599,290.43603515625,-289.25050151348114,-289.5257192850113,289.5257192850113,0.010710483763109966,12334256,366526f6830f6f49060894c71413284d45187ca9cd1dffd12614f676d4534429,81826998f083a870cd6400365ec604f11112bf02ffdc10a1696acfa1b0ea4243
120,34,2,0.9103158712387085,1.0255258083343506,184.2638397216797,-183.23831391334534,-183.35352385044098,183.35352385044098,0.004609848874897323,12334256,366526f6830f6f49060894c71413284d45187ca9cd1dffd12614f676d4534429,81826998f083a870cd6400365ec604f11112bf02ffdc10a1696acfa1b0ea4243
120,34,3,0.9103158712387085,1.0103797912597656,144.23565673828125,-143.22527694702148,-143.32534086704254,143.32534086704254,0.004624066121883162,12334256,366526f6830f6f49060894c71413284d45187ca9cd1dffd12614f676d4534429,81826998f083a870cd6400365ec604f11112bf02ffdc10a1696acfa1b0ea4243
120,34,4,0.9103158712387085,1.0472996234893799,182.80288696289062,-181.75558733940125,-181.89257109165192,181.89257109165192,0.006258601316668614,12334256,366526f6830f6f49060894c71413284d45187ca9cd1dffd12614f676d4534429,81826998f083a870cd6400365ec604f11112bf02ffdc10a1696acfa1b0ea4243
120,34,5,0.9103158712387085,1.0038059949874878,139.17501831054688,-138.1712123155594,-138.26470243930817,138.26470243930817,0.000890524829477088,12334256,366526f6830f6f49060894c71413284d45187ca9cd1dffd12614f676d4534429,81826998f083a870cd6400365ec604f11112bf02ffdc10a1696acfa1b0ea4243
120,34,6,0.9103158712387085,0.9436275362968445,126.6386489868164,-125.69502145051956,-125.7283331155777,125.7283331155777,-0.0020693808842202526,12334256,366526f6830f6f49060894c71413284d45187ca9cd1dffd12614f676d4534429,81826998f083a870cd6400365ec604f11112bf02ffdc10a1696acfa1b0ea4243
120,34,7,0.9103158712387085,1.1257904767990112,233.3524932861328,-232.2267028093338,-232.4421774148941,232.4421774148941,0.009142409905704016,12334256,366526f6830f6f49060894c71413284d45187ca9cd1dffd12614f676d4534429,81826998f083a870cd6400365ec604f11112bf02ffdc10a1696acfa1b0ea4243
120,34,8,0.9103158712387085,1.0959500074386597,234.96658325195312,-233.87063324451447,-234.05626738071442,234.05626738071442,0.011286022190021283,12334256,366526f6830f6f49060894c71413284d45187ca9cd1dffd12614f676d4534429,81826998f083a870cd6400365ec604f11112bf02ffdc10a1696acfa1b0ea4243
120,34,9,0.9103158712387085,0.981672465801239,129.48736572265625,-128.505693256855,-128.57704985141754,128.57704985141754,0.0054621717638483015,12334256,366526f6830f6f49060894c71413284d45187ca9cd1dffd12614f676d4534429,81826998f083a870cd6400365ec604f11112bf02ffdc10a1696acfa1b0ea4243
120,64,0,0.5326412320137024,0.5978524088859558,67.8125,-67.21464759111404,-67.2798587679863,67.2798587679863,0.009682016070874678,12364166,f278f7dd77481bbcb8984eb5ca5eb31ae7282a2ac5db85e89a14350daa5a1e00,5366987aca0493e820d0a09213b44b0261a856a0e35e13b13ce1bc512684a018
120,64,1,0.5326412320137024,0.7248615026473999,96.38219451904297,-95.65733301639557,-95.84955328702927,95.84955328702927,0.00726866193424854,12364166,f278f7dd77481bbcb8984eb5ca5eb31ae7282a2ac5db85e89a14350daa5a1e00,5366987aca0493e820d0a09213b44b0261a856a0e35e13b13ce1bc512684a018
120,64,2,0.5326412320137024,0.7319362163543701,66.28408813476562,-65.55215191841125,-65.75144690275192,65.75144690275192,0.010617996707711328,12364166,f278f7dd77481bbcb8984eb5ca5eb31ae7282a2ac5db85e89a14350daa5a1e00,5366987aca0493e820d0a09213b44b0261a856a0e35e13b13ce1bc512684a018
120,64,3,0.5326412320137024,0.6571484804153442,87.51428985595703,-86.85714137554169,-86.98164862394333,86.98164862394333,0.011327307045773824,12364166,f278f7dd77481bbcb8984eb5ca5eb31ae7282a2ac5db85e89a14350daa5a1e00,5366987aca0493e820d0a09213b44b0261a856a0e35e13b13ce1bc512684a018
120,64,4,0.5326412320137024,0.5688783526420593,54.02940368652344,-53.46052533388138,-53.496762454509735,53.496762454509735,0.003589298358921174,12364166,f278f7dd77481bbcb8984eb5ca5eb31ae7282a2ac5db85e89a14350daa5a1e00,5366987aca0493e820d0a09213b44b0261a856a0e35e13b13ce1bc512684a018
120,64,5,0.5326412320137024,0.7253303527832031,90.60302734375,-89.8776969909668,-90.0703861117363,90.0703861117363,0.014873250777797298,12364166,f278f7dd77481bbcb8984eb5ca5eb31ae7282a2ac5db85e89a14350daa5a1e00,5366987aca0493e820d0a09213b44b0261a856a0e35e13b13ce1bc512684a018
120,64,6,0.5326412320137024,0.6441187262535095,63.38347625732422,-62.73935753107071,-62.850835025310516,62.850835025310516,0.016101677019366403,12364166,f278f7dd77481bbcb8984eb5ca5eb31ae7282a2ac5db85e89a14350daa5a1e00,5366987aca0493e820d0a09213b44b0261a856a0e35e13b13ce1bc512684a018
120,64,7,0.5326412320137024,0.6488954424858093,75.47859191894531,-74.8296964764595,-74.94595068693161,74.94595068693161,0.011761263945825079,12364166,f278f7dd77481bbcb8984eb5ca5eb31ae7282a2ac5db85e89a14350daa5a1e00,5366987aca0493e820d0a09213b44b0261a856a0e35e13b13ce1bc512684a018
120,64,8,0.5326412320137024,0.6822784543037415,62.929203033447266,-62.246924579143524,-62.39656180143356,62.39656180143356,0.012608931188878802,12364166,f278f7dd77481bbcb8984eb5ca5eb31ae7282a2ac5db85e89a14350daa5a1e00,5366987aca0493e820d0a09213b44b0261a856a0e35e13b13ce1bc512684a018
120,64,9,0.5326412320137024,0.6367027163505554,67.60530090332031,-66.96859818696976,-67.07265967130661,67.07265967130661,0.00546946818078675,12364166,f278f7dd77481bbcb8984eb5ca5eb31ae7282a2ac5db85e89a14350daa5a1e00,5366987aca0493e820d0a09213b44b0261a856a0e35e13b13ce1bc512684a018
120,11,0,0.6907196044921875,0.7907592058181763,361.50091552734375,-360.7101563215256,-360.81019592285156,360.81019592285156,0.013985580037260942,12311325,0ea1a83834a80860275d4bad4ecf17a044f4e212b733ed7a78edaf6e643ab6b5,77394f2bfda2723d0fdb02da6c0e1c5952d1a1503d4dc7750c900be1d260dca3
120,11,1,0.6907196044921875,0.951851487159729,425.2952880859375,-424.34343659877777,-424.6045684814453,424.6045684814453,0.010403486522790335,12311325,0ea1a83834a80860275d4bad4ecf17a044f4e212b733ed7a78edaf6e643ab6b5,77394f2bfda2723d0fdb02da6c0e1c5952d1a1503d4dc7750c900be1d260dca3
120,11,2,0.6907196044921875,0.8032949566841125,267.42218017578125,-266.61888521909714,-266.73146057128906,266.73146057128906,0.006865824901478694,12311325,0ea1a83834a80860275d4bad4ecf17a044f4e212b733ed7a78edaf6e643ab6b5,77394f2bfda2723d0fdb02da6c0e1c5952d1a1503d4dc7750c900be1d260dca3
120,11,3,0.6907196044921875,0.7607126832008362,228.2306365966797,-227.46992391347885,-227.5399169921875,227.5399169921875,0.00199345493786845,12311325,0ea1a83834a80860275d4bad4ecf17a044f4e212b733ed7a78edaf6e643ab6b5,77394f2bfda2723d0fdb02da6c0e1c5952d1a1503d4dc7750c900be1d260dca3
120,11,4,0.6907196044921875,0.8921681046485901,339.9075927734375,-339.0154246687889,-339.2168731689453,339.2168731689453,0.007755270170495373,12311325,0ea1a83834a80860275d4bad4ecf17a044f4e212b733ed7a78edaf6e643ab6b5,77394f2bfda2723d0fdb02da6c0e1c5952d1a1503d4dc7750c900be1d260dca3
120,11,5,0.6907196044921875,0.8698604106903076,318.1906433105469,-317.32078289985657,-317.4999237060547,317.4999237060547,0.004214225811899446,12311325,0ea1a83834a80860275d4bad4ecf17a044f4e212b733ed7a78edaf6e643ab6b5,77394f2bfda2723d0fdb02da6c0e1c5952d1a1503d4dc7750c900be1d260dca3
120,11,6,0.6907196044921875,0.7376436591148376,203.9177703857422,-203.18012672662735,-203.22705078125,203.22705078125,-0.0016655099166149152,12311325,0ea1a83834a80860275d4bad4ecf17a044f4e212b733ed7a78edaf6e643ab6b5,77394f2bfda2723d0fdb02da6c0e1c5952d1a1503d4dc7750c900be1d260dca3
120,11,7,0.6907196044921875,0.8229960203170776,244.13711547851562,-243.31411945819855,-243.44639587402344,243.44639587402344,0.0088238867054882,12311325,0ea1a83834a80860275d4bad4ecf17a044f4e212b733ed7a78edaf6e643ab6b5,77394f2bfda2723d0fdb02da6c0e1c5952d1a1503d4dc7750c900be1d260dca3
120,11,8,0.6907196044921875,0.798143744468689,326.64752197265625,-325.84937822818756,-325.95680236816406,325.95680236816406,0.008893211499353787,12311325,0ea1a83834a80860275d4bad4ecf17a044f4e212b733ed7a78edaf6e643ab6b5,77394f2bfda2723d0fdb02da6c0e1c5952d1a1503d4dc7750c900be1d260dca3
120,11,9,0.6907196044921875,0.7095355987548828,167.10035705566406,-166.39082145690918,-166.40963745117188,166.40963745117188,0.0019255372743050797,12311325,0ea1a83834a80860275d4bad4ecf17a044f4e212b733ed7a78edaf6e643ab6b5,77394f2bfda2723d0fdb02da6c0e1c5952d1a1503d4dc7750c900be1d260dca3
120,96,0,0.47750839591026306,0.5903356075286865,70.45491027832031,-69.86457467079163,-69.97740188241005,69.97740188241005,0.01599304439388978,12396070,d593111b18938012c584e5a68a529e1a602e3b6a3383151029876e15e534c883,8164457ec3cff139699a4359c105e7db4f56553cd62d18e13328e3877b57fefa
120,96,1,0.47750839591026306,0.532462477684021,70.983154296875,-70.45069181919098,-70.50564590096474,70.50564590096474,0.013212413070486014,12396070,d593111b18938012c584e5a68a529e1a602e3b6a3383151029876e15e534c883,8164457ec3cff139699a4359c105e7db4f56553cd62d18e13328e3877b57fefa
120,96,2,0.47750839591026306,0.4701979458332062,54.006103515625,-53.535905569791794,-53.52859511971474,53.52859511971474,0.006134737943592655,12396070,d593111b18938012c584e5a68a529e1a602e3b6a3383151029876e15e534c883,8164457ec3cff139699a4359c105e7db4f56553cd62d18e13328e3877b57fefa
120,96,3,0.47750839591026306,0.5528931021690369,38.38070297241211,-37.82780987024307,-37.903194576501846,37.903194576501846,0.0031667309406848694,12396070,d593111b18938012c584e5a68a529e1a602e3b6a3383151029876e15e534c883,8164457ec3cff139699a4359c105e7db4f56553cd62d18e13328e3877b57fefa
120,96,4,0.47750839591026306,0.5661967396736145,51.631568908691406,-51.06537216901779,-51.15406051278114,51.15406051278114,0.008067097529263302,12396070,d593111b18938012c584e5a68a529e1a602e3b6a3383151029876e15e534c883,8164457ec3cff139699a4359c105e7db4f56553cd62d18e13328e3877b57fefa
120,96,5,0.47750839591026306,0.4458049535751343,42.41175079345703,-41.9659458398819,-41.93424239754677,41.93424239754677,-0.002933186000945555,12396070,d593111b18938012c584e5a68a529e1a602e3b6a3383151029876e15e534c883,8164457ec3cff139699a4359c105e7db4f56553cd62d18e13328e3877b57fefa
120,96,6,0.47750839591026306,0.49220916628837585,36.007606506347656,-35.51539734005928,-35.53009811043739,35.53009811043739,-0.001170134531819736,12396070,d593111b18938012c584e5a68a529e1a602e3b6a3383151029876e15e534c883,8164457ec3cff139699a4359c105e7db4f56553cd62d18e13328e3877b57fefa
120,96,7,0.47750839591026306,0.5539597868919373,57.13050079345703,-56.576541006565094,-56.65299239754677,56.65299239754677,0.011950099981404491,12396070,d593111b18938012c584e5a68a529e1a602e3b6a3383151029876e15e534c883,8164457ec3cff139699a4359c105e7db4f56553cd62d18e13328e3877b57fefa
120,96,8,0.47750839591026306,0.5315687656402588,64.52259063720703,-63.99102187156677,-64.04508224129677,64.04508224129677,0.010713768137698143,12396070,d593111b18938012c584e5a68a529e1a602e3b6a3383151029876e15e534c883,8164457ec3cff139699a4359c105e7db4f56553cd62d18e13328e3877b57fefa
120,96,9,0.47750839591026306,0.5138999223709106,32.84579086303711,-32.3318909406662,-32.368282467126846,32.368282467126846,0.0071126472947319825,12396070,d593111b18938012c584e5a68a529e1a602e3b6a3383151029876e15e534c883,8164457ec3cff139699a4359c105e7db4f56553cd62d18e13328e3877b57fefa
120,18,0,0.8763846755027771,0.975719153881073,215.92544555664062,-214.94972640275955,-215.04906088113785,215.04906088113785,0.004552183810950844,12318304,57ef69880ab4feff897ad4b5e3dd7ca7a1b50e6853b89eee21d7672ff0b8d639,39f192ff71f2b2f4cbd11836657dcf9360398112c28d13387f80c57abea8737a
120,18,1,0.8763846755027771,1.147784948348999,344.766357421875,-343.618572473526,-343.8899727463722,343.8899727463722,0.011701423644597184,12318304,57ef69880ab4feff897ad4b5e3dd7ca7a1b50e6853b89eee21d7672ff0b8d639,39f192ff71f2b2f4cbd11836657dcf9360398112c28d13387f80c57abea8737a
120,18,2,0.8763846755027771,1.2647143602371216,326.4773254394531,-325.212611079216,-325.60094076395035,325.60094076395035,0.01472667308592075,12318304,57ef69880ab4feff897ad4b5e3dd7ca7a1b50e6853b89eee21d7672ff0b8d639,39f192ff71f2b2f4cbd11836657dcf9360398112c28d13387f80c57abea8737a
120,18,3,0.8763846755027771,1.0588219165802002,187.2063751220703,-186.1475532054901,-186.32999044656754,186.32999044656754,0.010183799387530374,12318304,57ef69880ab4feff897ad4b5e3dd7ca7a1b50e6853b89eee21d7672ff0b8d639,39f192ff71f2b2f4cbd11836657dcf9360398112c28d13387f80c57abea8737a
120,18,4,0.8763846755027771,1.0960793495178223,205.74102783203125,-204.64494848251343,-204.86464315652847,204.86464315652847,0.010640585354172869,12318304,57ef69880ab4feff897ad4b5e3dd7ca7a1b50e6853b89eee21d7672ff0b8d639,39f192ff71f2b2f4cbd11836657dcf9360398112c28d13387f80c57abea8737a
120,18,5,0.8763846755027771,1.0874274969100952,211.3265838623047,-210.2391563653946,-210.4501991868019,210.4501991868019,0.012711767228714355,12318304,57ef69880ab4feff897ad4b5e3dd7ca7a1b50e6853b89eee21d7672ff0b8d639,39f192ff71f2b2f4cbd11836657dcf9360398112c28d13387f80c57abea8737a
120,18,6,0.8763846755027771,1.0735100507736206,197.83644104003906,-196.76293098926544,-196.96005636453629,196.96005636453629,0.012840414283223016,12318304,57ef69880ab4feff897ad4b5e3dd7ca7a1b50e6853b89eee21d7672ff0b8d639,39f192ff71f2b2f4cbd11836657dcf9360398112c28d13387f80c57abea8737a
120,18,7,0.8763846755027771,0.958233118057251,132.1835174560547,-131.22528433799744,-131.3071327805519,131.3071327805519,0.0039516225269616715,12318304,57ef69880ab4feff897ad4b5e3dd7ca7a1b50e6853b89eee21d7672ff0b8d639,39f192ff71f2b2f4cbd11836657dcf9360398112c28d13387f80c57abea8737a
120,18,8,0.8763846755027771,1.096445918083191,269.9413146972656,-268.84486877918243,-269.06493002176285,269.06493002176285,0.008825362709848574,12318304,57ef69880ab4feff897ad4b5e3dd7ca7a1b50e6853b89eee21d7672ff0b8d639,39f192ff71f2b2f4cbd11836657dcf9360398112c28d13387f80c57abea8737a
120,18,9,0.8763846755027771,1.1125909090042114,221.57427978515625,-220.46168887615204,-220.69789510965347,220.69789510965347,0.00800065044581101,12318304,57ef69880ab4feff897ad4b5e3dd7ca7a1b50e6853b89eee21d7672ff0b8d639,39f192ff71f2b2f4cbd11836657dcf9360398112c28d13387f80c57abea8737a
120,82,0,0.9499090313911438,1.0315196514129639,185.82867431640625,-184.7971546649933,-184.8787652850151,184.8787652850151,0.005162632640108609,12382112,d7e84a45df3e0ff071a39117bd9b3aa8bf855d689a7c8006085fb8610b0cd52b,f928cfd9c93887603c034f10dffce8f21ef37a5c60e38964bb874d0f54ed6ef9
120,82,1,0.9499090313911438,1.1761515140533447,417.8800048828125,-416.70385336875916,-416.93009585142136,416.93009585142136,0.01179451395607498,12382112,d7e84a45df3e0ff071a39117bd9b3aa8bf855d689a7c8006085fb8610b0cd52b,f928cfd9c93887603c034f10dffce8f21ef37a5c60e38964bb874d0f54ed6ef9
120,82,2,0.9499090313911438,1.1419018507003784,238.3282928466797,-237.1863909959793,-237.37838381528854,237.37838381528854,0.008594758143140915,12382112,d7e84a45df3e0ff071a39117bd9b3aa8bf855d689a7c8006085fb8610b0cd52b,f928cfd9c93887603c034f10dffce8f21ef37a5c60e38964bb874d0f54ed6ef9
120,82,3,0.9499090313911438,1.0324679613113403,195.15357971191406,-194.12111175060272,-194.20367068052292,194.20367068052292,0.007127768741032093,12382112,d7e84a45df3e0ff071a39117bd9b3aa8bf855d689a7c8006085fb8610b0cd52b,f928cfd9c93887603c034f10dffce8f21ef37a5c60e38964bb874d0f54ed6ef9
120,82,4,0.9499090313911438,1.1419471502304077,214.16448974609375,-213.02254259586334,-213.2145807147026,213.2145807147026,0.007736470838979106,12382112,d7e84a45df3e0ff071a39117bd9b3aa8bf855d689a7c8006085fb8610b0cd52b,f928cfd9c93887603c034f10dffce8f21ef37a5c60e38964bb874d0f54ed6ef9
120,82,5,0.9499090313911438,1.1816766262054443,261.7751159667969,-260.59343934059143,-260.82520693540573,260.82520693540573,0.015561120194058111,12382112,d7e84a45df3e0ff071a39117bd9b3aa8bf855d689a7c8006085fb8610b0cd52b,f928cfd9c93887603c034f10dffce8f21ef37a5c60e38964bb874d0f54ed6ef9
120,82,6,0.9499090313911438,0.9746652245521545,130.9241180419922,-129.94945281744003,-129.97420901060104,129.97420901060104,-0.0009260322799291265,12382112,d7e84a45df3e0ff071a39117bd9b3aa8bf855d689a7c8006085fb8610b0cd52b,f928cfd9c93887603c034f10dffce8f21ef37a5c60e38964bb874d0f54ed6ef9
120,82,7,0.9499090313911438,1.104296088218689,233.7045135498047,-232.600217461586,-232.75460451841354,232.75460451841354,0.007934402464325632,12382112,d7e84a45df3e0ff071a39117bd9b3aa8bf855d689a7c8006085fb8610b0cd52b,f928cfd9c93887603c034f10dffce8f21ef37a5c60e38964bb874d0f54ed6ef9
120,82,8,0.9499090313911438,1.1159908771514893,340.0069580078125,-338.890967130661,-339.05704897642136,339.05704897642136,0.008764721328559056,12382112,d7e84a45df3e0ff071a39117bd9b3aa8bf855d689a7c8006085fb8610b0cd52b,f928cfd9c93887603c034f10dffce8f21ef37a5c60e38964bb874d0f54ed6ef9
120,82,9,0.9499090313911438,1.0969418287277222,224.47061157226562,-223.3736697435379,-223.52070254087448,223.52070254087448,0.004415149603443928,12382112,d7e84a45df3e0ff071a39117bd9b3aa8bf855d689a7c8006085fb8610b0cd52b,f928cfd9c93887603c034f10dffce8f21ef37a5c60e38964bb874d0f54ed6ef9
120,52,0,0.8366824388504028,0.9140146970748901,182.52052307128906,-181.60650837421417,-181.68384063243866,181.68384063243866,0.00450823960299068,12352202,4d2bb8d63101520cbde4416da911d648c68e4952d3c50af6ec588ca8850b42a5,1e8d8976ec0d9dbc580ce04efc170ae4c2813298608dba3ae669200ac4482367
120,52,1,0.8366824388504028,1.0745049715042114,174.90843200683594,-173.83392703533173,-174.07174956798553,174.07174956798553,0.012413424369872951,12352202,4d2bb8d63101520cbde4416da911d648c68e4952d3c50af6ec588ca8850b42a5,1e8d8976ec0d9dbc580ce04efc170ae4c2813298608dba3ae669200ac4482367
120,52,2,0.8366824388504028,0.9099374413490295,167.51454162597656,-166.60460418462753,-166.67785918712616,166.67785918712616,0.009228907457252104,12352202,4d2bb8d63101520cbde4416da911d648c68e4952d3c50af6ec588ca8850b42a5,1e8d8976ec0d9dbc580ce04efc170ae4c2813298608dba3ae669200ac4482367
120,52,3,0.8366824388504028,0.9276856780052185,109.86503601074219,-108.93735033273697,-109.02835357189178,109.02835357189178,0.0032070494869793514,12352202,4d2bb8d63101520cbde4416da911d648c68e4952d3c50af6ec588ca8850b42a5,1e8d8976ec0d9dbc580ce04efc170ae4c2813298608dba3ae669200ac4482367
120,52,4,0.8366824388504028,0.9917391538619995,143.38441467285156,-142.39267551898956,-142.54773223400116,142.54773223400116,0.004667138598555495,12352202,4d2bb8d63101520cbde4416da911d648c68e4952d3c50af6ec588ca8850b42a5,1e8d8976ec0d9dbc580ce04efc170ae4c2813298608dba3ae669200ac4482367
120,52,5,0.8366824388504028,1.0099174976348877,167.7036590576172,-166.6937415599823,-166.86697661876678,166.86697661876678,0.015824168878649895,12352202,4d2bb8d63101520cbde4416da911d648c68e4952d3c50af6ec588ca8850b42a5,1e8d8976ec0d9dbc580ce04efc170ae4c2813298608dba3ae669200ac4482367
120,52,6,0.8366824388504028,0.8613309860229492,103.20073699951172,-102.33940601348877,-102.36405456066132,102.36405456066132,-0.0015531142176375384,12352202,4d2bb8d63101520cbde4416da911d648c68e4952d3c50af6ec588ca8850b42a5,1e8d8976ec0d9dbc580ce04efc170ae4c2813298608dba3ae669200ac4482367
120,52,7,0.8366824388504028,1.0098594427108765,109.09041595458984,-108.08055651187897,-108.25373351573944,108.25373351573944,0.007447027443341672,12352202,4d2bb8d63101520cbde4416da911d648c68e4952d3c50af6ec588ca8850b42a5,1e8d8976ec0d9dbc580ce04efc170ae4c2813298608dba3ae669200ac4482367
120,52,8,0.8366824388504028,0.9797124266624451,129.9361572265625,-128.95644479990005,-129.0994747877121,129.0994747877121,0.006059433509623682,12352202,4d2bb8d63101520cbde4416da911d648c68e4952d3c50af6ec588ca8850b42a5,1e8d8976ec0d9dbc580ce04efc170ae4c2813298608dba3ae669200ac4482367
120,52,9,0.8366824388504028,0.9757028818130493,96.9873046875,-96.01160180568695,-96.1506222486496,96.1506222486496,0.0004973026456164978,12352202,4d2bb8d63101520cbde4416da911d648c68e4952d3c50af6ec588ca8850b42a5,1e8d8976ec0d9dbc580ce04efc170ae4c2813298608dba3ae669200ac4482367
120,72,0,1.1752979755401611,1.3188729286193848,169.18292236328125,-167.86404943466187,-168.0076243877411,168.0076243877411,0.0027200516879024145,12372142,fbe2bddfa37bb5003a66f1870a9b772820d87fb4757651c72224777d3e02c2fb,fc066d3ab0df8e016e6dc6201ecc6bea581b93519dce5b1271ffea557d961c5b
120,72,1,1.1752979755401611,1.6796472072601318,397.1680908203125,-395.48844361305237,-395.99279284477234,395.99279284477234,0.011452332038873443,12372142,fbe2bddfa37bb5003a66f1870a9b772820d87fb4757651c72224777d3e02c2fb,fc066d3ab0df8e016e6dc6201ecc6bea581b93519dce5b1271ffea557d961c5b
120,72,2,1.1752979755401611,1.8757842779159546,390.5419921875,-388.66620790958405,-389.36669421195984,389.36669421195984,0.012544016763011931,12372142,fbe2bddfa37bb5003a66f1870a9b772820d87fb4757651c72224777d3e02c2fb,fc066d3ab0df8e016e6dc6201ecc6bea581b93519dce5b1271ffea557d961c5b
120,72,3,1.1752979755401611,1.4871907234191895,147.3941650390625,-145.9069743156433,-146.21886706352234,146.21886706352234,0.007219176333852762,12372142,fbe2bddfa37bb5003a66f1870a9b772820d87fb4757651c72224777d3e02c2fb,fc066d3ab0df8e016e6dc6201ecc6bea581b93519dce5b1271ffea557d961c5b
120,72,4,1.1752979755401611,1.5371414422988892,227.78472900390625,-226.24758756160736,-226.6094310283661,226.6094310283661,0.009434640129473355,12372142,fbe2bddfa37bb5003a66f1870a9b772820d87fb4757651c72224777d3e02c2fb,fc066d3ab0df8e016e6dc6201ecc6bea581b93519dce5b1271ffea557d961c5b
120,72,5,1.1752979755401611,1.5221906900405884,192.3826904296875,-190.8604997396469,-191.20739245414734,191.20739245414734,0.0128210426547095,12372142,fbe2bddfa37bb5003a66f1870a9b772820d87fb4757651c72224777d3e02c2fb,fc066d3ab0df8e016e6dc6201ecc6bea581b93519dce5b1271ffea557d961c5b
120,72,6,1.1752979755401611,1.5573550462722778,190.51629638671875,-188.95894134044647,-189.3409984111786,189.3409984111786,0.008363594685784494,12372142,fbe2bddfa37bb5003a66f1870a9b772820d87fb4757651c72224777d3e02c2fb,fc066d3ab0df8e016e6dc6201ecc6bea581b93519dce5b1271ffea557d961c5b
120,72,7,1.1752979755401611,1.2432608604431152,104.21907043457031,-102.9758095741272,-103.04377245903015,103.04377245903015,0.0063593654428694205,12372142,fbe2bddfa37bb5003a66f1870a9b772820d87fb4757651c72224777d3e02c2fb,fc066d3ab0df8e016e6dc6201ecc6bea581b93519dce5b1271ffea557d961c5b
120,72,8,1.1752979755401611,1.4828768968582153,300.79095458984375,-299.30807769298553,-299.6156566143036,299.6156566143036,0.009053056539311868,12372142,fbe2bddfa37bb5003a66f1870a9b772820d87fb4757651c72224777d3e02c2fb,fc066d3ab0df8e016e6dc6201ecc6bea581b93519dce5b1271ffea557d961c5b
120,72,9,1.1752979755401611,1.6422338485717773,238.68804931640625,-237.04581546783447,-237.5127513408661,237.5127513408661,0.009197979102456427,12372142,fbe2bddfa37bb5003a66f1870a9b772820d87fb4757651c72224777d3e02c2fb,fc066d3ab0df8e016e6dc6201ecc6bea581b93519dce5b1271ffea557d961c5b
120,92,0,0.5061567425727844,0.7524094581604004,229.0413818359375,-228.2889723777771,-228.53522509336472,228.53522509336472,0.017224701539231252,12392082,b50ac5461ee2c15a5400ebeaabac31f9d738f254ba57404b6d9cffdd5d10407e,b8d62afb42af7d5fa4051ad09bea1ca3e873285e39ce18c99daf024e43c7b217
120,92,1,0.5061567425727844,0.7962746024131775,335.6962890625,-334.9000144600868,-335.1901323199272,335.1901323199272,0.013057608641113565,12392082,b50ac5461ee2c15a5400ebeaabac31f9d738f254ba57404b6d9cffdd5d10407e,b8d62afb42af7d5fa4051ad09bea1ca3e873285e39ce18c99daf024e43c7b217
120,92,2,0.5061567425727844,0.642188310623169,146.0453643798828,-145.40317606925964,-145.53920763731003,145.53920763731003,0.009571205395099472,12392082,b50ac5461ee2c15a5400ebeaabac31f9d738f254ba57404b6d9cffdd5d10407e,b8d62afb42af7d5fa4051ad09bea1ca3e873285e39ce18c99daf024e43c7b217
120,92,3,0.5061567425727844,0.5759109854698181,110.98285675048828,-110.40694576501846,-110.4767000079155,110.4767000079155,0.00016364191105802995,12392082,b50ac5461ee2c15a5400ebeaabac31f9d738f254ba57404b6d9cffdd5d10407e,b8d62afb42af7d5fa4051ad09bea1ca3e873285e39ce18c99daf024e43c7b217
120,92,4,0.5061567425727844,0.6938163042068481,206.63111877441406,-205.93730247020721,-206.12496203184128,206.12496203184128,0.009679845538951909,12392082,b50ac5461ee2c15a5400ebeaabac31f9d738f254ba57404b6d9cffdd5d10407e,b8d62afb42af7d5fa4051ad09bea1ca3e873285e39ce18c99daf024e43c7b217
120,92,5,0.5061567425727844,0.6792727708816528,172.2032470703125,-171.52397429943085,-171.69709032773972,171.69709032773972,0.010034563770524023,12392082,b50ac5461ee2c15a5400ebeaabac31f9d738f254ba57404b6d9cffdd5d10407e,b8d62afb42af7d5fa4051ad09bea1ca3e873285e39ce18c99daf024e43c7b217
120,92,6,0.5061567425727844,0.5784520506858826,105.87129211425781,-105.29284006357193,-105.36513537168503,105.36513537168503,0.0022430740599504494,12392082,b50ac5461ee2c15a5400ebeaabac31f9d738f254ba57404b6d9cffdd5d10407e,b8d62afb42af7d5fa4051ad09bea1ca3e873285e39ce18c99daf024e43c7b217
120,92,7,0.5061567425727844,0.6340788006782532,128.89141845703125,-128.257339656353,-128.38526171445847,128.38526171445847,0.008912157837928567,12392082,b50ac5461ee2c15a5400ebeaabac31f9d738f254ba57404b6d9cffdd5d10407e,b8d62afb42af7d5fa4051ad09bea1ca3e873285e39ce18c99daf024e43c7b217
120,92,8,0.5061567425727844,0.6673848032951355,148.08322143554688,-147.41583663225174,-147.5770646929741,147.5770646929741,0.012384977230493616,12392082,b50ac5461ee2c15a5400ebeaabac31f9d738f254ba57404b6d9cffdd5d10407e,b8d62afb42af7d5fa4051ad09bea1ca3e873285e39ce18c99daf024e43c7b217
120,92,9,0.5061567425727844,0.49710801243782043,74.1801986694336,-73.68309065699577,-73.67404192686081,73.67404192686081,0.005249181343983626,12392082,b50ac5461ee2c15a5400ebeaabac31f9d738f254ba57404b6d9cffdd5d10407e,b8d62afb42af7d5fa4051ad09bea1ca3e873285e39ce18c99daf024e43c7b217
160,15,0,1.0572093725204468,1.1024396419525146,33.348392486572266,-32.24595284461975,-32.29118311405182,32.29118311405182,0.00493947944739698,16315433,9ccae3ebca7a7362092c2eb1172a3116abe57840517579a7d9468f60facbc042,35088aad6ebbdbab9360afa94af70fb5bc624f9394f77a88fa0b53bf3e0f9a17
160,15,1,1.0572093725204468,1.1781435012817383,41.73066329956055,-40.55251979827881,-40.6734539270401,40.6734539270401,0.009133584168651692,16315433,9ccae3ebca7a7362092c2eb1172a3116abe57840517579a7d9468f60facbc042,35088aad6ebbdbab9360afa94af70fb5bc624f9394f77a88fa0b53bf3e0f9a17
160,15,2,1.0572093725204468,1.2686028480529785,39.58674240112305,-38.31813955307007,-38.5295330286026,38.5295330286026,0.011497906231506648,16315433,9ccae3ebca7a7362092c2eb1172a3116abe57840517579a7d9468f60facbc042,35088aad6ebbdbab9360afa94af70fb5bc624f9394f77a88fa0b53bf3e0f9a17
160,15,3,1.0572093725204468,1.3379865884780884,56.12044143676758,-54.78245484828949,-55.06323206424713,55.06323206424713,0.01311905028327091,16315433,9ccae3ebca7a7362092c2eb1172a3116abe57840517579a7d9468f60facbc042,35088aad6ebbdbab9360afa94af70fb5bc624f9394f77a88fa0b53bf3e0f9a17
160,15,4,1.0572093725204468,1.1732704639434814,47.47377395629883,-46.30050349235535,-46.41656458377838,46.41656458377838,0.00676289134743944,16315433,9ccae3ebca7a7362092c2eb1172a3116abe57840517579a7d9468f60facbc042,35088aad6ebbdbab9360afa94af70fb5bc624f9394f77a88fa0b53bf3e0f9a17
160,15,5,1.0572093725204468,1.2797490358352661,43.94697952270508,-42.66723048686981,-42.88977015018463,42.88977015018463,0.011705971143051445,16315433,9ccae3ebca7a7362092c2eb1172a3116abe57840517579a7d9468f60facbc042,35088aad6ebbdbab9360afa94af70fb5bc624f9394f77a88fa0b53bf3e0f9a17
160,15,6,1.0572093725204468,1.120903730392456,32.43691635131836,-31.316012620925903,-31.379706978797913,31.379706978797913,0.003010275380550466,16315433,9ccae3ebca7a7362092c2eb1172a3116abe57840517579a7d9468f60facbc042,35088aad6ebbdbab9360afa94af70fb5bc624f9394f77a88fa0b53bf3e0f9a17
160,15,7,1.0572093725204468,1.1974326372146606,49.93159484863281,-48.73416221141815,-48.874385476112366,48.874385476112366,0.0045680596636495895,16315433,9ccae3ebca7a7362092c2eb1172a3116abe57840517579a7d9468f60facbc042,35088aad6ebbdbab9360afa94af70fb5bc624f9394f77a88fa0b53bf3e0f9a17
160,15,8,1.0572093725204468,1.1673842668533325,42.24563980102539,-41.07825553417206,-41.188430428504944,41.188430428504944,0.009832300908574707,16315433,9ccae3ebca7a7362092c2eb1172a3116abe57840517579a7d9468f60facbc042,35088aad6ebbdbab9360afa94af70fb5bc624f9394f77a88fa0b53bf3e0f9a17
160,15,9,1.0572093725204468,1.1964088678359985,47.278167724609375,-46.08175885677338,-46.22095835208893,46.22095835208893,0.015252124145228483,16315433,9ccae3ebca7a7362092c2eb1172a3116abe57840517579a7d9468f60facbc042,35088aad6ebbdbab9360afa94af70fb5bc624f9394f77a88fa0b53bf3e0f9a17
160,9,0,1.1389868259429932,1.38681960105896,318.6454772949219,-317.2586576938629,-317.5064904689789,317.5064904689789,0.007880336028463246,16309451,9b17b9835fbd235180661201c295c5f55187569e4dc19b9c456f7de369b2bf12,4d1283dcdf04f5b15248f50a4874d623219adad7df0fc45c040df20dcd865730
160,9,1,1.1389868259429932,1.5163241624832153,363.4293212890625,-361.9129971265793,-362.2903344631195,362.2903344631195,0.021154626788938154,16309451,9b17b9835fbd235180661201c295c5f55187569e4dc19b9c456f7de369b2bf12,4d1283dcdf04f5b15248f50a4874d623219adad7df0fc45c040df20dcd865730
160,9,2,1.1389868259429932,1.2818878889083862,249.92739868164062,-248.64551079273224,-248.78841185569763,248.78841185569763,0.009723518089203539,16309451,9b17b9835fbd235180661201c295c5f55187569e4dc19b9c456f7de369b2bf12,4d1283dcdf04f5b15248f50a4874d623219adad7df0fc45c040df20dcd865730
160,9,3,1.1389868259429932,1.4339295625686646,359.41571044921875,-357.9817808866501,-358.27672362327576,358.27672362327576,0.014702562009029741,16309451,9b17b9835fbd235180661201c295c5f55187569e4dc19b9c456f7de369b2bf12,4d1283dcdf04f5b15248f50a4874d623219adad7df0fc45c040df20dcd865730
160,9,4,1.1389868259429932,1.248955488204956,254.73133850097656,-253.4823830127716,-253.59235167503357,253.59235167503357,0.006980374169257534,16309451,9b17b9835fbd235180661201c295c5f55187569e4dc19b9c456f7de369b2bf12,4d1283dcdf04f5b15248f50a4874d623219adad7df0fc45c040df20dcd865730
160,9,5,1.1389868259429932,1.3600679636001587,307.4773254394531,-306.11725747585297,-306.33833861351013,306.33833861351013,0.012736785025844164,16309451,9b17b9835fbd235180661201c295c5f55187569e4dc19b9c456f7de369b2bf12,4d1283dcdf04f5b15248f50a4874d623219adad7df0fc45c040df20dcd865730
160,9,6,1.1389868259429932,1.3647114038467407,313.80029296875,-312.43558156490326,-312.661306142807,312.661306142807,0.00558555298594508,16309451,9b17b9835fbd235180661201c295c5f55187569e4dc19b9c456f7de369b2bf12,4d1283dcdf04f5b15248f50a4874d623219adad7df0fc45c040df20dcd865730
160,9,7,1.1389868259429932,1.4223456382751465,364.7165222167969,-363.29417657852173,-363.5775353908539,363.5775353908539,0.013676687992779876,16309451,9b17b9835fbd235180661201c295c5f55187569e4dc19b9c456f7de369b2bf12,4d1283dcdf04f5b15248f50a4874d623219adad7df0fc45c040df20dcd865730
160,9,8,1.1389868259429932,1.1742311716079712,178.36572265625,-177.19149148464203,-177.226735830307,177.226735830307,0.0003576367227688157,16309451,9b17b9835fbd235180661201c295c5f55187569e4dc19b9c456f7de369b2bf12,4d1283dcdf04f5b15248f50a4874d623219adad7df0fc45c040df20dcd865730
160,9,9,1.1389868259429932,1.628414511680603,523.6318359375,-522.0034214258194,-522.492849111557,522.492849111557,0.01892540503089571,16309451,9b17b9835fbd235180661201c295c5f55187569e4dc19b9c456f7de369b2bf12,4d1283dcdf04f5b15248f50a4874d623219adad7df0fc45c040df20dcd865730
160,95,0,0.5257107019424438,0.583431601524353,36.746055603027344,-36.16262400150299,-36.2203449010849,36.2203449010849,0.014287112205694173,16395193,17e041cd1ecc968632b4e20e04fc340ef2d1e0b27963b6a50ff0edc8b41900df,1ee7bfb4e3c218c49a3e907b71ee43c241898b778d0ec19d1d6b907e9965ef81
160,95,1,0.5257107019424438,0.6325814127922058,37.350311279296875,-36.71772986650467,-36.82460057735443,36.82460057735443,0.02294399405368842,16395193,17e041cd1ecc968632b4e20e04fc340ef2d1e0b27963b6a50ff0edc8b41900df,1ee7bfb4e3c218c49a3e907b71ee43c241898b778d0ec19d1d6b907e9965ef81
160,95,2,0.5257107019424438,0.5920820236206055,31.01580047607422,-30.423718452453613,-30.490089774131775,30.490089774131775,0.007281573528117065,16395193,17e041cd1ecc968632b4e20e04fc340ef2d1e0b27963b6a50ff0edc8b41900df,1ee7bfb4e3c218c49a3e907b71ee43c241898b778d0ec19d1d6b907e9965ef81
160,95,3,0.5257107019424438,0.5803122520446777,49.27661895751953,-48.69630670547485,-48.75090825557709,48.75090825557709,0.01538456130803748,16395193,17e041cd1ecc968632b4e20e04fc340ef2d1e0b27963b6a50ff0edc8b41900df,1ee7bfb4e3c218c49a3e907b71ee43c241898b778d0ec19d1d6b907e9965ef81
160,95,4,0.5257107019424438,0.5402732491493225,35.43785858154297,-34.897585332393646,-34.912147879600525,34.912147879600525,-0.0016138737193629419,16395193,17e041cd1ecc968632b4e20e04fc340ef2d1e0b27963b6a50ff0edc8b41900df,1ee7bfb4e3c218c49a3e907b71ee43c241898b778d0ec19d1d6b907e9965ef81
160,95,5,0.5257107019424438,0.6093623638153076,40.87173080444336,-40.26236844062805,-40.346020102500916,40.346020102500916,0.009667039055424768,16395193,17e041cd1ecc968632b4e20e04fc340ef2d1e0b27963b6a50ff0edc8b41900df,1ee7bfb4e3c218c49a3e907b71ee43c241898b778d0ec19d1d6b907e9965ef81
160,95,6,0.5257107019424438,0.5690749287605286,39.17948913574219,-38.61041420698166,-38.653778433799744,38.653778433799744,0.008150957943061928,16395193,17e041cd1ecc968632b4e20e04fc340ef2d1e0b27963b6a50ff0edc8b41900df,1ee7bfb4e3c218c49a3e907b71ee43c241898b778d0ec19d1d6b907e9965ef81
160,95,7,0.5257107019424438,0.5908102989196777,37.68593215942383,-37.09512186050415,-37.160221457481384,37.160221457481384,0.009364820172185545,16395193,17e041cd1ecc968632b4e20e04fc340ef2d1e0b27963b6a50ff0edc8b41900df,1ee7bfb4e3c218c49a3e907b71ee43c241898b778d0ec19d1d6b907e9965ef81
160,95,8,0.5257107019424438,0.5291361808776855,37.117130279541016,-36.58799409866333,-36.59141957759857,36.59141957759857,0.016275606331339603,16395193,17e041cd1ecc968632b4e20e04fc340ef2d1e0b27963b6a50ff0edc8b41900df,1ee7bfb4e3c218c49a3e907b71ee43c241898b778d0ec19d1d6b907e9965ef81
160,95,9,0.5257107019424438,0.6039256453514099,49.61083221435547,-49.00690656900406,-49.085121512413025,49.085121512413025,0.020966562761581597,16395193,17e041cd1ecc968632b4e20e04fc340ef2d1e0b27963b6a50ff0edc8b41900df,1ee7bfb4e3c218c49a3e907b71ee43c241898b778d0ec19d1d6b907e9965ef81
160,71,0,0.49096858501434326,0.548111081123352,35.565956115722656,-35.017845034599304,-35.07498753070831,35.07498753070831,0.001712640348545227,16371265,7ab6d17db58bdcc77db14a36de03c5f1a24f6e08282ffb06860519c37f77a9bf,471971229dddb5bbd26467af7c6de0ee3c6608aaeae78ef6b1e6c449cd40dbd8
160,71,1,0.49096858501434326,0.5946793556213379,26.227251052856445,-25.632571697235107,-25.736282467842102,25.736282467842102,0.016568632764013047,16371265,7ab6d17db58bdcc77db14a36de03c5f1a24f6e08282ffb06860519c37f77a9bf,471971229dddb5bbd26467af7c6de0ee3c6608aaeae78ef6b1e6c449cd40dbd8
160,71,2,0.49096858501434326,0.5797617435455322,31.065052032470703,-30.48529028892517,-30.57408344745636,30.57408344745636,0.007105306779645199,16371265,7ab6d17db58bdcc77db14a36de03c5f1a24f6e08282ffb06860519c37f77a9bf,471971229dddb5bbd26467af7c6de0ee3c6608aaeae78ef6b1e6c449cd40dbd8
160,71,3,0.49096858501434326,0.614109992980957,38.61790466308594,-38.00379467010498,-38.126936078071594,38.126936078071594,0.015160499077604804,16371265,7ab6d17db58bdcc77db14a36de03c5f1a24f6e08282ffb06860519c37f77a9bf,471971229dddb5bbd26467af7c6de0ee3c6608aaeae78ef6b1e6c449cd40dbd8
160,71,4,0.49096858501434326,0.5794843435287476,32.62423324584961,-32.04474890232086,-32.133264660835266,32.133264660835266,0.005648823479805491,16371265,7ab6d17db58bdcc77db14a36de03c5f1a24f6e08282ffb06860519c37f77a9bf,471971229dddb5bbd26467af7c6de0ee3c6608aaeae78ef6b1e6c449cd40dbd8
160,71,5,0.49096858501434326,0.5858243703842163,40.597049713134766,-40.01122534275055,-40.10608112812042,40.10608112812042,0.015206617147041697,16371265,7ab6d17db58bdcc77db14a36de03c5f1a24f6e08282ffb06860519c37f77a9bf,471971229dddb5bbd26467af7c6de0ee3c6608aaeae78ef6b1e6c449cd40dbd8
160,71,6,0.49096858501434326,0.5318417549133301,32.48433303833008,-31.952491283416748,-31.993364453315735,31.993364453315735,-0.005394840941612455,16371265,7ab6d17db58bdcc77db14a36de03c5f1a24f6e08282ffb06860519c37f77a9bf,471971229dddb5bbd26467af7c6de0ee3c6608aaeae78ef6b1e6c449cd40dbd8
160,71,7,0.49096858501434326,0.5852074027061462,35.318931579589844,-34.7337241768837,-34.8279629945755,34.8279629945755,0.009128361770612617,16371265,7ab6d17db58bdcc77db14a36de03c5f1a24f6e08282ffb06860519c37f77a9bf,471971229dddb5bbd26467af7c6de0ee3c6608aaeae78ef6b1e6c449cd40dbd8
160,71,8,0.49096858501434326,0.5641003847122192,29.371192932128906,-28.807092547416687,-28.880224347114563,28.880224347114563,0.0060758191030137855,16371265,7ab6d17db58bdcc77db14a36de03c5f1a24f6e08282ffb06860519c37f77a9bf,471971229dddb5bbd26467af7c6de0ee3c6608aaeae78ef6b1e6c449cd40dbd8
160,71,9,0.49096858501434326,0.5264886021614075,34.14006423950195,-33.613575637340546,-33.64909565448761,33.64909565448761,0.005410020612770219,16371265,7ab6d17db58bdcc77db14a36de03c5f1a24f6e08282ffb06860519c37f77a9bf,471971229dddb5bbd26467af7c6de0ee3c6608aaeae78ef6b1e6c449cd40dbd8
160,80,0,0.5911957025527954,0.731664776802063,39.76055145263672,-39.028886675834656,-39.16935575008392,39.16935575008392,0.0134743848239787,16380238,d597135e43d4de4370f8cc47363cc1a84e07edbdb8b78dfb55f8ce9820732087,91172a725a97f3f5b640256d1686aa4225646b2fa5627ae7baa02664b69593e4
160,80,1,0.5911957025527954,0.7584756016731262,22.200801849365234,-21.442326247692108,-21.60960614681244,21.60960614681244,0.01958434644527071,16380238,d597135e43d4de4370f8cc47363cc1a84e07edbdb8b78dfb55f8ce9820732087,91172a725a97f3f5b640256d1686aa4225646b2fa5627ae7baa02664b69593e4
160,80,2,0.5911957025527954,0.6976612210273743,39.43325424194336,-38.735593020915985,-38.842058539390564,38.842058539390564,0.014637990623771923,16380238,d597135e43d4de4370f8cc47363cc1a84e07edbdb8b78dfb55f8ce9820732087,91172a725a97f3f5b640256d1686aa4225646b2fa5627ae7baa02664b69593e4
160,80,3,0.5911957025527954,0.7934114336967468,107.25259399414062,-106.45918256044388,-106.66139829158783,106.66139829158783,0.01601391888260388,16380238,d597135e43d4de4370f8cc47363cc1a84e07edbdb8b78dfb55f8ce9820732087,91172a725a97f3f5b640256d1686aa4225646b2fa5627ae7baa02664b69593e4
160,80,4,0.5911957025527954,0.6549711227416992,54.11588668823242,-53.46091556549072,-53.52469098567963,53.52469098567963,0.011830674828599728,16380238,d597135e43d4de4370f8cc47363cc1a84e07edbdb8b78dfb55f8ce9820732087,91172a725a97f3f5b640256d1686aa4225646b2fa5627ae7baa02664b69593e4
160,80,5,0.5911957025527954,0.7373819351196289,49.90510559082031,-49.167723655700684,-49.31390988826752,49.31390988826752,0.013818073010833522,16380238,d597135e43d4de4370f8cc47363cc1a84e07edbdb8b78dfb55f8ce9820732087,91172a725a97f3f5b640256d1686aa4225646b2fa5627ae7baa02664b69593e4
160,80,6,0.5911957025527954,0.7628139853477478,58.5286865234375,-57.76587253808975,-57.937490820884705,57.937490820884705,0.01404499888968829,16380238,d597135e43d4de4370f8cc47363cc1a84e07edbdb8b78dfb55f8ce9820732087,91172a725a97f3f5b640256d1686aa4225646b2fa5627ae7baa02664b69593e4
160,80,7,0.5911957025527954,0.7572658658027649,33.00371551513672,-32.246449649333954,-32.41251981258392,32.41251981258392,0.015318964734966887,16380238,d597135e43d4de4370f8cc47363cc1a84e07edbdb8b78dfb55f8ce9820732087,91172a725a97f3f5b640256d1686aa4225646b2fa5627ae7baa02664b69593e4
160,80,8,0.5911957025527954,0.665578305721283,54.7178840637207,-54.05230575799942,-54.12668836116791,54.12668836116791,0.01809631200554455,16380238,d597135e43d4de4370f8cc47363cc1a84e07edbdb8b78dfb55f8ce9820732087,91172a725a97f3f5b640256d1686aa4225646b2fa5627ae7baa02664b69593e4
160,80,9,0.5911957025527954,0.8316377997398376,68.86109161376953,-68.0294538140297,-68.26989591121674,68.26989591121674,0.027984732449057883,16380238,d597135e43d4de4370f8cc47363cc1a84e07edbdb8b78dfb55f8ce9820732087,91172a725a97f3f5b640256d1686aa4225646b2fa5627ae7baa02664b69593e4
160,49,0,0.8571125268936157,1.0748106241226196,83.0973129272461,-82.02250230312347,-82.24020040035248,82.24020040035248,0.01793738366917554,16349331,a5ca7cfaf55ad877da36f22effba4c352af751bdc011218bd285a922f3515d73,c08c6cf592724027aa4386689e35636e94872721f4578c11c21196ab35bb73d9
160,49,1,0.8571125268936157,1.038325548171997,68.19412231445312,-67.15579676628113,-67.33700978755951,67.33700978755951,0.013084604481320306,16349331,a5ca7cfaf55ad877da36f22effba4c352af751bdc011218bd285a922f3515d73,c08c6cf592724027aa4386689e35636e94872721f4578c11c21196ab35bb73d9
160,49,2,0.8571125268936157,1.0172815322875977,43.53216552734375,-42.51488399505615,-42.675053000450134,42.675053000450134,0.010765125610185437,16349331,a5ca7cfaf55ad877da36f22effba4c352af751bdc011218bd285a922f3515d73,c08c6cf592724027aa4386689e35636e94872721f4578c11c21196ab35bb73d9
160,49,3,0.8571125268936157,1.0435152053833008,51.59877395629883,-50.55525875091553,-50.74166142940521,50.74166142940521,0.013021792331352481,16349331,a5ca7cfaf55ad877da36f22effba4c352af751bdc011218bd285a922f3515d73,c08c6cf592724027aa4386689e35636e94872721f4578c11c21196ab35bb73d9
160,49,4,0.8571125268936157,0.9274061322212219,46.44522476196289,-45.51781862974167,-45.588112235069275,45.588112235069275,0.004206126008463421,16349331,a5ca7cfaf55ad877da36f22effba4c352af751bdc011218bd285a922f3515d73,c08c6cf592724027aa4386689e35636e94872721f4578c11c21196ab35bb73d9
160,49,5,0.8571125268936157,0.9980406165122986,50.25498962402344,-49.25694900751114,-49.39787709712982,49.39787709712982,0.008156723007526264,16349331,a5ca7cfaf55ad877da36f22effba4c352af751bdc011218bd285a922f3515d73,c08c6cf592724027aa4386689e35636e94872721f4578c11c21196ab35bb73d9
160,49,6,0.8571125268936157,0.9973245859146118,58.97438049316406,-57.97705590724945,-58.11726796627045,58.11726796627045,0.010120617644436971,16349331,a5ca7cfaf55ad877da36f22effba4c352af751bdc011218bd285a922f3515d73,c08c6cf592724027aa4386689e35636e94872721f4578c11c21196ab35bb73d9
160,49,7,0.8571125268936157,1.0470677614212036,70.07260131835938,-69.02553355693817,-69.21548879146576,69.21548879146576,0.011314800477117205,16349331,a5ca7cfaf55ad877da36f22effba4c352af751bdc011218bd285a922f3515d73,c08c6cf592724027aa4386689e35636e94872721f4578c11c21196ab35bb73d9
160,49,8,0.8571125268936157,0.9727386236190796,57.01714324951172,-56.04440462589264,-56.1600307226181,56.1600307226181,0.015742135133303248,16349331,a5ca7cfaf55ad877da36f22effba4c352af751bdc011218bd285a922f3515d73,c08c6cf592724027aa4386689e35636e94872721f4578c11c21196ab35bb73d9
160,49,9,0.8571125268936157,1.1510878801345825,69.48052978515625,-68.32944190502167,-68.62341725826263,68.62341725826263,0.025848155750021768,16349331,a5ca7cfaf55ad877da36f22effba4c352af751bdc011218bd285a922f3515d73,c08c6cf592724027aa4386689e35636e94872721f4578c11c21196ab35bb73d9
160,39,0,1.2709811925888062,1.3407070636749268,126.10465240478516,-124.76394534111023,-124.83367121219635,124.83367121219635,-0.0009117515893431922,16339361,2979d056b18ef8c0ef6ce8d613a5743b1c6bdad607a24eec76f9b0ca87bd3a43,66361bfa8a0fbbd66a7691879be1af9c3a57e49b923deb3f09061ed3a08254d6
160,39,1,1.2709811925888062,1.2513638734817505,94.15907287597656,-92.90770900249481,-92.88809168338776,92.88809168338776,0.000334731377064192,16339361,2979d056b18ef8c0ef6ce8d613a5743b1c6bdad607a24eec76f9b0ca87bd3a43,66361bfa8a0fbbd66a7691879be1af9c3a57e49b923deb3f09061ed3a08254d6
160,39,2,1.2709811925888062,1.326953411102295,120.75642395019531,-119.42947053909302,-119.4854427576065,119.4854427576065,0.0031819395172713247,16339361,2979d056b18ef8c0ef6ce8d613a5743b1c6bdad607a24eec76f9b0ca87bd3a43,66361bfa8a0fbbd66a7691879be1af9c3a57e49b923deb3f09061ed3a08254d6
160,39,3,1.2709811925888062,1.492199420928955,175.953857421875,-174.46165800094604,-174.6828762292862,174.6828762292862,0.014647039080016655,16339361,2979d056b18ef8c0ef6ce8d613a5743b1c6bdad607a24eec76f9b0ca87bd3a43,66361bfa8a0fbbd66a7691879be1af9c3a57e49b923deb3f09061ed3a08254d6
160,39,4,1.2709811925888062,1.365520715713501,148.0184783935547,-146.6529576778412,-146.74749720096588,146.74749720096588,0.0010960731758980229,16339361,2979d056b18ef8c0ef6ce8d613a5743b1c6bdad607a24eec76f9b0ca87bd3a43,66361bfa8a0fbbd66a7691879be1af9c3a57e49b923deb3f09061ed3a08254d6
160,39,5,1.2709811925888062,1.4422435760498047,135.7388458251953,-134.2966022491455,-134.4678646326065,134.4678646326065,0.004863464208714032,16339361,2979d056b18ef8c0ef6ce8d613a5743b1c6bdad607a24eec76f9b0ca87bd3a43,66361bfa8a0fbbd66a7691879be1af9c3a57e49b923deb3f09061ed3a08254d6
160,39,6,1.2709811925888062,1.259696125984192,133.01980590820312,-131.76010978221893,-131.74882471561432,131.74882471561432,-0.0011106705132496936,16339361,2979d056b18ef8c0ef6ce8d613a5743b1c6bdad607a24eec76f9b0ca87bd3a43,66361bfa8a0fbbd66a7691879be1af9c3a57e49b923deb3f09061ed3a08254d6
160,39,7,1.2709811925888062,1.3255292177200317,122.89266967773438,-121.56714046001434,-121.62168848514557,121.62168848514557,-0.0006615625252684802,16339361,2979d056b18ef8c0ef6ce8d613a5743b1c6bdad607a24eec76f9b0ca87bd3a43,66361bfa8a0fbbd66a7691879be1af9c3a57e49b923deb3f09061ed3a08254d6
160,39,8,1.2709811925888062,1.4123249053955078,154.4643096923828,-153.0519847869873,-153.193328499794,153.193328499794,0.0038162153515969763,16339361,2979d056b18ef8c0ef6ce8d613a5743b1c6bdad607a24eec76f9b0ca87bd3a43,66361bfa8a0fbbd66a7691879be1af9c3a57e49b923deb3f09061ed3a08254d6
160,39,9,1.2709811925888062,1.2902297973632812,125.91199493408203,-124.62176513671875,-124.64101374149323,124.64101374149323,0.0004795142939273388,16339361,2979d056b18ef8c0ef6ce8d613a5743b1c6bdad607a24eec76f9b0ca87bd3a43,66361bfa8a0fbbd66a7691879be1af9c3a57e49b923deb3f09061ed3a08254d6
160,81,0,1.153778314590454,1.5823521614074707,1180.941162109375,-1179.3588099479675,-1179.7873837947845,1179.7873837947845,0.015774968611044007,16381235,d029fc7de427888a0126d361532e102468580026d743fc3f3bea816edf3915e1,4061cb042b7639647333e7b2ebf5fdeeb99aedc4e1a56e305347d684a99db5b8
160,81,1,1.153778314590454,1.4671711921691895,1028.676513671875,-1027.2093424797058,-1027.5227353572845,1027.5227353572845,0.013514590146678464,16381235,d029fc7de427888a0126d361532e102468580026d743fc3f3bea816edf3915e1,4061cb042b7639647333e7b2ebf5fdeeb99aedc4e1a56e305347d684a99db5b8
160,81,2,1.153778314590454,1.3614803552627563,898.5336303710938,-897.172150015831,-897.3798520565033,897.3798520565033,0.010032775651033407,16381235,d029fc7de427888a0126d361532e102468580026d743fc3f3bea816edf3915e1,4061cb042b7639647333e7b2ebf5fdeeb99aedc4e1a56e305347d684a99db5b8
160,81,3,1.153778314590454,1.3693493604660034,1263.83154296875,-1262.462193608284,-1262.6777646541595,1262.6777646541595,0.01162445628312248,16381235,d029fc7de427888a0126d361532e102468580026d743fc3f3bea816edf3915e1,4061cb042b7639647333e7b2ebf5fdeeb99aedc4e1a56e305347d684a99db5b8
160,81,4,1.153778314590454,1.2302720546722412,924.837890625,-923.6076185703278,-923.6841123104095,923.6841123104095,0.004372264674698297,16381235,d029fc7de427888a0126d361532e102468580026d743fc3f3bea816edf3915e1,4061cb042b7639647333e7b2ebf5fdeeb99aedc4e1a56e305347d684a99db5b8
160,81,5,1.153778314590454,1.341450810432434,1111.0421142578125,-1109.70066344738,-1109.888335943222,1109.888335943222,0.009506830589352018,16381235,d029fc7de427888a0126d361532e102468580026d743fc3f3bea816edf3915e1,4061cb042b7639647333e7b2ebf5fdeeb99aedc4e1a56e305347d684a99db5b8
160,81,6,1.153778314590454,1.311034917831421,1103.82568359375,-1102.5146486759186,-1102.6719052791595,1102.6719052791595,0.00854010800570852,16381235,d029fc7de427888a0126d361532e102468580026d743fc3f3bea816edf3915e1,4061cb042b7639647333e7b2ebf5fdeeb99aedc4e1a56e305347d684a99db5b8
160,81,7,1.153778314590454,1.5421037673950195,1114.27587890625,-1112.733775138855,-1113.1221005916595,1113.1221005916595,0.012576535049361364,16381235,d029fc7de427888a0126d361532e102468580026d743fc3f3bea816edf3915e1,4061cb042b7639647333e7b2ebf5fdeeb99aedc4e1a56e305347d684a99db5b8
160,81,8,1.153778314590454,1.3965665102005005,905.4136962890625,-904.017129778862,-904.259917974472,904.259917974472,0.015263071387915472,16381235,d029fc7de427888a0126d361532e102468580026d743fc3f3bea816edf3915e1,4061cb042b7639647333e7b2ebf5fdeeb99aedc4e1a56e305347d684a99db5b8
160,81,9,1.153778314590454,1.6745847463607788,1333.8170166015625,-1332.1424318552017,-1332.663238286972,1332.663238286972,0.022777249199724202,16381235,d029fc7de427888a0126d361532e102468580026d743fc3f3bea816edf3915e1,4061cb042b7639647333e7b2ebf5fdeeb99aedc4e1a56e305347d684a99db5b8
160,30,0,1.2369564771652222,1.3648109436035156,415.6103820800781,-414.2455711364746,-414.3734256029129,414.3734256029129,0.004912908397900143,16330388,1fc9af4ec463ba1a4c6be9e070e94123a42f553db026ccc563b55c4eaaf40f16,a8b819946f6f080efbb5125e9ad483ae8d312c2edfb24a9db6d1e2e980ec6901
160,30,1,1.2369564771652222,1.5323694944381714,475.67657470703125,-474.1442052125931,-474.439618229866,474.439618229866,0.014038441532378156,16330388,1fc9af4ec463ba1a4c6be9e070e94123a42f553db026ccc563b55c4eaaf40f16,a8b819946f6f080efbb5125e9ad483ae8d312c2edfb24a9db6d1e2e980ec6901
160,30,2,1.2369564771652222,1.2772899866104126,356.74993896484375,-355.47264897823334,-355.5129824876785,355.5129824876785,-0.00021765169072315545,16330388,1fc9af4ec463ba1a4c6be9e070e94123a42f553db026ccc563b55c4eaaf40f16,a8b819946f6f080efbb5125e9ad483ae8d312c2edfb24a9db6d1e2e980ec6901
160,30,3,1.2369564771652222,1.5035910606384277,649.33544921875,-647.8318581581116,-648.0984927415848,648.0984927415848,0.011665785287664118,16330388,1fc9af4ec463ba1a4c6be9e070e94123a42f553db026ccc563b55c4eaaf40f16,a8b819946f6f080efbb5125e9ad483ae8d312c2edfb24a9db6d1e2e980ec6901
160,30,4,1.2369564771652222,1.2711814641952515,432.1572265625,-430.88604509830475,-430.9202700853348,430.9202700853348,-0.001795957545862299,16330388,1fc9af4ec463ba1a4c6be9e070e94123a42f553db026ccc563b55c4eaaf40f16,a8b819946f6f080efbb5125e9ad483ae8d312c2edfb24a9db6d1e2e980ec6901
160,30,5,1.2369564771652222,1.4584927558898926,562.6696166992188,-561.2111239433289,-561.4326602220535,561.4326602220535,0.005084328895627757,16330388,1fc9af4ec463ba1a4c6be9e070e94123a42f553db026ccc563b55c4eaaf40f16,a8b819946f6f080efbb5125e9ad483ae8d312c2edfb24a9db6d1e2e980ec6901
160,30,6,1.2369564771652222,1.3488062620162964,470.3312683105469,-468.9824620485306,-469.09431183338165,469.09431183338165,0.0052744249321115405,16330388,1fc9af4ec463ba1a4c6be9e070e94123a42f553db026ccc563b55c4eaaf40f16,a8b819946f6f080efbb5125e9ad483ae8d312c2edfb24a9db6d1e2e980ec6901
160,30,7,1.2369564771652222,1.4194321632385254,430.3621520996094,-428.94271993637085,-429.12519562244415,429.12519562244415,0.002827723926214628,16330388,1fc9af4ec463ba1a4c6be9e070e94123a42f553db026ccc563b55c4eaaf40f16,a8b819946f6f080efbb5125e9ad483ae8d312c2edfb24a9db6d1e2e980ec6901
160,30,8,1.2369564771652222,1.288991928100586,478.05078125,-476.7617893218994,-476.8138247728348,476.8138247728348,0.0057939310904916485,16330388,1fc9af4ec463ba1a4c6be9e070e94123a42f553db026ccc563b55c4eaaf40f16,a8b819946f6f080efbb5125e9ad483ae8d312c2edfb24a9db6d1e2e980ec6901
160,30,9,1.2369564771652222,1.4664169549942017,667.7039184570312,-666.237501502037,-666.466961979866,666.466961979866,0.010782476085114106,16330388,1fc9af4ec463ba1a4c6be9e070e94123a42f553db026ccc563b55c4eaaf40f16,a8b819946f6f080efbb5125e9ad483ae8d312c2edfb24a9db6d1e2e980ec6901
160,8,0,1.1658607721328735,1.3307312726974487,306.8958740234375,-305.56514275074005,-305.7300132513046,305.7300132513046,0.008628190932828026,16308454,66f593b75caa0e219b4a368bb192374a954ab7605aba136fc5323ff5a8fb7d59,8979c7228c985e23f19a6e39b62a0db1762c04aad5e760fa29d022171f27f5d7
160,8,1,1.1658607721328735,1.5193387269973755,332.7532958984375,-331.2339571714401,-331.5874351263046,331.5874351263046,0.016894157453865164,16308454,66f593b75caa0e219b4a368bb192374a954ab7605aba136fc5323ff5a8fb7d59,8979c7228c985e23f19a6e39b62a0db1762c04aad5e760fa29d022171f27f5d7
160,8,2,1.1658607721328735,1.1872386932373047,252.3083038330078,-251.1210651397705,-251.14244306087494,251.14244306087494,0.0024358734050197103,16308454,66f593b75caa0e219b4a368bb192374a954ab7605aba136fc5323ff5a8fb7d59,8979c7228c985e23f19a6e39b62a0db1762c04aad5e760fa29d022171f27f5d7
160,8,3,1.1658607721328735,1.4265272617340088,519.314697265625,-517.888170003891,-518.1488364934921,518.1488364934921,0.015008511473813144,16308454,66f593b75caa0e219b4a368bb192374a954ab7605aba136fc5323ff5a8fb7d59,8979c7228c985e23f19a6e39b62a0db1762c04aad5e760fa29d022171f27f5d7
160,8,4,1.1658607721328735,1.1708589792251587,335.77545166015625,-334.6045926809311,-334.6095908880234,334.6095908880234,0.0010442611269405211,16308454,66f593b75caa0e219b4a368bb192374a954ab7605aba136fc5323ff5a8fb7d59,8979c7228c985e23f19a6e39b62a0db1762c04aad5e760fa29d022171f27f5d7
160,8,5,1.1658607721328735,1.4360778331756592,406.2085266113281,-404.77244877815247,-405.04266583919525,405.04266583919525,0.007899672211275025,16308454,66f593b75caa0e219b4a368bb192374a954ab7605aba136fc5323ff5a8fb7d59,8979c7228c985e23f19a6e39b62a0db1762c04aad5e760fa29d022171f27f5d7
160,8,6,1.1658607721328735,1.2730097770690918,349.41302490234375,-348.14001512527466,-348.2471641302109,348.2471641302109,0.0072853123207715954,16308454,66f593b75caa0e219b4a368bb192374a954ab7605aba136fc5323ff5a8fb7d59,8979c7228c985e23f19a6e39b62a0db1762c04aad5e760fa29d022171f27f5d7
160,8,7,1.1658607721328735,1.4171860218048096,327.00860595703125,-325.59141993522644,-325.8427451848984,325.8427451848984,0.005018437346551268,16308454,66f593b75caa0e219b4a368bb192374a954ab7605aba136fc5323ff5a8fb7d59,8979c7228c985e23f19a6e39b62a0db1762c04aad5e760fa29d022171f27f5d7
160,8,8,1.1658607721328735,1.2208484411239624,343.5132751464844,-342.2924267053604,-342.3474143743515,342.3474143743515,0.010285051765915954,16308454,66f593b75caa0e219b4a368bb192374a954ab7605aba136fc5323ff5a8fb7d59,8979c7228c985e23f19a6e39b62a0db1762c04aad5e760fa29d022171f27f5d7
160,8,9,1.1658607721328735,1.376943588256836,478.5099792480469,-477.13303565979004,-477.344118475914,477.344118475914,0.012375275085040686,16308454,66f593b75caa0e219b4a368bb192374a954ab7605aba136fc5323ff5a8fb7d59,8979c7228c985e23f19a6e39b62a0db1762c04aad5e760fa29d022171f27f5d7
