Run directory: C:\Users\admin\Desktop\need_do\new_paper_four\FedPhoenix-new\results\m2_5step_1of64_1200\functional_recovery_seed1_20260909_102226_845381_m2_steps5_seed1_1of64_1200r_serial
Partition fingerprint: f8fcaa0f17c5d2078c5d24ece11b3f8cfcb82553733fb972155b7452d87a8fd0; device=cuda:0
ROUND fedrad round=1 clients=[80, 84, 33, 81, 93, 17, 36, 82, 69, 65] diagnostic_accuracy=10.0400% Gamma=0.000000 gate_passed=True fallback=functional_recovery_hungarian global_hash=81d0d6641a064600fb9a2450eeeeeda4f3b2ea5b016d843b028c2e65ace24996
ROUND fedrad round=2 clients=[44, 96, 1, 35, 26, 11, 38, 82, 87, 3] diagnostic_accuracy=17.1600% Gamma=0.000000 gate_passed=True fallback=functional_recovery_hungarian global_hash=ae15a4085beac51d978079ec0eebc6b7468aee7c085cefa70b1c482cd5519883
ROUND fedrad round=3 clients=[95, 67, 96, 71, 1, 80, 99, 45, 52, 27] diagnostic_accuracy=20.7200% Gamma=0.000000 gate_passed=True fallback=functional_recovery_hungarian global_hash=f5aa549070863497afc15eb10bb3322cc08d95c5d9131ea621566d4b018ec42a
ROUND fedrad round=4 clients=[40, 10, 96, 66, 89, 32, 95, 55, 25, 5] diagnostic_accuracy=19.5200% Gamma=0.000000 gate_passed=True fallback=functional_recovery_hungarian global_hash=c4b673c04a4b055ea46f7db7e28ac5daa00227dd96dfc8968d0913bd0e4852c1
ROUND fedrad round=5 clients=[89, 99, 45, 96, 72, 9, 74, 88, 1, 38] diagnostic_accuracy=24.1100% Gamma=0.000000 gate_passed=True fallback=functional_recovery_hungarian global_hash=0665315d1001f2d0e7b60d9528180f69a0fcfb7167bc476b41ca903046a4a8b2
ROUND fedrad round=6 clients=[0, 86, 4, 23, 24, 1, 62, 83, 66, 93] diagnostic_accuracy=26.1200% Gamma=0.000000 gate_passed=True fallback=functional_recovery_hungarian global_hash=9f714f3f049c9fc99e691ca03fffb1313af17b43dc23dbf7986b2a8651220d7d
ROUND fedrad round=7 clients=[6, 59, 72, 30, 91, 43, 75, 76, 15, 61] diagnostic_accuracy=29.2500% Gamma=0.000000 gate_passed=True fallback=functional_recovery_hungarian global_hash=e2eea4169ac090843d28ce79e1b450dbd3379394369e5a27f3da1e31255c0fac
ROUND fedrad round=8 clients=[44, 88, 74, 48, 59, 79, 25, 52, 45, 55] diagnostic_accuracy=26.9200% Gamma=0.000000 gate_passed=True fallback=functional_recovery_hungarian global_hash=5ac50aa1d24b87ae8bd9dcb7e019954af7e9477865392ed9b6613dc0ce068f08
ROUND fedrad round=9 clients=[3, 60, 35, 33, 22, 66, 45, 68, 67, 75] diagnostic_accuracy=30.3100% Gamma=0.000000 gate_passed=True fallback=functional_recovery_hungarian global_hash=2761446917570192d3885bfe81c74b36be5693880e0bdf29e2d2c5c1eb6d5c44
ROUND fedrad round=10 clients=[64, 91, 12, 52, 16, 65, 50, 68, 33, 30] diagnostic_accuracy=32.2900% Gamma=0.000000 gate_passed=True fallback=functional_recovery_hungarian global_hash=92e5bef834d58848453567b96be8fabb94a30426221fd81b38c034474642a402
ROUND fedrad round=11 clients=[54, 27, 23, 37, 75, 33, 41, 46, 52, 24] diagnostic_accuracy=34.3200% Gamma=0.000000 gate_passed=True fallback=functional_recovery_hungarian global_hash=34d3f5f0e340a7711a5f8a83cb9b1595d5208123544b8b6ca5a26023230336c0
ROUND fedrad round=12 clients=[54, 45, 28, 44, 15, 1, 93, 12, 88, 40] diagnostic_accuracy=34.5200% Gamma=0.000000 gate_passed=True fallback=functional_recovery_hungarian global_hash=40ddae160aec2565b0d32c864cf0c856e192b07d4afb1366fcbc210338445966
ROUND fedrad round=13 clients=[70, 75, 5, 68, 36, 79, 72, 78, 57, 44] diagnostic_accuracy=31.6600% Gamma=0.000000 gate_passed=True fallback=functional_recovery_hungarian global_hash=b489fd72613afe064a58109a91f81ff02302999cf25c2b45b9f721bc583c1f8c
ROUND fedrad round=14 clients=[41, 9, 30, 89, 40, 49, 3, 22, 8, 16] diagnostic_accuracy=36.1400% Gamma=0.000000 gate_passed=True fallback=functional_recovery_hungarian global_hash=a9609aa0b8b8bfd0df9306c7d28de3f17e80b9cd7306a7f15dbdd6e11bdadad4
ROUND fedrad round=15 clients=[82, 28, 69, 81, 56, 71, 85, 27, 37, 66] diagnostic_accuracy=35.5100% Gamma=0.000000 gate_passed=True fallback=functional_recovery_hungarian global_hash=5de89846279a52214ca43bfc4e3f03589a1eac9486e2c6b2bfaedaa5e778113c
ROUND fedrad round=16 clients=[60, 13, 26, 12, 1, 28, 88, 86, 11, 43] diagnostic_accuracy=36.3600% Gamma=0.000000 gate_passed=True fallback=functional_recovery_hungarian global_hash=d8e4cbdaab591e86eeef5d7f63c39c811e32e5ab1c8b04f60fdfc810763018a6
ROUND fedrad round=17 clients=[93, 16, 72, 75, 10, 4, 38, 71, 42, 62] diagnostic_accuracy=34.6500% Gamma=0.000000 gate_passed=True fallback=functional_recovery_hungarian global_hash=5ea43818d68ad4afaf3b5913c4dc54390eb19efdc0d49a72d263b0ab652a2e19
ROUND fedrad round=18 clients=[36, 47, 1, 64, 57, 97, 29, 6, 67, 92] diagnostic_accuracy=40.8000% Gamma=0.000000 gate_passed=True fallback=functional_recovery_hungarian global_hash=1411e3d274e830136b38b98290c88112ccedacdb980b460d2eb2b36a374cc6f6
ROUND fedrad round=19 clients=[48, 87, 17, 57, 22, 81, 4, 51, 94, 63] diagnostic_accuracy=37.6900% Gamma=0.000000 gate_passed=True fallback=functional_recovery_hungarian global_hash=6ff641ebd271e3de6c0ced3466b0a1c1f799e87dbbb86601537068c4b0f33dd8
ROUND fedrad round=20 clients=[9, 17, 59, 11, 2, 95, 68, 28, 60, 14] diagnostic_accuracy=36.5200% Gamma=0.000000 gate_passed=True fallback=functional_recovery_hungarian global_hash=7ae671a2ed73be39066d33cb708c03dc30d2d5eedae8b9eb4f4e53fe5a197bc0
ROUND fedrad round=21 clients=[26, 25, 15, 93, 45, 54, 68, 90, 76, 10] diagnostic_accuracy=33.4000% Gamma=0.000000 gate_passed=True fallback=functional_recovery_hungarian global_hash=6461a6c4b26bc4a344e54b138941afc3b9ad42c3643bb0673637cdc4abd01e37
ROUND fedrad round=22 clients=[84, 74, 93, 1, 48, 44, 29, 26, 94, 75] diagnostic_accuracy=37.9200% Gamma=0.000000 gate_passed=True fallback=functional_recovery_hungarian global_hash=edd52e4b592b9d145013ab797f72670abd5731decd5793bdc4eee79bbb5ef4ab
ROUND fedrad round=23 clients=[71, 58, 50, 22, 59, 84, 10, 70, 43, 67] diagnostic_accuracy=35.5800% Gamma=0.000000 gate_passed=True fallback=functional_recovery_hungarian global_hash=5a9c90ffe6664dcf9c5dc0f74b28f8a7faea9ef501513bec61d2136a108ab625
ROUND fedrad round=24 clients=[70, 54, 33, 75, 31, 58, 17, 6, 3, 51] diagnostic_accuracy=36.0800% Gamma=0.000000 gate_passed=True fallback=functional_recovery_hungarian global_hash=798a055a615d78d02e3b90297baeb6332fdee3f6b2e63c4ae1d18ba5bab34622
ROUND fedrad round=25 clients=[42, 87, 33, 36, 30, 84, 78, 98, 71, 75] diagnostic_accuracy=25.5500% Gamma=0.000000 gate_passed=True fallback=functional_recovery_hungarian global_hash=36a250cb00cd705869204d8070d9a000939ba0f3b9deb366d49d801526f47e41
ROUND fedrad round=26 clients=[41, 47, 34, 10, 51, 11, 50, 16, 86, 64] diagnostic_accuracy=44.4200% Gamma=0.000000 gate_passed=True fallback=functional_recovery_hungarian global_hash=755fb51519a5b2ad683ae09089d9c93a8738c755a4cb968dce06a9a8b5893c4c
ROUND fedrad round=27 clients=[58, 82, 63, 50, 98, 84, 4, 46, 65, 88] diagnostic_accuracy=36.7300% Gamma=0.000000 gate_passed=True fallback=functional_recovery_hungarian global_hash=0594c044afc684cc742629603a7141afe6a5aaedc7e72ef78b5aeb9d4f07f914
ROUND fedrad round=28 clients=[99, 88, 69, 16, 46, 29, 90, 91, 4, 45] diagnostic_accuracy=43.5600% Gamma=0.000000 gate_passed=True fallback=functional_recovery_hungarian global_hash=7d28348bbaccd16fc9493d5c167af47212ec7375eee15b85fe0d493a166f8e96
ROUND fedrad round=29 clients=[80, 73, 28, 34, 1, 10, 13, 65, 5, 49] diagnostic_accuracy=41.1700% Gamma=0.000000 gate_passed=True fallback=functional_recovery_hungarian global_hash=615b662d346d4895d6070487ca5ae57a80ef9bf7e08162b767c015a22da7e94b
ROUND fedrad round=30 clients=[62, 41, 74, 11, 99, 8, 75, 26, 81, 85] diagnostic_accuracy=41.9100% Gamma=0.000000 gate_passed=True fallback=functional_recovery_hungarian global_hash=b4e22a22f1f39b2d88819b97fe036f7242738c15dbc8fc80ba3d3c2fc3977380
ROUND fedrad round=31 clients=[96, 81, 77, 83, 14, 50, 13, 67, 53, 91] diagnostic_accuracy=49.4100% Gamma=0.000000 gate_passed=True fallback=functional_recovery_hungarian global_hash=c5ce2b229a31900ad6d9eb1787d4230f9268273117027b4cab55bf2ff4a3ab71
ROUND fedrad round=32 clients=[40, 73, 70, 3, 6, 94, 1, 25, 20, 10] diagnostic_accuracy=36.8900% Gamma=0.000000 gate_passed=True fallback=functional_recovery_hungarian global_hash=792bd6ccdd4e1ebebeeb8efc1c60977d04719a903094d0b5ff5c030fc6c05773
ROUND fedrad round=33 clients=[45, 16, 51, 88, 17, 78, 36, 44, 21, 62] diagnostic_accuracy=42.4900% Gamma=0.000000 gate_passed=True fallback=functional_recovery_hungarian global_hash=bfc2e12374b5db86bacb1ed103b3ce6b33f64a2b47483545ef012ac24592a754
ROUND fedrad round=34 clients=[92, 43, 97, 61, 58, 67, 1, 98, 30, 75] diagnostic_accuracy=45.6600% Gamma=0.000000 gate_passed=True fallback=functional_recovery_hungarian global_hash=972fb64c4b5ff5bfa4dea66541e18e6c9f0370f5350f3b42d694e8ebe8a01df1
ROUND fedrad round=35 clients=[31, 89, 17, 66, 92, 23, 96, 9, 35, 20] diagnostic_accuracy=42.4000% Gamma=0.000000 gate_passed=True fallback=functional_recovery_hungarian global_hash=78e626bebb9ff39726cb9c2c69c282948ac834b1568845638abdc97789232fd1
ROUND fedrad round=36 clients=[72, 68, 65, 28, 23, 85, 16, 60, 73, 78] diagnostic_accuracy=48.3100% Gamma=0.000000 gate_passed=True fallback=functional_recovery_hungarian global_hash=da1432ebc2c9292225a49ef8550d88fe068966ef7b32b5f9de93c455df810abc
ROUND fedrad round=37 clients=[66, 49, 62, 9, 84, 68, 74, 3, 44, 71] diagnostic_accuracy=32.6000% Gamma=0.000000 gate_passed=True fallback=functional_recovery_hungarian global_hash=577e45c205b97b3611238bd7475792ab877c9a170c5c3a1a0934e5f723609357
ROUND fedrad round=38 clients=[50, 73, 27, 38, 8, 53, 21, 14, 28, 64] diagnostic_accuracy=43.6400% Gamma=0.000000 gate_passed=True fallback=functional_recovery_hungarian global_hash=da8d41c26412ad403faba596bca94b641d29ede2a872a2eddffd874e1f354e4c
ROUND fedrad round=39 clients=[48, 87, 40, 59, 3, 10, 75, 35, 49, 89] diagnostic_accuracy=43.3700% Gamma=0.000000 gate_passed=True fallback=functional_recovery_hungarian global_hash=89b33b450f68326128ebde34eeb811daf79df91a8faf4c33c2f4c0b37adf8785
ROUND fedrad round=40 clients=[83, 93, 34, 60, 90, 45, 42, 41, 91, 36] diagnostic_accuracy=46.1700% Gamma=0.000000 gate_passed=True fallback=functional_recovery_hungarian global_hash=0276d3c33381373dca60e306d61cda1e8a54c35f2079a2983da5b6988ec2f748
ROUND fedrad round=41 clients=[75, 52, 20, 80, 90, 93, 4, 51, 13, 98] diagnostic_accuracy=45.5700% Gamma=0.000000 gate_passed=True fallback=functional_recovery_hungarian global_hash=93a98ad6fcc2036bb8842131f3851449c75adcfbfd8c00d487e1dd47c3ceb643
ROUND fedrad round=42 clients=[98, 79, 17, 10, 3, 12, 29, 26, 54, 58] diagnostic_accuracy=38.5800% Gamma=0.000000 gate_passed=True fallback=functional_recovery_hungarian global_hash=bf65df9c713b4d01d411852aed9aa5787fdb597aff9c1080f371d1b31df456da
ROUND fedrad round=43 clients=[32, 15, 47, 9, 7, 16, 24, 57, 71, 28] diagnostic_accuracy=47.4800% Gamma=0.000000 gate_passed=True fallback=functional_recovery_hungarian global_hash=d4594e21c85143e9c9057fb0b6bd5260d2c4ec278c3894950926bfcd4b988adc
ROUND fedrad round=44 clients=[76, 67, 81, 35, 44, 49, 32, 99, 69, 51] diagnostic_accuracy=45.3400% Gamma=0.000000 gate_passed=True fallback=functional_recovery_hungarian global_hash=9ecce64db64f1161ee60ae506f5eadb8324a85d833cff0ca22950de22f7b5dbe
ROUND fedrad round=45 clients=[42, 4, 95, 71, 84, 22, 61, 5, 10, 28] diagnostic_accuracy=45.0400% Gamma=0.000000 gate_passed=True fallback=functional_recovery_hungarian global_hash=551b2578ca5ddc4edf6447b39f621b9a4bcfdd5b6f235db9f01e0c3881840580
ROUND fedrad round=46 clients=[61, 52, 80, 26, 37, 44, 85, 1, 99, 55] diagnostic_accuracy=53.1100% Gamma=0.000000 gate_passed=True fallback=functional_recovery_hungarian global_hash=2f54140251dd650b51a721b6cfa6f021d5e9732b431a51f2be4d49ee5e6cb4fb
ROUND fedrad round=47 clients=[23, 10, 75, 28, 19, 22, 43, 13, 98, 85] diagnostic_accuracy=52.4500% Gamma=0.000000 gate_passed=True fallback=functional_recovery_hungarian global_hash=e2f880cd815db603901d034922d686883086893586c4ac52042908748b550e16
ROUND fedrad round=48 clients=[18, 1, 96, 63, 59, 71, 88, 39, 97, 68] diagnostic_accuracy=48.4600% Gamma=0.000000 gate_passed=True fallback=functional_recovery_hungarian global_hash=f18d293c3ddc0c2b94f289e4aca57569c06ebe995da36e52f48f8a8da6a41d7c
ROUND fedrad round=49 clients=[44, 11, 93, 47, 54, 9, 81, 94, 45, 65] diagnostic_accuracy=53.2800% Gamma=0.000000 gate_passed=True fallback=functional_recovery_hungarian global_hash=2603cdaa5af63940861ef3a00d14b2ee31545115fe4cae70ab5d232f7c5295bf
ROUND fedrad round=50 clients=[48, 43, 51, 76, 99, 39, 38, 73, 89, 80] diagnostic_accuracy=50.3700% Gamma=0.000000 gate_passed=True fallback=functional_recovery_hungarian global_hash=2bf4f4e29691d61ddd17ff66ba31c22e6424b94d5b9d21623c458f6840ffd6de
ROUND fedrad round=51 clients=[34, 16, 99, 17, 62, 58, 96, 29, 90, 30] diagnostic_accuracy=52.1200% Gamma=0.000000 gate_passed=True fallback=functional_recovery_hungarian global_hash=1e16ff2ec816496792c055f589d7fe5062f23ff38388500b0585841c4f7a5cc2
ROUND fedrad round=52 clients=[8, 59, 78, 95, 25, 35, 99, 86, 54, 64] diagnostic_accuracy=54.3700% Gamma=0.000000 gate_passed=True fallback=functional_recovery_hungarian global_hash=f6714e8190bb7801f2fa2472b7af2f4995e5ac865f6102e2934849777f96c136
ROUND fedrad round=53 clients=[87, 42, 55, 74, 37, 10, 26, 23, 57, 62] diagnostic_accuracy=49.1500% Gamma=0.000000 gate_passed=True fallback=functional_recovery_hungarian global_hash=3cfde69e1b07bd18456ecacd2b963f854474f40783ae567b95373a896b56d9a1
ROUND fedrad round=54 clients=[84, 2, 76, 48, 68, 40, 92, 8, 42, 46] diagnostic_accuracy=55.7400% Gamma=0.000000 gate_passed=True fallback=functional_recovery_hungarian global_hash=257f58dda9b255079e1833dabdc51dbf796c88363d8fe2bd6d29b97ff7f023be
ROUND fedrad round=55 clients=[91, 70, 16, 58, 10, 35, 31, 86, 62, 54] diagnostic_accuracy=53.6500% Gamma=0.000000 gate_passed=True fallback=functional_recovery_hungarian global_hash=ddd33435cadef4fd73d2fdcfd725118632f2baa39b34748467b5e4e01fcb5947
ROUND fedrad round=56 clients=[32, 41, 20, 75, 69, 62, 74, 38, 80, 58] diagnostic_accuracy=47.9900% Gamma=0.000000 gate_passed=True fallback=functional_recovery_hungarian global_hash=7a0118bf9a7137af0f24a7243820bcac125775d171eaed9332d97b89d5d2948c
ROUND fedrad round=57 clients=[89, 0, 84, 16, 97, 67, 41, 38, 59, 60] diagnostic_accuracy=49.7000% Gamma=0.000000 gate_passed=True fallback=functional_recovery_hungarian global_hash=c8a02fd5ecba5112b6579fc097d047b3e8190024a0d3dd79add8d117b9588821
ROUND fedrad round=58 clients=[59, 21, 34, 35, 95, 41, 9, 12, 47, 42] diagnostic_accuracy=54.5400% Gamma=0.000000 gate_passed=True fallback=functional_recovery_hungarian global_hash=e615c5829ea8b947c16c793034a82e021ab015e99257176e37b35554c210fb79
ROUND fedrad round=59 clients=[88, 78, 75, 43, 57, 63, 34, 79, 17, 93] diagnostic_accuracy=50.6200% Gamma=0.000000 gate_passed=True fallback=functional_recovery_hungarian global_hash=e9649b4b5569e4d14d206aec759837d72fab6bbc07a9970060028ad50956d5d5
ROUND fedrad round=60 clients=[76, 35, 9, 75, 32, 97, 53, 72, 27, 91] diagnostic_accuracy=50.1700% Gamma=0.000000 gate_passed=True fallback=functional_recovery_hungarian global_hash=00cfa3693743cc8f01550040aa8ed3733ed69a3e03663ea8cc80f5cf235dc44b
ROUND fedrad round=61 clients=[60, 14, 9, 43, 15, 68, 7, 44, 65, 89] diagnostic_accuracy=55.4600% Gamma=0.000000 gate_passed=True fallback=functional_recovery_hungarian global_hash=a1c62185f9636435567aff29004d47a51fa5a82908694c7cfed9473923e47886
ROUND fedrad round=62 clients=[56, 67, 28, 93, 30, 71, 78, 48, 25, 19] diagnostic_accuracy=56.6500% Gamma=0.000000 gate_passed=True fallback=functional_recovery_hungarian global_hash=993b5b519b14797ba001f5bbe4f06baa1229ba490f9b2763ae125efa3d70ebf6
ROUND fedrad round=63 clients=[61, 18, 63, 89, 0, 99, 42, 76, 81, 9] diagnostic_accuracy=53.8100% Gamma=0.000000 gate_passed=True fallback=functional_recovery_hungarian global_hash=4b611c733866a613dea09f2670e46320e139476d6194b967b49814df7577886b
ROUND fedrad round=64 clients=[14, 22, 8, 93, 29, 90, 73, 28, 57, 58] diagnostic_accuracy=56.3600% Gamma=0.000000 gate_passed=True fallback=functional_recovery_hungarian global_hash=c909b42f21813a7c9c51a0c43ede15260998f9c7c53243a15172ba9d8bbc1d39
ROUND fedrad round=65 clients=[16, 90, 78, 23, 55, 61, 31, 0, 11, 82] diagnostic_accuracy=58.9600% Gamma=0.000000 gate_passed=True fallback=functional_recovery_hungarian global_hash=995fa90f65585c0411d61e21fd6a0dcd73607779fbbb3f2e9842fcc1caade78c
ROUND fedrad round=66 clients=[28, 65, 16, 72, 11, 36, 19, 51, 81, 53] diagnostic_accuracy=56.5700% Gamma=0.000000 gate_passed=True fallback=functional_recovery_hungarian global_hash=7d2a1c98877dee2c653f56628ca7215283cad8cb7a186c2d2e8bb4ba6a944b76
ROUND fedrad round=67 clients=[53, 63, 96, 28, 78, 90, 58, 73, 34, 4] diagnostic_accuracy=56.3100% Gamma=0.000000 gate_passed=True fallback=functional_recovery_hungarian global_hash=f60e163079a6de58ec829f4faf3b10a2755b758b8360bc08b545480aed8169ae
ROUND fedrad round=68 clients=[38, 57, 22, 41, 70, 39, 10, 5, 17, 32] diagnostic_accuracy=54.1300% Gamma=0.000000 gate_passed=True fallback=functional_recovery_hungarian global_hash=2916fe8423de6be6029f48ab1e53e7aef501c5e1bc29cb10084748ddba67961a
ROUND fedrad round=69 clients=[60, 67, 48, 59, 46, 94, 22, 29, 53, 97] diagnostic_accuracy=55.3100% Gamma=0.000000 gate_passed=True fallback=functional_recovery_hungarian global_hash=46c707f22ce04c1af313b46863bb6e9e3ffc1cc7d22db0ede08bb039f94d3ab6
ROUND fedrad round=70 clients=[61, 33, 76, 48, 37, 54, 38, 13, 8, 39] diagnostic_accuracy=52.2500% Gamma=0.000000 gate_passed=True fallback=functional_recovery_hungarian global_hash=19603d471034bd963585cb57078dbb6d22f4fadcb37ba8be29db494b82dab9f1
ROUND fedrad round=71 clients=[31, 88, 91, 25, 50, 95, 67, 45, 80, 70] diagnostic_accuracy=54.9500% Gamma=0.000000 gate_passed=True fallback=functional_recovery_hungarian global_hash=ecca72583235aecde6c457d24591fb35965c51aa26c2a53f218282539ac07acc
ROUND fedrad round=72 clients=[3, 23, 17, 94, 61, 43, 63, 91, 37, 84] diagnostic_accuracy=44.7700% Gamma=0.000000 gate_passed=True fallback=functional_recovery_hungarian global_hash=18c7018b39d6796e6de78dacc054373ddcb5d729e2a3bd9ef23d435d3fffe571
ROUND fedrad round=73 clients=[11, 73, 78, 47, 45, 83, 36, 75, 91, 57] diagnostic_accuracy=58.5900% Gamma=0.000000 gate_passed=True fallback=functional_recovery_hungarian global_hash=2e6cedebc4ac8bd6454879056291208453dc8c71dec114bd3eb64fb71bff5609
ROUND fedrad round=74 clients=[46, 54, 66, 62, 96, 49, 24, 75, 60, 52] diagnostic_accuracy=55.0100% Gamma=0.000000 gate_passed=True fallback=functional_recovery_hungarian global_hash=ca822801ff8f419836e3721b012adcf36b2663d124aff8180faaffa23d085714
ROUND fedrad round=75 clients=[75, 51, 39, 89, 14, 54, 41, 30, 24, 80] diagnostic_accuracy=56.4400% Gamma=0.000000 gate_passed=True fallback=functional_recovery_hungarian global_hash=691358112098ce012fd8f8fa263b1ed3fd136f9621516aecf05ad1ee45aed1c0
ROUND fedrad round=76 clients=[67, 90, 45, 78, 32, 86, 50, 55, 33, 60] diagnostic_accuracy=62.3800% Gamma=0.000000 gate_passed=True fallback=functional_recovery_hungarian global_hash=952112052ea4f3410c37334a0f0f3ff58df7455cf24cdddb1dd8219d85933d75
ROUND fedrad round=77 clients=[4, 16, 51, 33, 89, 30, 13, 77, 43, 85] diagnostic_accuracy=60.1900% Gamma=0.000000 gate_passed=True fallback=functional_recovery_hungarian global_hash=4bc570a00e93a6d4bc29ffbb8be68082125e6583c1c1871c57423b5e806f48ae
ROUND fedrad round=78 clients=[97, 76, 96, 72, 42, 17, 33, 51, 24, 36] diagnostic_accuracy=58.0500% Gamma=0.000000 gate_passed=True fallback=functional_recovery_hungarian global_hash=2d314f22230221a7abdb5e5e86d821cc60bc23f3e20b2db83aa1410d36fb6ba2
ROUND fedrad round=79 clients=[22, 47, 61, 27, 50, 96, 89, 97, 85, 30] diagnostic_accuracy=58.9700% Gamma=0.000000 gate_passed=True fallback=functional_recovery_hungarian global_hash=609a512a718d8da0d397261d10cbc2aa2cb981b8e3b9f4932ae071aae8c9e97d
ROUND fedrad round=80 clients=[44, 70, 23, 38, 74, 21, 82, 4, 88, 98] diagnostic_accuracy=54.2800% Gamma=0.000000 gate_passed=True fallback=functional_recovery_hungarian global_hash=ecbeccd4b903f9bf69ddad8d150da45c9ac016c58532250475952bc4d4936de2
ROUND fedrad round=81 clients=[90, 72, 65, 50, 85, 56, 4, 80, 31, 17] diagnostic_accuracy=56.2400% Gamma=0.000000 gate_passed=True fallback=functional_recovery_hungarian global_hash=355dc2c3c7895bbd0570714a8cb7a0ad66a89e540283044aeafad18f2d1d87dc
ROUND fedrad round=82 clients=[61, 40, 41, 34, 97, 51, 50, 13, 22, 8] diagnostic_accuracy=61.7500% Gamma=0.000000 gate_passed=True fallback=functional_recovery_hungarian global_hash=d51d705160ed12cc8153b0f6c18159792322de6eb1bccdbd2e050319331ac2bf
ROUND fedrad round=83 clients=[87, 54, 63, 83, 96, 26, 0, 59, 69, 14] diagnostic_accuracy=58.7700% Gamma=0.000000 gate_passed=True fallback=functional_recovery_hungarian global_hash=e52295ab717a99b7f1c348430bd770d855a6ae75a1222d06e5c75253293b6e13
ROUND fedrad round=84 clients=[58, 47, 83, 36, 8, 2, 56, 49, 10, 38] diagnostic_accuracy=54.1500% Gamma=0.000000 gate_passed=True fallback=functional_recovery_hungarian global_hash=d86fb266749211e8a39f41ed293617d1fb364df10fe156d6bc896062659617b8
ROUND fedrad round=85 clients=[89, 90, 81, 54, 59, 4, 53, 47, 52, 19] diagnostic_accuracy=62.7200% Gamma=0.000000 gate_passed=True fallback=functional_recovery_hungarian global_hash=c6052182cd302aaef2851e36e6e69873fa7cb96c3a66a192a32df1e2ce9c79da
ROUND fedrad round=86 clients=[24, 13, 81, 73, 19, 55, 40, 76, 57, 96] diagnostic_accuracy=60.4300% Gamma=0.000000 gate_passed=True fallback=functional_recovery_hungarian global_hash=0e03398a4d3bca6d7286daef55e146bf634ca77bd2acb9f5f64baa769a0b1520
ROUND fedrad round=87 clients=[31, 75, 94, 20, 87, 26, 29, 70, 2, 50] diagnostic_accuracy=55.3200% Gamma=0.000000 gate_passed=True fallback=functional_recovery_hungarian global_hash=d2176a2920c5351fe4a7eefa72d6ceccd7d4d3a705bbbfa61021b0cb21a399f4
ROUND fedrad round=88 clients=[0, 9, 46, 37, 72, 83, 73, 16, 55, 27] diagnostic_accuracy=56.6400% Gamma=0.000000 gate_passed=True fallback=functional_recovery_hungarian global_hash=07107733e5c7a87c993aa8fc6ed415160c38fce02ab252d2abf0f8012180586a
ROUND fedrad round=89 clients=[80, 29, 9, 50, 26, 81, 48, 82, 37, 15] diagnostic_accuracy=54.6300% Gamma=0.000000 gate_passed=True fallback=functional_recovery_hungarian global_hash=ea35ea568423483cb8900bc4a030c7c302b713cbc1c6b80c06cdc11230fbdf09
ROUND fedrad round=90 clients=[82, 6, 87, 74, 29, 50, 62, 67, 12, 83] diagnostic_accuracy=66.9800% Gamma=0.000000 gate_passed=True fallback=functional_recovery_hungarian global_hash=d519e913e22dc5f33f3843619c35a9836dda18989a56349c868059ab9c64f6b8
ROUND fedrad round=91 clients=[36, 75, 89, 43, 12, 21, 95, 72, 24, 63] diagnostic_accuracy=53.4500% Gamma=0.000000 gate_passed=True fallback=functional_recovery_hungarian global_hash=dba478b7c375ef1d3d2bf76ba8a638b9143104ca6aff66f4be913c551e2792ce
ROUND fedrad round=92 clients=[34, 15, 31, 94, 46, 70, 19, 80, 6, 88] diagnostic_accuracy=60.2300% Gamma=0.000000 gate_passed=True fallback=functional_recovery_hungarian global_hash=63d865f7889f8e3944d55c8bfa53eafbad7c5cabc629d37e2b5484b0eda046f1
ROUND fedrad round=93 clients=[70, 92, 72, 77, 23, 53, 1, 12, 97, 93] diagnostic_accuracy=58.2000% Gamma=0.000000 gate_passed=True fallback=functional_recovery_hungarian global_hash=2f1f731002978a9daabdb9a894eef9115ddfb30d159eec78a845d1f5c80ed36e
ROUND fedrad round=94 clients=[13, 38, 36, 14, 57, 77, 66, 73, 3, 0] diagnostic_accuracy=56.5500% Gamma=0.000000 gate_passed=True fallback=functional_recovery_hungarian global_hash=b396da434fe2da4befbde066842b248f70a5165a41289c12cdf958999fdea3e6
ROUND fedrad round=95 clients=[13, 19, 10, 24, 76, 57, 88, 23, 61, 31] diagnostic_accuracy=59.1800% Gamma=0.000000 gate_passed=True fallback=functional_recovery_hungarian global_hash=d9cd0f04bc8ed6aa7cd566fb94159b3313f0f5a0b182af58e08cbc80e451a601
ROUND fedrad round=96 clients=[18, 45, 94, 24, 56, 67, 10, 14, 13, 9] diagnostic_accuracy=64.2900% Gamma=0.000000 gate_passed=True fallback=functional_recovery_hungarian global_hash=201e47bdee1702548a2a28a7425538106814e890188cb39a70bff97ab3769213
ROUND fedrad round=97 clients=[13, 48, 73, 93, 70, 1, 43, 77, 76, 88] diagnostic_accuracy=60.7800% Gamma=0.000000 gate_passed=True fallback=functional_recovery_hungarian global_hash=d8ed8b8265b352e6c9612434d943187a631dafe1042b974ecf78f6d0566e03e5
ROUND fedrad round=98 clients=[21, 45, 83, 68, 75, 65, 96, 1, 77, 73] diagnostic_accuracy=62.8700% Gamma=0.000000 gate_passed=True fallback=functional_recovery_hungarian global_hash=c26c2e0c3b6a2fa4ee3fa59e5a7b0bf68b171663b811ba5e79731c70486d52d0
ROUND fedrad round=99 clients=[81, 84, 60, 18, 45, 47, 94, 83, 76, 22] diagnostic_accuracy=57.5300% Gamma=0.000000 gate_passed=True fallback=functional_recovery_hungarian global_hash=368f2f39680ffd8fc32e85d7576faaf38c73705b9b2e1535a476ef0f59b29735
ROUND fedrad round=100 clients=[21, 69, 47, 34, 65, 81, 93, 44, 30, 84] diagnostic_accuracy=57.8600% Gamma=0.000000 gate_passed=True fallback=functional_recovery_hungarian global_hash=9d4d6cbc158e58f99856de4e920dae5734ac775837052ff03a2ec73955204d73
ROUND fedrad round=101 clients=[22, 38, 77, 15, 11, 61, 37, 34, 87, 3] diagnostic_accuracy=64.3300% Gamma=0.000000 gate_passed=True fallback=functional_recovery_hungarian global_hash=61c7dd5fb57ffbd48bc31e2f489bf4da3cfed9e0d31e7e885d3ac4f8c1305773
ROUND fedrad round=102 clients=[96, 9, 26, 58, 69, 44, 13, 93, 61, 43] diagnostic_accuracy=61.0900% Gamma=0.000000 gate_passed=True fallback=functional_recovery_hungarian global_hash=9de2989d3b501b4bfcec518e70bbe98c09836ebc6ee384b9da68c92d93dd1456
ROUND fedrad round=103 clients=[13, 34, 27, 16, 72, 98, 14, 19, 9, 46] diagnostic_accuracy=56.7800% Gamma=0.000000 gate_passed=True fallback=functional_recovery_hungarian global_hash=637c7a11038b061ca5519c383bcb42012ffa4b56d0b903dee8505efe876598a3
ROUND fedrad round=104 clients=[29, 72, 81, 80, 68, 85, 14, 0, 93, 52] diagnostic_accuracy=65.6600% Gamma=0.000000 gate_passed=True fallback=functional_recovery_hungarian global_hash=7de5eb78b2f422030d3de65e2cef730df065b3d48faf29be76d3136c492f5c0c
ROUND fedrad round=105 clients=[17, 69, 35, 86, 83, 84, 23, 56, 89, 60] diagnostic_accuracy=61.8500% Gamma=0.000000 gate_passed=True fallback=functional_recovery_hungarian global_hash=793ead6c0249b88bbe198438c7740e68ce59a95d1904852fd7596c200c2d02ce
ROUND fedrad round=106 clients=[94, 79, 36, 8, 19, 16, 13, 30, 25, 3] diagnostic_accuracy=42.9700% Gamma=0.000000 gate_passed=True fallback=functional_recovery_hungarian global_hash=e5bb9f8df6edcd44626da8b50dbb07d2c5cb4d6d16341cb342b078cb070c6f87
ROUND fedrad round=107 clients=[45, 82, 32, 52, 17, 96, 6, 57, 67, 74] diagnostic_accuracy=59.8300% Gamma=0.000000 gate_passed=True fallback=functional_recovery_hungarian global_hash=e96e74d42e60670dc5d5c9a407cddf5b3b8a56c72c615e2d870444f5b8549b45
ROUND fedrad round=108 clients=[61, 20, 59, 99, 39, 42, 73, 53, 45, 8] diagnostic_accuracy=66.8200% Gamma=0.000000 gate_passed=True fallback=functional_recovery_hungarian global_hash=a1251a3c74be147846fddc10237e313af534bb5dc4c7bad8f140ad7c0c22b498
ROUND fedrad round=109 clients=[60, 38, 5, 54, 66, 33, 80, 83, 9, 4] diagnostic_accuracy=60.1000% Gamma=0.000000 gate_passed=True fallback=functional_recovery_hungarian global_hash=0b3dcad836fdaa0378103f2060b5e0c976a4fa06e11f791c507cd8153e522798
ROUND fedrad round=110 clients=[39, 44, 62, 4, 42, 25, 0, 45, 29, 93] diagnostic_accuracy=64.6900% Gamma=0.000000 gate_passed=True fallback=functional_recovery_hungarian global_hash=3e27fc0e7ceec5608f9e5a9f2c8fe0851f8e181b7ff10e5ec16ec579353eb3ee
ROUND fedrad round=111 clients=[96, 54, 19, 97, 92, 31, 81, 2, 24, 9] diagnostic_accuracy=69.4200% Gamma=0.000000 gate_passed=True fallback=functional_recovery_hungarian global_hash=f5c5d51267a7cf5c4b28d4ec659b9ecf0664db4e44240213aeb08532368ddadc
ROUND fedrad round=112 clients=[9, 19, 7, 49, 45, 35, 80, 85, 40, 89] diagnostic_accuracy=65.0300% Gamma=0.000000 gate_passed=True fallback=functional_recovery_hungarian global_hash=e42df2bce982505a8fa0432689d46ea124cbde46650bc5244d1d340ca916908a
ROUND fedrad round=113 clients=[73, 66, 18, 74, 33, 2, 87, 29, 98, 91] diagnostic_accuracy=61.3700% Gamma=0.000000 gate_passed=True fallback=functional_recovery_hungarian global_hash=bcccbd4b49cdc52b0d8204e3fc054b7aad6ac08abc64aabb54e1a554b70659ed
ROUND fedrad round=114 clients=[40, 31, 27, 50, 71, 81, 99, 97, 73, 49] diagnostic_accuracy=59.9500% Gamma=0.000000 gate_passed=True fallback=functional_recovery_hungarian global_hash=ed0fd29b70b7e7f2f64460c233158f1132e6eab4ccd19bffabfb763ba5fc65eb
ROUND fedrad round=115 clients=[61, 64, 42, 88, 27, 95, 92, 50, 45, 85] diagnostic_accuracy=65.8600% Gamma=0.000000 gate_passed=True fallback=functional_recovery_hungarian global_hash=16a5c179d28078cea6eb11264baa981f6fd7496b6998691616759d5ee07ec585
ROUND fedrad round=116 clients=[27, 8, 49, 32, 15, 35, 70, 59, 31, 30] diagnostic_accuracy=64.3900% Gamma=0.000000 gate_passed=True fallback=functional_recovery_hungarian global_hash=7e7984a1014e1c84efc503f2ae416abb233bde66f1c96cc7a46f7c2307ffc9d6
ROUND fedrad round=117 clients=[69, 35, 52, 51, 26, 15, 76, 48, 98, 12] diagnostic_accuracy=63.2600% Gamma=0.000000 gate_passed=True fallback=functional_recovery_hungarian global_hash=017e38465d9c1c128e57bd6a35809c98f274f20f7e010121e98fcef7ed973a4b
ROUND fedrad round=118 clients=[46, 57, 0, 86, 26, 80, 73, 20, 63, 98] diagnostic_accuracy=64.9200% Gamma=0.000000 gate_passed=True fallback=functional_recovery_hungarian global_hash=2b3a9eafb167156a588853a53f428a17ee9e89e9025f2ca8f9efb006c56d764c
ROUND fedrad round=119 clients=[81, 6, 64, 84, 20, 2, 8, 4, 66, 92] diagnostic_accuracy=63.3800% Gamma=0.000000 gate_passed=True fallback=functional_recovery_hungarian global_hash=649043929b6d343984223a350dda04a48ae6a24cf1c8a144014d0a42a29ed7d8
ROUND fedrad round=120 clients=[61, 34, 64, 11, 96, 18, 82, 52, 72, 92] diagnostic_accuracy=64.9700% Gamma=0.000000 gate_passed=True fallback=functional_recovery_hungarian global_hash=b4ce6e3a8d8523d075797f2cb7c7256f210ba56d4b258821b8e48bd8d3c62060
ROUND fedrad round=121 clients=[93, 68, 94, 13, 36, 11, 5, 1, 40, 7] diagnostic_accuracy=67.5200% Gamma=0.000000 gate_passed=True fallback=functional_recovery_hungarian global_hash=7aa2e0dbd73c265eca78b35c258d980e0a655d1573208ffa75a467fb898bb8bc
ROUND fedrad round=122 clients=[73, 64, 37, 69, 31, 48, 77, 41, 53, 75] diagnostic_accuracy=60.3900% Gamma=0.000000 gate_passed=True fallback=functional_recovery_hungarian global_hash=8c7be2cbe0a6ee6f0491f0b8d054483a44fc59a46bdf9ce9567ac2f7e8423a03
ROUND fedrad round=123 clients=[46, 43, 84, 11, 66, 92, 16, 19, 96, 37] diagnostic_accuracy=59.1600% Gamma=0.000000 gate_passed=True fallback=functional_recovery_hungarian global_hash=6dd2d9a315df78ca28ea8706503402f5578fa9720242e628d9bccf7c1264d252
ROUND fedrad round=124 clients=[43, 96, 9, 0, 74, 19, 1, 23, 38, 66] diagnostic_accuracy=64.9000% Gamma=0.000000 gate_passed=True fallback=functional_recovery_hungarian global_hash=c265d5f8dce9f4b1d760fe3c486cb1769fb701e51142c8aea4f327a70ded0483
ROUND fedrad round=125 clients=[27, 62, 32, 10, 22, 72, 64, 25, 86, 60] diagnostic_accuracy=62.2700% Gamma=0.000000 gate_passed=True fallback=functional_recovery_hungarian global_hash=37cf1d1cfdd6446f203b3a18d3f474a778dfffb4770cc6a2657e7e4898eb903c
ROUND fedrad round=126 clients=[84, 7, 64, 76, 15, 46, 27, 47, 40, 69] diagnostic_accuracy=65.2800% Gamma=0.000000 gate_passed=True fallback=functional_recovery_hungarian global_hash=8bf3e3838244f96b1648f26e83ca2b8cc6bb2751a0686a3e8a82eeb4a993de72
ROUND fedrad round=127 clients=[75, 97, 79, 87, 11, 7, 37, 92, 41, 12] diagnostic_accuracy=63.5800% Gamma=0.000000 gate_passed=True fallback=functional_recovery_hungarian global_hash=fdfca3047e65bd0e453c19ca4d9151da1f021c19e11b81374b3a4ff35532119e
ROUND fedrad round=128 clients=[78, 4, 17, 21, 76, 74, 19, 61, 45, 86] diagnostic_accuracy=70.9700% Gamma=0.000000 gate_passed=True fallback=functional_recovery_hungarian global_hash=9dfbb700bdbc82b14179d0dad27f2947b6409adfabea29c11d69e5f28a0e8b4d
ROUND fedrad round=129 clients=[23, 41, 75, 36, 26, 49, 95, 16, 93, 72] diagnostic_accuracy=59.3000% Gamma=0.000000 gate_passed=True fallback=functional_recovery_hungarian global_hash=ba778660c52561bc38439af6a8ab3d35e625fbecb4fc7cb54fceaee786743f7e
ROUND fedrad round=130 clients=[59, 53, 65, 8, 68, 35, 13, 55, 23, 97] diagnostic_accuracy=66.8000% Gamma=0.000000 gate_passed=True fallback=functional_recovery_hungarian global_hash=d6691811ed2a33eca109de8dd512dd4733054065b4412266f4516aab9aa5fcc1
ROUND fedrad round=131 clients=[74, 98, 22, 45, 97, 87, 92, 71, 47, 79] diagnostic_accuracy=68.6400% Gamma=0.000000 gate_passed=True fallback=functional_recovery_hungarian global_hash=d9de69c0d4f2adaa524484cd6a3bc073aee9b27493d8636977e015b82dff9bdb
ROUND fedrad round=132 clients=[35, 70, 59, 49, 36, 91, 82, 50, 26, 72] diagnostic_accuracy=54.0500% Gamma=0.000000 gate_passed=True fallback=functional_recovery_hungarian global_hash=ce6be24fa13c1837e4752c3f71a7fa0938f6f5b17de56fca1d1778870a093bb4
ROUND fedrad round=133 clients=[22, 83, 75, 29, 66, 48, 12, 10, 86, 1] diagnostic_accuracy=64.5100% Gamma=0.000000 gate_passed=True fallback=functional_recovery_hungarian global_hash=8e3e2e99ffc32458e44fe3779f89b535adbdef342831bca10871eedae84d0c99
ROUND fedrad round=134 clients=[76, 33, 40, 59, 65, 63, 73, 36, 99, 82] diagnostic_accuracy=68.7400% Gamma=0.000000 gate_passed=True fallback=functional_recovery_hungarian global_hash=8cd0078c999b703e1d1caadabd84aaf15c2bc560faaf61c0e742706725240506
ROUND fedrad round=135 clients=[85, 88, 54, 40, 70, 67, 86, 38, 58, 42] diagnostic_accuracy=72.4000% Gamma=0.000000 gate_passed=True fallback=functional_recovery_hungarian global_hash=5ef80aa6db9c2b0e51a159b8906536ba5e5d8a5ef534593fc2de265c06ec0726
ROUND fedrad round=136 clients=[89, 56, 12, 90, 94, 86, 19, 78, 92, 59] diagnostic_accuracy=69.2500% Gamma=0.000000 gate_passed=True fallback=functional_recovery_hungarian global_hash=79550088f41d9b4d08ef12bfa773d5c90c60da89f0b8152753a4a0e88c9ae120
ROUND fedrad round=137 clients=[7, 94, 69, 44, 50, 26, 75, 24, 33, 18] diagnostic_accuracy=62.7500% Gamma=0.000000 gate_passed=True fallback=functional_recovery_hungarian global_hash=0989283000a4aedae289ec1591359e5f4c47e434409f85e800c50328c50bae71
ROUND fedrad round=138 clients=[89, 75, 84, 93, 35, 71, 19, 63, 59, 94] diagnostic_accuracy=60.4500% Gamma=0.000000 gate_passed=True fallback=functional_recovery_hungarian global_hash=3ef6e154dea0aac50cc9cfea49461b45670fb95165d594a3542b74adecf942c7
ROUND fedrad round=139 clients=[54, 66, 17, 43, 53, 40, 76, 1, 4, 81] diagnostic_accuracy=70.2800% Gamma=0.000000 gate_passed=True fallback=functional_recovery_hungarian global_hash=1be0cb0635034b27d8a6cfd97af0c82d35e129babfba9ea49d8bc7219bc490bc
ROUND fedrad round=140 clients=[52, 51, 97, 7, 41, 61, 29, 88, 49, 26] diagnostic_accuracy=68.5400% Gamma=0.000000 gate_passed=True fallback=functional_recovery_hungarian global_hash=5bd61aaa256b26197eb91cf2ece431b426b9e04f0dc5a297ab77e1d9f5eeac46
ROUND fedrad round=141 clients=[21, 47, 20, 59, 85, 2, 99, 70, 54, 50] diagnostic_accuracy=67.2300% Gamma=0.000000 gate_passed=True fallback=functional_recovery_hungarian global_hash=c1432367074c754f5b939ae369a8593827bfdb3f4748d19d8fc6df8b1aacab64
ROUND fedrad round=142 clients=[65, 98, 79, 6, 58, 92, 19, 37, 33, 75] diagnostic_accuracy=67.1000% Gamma=0.000000 gate_passed=True fallback=functional_recovery_hungarian global_hash=6baa192f1cddb11e702f9917c752b7d9e6ef93a5d4ff4a7c405b6c06c68fd56c
ROUND fedrad round=143 clients=[44, 84, 56, 0, 69, 15, 66, 78, 42, 95] diagnostic_accuracy=61.3700% Gamma=0.000000 gate_passed=True fallback=functional_recovery_hungarian global_hash=f1eaf593779d5136d20e416deba0ce5f30331ad9339c0dd06b012adb693645f9
ROUND fedrad round=144 clients=[36, 20, 53, 26, 80, 67, 25, 37, 39, 10] diagnostic_accuracy=63.8800% Gamma=0.000000 gate_passed=True fallback=functional_recovery_hungarian global_hash=11e695db5f170c52642d993de8c4dee63aeb0b5d91dc05a621584dcb05ba732d
ROUND fedrad round=145 clients=[54, 62, 65, 69, 82, 46, 64, 70, 59, 11] diagnostic_accuracy=69.0300% Gamma=0.000000 gate_passed=True fallback=functional_recovery_hungarian global_hash=a56a110623be2202da49b441f412d57f8591717072ffc4a9ca546105d9c05113
ROUND fedrad round=146 clients=[78, 89, 64, 25, 85, 9, 57, 41, 97, 45] diagnostic_accuracy=67.7500% Gamma=0.000000 gate_passed=True fallback=functional_recovery_hungarian global_hash=78cb63026cc6e8e82a4087b904935332085f218e66dca63e643e017cb91b1141
ROUND fedrad round=147 clients=[32, 8, 70, 41, 12, 19, 88, 20, 98, 33] diagnostic_accuracy=57.9400% Gamma=0.000000 gate_passed=True fallback=functional_recovery_hungarian global_hash=b5e66a28fa87f106c36d99df860ed45edaffb9624c870f701dfb6eaf9da7a63b
ROUND fedrad round=148 clients=[50, 29, 81, 33, 44, 69, 2, 68, 93, 85] diagnostic_accuracy=69.1900% Gamma=0.000000 gate_passed=True fallback=functional_recovery_hungarian global_hash=cdbf3ef102ce47e7c4ff5e636507048b868f261b7f31a6aba624d759cec04318
ROUND fedrad round=149 clients=[5, 84, 70, 73, 31, 62, 69, 13, 86, 74] diagnostic_accuracy=57.3900% Gamma=0.000000 gate_passed=True fallback=functional_recovery_hungarian global_hash=04274573dfc024d7047f78568b4c2a7364b78d652a0ed6d7b44e0322013485f8
ROUND fedrad round=150 clients=[69, 9, 41, 83, 76, 63, 34, 67, 36, 87] diagnostic_accuracy=67.4800% Gamma=0.000000 gate_passed=True fallback=functional_recovery_hungarian global_hash=a19ae36f8b52c92e6bfe0bb59785824415434745a5b42cfca8249bc192cf6e33
ROUND fedrad round=151 clients=[40, 77, 95, 52, 25, 38, 46, 47, 93, 88] diagnostic_accuracy=62.2000% Gamma=0.000000 gate_passed=True fallback=functional_recovery_hungarian global_hash=841675668c2916b1c9a11961321a1fe813e631308a906799f4f90888313a8de8
ROUND fedrad round=152 clients=[14, 22, 87, 6, 15, 36, 37, 44, 48, 38] diagnostic_accuracy=65.1400% Gamma=0.000000 gate_passed=True fallback=functional_recovery_hungarian global_hash=bc9510976d12279c0ae659cb253ae4c4b878afcbc29aec4eae680bc4628cccf1
ROUND fedrad round=153 clients=[14, 66, 74, 62, 49, 45, 18, 79, 15, 68] diagnostic_accuracy=71.1200% Gamma=0.000000 gate_passed=True fallback=functional_recovery_hungarian global_hash=c9943b6a531579187f7949b04cd91aefb63b50d80633535d7e4dc6b1d78512af
ROUND fedrad round=154 clients=[92, 32, 77, 87, 27, 13, 14, 47, 22, 73] diagnostic_accuracy=68.0300% Gamma=0.000000 gate_passed=True fallback=functional_recovery_hungarian global_hash=331916438eb9e2b7574cceac116957ea8d7b899e06866b523714b506a7391e34
ROUND fedrad round=155 clients=[60, 31, 44, 3, 84, 25, 98, 73, 52, 82] diagnostic_accuracy=49.6200% Gamma=0.000000 gate_passed=True fallback=functional_recovery_hungarian global_hash=a5b3e5b7112d11af1c098f7d1f9c0343f5a31264ba3e0f7f4cf28b27bbcd3006
ROUND fedrad round=156 clients=[66, 38, 74, 49, 46, 45, 12, 0, 81, 23] diagnostic_accuracy=64.4200% Gamma=0.000000 gate_passed=True fallback=functional_recovery_hungarian global_hash=fa8560d26c8921c30b6fcd426b934afbe57f0a5e2d5be02bd5e9365ba88d625d
ROUND fedrad round=157 clients=[6, 14, 56, 8, 37, 71, 68, 53, 88, 65] diagnostic_accuracy=68.9200% Gamma=0.000000 gate_passed=True fallback=functional_recovery_hungarian global_hash=a427eccf3d15a7ce4fb91aedb5ef0acebd9a30f74531d59e420bce5c61781c6f
ROUND fedrad round=158 clients=[76, 40, 68, 38, 91, 92, 18, 11, 69, 94] diagnostic_accuracy=71.1800% Gamma=0.000000 gate_passed=True fallback=functional_recovery_hungarian global_hash=571ecfb646223cc677ea4a012eafe21f713f50b8ab4de263df7c14aee3cb98c9
ROUND fedrad round=159 clients=[0, 23, 91, 83, 98, 64, 90, 32, 84, 36] diagnostic_accuracy=62.4100% Gamma=0.000000 gate_passed=True fallback=functional_recovery_hungarian global_hash=c3f9627016c6994cc01b90567a78647c2ce1a4bc63277ee6055393339eb41f80
ROUND fedrad round=160 clients=[15, 9, 95, 71, 80, 49, 39, 81, 30, 8] diagnostic_accuracy=72.7800% Gamma=0.000000 gate_passed=True fallback=functional_recovery_hungarian global_hash=803ec1ebd1e4d6a4790b19b6f211c71d31f9465a5d36e68b7c36247db57abb8d
ROUND fedrad round=161 clients=[29, 87, 67, 36, 35, 96, 15, 61, 24, 62] diagnostic_accuracy=64.3700% Gamma=0.000000 gate_passed=True fallback=functional_recovery_hungarian global_hash=104f6a1c814b4de1d14d5a3de238e577339c88eafff9c1eda3b79128b97cf534
ROUND fedrad round=162 clients=[13, 58, 87, 52, 50, 60, 3, 19, 35, 0] diagnostic_accuracy=64.1000% Gamma=0.000000 gate_passed=True fallback=functional_recovery_hungarian global_hash=a659a038105e6d7dbb0e207267b5b9f518d002c213143fad4262f0a2a27082ae
ROUND fedrad round=163 clients=[55, 46, 66, 67, 73, 12, 51, 1, 57, 90] diagnostic_accuracy=70.4100% Gamma=0.000000 gate_passed=True fallback=functional_recovery_hungarian global_hash=23ab86e3a86accb73aeef7e2f67803b6088052b5c8215f7365cfe3c234a9dc93
ROUND fedrad round=164 clients=[40, 72, 92, 86, 89, 90, 16, 98, 73, 58] diagnostic_accuracy=74.0900% Gamma=0.000000 gate_passed=True fallback=functional_recovery_hungarian global_hash=660f5d5626c8d6e482c653d735659f5b6eaee9e09438763535dfb7b6487d7a71
ROUND fedrad round=165 clients=[0, 58, 47, 44, 94, 66, 4, 7, 27, 2] diagnostic_accuracy=68.0900% Gamma=0.000000 gate_passed=True fallback=functional_recovery_hungarian global_hash=14b782d2a41d03f0b063e17c7e00dab7db98cb12932f27e4ee57a28d9f6e9078
ROUND fedrad round=166 clients=[58, 87, 14, 78, 40, 83, 73, 18, 52, 31] diagnostic_accuracy=68.0500% Gamma=0.000000 gate_passed=True fallback=functional_recovery_hungarian global_hash=a7dd95d20bd6f8ca3dfb6b60e121e3e6f027ea6f6e015ff9574f4f7deca1ab7b
ROUND fedrad round=167 clients=[99, 22, 62, 86, 5, 20, 9, 51, 7, 54] diagnostic_accuracy=70.3700% Gamma=0.000000 gate_passed=True fallback=functional_recovery_hungarian global_hash=6427ef41c20167d84550b560b14ec9b4de4624fb68e070a858fc8a91d333ac7a
ROUND fedrad round=168 clients=[97, 37, 42, 7, 22, 5, 24, 56, 69, 12] diagnostic_accuracy=70.1800% Gamma=0.000000 gate_passed=True fallback=functional_recovery_hungarian global_hash=0f6edfe57647bf7ec429337bc5314e843cba67e83f2d2b07d2821369f0ee6a3c
ROUND fedrad round=169 clients=[96, 22, 76, 44, 59, 78, 12, 68, 94, 87] diagnostic_accuracy=70.5900% Gamma=0.000000 gate_passed=True fallback=functional_recovery_hungarian global_hash=05aacb9b470f12a8546651fabd189a80541ccfc973175cad94b71010ff0d9ade
ROUND fedrad round=170 clients=[45, 7, 65, 19, 95, 16, 35, 23, 83, 88] diagnostic_accuracy=69.0100% Gamma=0.000000 gate_passed=True fallback=functional_recovery_hungarian global_hash=ff42b5e882b3b9c69bba470108a7f5c0d04983f4a87b1d1487e916783c2c5e5e
ROUND fedrad round=171 clients=[12, 91, 4, 90, 47, 66, 33, 9, 61, 84] diagnostic_accuracy=69.1100% Gamma=0.000000 gate_passed=True fallback=functional_recovery_hungarian global_hash=77d2f59b8d8001177b843d5fea2b9effdda371417b50f2eb35274d9f7364bc73
ROUND fedrad round=172 clients=[46, 60, 83, 2, 37, 70, 93, 29, 3, 43] diagnostic_accuracy=57.6500% Gamma=0.000000 gate_passed=True fallback=functional_recovery_hungarian global_hash=2b42b4ea7a0828727e42bb20884a1228b45c69c8e3fb59b79afc979f3f879229
ROUND fedrad round=173 clients=[27, 45, 49, 4, 31, 62, 9, 95, 69, 72] diagnostic_accuracy=68.5800% Gamma=0.000000 gate_passed=True fallback=functional_recovery_hungarian global_hash=b8b2ff6faa7eb144173bc522061341bc0e9664c69c7afcc52c4c045b3985ff9f
ROUND fedrad round=174 clients=[27, 28, 1, 92, 55, 48, 74, 7, 99, 62] diagnostic_accuracy=68.7300% Gamma=0.000000 gate_passed=True fallback=functional_recovery_hungarian global_hash=a35df5b63821198e1cc5ac99a45bb3b00cda18a36c6ca433bf727772d49c2b32
ROUND fedrad round=175 clients=[24, 0, 9, 11, 31, 45, 58, 35, 69, 21] diagnostic_accuracy=75.0500% Gamma=0.000000 gate_passed=True fallback=functional_recovery_hungarian global_hash=84308df06933b8f3a8e8c5b80511e57f9cc0906b224ab44f74b22863fe3826ba
ROUND fedrad round=176 clients=[42, 98, 67, 21, 24, 81, 20, 75, 29, 36] diagnostic_accuracy=68.7200% Gamma=0.000000 gate_passed=True fallback=functional_recovery_hungarian global_hash=b4dd5f07c3179bea035db2c3c2f6fe2c97f1b26f2f627e41808aa0874dd166e8
ROUND fedrad round=177 clients=[49, 75, 33, 60, 42, 64, 69, 11, 47, 70] diagnostic_accuracy=67.7800% Gamma=0.000000 gate_passed=True fallback=functional_recovery_hungarian global_hash=d2f26b7888fa8bab0ba84c9828b570fcc618bfbf695870ea30a49f1c6e1f00b4
ROUND fedrad round=178 clients=[96, 60, 16, 70, 73, 40, 11, 24, 87, 93] diagnostic_accuracy=66.5500% Gamma=0.000000 gate_passed=True fallback=functional_recovery_hungarian global_hash=bbe3be7da330211b03169a2631d07d230eeed94677cb151042a16dcea735cd92
ROUND fedrad round=179 clients=[37, 16, 85, 31, 69, 36, 54, 25, 32, 38] diagnostic_accuracy=69.0500% Gamma=0.000000 gate_passed=True fallback=functional_recovery_hungarian global_hash=c4d3ec6fa8139017e8bf5487391273d43cd21da9248751ed3de35d15b24ec8e1
ROUND fedrad round=180 clients=[80, 92, 61, 76, 19, 28, 7, 73, 67, 38] diagnostic_accuracy=69.8500% Gamma=0.000000 gate_passed=True fallback=functional_recovery_hungarian global_hash=91221bd1482adb9b59d55a5837d36c6333f14fd32fe0ed8d0441d31987cdb848
ROUND fedrad round=181 clients=[78, 26, 35, 44, 29, 85, 64, 66, 97, 21] diagnostic_accuracy=66.3800% Gamma=0.000000 gate_passed=True fallback=functional_recovery_hungarian global_hash=38c2883d43ad9a2add29b2462b9864f684da397940bc8fada4656a0a241ecef5
ROUND fedrad round=182 clients=[78, 73, 10, 52, 54, 24, 44, 70, 99, 90] diagnostic_accuracy=67.5600% Gamma=0.000000 gate_passed=True fallback=functional_recovery_hungarian global_hash=dd2861cf508aa1a5ab77ff1620eeab34a8c1d2347cbf0759d60abcd9dea04429
ROUND fedrad round=183 clients=[96, 38, 1, 4, 36, 19, 77, 52, 41, 49] diagnostic_accuracy=71.6900% Gamma=0.000000 gate_passed=True fallback=functional_recovery_hungarian global_hash=8311dba8e2a84d7924382da908da8a8a403859f3d4fc082128e917cdade1fbea
ROUND fedrad round=184 clients=[87, 55, 49, 7, 51, 67, 40, 21, 34, 0] diagnostic_accuracy=72.6200% Gamma=0.000000 gate_passed=True fallback=functional_recovery_hungarian global_hash=afbeeb23b71888c5618c9a0b64101c964767c14aff56df6b8fb764fdc5bd1caf
ROUND fedrad round=185 clients=[74, 63, 39, 14, 96, 82, 21, 45, 88, 13] diagnostic_accuracy=68.3900% Gamma=0.000000 gate_passed=True fallback=functional_recovery_hungarian global_hash=8640e9c22e995b3d8bb2c69361b8fd5092a447131e7d7be53f8acf56ee1ab650
ROUND fedrad round=186 clients=[1, 26, 23, 59, 22, 57, 27, 60, 18, 69] diagnostic_accuracy=67.6900% Gamma=0.000000 gate_passed=True fallback=functional_recovery_hungarian global_hash=6558ad477f3ea523a7966d357e80799fe41960a37102895efc893eeb26a85dc0
ROUND fedrad round=187 clients=[34, 87, 43, 64, 27, 92, 78, 55, 68, 7] diagnostic_accuracy=71.9000% Gamma=0.000000 gate_passed=True fallback=functional_recovery_hungarian global_hash=d03d7d26754f755d282efabedd1eb8c2944f34e4667c262e50f1a4495a2be8ff
ROUND fedrad round=188 clients=[67, 20, 34, 69, 85, 14, 86, 81, 36, 76] diagnostic_accuracy=73.5900% Gamma=0.000000 gate_passed=True fallback=functional_recovery_hungarian global_hash=d911071641aebe4309bbe2330a3a70570ed02c58961c1db114537c0147d7680d
ROUND fedrad round=189 clients=[57, 7, 53, 49, 74, 65, 76, 29, 78, 80] diagnostic_accuracy=74.1900% Gamma=0.000000 gate_passed=True fallback=functional_recovery_hungarian global_hash=97306bfe81582ea0d670fc4a85b3b41900b84e18775eb50c2589bdd8bea876bf
ROUND fedrad round=190 clients=[71, 25, 7, 77, 39, 51, 87, 5, 45, 11] diagnostic_accuracy=64.2500% Gamma=0.000000 gate_passed=True fallback=functional_recovery_hungarian global_hash=2660e3181ce84af69a09e4120cc44e2e75eb1b366f96964c1b8d25a6f7958075
ROUND fedrad round=191 clients=[60, 21, 34, 0, 98, 92, 44, 65, 66, 3] diagnostic_accuracy=61.3800% Gamma=0.000000 gate_passed=True fallback=functional_recovery_hungarian global_hash=e56952486ad25b431ff0107191a5e229890d282d82034e9ba7fcdf405a8d5345
ROUND fedrad round=192 clients=[36, 59, 66, 20, 0, 16, 86, 71, 90, 56] diagnostic_accuracy=72.8100% Gamma=0.000000 gate_passed=True fallback=functional_recovery_hungarian global_hash=81d97c3c561467e285ebdc859ad825c04c4e29046acc494124f0d703f4dff95d
ROUND fedrad round=193 clients=[19, 22, 51, 45, 91, 26, 14, 83, 15, 67] diagnostic_accuracy=72.4300% Gamma=0.000000 gate_passed=True fallback=functional_recovery_hungarian global_hash=c75531f38d9e2ac4592ec5bf9066126f2bcb021441188052faf109c5448f7579
ROUND fedrad round=194 clients=[62, 14, 3, 92, 78, 33, 89, 48, 70, 31] diagnostic_accuracy=65.9400% Gamma=0.000000 gate_passed=True fallback=functional_recovery_hungarian global_hash=ba85a8f39e020e2277d71dee457f0b769374d730d8a325928fccaaaf28f0e2b6
ROUND fedrad round=195 clients=[37, 10, 88, 63, 53, 68, 2, 52, 26, 59] diagnostic_accuracy=66.1700% Gamma=0.000000 gate_passed=True fallback=functional_recovery_hungarian global_hash=2e23c70a6d339b293385d3b06593f4128905d64284c9776e120c586a4cd41d55
ROUND fedrad round=196 clients=[59, 71, 85, 49, 20, 10, 3, 86, 88, 33] diagnostic_accuracy=65.4800% Gamma=0.000000 gate_passed=True fallback=functional_recovery_hungarian global_hash=baee3a2bd9664ac62b173b0c755092ea6c5ed920c8df127de0e971a87f465f50
ROUND fedrad round=197 clients=[9, 0, 18, 66, 44, 17, 92, 95, 64, 96] diagnostic_accuracy=70.1300% Gamma=0.000000 gate_passed=True fallback=functional_recovery_hungarian global_hash=44d15f2868caf7a01968f1325700f9d2941c194c2f5f7e33a9109bb48a2e7992
ROUND fedrad round=198 clients=[70, 58, 24, 57, 32, 19, 43, 65, 5, 88] diagnostic_accuracy=63.2500% Gamma=0.000000 gate_passed=True fallback=functional_recovery_hungarian global_hash=50c2b81ae17d5136e2b369b121e348f4b05c1af8adc63cb07d2146e417b80c94
ROUND fedrad round=199 clients=[61, 75, 68, 2, 6, 26, 1, 56, 78, 74] diagnostic_accuracy=70.9300% Gamma=0.000000 gate_passed=True fallback=functional_recovery_hungarian global_hash=ce02538a2db20bda412bef848fc3aef66f3753ef0d898622e8b778370397df07
ROUND fedrad round=200 clients=[8, 57, 22, 90, 46, 9, 56, 99, 89, 4] diagnostic_accuracy=72.9000% Gamma=0.000000 gate_passed=True fallback=functional_recovery_hungarian global_hash=1dd888b0dcaaee31157eee2f66e67c2fcbe0f195e388a61d1364c7e9e7ad8e3f
ROUND fedrad round=201 clients=[83, 41, 69, 7, 63, 51, 78, 89, 43, 81] diagnostic_accuracy=71.6500% Gamma=0.000000 gate_passed=True fallback=functional_recovery_hungarian global_hash=1a32a2051122a2014aa354ac4378f90f4f1a1a91788d969d0372b954a407e8ce
ROUND fedrad round=202 clients=[74, 76, 14, 98, 73, 37, 94, 68, 39, 11] diagnostic_accuracy=64.5600% Gamma=0.000000 gate_passed=True fallback=functional_recovery_hungarian global_hash=232a17cdfead3384012af162751cfff9079ee55558194ab2993a9d4addbbc373
ROUND fedrad round=203 clients=[38, 78, 17, 56, 90, 34, 42, 0, 1, 12] diagnostic_accuracy=73.5400% Gamma=0.000000 gate_passed=True fallback=functional_recovery_hungarian global_hash=e5d83a7a49b68cf19b41f4652a9ca792e390f7a8a78532da2bb44f059527e8af
ROUND fedrad round=204 clients=[45, 36, 95, 8, 99, 75, 93, 4, 24, 58] diagnostic_accuracy=69.0200% Gamma=0.000000 gate_passed=True fallback=functional_recovery_hungarian global_hash=29a5f9aba6f40fc43c71458c7c23a4320795fc27a10c20f8bd6cc4b4996af658
ROUND fedrad round=205 clients=[66, 46, 89, 23, 4, 97, 78, 26, 79, 52] diagnostic_accuracy=70.3600% Gamma=0.000000 gate_passed=True fallback=functional_recovery_hungarian global_hash=a90c963f98aa70866d85b5866b9d078af3ed3023f3b2521a09e3d736b283415e
ROUND fedrad round=206 clients=[71, 79, 23, 7, 97, 86, 72, 57, 70, 64] diagnostic_accuracy=72.2500% Gamma=0.000000 gate_passed=True fallback=functional_recovery_hungarian global_hash=dcdb217a5915f94e78c05f7303db0ee2803fd6beddfd1a1810c630aa205da4f4
ROUND fedrad round=207 clients=[55, 14, 21, 43, 5, 30, 35, 15, 28, 34] diagnostic_accuracy=75.1300% Gamma=0.000000 gate_passed=True fallback=functional_recovery_hungarian global_hash=88108549ebc57a94e606a55ff1f3347a637906101819b01132d99ce7177110e4
ROUND fedrad round=208 clients=[54, 51, 22, 85, 73, 90, 4, 69, 75, 6] diagnostic_accuracy=74.2200% Gamma=0.000000 gate_passed=True fallback=functional_recovery_hungarian global_hash=db263574e8653a7fea406a373cce49a5197fd4f0ef2b6a81eaae7d5c08827364
ROUND fedrad round=209 clients=[78, 98, 48, 28, 76, 96, 97, 69, 66, 65] diagnostic_accuracy=65.6000% Gamma=0.000000 gate_passed=True fallback=functional_recovery_hungarian global_hash=3ca84900e98ed784c962cb46bf5df476739f3455e63e429da891dcdc3cc7496d
ROUND fedrad round=210 clients=[52, 54, 70, 39, 89, 14, 77, 74, 15, 88] diagnostic_accuracy=66.4400% Gamma=0.000000 gate_passed=True fallback=functional_recovery_hungarian global_hash=9510274798a2e0c89fdce4f4fabb79bb9b05479d5dfb23ed36f3fb73bff36153
ROUND fedrad round=211 clients=[58, 12, 87, 84, 91, 62, 82, 57, 6, 21] diagnostic_accuracy=67.1700% Gamma=0.000000 gate_passed=True fallback=functional_recovery_hungarian global_hash=0b6ccbe72dad71a0ac7b0127517675d38f3871a5062dc9c944f66c4f13e986ae
ROUND fedrad round=212 clients=[59, 99, 54, 55, 14, 63, 7, 88, 91, 52] diagnostic_accuracy=72.6100% Gamma=0.000000 gate_passed=True fallback=functional_recovery_hungarian global_hash=7d131e6ab0d1a9b526a96849b5d5c007bba6a156d310f3df735d6b311322c176
ROUND fedrad round=213 clients=[44, 73, 39, 28, 18, 92, 52, 79, 54, 77] diagnostic_accuracy=68.9000% Gamma=0.000000 gate_passed=True fallback=functional_recovery_hungarian global_hash=b4da7b5de3bfd2eefcc51bc52186dbe660965fdf73423bd7fb21b115c9453f14
ROUND fedrad round=214 clients=[59, 70, 54, 27, 89, 21, 42, 25, 60, 49] diagnostic_accuracy=62.5700% Gamma=0.000000 gate_passed=True fallback=functional_recovery_hungarian global_hash=8c77ddbf8bcfb2ad0fe7770e5694643b64d144e243de36b1fea28aceb16b44f3
ROUND fedrad round=215 clients=[2, 56, 59, 80, 62, 19, 42, 33, 72, 35] diagnostic_accuracy=71.3800% Gamma=0.000000 gate_passed=True fallback=functional_recovery_hungarian global_hash=aae15f5a7fccfff64a8e3072ace2eba1b627c4f293e0908396166f058f4a6f57
ROUND fedrad round=216 clients=[53, 17, 11, 78, 66, 39, 94, 4, 47, 90] diagnostic_accuracy=64.9500% Gamma=0.000000 gate_passed=True fallback=functional_recovery_hungarian global_hash=08b1ab5b5b507589e891b4c3acbb1b6333bee65c1d0fd6e9823418b42e4a65c9
ROUND fedrad round=217 clients=[48, 51, 34, 78, 92, 54, 96, 84, 88, 74] diagnostic_accuracy=71.5000% Gamma=0.000000 gate_passed=True fallback=functional_recovery_hungarian global_hash=d8a2e35ac346ae35fb9905f522389ebec245dd861e422307f8b6e3e89a82b5b8
ROUND fedrad round=218 clients=[15, 25, 50, 89, 72, 20, 85, 47, 1, 3] diagnostic_accuracy=61.9200% Gamma=0.000000 gate_passed=True fallback=functional_recovery_hungarian global_hash=bca8e6580ba161fe97818de8b4388797b40634af95753623dd042cdd5a1f5c47
ROUND fedrad round=219 clients=[91, 39, 11, 12, 93, 64, 30, 79, 29, 49] diagnostic_accuracy=72.9600% Gamma=0.000000 gate_passed=True fallback=functional_recovery_hungarian global_hash=89c754106c625dfaddaefeeabfd2d69511ee682d977d1aaedebf5db3fb1d04ea
ROUND fedrad round=220 clients=[21, 88, 95, 65, 60, 8, 46, 31, 63, 72] diagnostic_accuracy=70.6700% Gamma=0.000000 gate_passed=True fallback=functional_recovery_hungarian global_hash=aeab669c783a2f54c62c65994bc090a53e1e18b5aeb87d5705fe11fd3a19815e
ROUND fedrad round=221 clients=[96, 63, 58, 77, 95, 23, 61, 29, 91, 59] diagnostic_accuracy=72.9800% Gamma=0.000000 gate_passed=True fallback=functional_recovery_hungarian global_hash=63ef446aa33c0e53c62fdf9fec3a6e3618c0c19c0cf66afce7d731b5d7d1be83
ROUND fedrad round=222 clients=[8, 69, 44, 89, 49, 36, 77, 19, 92, 72] diagnostic_accuracy=68.8600% Gamma=0.000000 gate_passed=True fallback=functional_recovery_hungarian global_hash=6f07a091065e0d7d02e6d09569dedb469f38ecede9bc2164b72ceb0aee76413b
ROUND fedrad round=223 clients=[47, 49, 1, 80, 27, 9, 83, 72, 76, 92] diagnostic_accuracy=65.8600% Gamma=0.000000 gate_passed=True fallback=functional_recovery_hungarian global_hash=9d78a39987d38dfb0236bb3a8e2c07aea7780b04adea1cf0674ec3fcdc2f1c1d
ROUND fedrad round=224 clients=[10, 57, 54, 1, 80, 76, 56, 39, 14, 20] diagnostic_accuracy=71.0000% Gamma=0.000000 gate_passed=True fallback=functional_recovery_hungarian global_hash=97f2170edad390b206e9c9d18e7af3e78b4c9aaf5720a31398b64e9d6c16bbc4
ROUND fedrad round=225 clients=[6, 62, 31, 90, 3, 51, 24, 91, 23, 55] diagnostic_accuracy=69.3200% Gamma=0.000000 gate_passed=True fallback=functional_recovery_hungarian global_hash=bfc3812c6470328dc45544c4be0a749db31ba3aa812e7ceeeb449b5d9c0cc2f5
ROUND fedrad round=226 clients=[98, 18, 78, 89, 27, 80, 33, 86, 88, 15] diagnostic_accuracy=67.4200% Gamma=0.000000 gate_passed=True fallback=functional_recovery_hungarian global_hash=6bba0536bd62c2c4a5c26dd4bc34183b7284dedefe97e3fee77e4d6a1edc4504
ROUND fedrad round=227 clients=[85, 12, 59, 60, 73, 80, 0, 10, 23, 13] diagnostic_accuracy=71.4000% Gamma=0.000000 gate_passed=True fallback=functional_recovery_hungarian global_hash=9568384de694cb931c385a00fabec03a1b3d9d351d26eb07249e2775ec313327
ROUND fedrad round=228 clients=[35, 46, 54, 87, 84, 51, 27, 95, 21, 61] diagnostic_accuracy=68.8100% Gamma=0.000000 gate_passed=True fallback=functional_recovery_hungarian global_hash=f4478af89bf8a27d993e1c086120fddcbcb21fe94bd38fcc84cf860b585b8654
ROUND fedrad round=229 clients=[64, 6, 96, 98, 27, 71, 18, 3, 1, 95] diagnostic_accuracy=67.7100% Gamma=0.000000 gate_passed=True fallback=functional_recovery_hungarian global_hash=f27530ef4e8e7de9eeb4ba24ea272241ef05335f7e0dcc37b8d756f287d64e11
ROUND fedrad round=230 clients=[88, 90, 96, 35, 69, 11, 60, 48, 23, 42] diagnostic_accuracy=70.1600% Gamma=0.000000 gate_passed=True fallback=functional_recovery_hungarian global_hash=17b3db985dd36dfcf665216138be01014368caf5dd0bb355a9a321e46e946428
ROUND fedrad round=231 clients=[98, 88, 43, 57, 48, 99, 63, 53, 94, 55] diagnostic_accuracy=65.9800% Gamma=0.000000 gate_passed=True fallback=functional_recovery_hungarian global_hash=4387a40e0aebaa576ad86a22aee3f7bcb5c7313eb5e9d5d45f1700d18e114efa
ROUND fedrad round=232 clients=[96, 75, 74, 76, 39, 80, 34, 12, 60, 20] diagnostic_accuracy=67.8600% Gamma=0.000000 gate_passed=True fallback=functional_recovery_hungarian global_hash=113226af1b4514dca1edce5d058a36daef2421aece4325c55fadc458173f32aa
ROUND fedrad round=233 clients=[20, 47, 38, 59, 64, 82, 60, 45, 63, 85] diagnostic_accuracy=71.9900% Gamma=0.000000 gate_passed=True fallback=functional_recovery_hungarian global_hash=e26b0304e1031e5365e3ebc43e100429b64f30190bafa2e8ee9b2a1da7b6c34e
ROUND fedrad round=234 clients=[32, 6, 51, 4, 8, 22, 72, 86, 55, 12] diagnostic_accuracy=74.5500% Gamma=0.000000 gate_passed=True fallback=functional_recovery_hungarian global_hash=1b18d693e1df4a8e922da35c01094a28c40d89cb8d22935169311434148d8095
ROUND fedrad round=235 clients=[45, 71, 84, 65, 61, 83, 87, 53, 77, 51] diagnostic_accuracy=71.0400% Gamma=0.000000 gate_passed=True fallback=functional_recovery_hungarian global_hash=7ba57e95ba8d918dcb41c058ede7731013f77ce593259d544dfc9486d05ad99c
ROUND fedrad round=236 clients=[13, 71, 56, 63, 49, 44, 85, 76, 50, 93] diagnostic_accuracy=70.2600% Gamma=0.000000 gate_passed=True fallback=functional_recovery_hungarian global_hash=7ea6d8f4dc3849d46d7950e42229387049d06c99ac7f934e4f02b772910ae84f
ROUND fedrad round=237 clients=[45, 52, 95, 68, 64, 15, 29, 54, 43, 93] diagnostic_accuracy=72.4000% Gamma=0.000000 gate_passed=True fallback=functional_recovery_hungarian global_hash=a258eab41378e075af7507a4b54581e18788fefa5e9995515407b25903c68a57
ROUND fedrad round=238 clients=[58, 70, 25, 56, 87, 27, 94, 1, 74, 44] diagnostic_accuracy=64.6100% Gamma=0.000000 gate_passed=True fallback=functional_recovery_hungarian global_hash=1c5a641275532f65b0aeadece31d614bcd13528b0154ff55fc354e65b78333da
ROUND fedrad round=239 clients=[2, 7, 31, 45, 81, 62, 23, 97, 18, 27] diagnostic_accuracy=74.3300% Gamma=0.000000 gate_passed=True fallback=functional_recovery_hungarian global_hash=6a44b80c9bd4d68381c3026e12941bec755a54cea21b4643118d1ec1091c3398
ROUND fedrad round=240 clients=[25, 13, 40, 64, 52, 44, 22, 48, 3, 46] diagnostic_accuracy=57.2700% Gamma=0.000000 gate_passed=True fallback=functional_recovery_hungarian global_hash=60500edeb2818175d6c24a68732e1acbff2fc1fa8eb00563366306dcf02786ba
ROUND fedrad round=241 clients=[84, 9, 72, 56, 13, 98, 21, 79, 71, 32] diagnostic_accuracy=63.9600% Gamma=0.000000 gate_passed=True fallback=functional_recovery_hungarian global_hash=ec77a84fc84f2e60b2b82fba877150c475f68898824c03305438be2fb8f15d3c
ROUND fedrad round=242 clients=[32, 2, 36, 91, 58, 81, 87, 68, 25, 5] diagnostic_accuracy=65.1400% Gamma=0.000000 gate_passed=True fallback=functional_recovery_hungarian global_hash=509a0f5ebba40b23be3c9fabffc4046a08bf51be45144f169c7f1beb3a4365e8
ROUND fedrad round=243 clients=[25, 41, 74, 21, 97, 69, 4, 17, 3, 88] diagnostic_accuracy=65.5700% Gamma=0.000000 gate_passed=True fallback=functional_recovery_hungarian global_hash=eecd85414704370b75a2d46fe3eeb91f3cb3448b1b79bd350fc7b1c2125e49fd
ROUND fedrad round=244 clients=[80, 19, 97, 75, 60, 93, 78, 40, 32, 87] diagnostic_accuracy=73.4200% Gamma=0.000000 gate_passed=True fallback=functional_recovery_hungarian global_hash=e7f7c43e3c11296121cb16bd7a9021797de4c18dc008a67e0e19b770640bd4e3
ROUND fedrad round=245 clients=[70, 59, 68, 16, 36, 72, 71, 45, 91, 56] diagnostic_accuracy=71.9800% Gamma=0.000000 gate_passed=True fallback=functional_recovery_hungarian global_hash=d3f3bb7229861ec2c1cb275fa80ee4928464f46f44ed4f7f801a7b93a34bedee
ROUND fedrad round=246 clients=[83, 81, 9, 39, 2, 67, 66, 98, 80, 51] diagnostic_accuracy=72.6100% Gamma=0.000000 gate_passed=True fallback=functional_recovery_hungarian global_hash=43b621e8727d6fd30ce67f97302841a47d9392dbcaeba890fa6cd2006c17cf49
ROUND fedrad round=247 clients=[43, 64, 42, 4, 78, 0, 39, 57, 37, 98] diagnostic_accuracy=72.0100% Gamma=0.000000 gate_passed=True fallback=functional_recovery_hungarian global_hash=2d415618a2e11cb8969e2f3eee1bf23c7106e7661c90a2a4b69f3dd9cb76291a
ROUND fedrad round=248 clients=[11, 6, 16, 48, 14, 19, 68, 82, 94, 39] diagnostic_accuracy=75.6700% Gamma=0.000000 gate_passed=True fallback=functional_recovery_hungarian global_hash=10727ecbac1e5782aa91604c64497320b09c8d4d216f0c413644e6c612306147
ROUND fedrad round=249 clients=[0, 7, 93, 77, 78, 38, 46, 99, 42, 54] diagnostic_accuracy=75.1800% Gamma=0.000000 gate_passed=True fallback=functional_recovery_hungarian global_hash=7091077eb1d1871ccd0c412f9bb0ab1caa7e857df00cf74687249c72bb32faa2
ROUND fedrad round=250 clients=[36, 70, 71, 57, 63, 73, 69, 17, 48, 47] diagnostic_accuracy=72.3700% Gamma=0.000000 gate_passed=True fallback=functional_recovery_hungarian global_hash=0e0647ac41abf0aa8c02b5e27979f75fe4af0c4fa50cfe44852fe475fda510b5
ROUND fedrad round=251 clients=[10, 42, 60, 43, 85, 48, 1, 91, 22, 26] diagnostic_accuracy=73.2500% Gamma=0.000000 gate_passed=True fallback=functional_recovery_hungarian global_hash=6e33861f9e5a19d71f601d1062992005f43aac7d86617e9648286602238aba3c
ROUND fedrad round=252 clients=[46, 3, 23, 96, 47, 32, 52, 50, 82, 28] diagnostic_accuracy=64.8300% Gamma=0.000000 gate_passed=True fallback=functional_recovery_hungarian global_hash=5ab9e38eae38038728540489601e8822436dd7f9c1d9a2e1c4fe814a9b33b812
ROUND fedrad round=253 clients=[2, 55, 26, 94, 14, 72, 5, 50, 91, 42] diagnostic_accuracy=70.5800% Gamma=0.000000 gate_passed=True fallback=functional_recovery_hungarian global_hash=2499c97fb8f96184fbf9355938cbdfa501e96d325447fb755375b0d7357fc67c
ROUND fedrad round=254 clients=[75, 69, 0, 7, 53, 77, 67, 64, 62, 73] diagnostic_accuracy=69.3200% Gamma=0.000000 gate_passed=True fallback=functional_recovery_hungarian global_hash=7b9e5e2e232b630c1e556113775340ac06a043f10f61c9b3a82dfa875772b1c9
ROUND fedrad round=255 clients=[14, 27, 66, 5, 15, 75, 91, 28, 63, 62] diagnostic_accuracy=67.6300% Gamma=0.000000 gate_passed=True fallback=functional_recovery_hungarian global_hash=57ea179e36a9215a65f5b84f4aadeadce02dc07e57202c49c98dbf799de7cc82
ROUND fedrad round=256 clients=[74, 39, 76, 51, 46, 12, 95, 17, 68, 93] diagnostic_accuracy=73.7600% Gamma=0.000000 gate_passed=True fallback=functional_recovery_hungarian global_hash=97992c8cc40aaaaa247b5e43d1c8ba887e961d856fa4c9faabdb766fb3173709
ROUND fedrad round=257 clients=[46, 28, 88, 96, 20, 23, 19, 15, 91, 11] diagnostic_accuracy=73.0200% Gamma=0.000000 gate_passed=True fallback=functional_recovery_hungarian global_hash=5c0eb67f803630b70286a406e9cf31548803216daa678901efd8c46e756d2a3d
ROUND fedrad round=258 clients=[18, 46, 87, 61, 79, 50, 69, 97, 72, 37] diagnostic_accuracy=68.3400% Gamma=0.000000 gate_passed=True fallback=functional_recovery_hungarian global_hash=ac71f47506672e3f29d36a0f4eb0b93ce457f31fbbae714f14011cfb6b7051fe
ROUND fedrad round=259 clients=[34, 57, 53, 30, 72, 9, 37, 19, 5, 14] diagnostic_accuracy=74.6300% Gamma=0.000000 gate_passed=True fallback=functional_recovery_hungarian global_hash=137270e1dce764834fd9118c95a1c6327086acad8575b5310b06154138ad9e42
ROUND fedrad round=260 clients=[4, 67, 61, 35, 96, 86, 63, 9, 8, 36] diagnostic_accuracy=70.0000% Gamma=0.000000 gate_passed=True fallback=functional_recovery_hungarian global_hash=b34c2be62992e2320ae6fc32da4167843077d70e23635d8865d3d93b53be4e94
ROUND fedrad round=261 clients=[89, 41, 20, 92, 67, 44, 61, 77, 3, 9] diagnostic_accuracy=72.9800% Gamma=0.000000 gate_passed=True fallback=functional_recovery_hungarian global_hash=96c7d799882d2b984aeb514a88d311f884ed787a2c3c2795b8ae53583086b844
ROUND fedrad round=262 clients=[87, 20, 97, 50, 35, 68, 33, 98, 53, 96] diagnostic_accuracy=60.2000% Gamma=0.000000 gate_passed=True fallback=functional_recovery_hungarian global_hash=5ea52b6053c8c8c650152afac3d33d3f82bc17860d2be02d60cdc9e5ae56380b
ROUND fedrad round=263 clients=[89, 57, 26, 69, 23, 54, 68, 92, 4, 82] diagnostic_accuracy=75.6400% Gamma=0.000000 gate_passed=True fallback=functional_recovery_hungarian global_hash=2a92ecb741a30405af8af74cb1ebf20f4633f1c45451d5ea164690d368238150
ROUND fedrad round=264 clients=[45, 31, 11, 28, 39, 71, 7, 91, 4, 93] diagnostic_accuracy=75.8800% Gamma=0.000000 gate_passed=True fallback=functional_recovery_hungarian global_hash=800d43a62b88cb25e17564e4df06b9fbf42078bbe0c9bc61f161bccc7f041fcf
ROUND fedrad round=265 clients=[2, 85, 50, 23, 46, 82, 83, 20, 49, 6] diagnostic_accuracy=72.5400% Gamma=0.000000 gate_passed=True fallback=functional_recovery_hungarian global_hash=f5cdee756a82d2b1570e681af14c79c6956e767584e495d9a190df12597ad28e
ROUND fedrad round=266 clients=[3, 42, 84, 62, 69, 25, 23, 76, 52, 75] diagnostic_accuracy=63.4900% Gamma=0.000000 gate_passed=True fallback=functional_recovery_hungarian global_hash=b021424989683dffea9a2d9b185412adfc6f157eacc2d57b3e2327e701a4f172
ROUND fedrad round=267 clients=[4, 95, 1, 21, 83, 23, 48, 78, 42, 31] diagnostic_accuracy=75.2000% Gamma=0.000000 gate_passed=True fallback=functional_recovery_hungarian global_hash=6ff31ce0101d308f0a2d81b7fbcde01999945664f5b6701f51e59472a536289b
ROUND fedrad round=268 clients=[38, 6, 37, 55, 34, 97, 98, 74, 56, 45] diagnostic_accuracy=75.9900% Gamma=0.000000 gate_passed=True fallback=functional_recovery_hungarian global_hash=da15f5d67aef68ce69e481a78fa42c271760e4304bbc7b39bb3c025a48d24af9
ROUND fedrad round=269 clients=[54, 93, 74, 85, 16, 98, 50, 59, 70, 3] diagnostic_accuracy=70.8200% Gamma=0.000000 gate_passed=True fallback=functional_recovery_hungarian global_hash=38be57ec7ef1c315db4e2b001f926f4538791488e4dea251ee6e299bf3a98ba6
ROUND fedrad round=270 clients=[39, 20, 43, 1, 78, 0, 60, 31, 15, 6] diagnostic_accuracy=70.1700% Gamma=0.000000 gate_passed=True fallback=functional_recovery_hungarian global_hash=5235ce2d0eb003db5d49b10a41ea71d2e23f0e7ebdd71120f8c00e39b913ea4c
ROUND fedrad round=271 clients=[42, 76, 2, 31, 19, 17, 83, 92, 44, 35] diagnostic_accuracy=76.0700% Gamma=0.000000 gate_passed=True fallback=functional_recovery_hungarian global_hash=a6e21895e707320bde93de6d9115cdc3a13d6549be47f04a8a60f407ca095bf5
ROUND fedrad round=272 clients=[56, 91, 92, 28, 38, 82, 32, 98, 63, 85] diagnostic_accuracy=73.2000% Gamma=0.000000 gate_passed=True fallback=functional_recovery_hungarian global_hash=ac07f6331159d9e8c09cd30d4fe149e52d42a0988ca7907953045e7d3137f1f8
ROUND fedrad round=273 clients=[5, 84, 60, 47, 3, 13, 65, 92, 19, 74] diagnostic_accuracy=53.3500% Gamma=0.000000 gate_passed=True fallback=functional_recovery_hungarian global_hash=ecaff3b48d7c5550cd28f00f823fb99174c2673d9c7ff6f581d61df14c610736
ROUND fedrad round=274 clients=[59, 45, 39, 67, 6, 78, 84, 80, 22, 57] diagnostic_accuracy=65.1800% Gamma=0.000000 gate_passed=True fallback=functional_recovery_hungarian global_hash=7b4dd0bd5820ed512c03883df1aee2154df954a7f8f290129df8258f6d92f6b9
ROUND fedrad round=275 clients=[64, 42, 43, 38, 94, 36, 68, 8, 11, 89] diagnostic_accuracy=74.5400% Gamma=0.000000 gate_passed=True fallback=functional_recovery_hungarian global_hash=ddd9f07d639633723bf92514be4c45ee4be171671c5552e1d016346300e6c4b4
ROUND fedrad round=276 clients=[23, 69, 89, 9, 42, 74, 62, 68, 57, 93] diagnostic_accuracy=75.8600% Gamma=0.000000 gate_passed=True fallback=functional_recovery_hungarian global_hash=149eb6d6e90912d565c8b05e4069d218293e51dc023327d785939edfc084d849
ROUND fedrad round=277 clients=[85, 66, 93, 44, 48, 13, 3, 21, 23, 39] diagnostic_accuracy=66.4700% Gamma=0.000000 gate_passed=True fallback=functional_recovery_hungarian global_hash=ebe167ae9dd92e340b1926043b9d89850566204b4fa7ace66f9df223926e5f9f
ROUND fedrad round=278 clients=[28, 94, 18, 68, 65, 53, 66, 75, 12, 92] diagnostic_accuracy=71.0800% Gamma=0.000000 gate_passed=True fallback=functional_recovery_hungarian global_hash=670aad6048c22e09c84841408a069a76698a7a33e2973a2129ef8c7fdecd06a3
ROUND fedrad round=279 clients=[90, 75, 39, 64, 49, 44, 66, 50, 60, 98] diagnostic_accuracy=69.9700% Gamma=0.000000 gate_passed=True fallback=functional_recovery_hungarian global_hash=262f2e6a42c04eddb416f86f4a97da51caedbc148e30352dc6dd9089fcfba410
ROUND fedrad round=280 clients=[61, 27, 77, 23, 66, 33, 26, 42, 37, 78] diagnostic_accuracy=67.1600% Gamma=0.000000 gate_passed=True fallback=functional_recovery_hungarian global_hash=846e124c981b5fe7ff16edd7cb6d94c029300af602c3152385907019290461e9
ROUND fedrad round=281 clients=[0, 56, 5, 30, 76, 95, 53, 73, 63, 88] diagnostic_accuracy=72.6700% Gamma=0.000000 gate_passed=True fallback=functional_recovery_hungarian global_hash=c34c15261d79cf8121f72a4af55cb107752165cbabfba3ec3f64e1ec67652238
ROUND fedrad round=282 clients=[84, 89, 68, 64, 78, 62, 28, 30, 49, 41] diagnostic_accuracy=71.7200% Gamma=0.000000 gate_passed=True fallback=functional_recovery_hungarian global_hash=c953e82ebdedf7dff04f12041dcdd87cfab1883c2cffff308ae3c3750a237227
ROUND fedrad round=283 clients=[67, 45, 94, 35, 39, 72, 5, 22, 7, 62] diagnostic_accuracy=74.3300% Gamma=0.000000 gate_passed=True fallback=functional_recovery_hungarian global_hash=e84704e5f9336582668207a37cca7e05a1903e51f3959d3016934531cbdf63a8
ROUND fedrad round=284 clients=[90, 91, 9, 58, 98, 5, 97, 92, 55, 12] diagnostic_accuracy=75.8500% Gamma=0.000000 gate_passed=True fallback=functional_recovery_hungarian global_hash=ee60d44926ae3a7c6510d5591421bc15a88994a4918bdf57ab1ebb379b670b1d
ROUND fedrad round=285 clients=[84, 9, 22, 95, 91, 55, 21, 15, 13, 1] diagnostic_accuracy=72.0000% Gamma=0.000000 gate_passed=True fallback=functional_recovery_hungarian global_hash=7a66e3bfdf1a85c00705acd74509e8d743f53b1dea12443155494effef45fee9
ROUND fedrad round=286 clients=[1, 53, 10, 7, 6, 90, 21, 92, 78, 46] diagnostic_accuracy=74.6700% Gamma=0.000000 gate_passed=True fallback=functional_recovery_hungarian global_hash=4464a1735cb42b4f647624d620dbbe11953be94eda5aefcf9a03b64eb492c2a9
ROUND fedrad round=287 clients=[85, 92, 66, 58, 24, 86, 82, 2, 7, 64] diagnostic_accuracy=73.3500% Gamma=0.000000 gate_passed=True fallback=functional_recovery_hungarian global_hash=ad304350d3d3bed84883108ac4e07c457573eba4b174162fbd80e108ca6c6f18
ROUND fedrad round=288 clients=[40, 50, 36, 99, 33, 79, 62, 74, 16, 22] diagnostic_accuracy=74.2000% Gamma=0.000000 gate_passed=True fallback=functional_recovery_hungarian global_hash=6f0255b29ea07a2a1bbecb22b389e62868510ae30f471d661e54b57208bb042e
ROUND fedrad round=289 clients=[25, 33, 10, 14, 87, 8, 51, 83, 69, 57] diagnostic_accuracy=74.2000% Gamma=0.000000 gate_passed=True fallback=functional_recovery_hungarian global_hash=c159fa04da31df1d48cc91bb943d2ff3bf4f1c832cc4e704451fadfd926ab7f1
ROUND fedrad round=290 clients=[35, 15, 38, 19, 52, 46, 71, 9, 47, 75] diagnostic_accuracy=70.8100% Gamma=0.000000 gate_passed=True fallback=functional_recovery_hungarian global_hash=f72dc1e0e8cb87207dffac3e05ad7b8068dd4ef879adfbe750a1b9de69e0969b
ROUND fedrad round=291 clients=[86, 92, 14, 8, 45, 38, 60, 63, 82, 46] diagnostic_accuracy=74.7700% Gamma=0.000000 gate_passed=True fallback=functional_recovery_hungarian global_hash=feab9794923799a07d91f6d77313817db8d814166238fcaadf142142658574c4
ROUND fedrad round=292 clients=[73, 57, 67, 14, 40, 24, 63, 35, 72, 69] diagnostic_accuracy=72.5500% Gamma=0.000000 gate_passed=True fallback=functional_recovery_hungarian global_hash=47acb401863402aac0da9466ebbde9d46bcdb0973347b6cb3f3480c2191a8ce4
ROUND fedrad round=293 clients=[77, 55, 61, 34, 18, 35, 0, 97, 98, 26] diagnostic_accuracy=72.2800% Gamma=0.000000 gate_passed=True fallback=functional_recovery_hungarian global_hash=1e79e9752a085fd1be81691fc9a814b44cca12be232b28564e3033a404e88abb
ROUND fedrad round=294 clients=[90, 30, 53, 77, 76, 85, 8, 35, 81, 69] diagnostic_accuracy=76.2900% Gamma=0.000000 gate_passed=True fallback=functional_recovery_hungarian global_hash=c5ed2218baf696f135bc4687e48afd544a0bdde5164c1e3656be42043ca0fdd8
ROUND fedrad round=295 clients=[52, 30, 46, 49, 35, 90, 6, 40, 20, 97] diagnostic_accuracy=74.1100% Gamma=0.000000 gate_passed=True fallback=functional_recovery_hungarian global_hash=93a8eac97c6b66ad09e2a33e255b093f00f67d86c1fc1c0ddcc18ff67737137d
ROUND fedrad round=296 clients=[42, 21, 97, 18, 44, 48, 98, 45, 7, 95] diagnostic_accuracy=76.6200% Gamma=0.000000 gate_passed=True fallback=functional_recovery_hungarian global_hash=c59e5888f49e95eab26e2167b4625fa7531dd5a781579063a5469d42f2bf8528
ROUND fedrad round=297 clients=[67, 72, 49, 58, 2, 66, 55, 98, 25, 53] diagnostic_accuracy=68.7600% Gamma=0.000000 gate_passed=True fallback=functional_recovery_hungarian global_hash=20f19da70413e2ce2dd29e252ba7b1f69e03eb475e7badfb9563f83981294fd3
ROUND fedrad round=298 clients=[16, 2, 36, 77, 86, 40, 87, 33, 95, 75] diagnostic_accuracy=76.0600% Gamma=0.000000 gate_passed=True fallback=functional_recovery_hungarian global_hash=e859d1f9b15f3194c94b478b88ea2597552e6249931c450c2a38e42c178cdf12
ROUND fedrad round=299 clients=[1, 66, 81, 52, 47, 99, 38, 56, 65, 4] diagnostic_accuracy=71.1600% Gamma=0.000000 gate_passed=True fallback=functional_recovery_hungarian global_hash=830d733dead00e84dadd81d9ceeaf6164044321bdbb06559d07e851d79bdfb11
ROUND fedrad round=300 clients=[73, 93, 90, 66, 22, 52, 77, 18, 71, 39] diagnostic_accuracy=75.6300% Gamma=0.000000 gate_passed=True fallback=functional_recovery_hungarian global_hash=0f0cdaa0b15a5e4e7ba045eb2d09bb4af69c84a4fc2b7214be5ab24157b7f89d
ROUND fedrad round=301 clients=[58, 81, 11, 2, 36, 79, 23, 5, 64, 30] diagnostic_accuracy=72.6700% Gamma=0.000000 gate_passed=True fallback=functional_recovery_hungarian global_hash=9a87b8b19f697d04727d4111048b119b0f90142cda4c3e206a4ff0de7947cb7e
ROUND fedrad round=302 clients=[9, 94, 15, 47, 62, 70, 17, 6, 41, 89] diagnostic_accuracy=74.2900% Gamma=0.000000 gate_passed=True fallback=functional_recovery_hungarian global_hash=94583aa9c25ff7cda4209bfe29153cf351d42256967fa549dc20800b949d5433
ROUND fedrad round=303 clients=[11, 61, 88, 74, 91, 35, 80, 33, 93, 38] diagnostic_accuracy=71.9200% Gamma=0.000000 gate_passed=True fallback=functional_recovery_hungarian global_hash=6fe9057a46898b6814ccf10f333fac4b52bf3f1a0b91bdc0f6e6c6151404a604
ROUND fedrad round=304 clients=[97, 89, 66, 76, 71, 39, 74, 15, 42, 56] diagnostic_accuracy=72.3700% Gamma=0.000000 gate_passed=True fallback=functional_recovery_hungarian global_hash=321d55b277a1ba6bfe61eea612e16a9c8c6d09271f662d2195cb81fee150d652
ROUND fedrad round=305 clients=[50, 21, 55, 36, 22, 52, 42, 38, 66, 69] diagnostic_accuracy=72.5200% Gamma=0.000000 gate_passed=True fallback=functional_recovery_hungarian global_hash=dcf6b7b07c67acea0e3e7c7d99141c5034869cccddc49b054c37e28fd843f82f
ROUND fedrad round=306 clients=[17, 80, 30, 13, 40, 72, 26, 43, 5, 78] diagnostic_accuracy=73.5100% Gamma=0.000000 gate_passed=True fallback=functional_recovery_hungarian global_hash=36375eb6ecb0527dd515c2b3e5c0a7552327ea8fc408605ae94fdc0b8145fbe7
ROUND fedrad round=307 clients=[25, 34, 22, 83, 5, 21, 56, 97, 10, 33] diagnostic_accuracy=65.2000% Gamma=0.000000 gate_passed=True fallback=functional_recovery_hungarian global_hash=460fafa86bc0e923180ff7a7ff6cacb0e8e1a979265c58ed7476f4d3e7fcf0cb
ROUND fedrad round=308 clients=[17, 62, 3, 16, 99, 5, 53, 86, 20, 48] diagnostic_accuracy=62.7900% Gamma=0.000000 gate_passed=True fallback=functional_recovery_hungarian global_hash=a98be9a9a44f8cb051c6bdd07a271b302c4f44d4dcb8858b557413392cfb5bab
ROUND fedrad round=309 clients=[8, 39, 75, 10, 19, 70, 99, 30, 87, 38] diagnostic_accuracy=74.3700% Gamma=0.000000 gate_passed=True fallback=functional_recovery_hungarian global_hash=809735a4f86958c917d59519f1cbe5fe760084b3c5488038d937e504f25b6358
ROUND fedrad round=310 clients=[55, 15, 1, 3, 7, 60, 87, 66, 51, 26] diagnostic_accuracy=73.9100% Gamma=0.000000 gate_passed=True fallback=functional_recovery_hungarian global_hash=5c63bd48e81c98c846dc210aafe64eeb1e5e9eb2aad13c9739ece5118e0f1f76
ROUND fedrad round=311 clients=[88, 98, 93, 59, 71, 87, 57, 41, 11, 16] diagnostic_accuracy=70.0500% Gamma=0.000000 gate_passed=True fallback=functional_recovery_hungarian global_hash=4a3f472bb573f445dbb9a0fbd8fe45533dad9dff0a51c1c32c7b3007ea5f9f61
ROUND fedrad round=312 clients=[30, 31, 13, 49, 28, 85, 8, 66, 51, 80] diagnostic_accuracy=75.5200% Gamma=0.000000 gate_passed=True fallback=functional_recovery_hungarian global_hash=5cd6a7c2e62027580a0c976ef874e0a2b60d849b84f7bbd08b4b6a631e15729a
ROUND fedrad round=313 clients=[83, 21, 82, 97, 62, 68, 42, 0, 38, 55] diagnostic_accuracy=75.6900% Gamma=0.000000 gate_passed=True fallback=functional_recovery_hungarian global_hash=ae0855e020fbccbe81b5057f7a0462408e70a5019aaec7e99b89601290a7d01d
ROUND fedrad round=314 clients=[19, 13, 22, 40, 66, 47, 38, 39, 81, 98] diagnostic_accuracy=68.7200% Gamma=0.000000 gate_passed=True fallback=functional_recovery_hungarian global_hash=34b3bdccd2da8205a533b8af8a853fc9b950d409c37b12bd14359437b2b9b9e4
ROUND fedrad round=315 clients=[54, 1, 4, 0, 97, 68, 86, 80, 75, 92] diagnostic_accuracy=74.4200% Gamma=0.000000 gate_passed=True fallback=functional_recovery_hungarian global_hash=7e2e3125af9b09b781e53dbbf52b19bac8ebf944dd5106652f6808408ef283ef
ROUND fedrad round=316 clients=[72, 83, 95, 58, 10, 4, 20, 79, 28, 9] diagnostic_accuracy=72.7000% Gamma=0.000000 gate_passed=True fallback=functional_recovery_hungarian global_hash=ecd495efaadfa128fd1fb403e89bf5c80d415e6fe27c004c46f58dc3b9348b77
ROUND fedrad round=317 clients=[65, 17, 69, 40, 60, 57, 93, 41, 67, 36] diagnostic_accuracy=75.5900% Gamma=0.000000 gate_passed=True fallback=functional_recovery_hungarian global_hash=0dd8c6a282ad65825505044896cc165a9b5cbd133d83e56f8687b1287477c276
ROUND fedrad round=318 clients=[40, 54, 79, 28, 15, 30, 87, 4, 62, 94] diagnostic_accuracy=75.5500% Gamma=0.000000 gate_passed=True fallback=functional_recovery_hungarian global_hash=dffeb7e9c9dc3ae86c673603f653ce3edbde7c312287ff9b85db275eb8b137d7
ROUND fedrad round=319 clients=[98, 95, 8, 66, 11, 5, 65, 74, 38, 34] diagnostic_accuracy=67.8600% Gamma=0.000000 gate_passed=True fallback=functional_recovery_hungarian global_hash=25c705fd8d36b155742430723d414b5ca01df40302277868e6ebd8cd5cf73597
ROUND fedrad round=320 clients=[23, 30, 92, 34, 68, 66, 16, 29, 2, 55] diagnostic_accuracy=74.2600% Gamma=0.000000 gate_passed=True fallback=functional_recovery_hungarian global_hash=ad5c80a7183ac8b8f0bc4543d8c3dcfe30798f0ffe46f4d3ab7a32e8e4d14b6b
ROUND fedrad round=321 clients=[29, 76, 47, 99, 54, 42, 94, 65, 2, 53] diagnostic_accuracy=73.4100% Gamma=0.000000 gate_passed=True fallback=functional_recovery_hungarian global_hash=b17bb3a1ce31b4e8a6756d0ee54fa3406541b1f009f53bbae51305ca9316f51a
ROUND fedrad round=322 clients=[98, 84, 92, 26, 13, 81, 18, 54, 4, 21] diagnostic_accuracy=67.8800% Gamma=0.000000 gate_passed=True fallback=functional_recovery_hungarian global_hash=e07e76e7fae9098475e9d8156bfc50c4b8c3cffe79c238d12b6612b79c09438a
ROUND fedrad round=323 clients=[45, 99, 5, 27, 74, 42, 43, 58, 68, 55] diagnostic_accuracy=75.7100% Gamma=0.000000 gate_passed=True fallback=functional_recovery_hungarian global_hash=ecb4c69982f46757c2a27adc5d22fc8e4c052dc90062fec4ded4e1c9561d068c
ROUND fedrad round=324 clients=[53, 32, 69, 2, 21, 92, 46, 0, 60, 94] diagnostic_accuracy=74.8900% Gamma=0.000000 gate_passed=True fallback=functional_recovery_hungarian global_hash=3d36471200f0d73d52014fb451eb3b6f2015ce396d873021361a6982f3b423bf
ROUND fedrad round=325 clients=[5, 78, 42, 67, 16, 88, 27, 26, 55, 50] diagnostic_accuracy=69.1500% Gamma=0.000000 gate_passed=True fallback=functional_recovery_hungarian global_hash=16f5938ca4f802894431d703166151b7d65235ae825bc1223d7fe397286c5113
ROUND fedrad round=326 clients=[92, 38, 23, 87, 14, 63, 3, 27, 77, 95] diagnostic_accuracy=69.1100% Gamma=0.000000 gate_passed=True fallback=functional_recovery_hungarian global_hash=eca9aabc10ffa6bb71d8cee976b8ff3e766c1dd0b2335f8dc8e87bd0127d4961
ROUND fedrad round=327 clients=[29, 67, 66, 87, 18, 85, 35, 74, 80, 52] diagnostic_accuracy=71.9600% Gamma=0.000000 gate_passed=True fallback=functional_recovery_hungarian global_hash=bff2794d9ac2caef9c6ee84249331197a1bfda04a03c2b42bef9089e9022fb6d
ROUND fedrad round=328 clients=[47, 62, 71, 91, 96, 12, 35, 86, 45, 40] diagnostic_accuracy=74.5700% Gamma=0.000000 gate_passed=True fallback=functional_recovery_hungarian global_hash=1186fdad8ea86e2833d60555b7fd2907a9bda6ee534d8889daa9309482453f72
ROUND fedrad round=329 clients=[39, 12, 80, 50, 91, 85, 21, 32, 56, 92] diagnostic_accuracy=70.4400% Gamma=0.000000 gate_passed=True fallback=functional_recovery_hungarian global_hash=30b93e3a021ad10d56c3b0e9b32b7d4ee94a7729ca60577c0c53aef1aab53603
ROUND fedrad round=330 clients=[87, 43, 52, 25, 81, 93, 23, 13, 20, 16] diagnostic_accuracy=66.7800% Gamma=0.000000 gate_passed=True fallback=functional_recovery_hungarian global_hash=c8dcfbbbaf9efa0ae609b18a31067bed4a5ac2c215ca8c5a87bd7b5c621930f2
ROUND fedrad round=331 clients=[64, 78, 70, 54, 6, 83, 13, 48, 14, 77] diagnostic_accuracy=69.7800% Gamma=0.000000 gate_passed=True fallback=functional_recovery_hungarian global_hash=682f0255ea48ab8e9641d138f774c5312329ffcf1a57346f5a75a4e45d8fd50c
ROUND fedrad round=332 clients=[98, 49, 37, 78, 75, 62, 24, 13, 30, 32] diagnostic_accuracy=65.8000% Gamma=0.000000 gate_passed=True fallback=functional_recovery_hungarian global_hash=0e6b0de72451251fde3a7b27fe8973470c7ff672c794c5ae0a1de693f4a0959c
ROUND fedrad round=333 clients=[43, 17, 81, 55, 86, 96, 97, 93, 71, 88] diagnostic_accuracy=76.8300% Gamma=0.000000 gate_passed=True fallback=functional_recovery_hungarian global_hash=475fef18ebdd2f4a81b0635ccb18ed64ac148f6e39b914dfc3ae80d104d1691c
ROUND fedrad round=334 clients=[62, 58, 77, 68, 49, 22, 25, 78, 66, 38] diagnostic_accuracy=71.2900% Gamma=0.000000 gate_passed=True fallback=functional_recovery_hungarian global_hash=720063560cae6bb2555c7641c7b40ced04b4a25c89316a2f3027133ea4edf374
ROUND fedrad round=335 clients=[59, 19, 35, 71, 64, 99, 76, 48, 15, 32] diagnostic_accuracy=68.7600% Gamma=0.000000 gate_passed=True fallback=functional_recovery_hungarian global_hash=a7cec529555617abcd7d3be9732102d5002367712622805f60346487673bad9c
ROUND fedrad round=336 clients=[35, 56, 94, 97, 47, 16, 78, 1, 53, 49] diagnostic_accuracy=72.1100% Gamma=0.000000 gate_passed=True fallback=functional_recovery_hungarian global_hash=1c49d89b0c65caff2d7c15b9ff91fe3e075916c384ae2095bb0eac849070af66
ROUND fedrad round=337 clients=[7, 46, 61, 24, 34, 8, 76, 42, 36, 98] diagnostic_accuracy=71.7100% Gamma=0.000000 gate_passed=True fallback=functional_recovery_hungarian global_hash=fe47dbd9939e665ce30fc897bb78df0e51adf93facd6b57652bdff06f4c9d1e2
ROUND fedrad round=338 clients=[21, 72, 12, 24, 31, 74, 77, 56, 73, 44] diagnostic_accuracy=67.8900% Gamma=0.000000 gate_passed=True fallback=functional_recovery_hungarian global_hash=d13380106aa3447ebabb78f5877f22cad8a88cbf380c09de84456fb6f7a9acad
ROUND fedrad round=339 clients=[25, 46, 31, 75, 77, 90, 65, 69, 52, 99] diagnostic_accuracy=71.0700% Gamma=0.000000 gate_passed=True fallback=functional_recovery_hungarian global_hash=4edc563cb4c06c000c66fe07a6441aaac63e8c99e87c2ba6df5795a47517f95c
ROUND fedrad round=340 clients=[83, 19, 96, 66, 7, 59, 18, 62, 72, 22] diagnostic_accuracy=73.5000% Gamma=0.000000 gate_passed=True fallback=functional_recovery_hungarian global_hash=5e745c53292f192b8f845ce636437f901e4789ffd1cc8330e74e109648da8cb5
ROUND fedrad round=341 clients=[87, 11, 77, 20, 41, 17, 86, 95, 44, 24] diagnostic_accuracy=75.7200% Gamma=0.000000 gate_passed=True fallback=functional_recovery_hungarian global_hash=6c684c6b1ffbcd8c11e124480a3d73b8ca78ea5e875455bcbc061cd2b349cbd1
ROUND fedrad round=342 clients=[56, 20, 94, 49, 25, 97, 23, 41, 26, 81] diagnostic_accuracy=62.8000% Gamma=0.000000 gate_passed=True fallback=functional_recovery_hungarian global_hash=15640bc6527877fcc5c4c6199469cfc32ab2396f93e3c14abd40634e69a8a6f4
ROUND fedrad round=343 clients=[15, 46, 44, 59, 57, 86, 27, 87, 43, 79] diagnostic_accuracy=73.5400% Gamma=0.000000 gate_passed=True fallback=functional_recovery_hungarian global_hash=8cc25c2e2496484eee8cec23365403d20c5e293a4c452d08147a499f0c7bb144
ROUND fedrad round=344 clients=[96, 20, 73, 29, 69, 22, 0, 31, 14, 3] diagnostic_accuracy=72.4100% Gamma=0.000000 gate_passed=True fallback=functional_recovery_hungarian global_hash=26de7921836f421eb3b671b0c8b77d40a1c6498372d3410771d988c6a36e78d7
ROUND fedrad round=345 clients=[45, 89, 10, 75, 81, 25, 42, 26, 64, 50] diagnostic_accuracy=70.6000% Gamma=0.000000 gate_passed=True fallback=functional_recovery_hungarian global_hash=4d1023ee78881dfb69d534267c9a9c0e25613b7b2958f361b4366d3bb2b9423e
ROUND fedrad round=346 clients=[53, 97, 35, 42, 14, 45, 7, 16, 6, 75] diagnostic_accuracy=76.3700% Gamma=0.000000 gate_passed=True fallback=functional_recovery_hungarian global_hash=61f4730c0033695c0afb9d6cfbbe39ef524333e9d14d26e701164f7c63f54d86
ROUND fedrad round=347 clients=[65, 14, 48, 6, 52, 10, 22, 90, 72, 64] diagnostic_accuracy=74.7200% Gamma=0.000000 gate_passed=True fallback=functional_recovery_hungarian global_hash=a8ee75d8836650ba067bbd243c67572f58ec0809cc144a1dd49ed8a37dedf7fe
ROUND fedrad round=348 clients=[92, 46, 33, 99, 32, 67, 94, 49, 62, 16] diagnostic_accuracy=71.2000% Gamma=0.000000 gate_passed=True fallback=functional_recovery_hungarian global_hash=7f82b72664fd42f5af984dab9ca07ccad866fe9315cef5b048927520519c3096
ROUND fedrad round=349 clients=[75, 49, 60, 86, 73, 87, 21, 50, 20, 88] diagnostic_accuracy=77.1900% Gamma=0.000000 gate_passed=True fallback=functional_recovery_hungarian global_hash=887b263da398b3dc0358d42a3fd81e6750cfb284b0cea70285ec0637cdfc2eaa
ROUND fedrad round=350 clients=[36, 94, 56, 7, 62, 71, 47, 61, 0, 9] diagnostic_accuracy=74.1800% Gamma=0.000000 gate_passed=True fallback=functional_recovery_hungarian global_hash=2eb654f5e872562640116b5b5179540db94894157b2ab31fb3cdf5a6057c21db
ROUND fedrad round=351 clients=[38, 32, 33, 88, 56, 14, 11, 28, 40, 90] diagnostic_accuracy=70.2700% Gamma=0.000000 gate_passed=True fallback=functional_recovery_hungarian global_hash=bf8320ebbff9c11cba81f32c0ee5438197079d26905c447fd5b20427d2d7c348
ROUND fedrad round=352 clients=[10, 72, 91, 66, 52, 12, 3, 53, 77, 25] diagnostic_accuracy=66.8200% Gamma=0.000000 gate_passed=True fallback=functional_recovery_hungarian global_hash=3fd67a0e54410ac02e39341dc83175062f635110f32c14109d38121d7fb3ca84
ROUND fedrad round=353 clients=[49, 23, 19, 11, 60, 10, 65, 47, 54, 57] diagnostic_accuracy=77.7700% Gamma=0.000000 gate_passed=True fallback=functional_recovery_hungarian global_hash=19924e372198ea17ed8d3ef245f91876a9073f70a1a312793341afdd2118f723
ROUND fedrad round=354 clients=[67, 12, 18, 90, 39, 34, 86, 35, 56, 54] diagnostic_accuracy=74.1600% Gamma=0.000000 gate_passed=True fallback=functional_recovery_hungarian global_hash=8234195a67d4a5634f3893d60fd0515f9ba37ea770e9c2db2f493448c243fddc
ROUND fedrad round=355 clients=[64, 58, 53, 22, 48, 57, 6, 2, 56, 83] diagnostic_accuracy=74.4400% Gamma=0.000000 gate_passed=True fallback=functional_recovery_hungarian global_hash=e02e51f575b65b8e62ca0a3f91c84c6cfc384580c0853b2541fa41c4e6605f9d
ROUND fedrad round=356 clients=[31, 95, 5, 51, 80, 74, 19, 39, 6, 0] diagnostic_accuracy=73.9500% Gamma=0.000000 gate_passed=True fallback=functional_recovery_hungarian global_hash=e6306a3ae516f83303e5402d834577c7b85958583a5a4124470d86db3b780aa8
ROUND fedrad round=357 clients=[34, 15, 99, 59, 12, 98, 72, 45, 51, 26] diagnostic_accuracy=73.4300% Gamma=0.000000 gate_passed=True fallback=functional_recovery_hungarian global_hash=d5df729c2a65ad5ddb6eea5d2e00edd75b02098a5c57467bda08721cc2a87846
ROUND fedrad round=358 clients=[56, 82, 46, 23, 12, 66, 62, 41, 72, 53] diagnostic_accuracy=71.4300% Gamma=0.000000 gate_passed=True fallback=functional_recovery_hungarian global_hash=21aea76097b6fae91884ffc0be50079d1960d29c7f9a86572d1bee1298d490d1
ROUND fedrad round=359 clients=[73, 12, 6, 9, 3, 28, 32, 19, 16, 91] diagnostic_accuracy=75.1000% Gamma=0.000000 gate_passed=True fallback=functional_recovery_hungarian global_hash=48fd3845ea186332d1774a43babd10d3675f573c83a160431fd4694562aba341
ROUND fedrad round=360 clients=[86, 31, 87, 43, 22, 54, 49, 25, 26, 3] diagnostic_accuracy=71.8800% Gamma=0.000000 gate_passed=True fallback=functional_recovery_hungarian global_hash=fd4d575fb9442669cada29915be9fae637753dca6b0d0c7c2602fbf4253351e1
ROUND fedrad round=361 clients=[42, 81, 7, 82, 70, 13, 16, 2, 41, 50] diagnostic_accuracy=69.3300% Gamma=0.000000 gate_passed=True fallback=functional_recovery_hungarian global_hash=b8eee08d0c417b671e450808e9ed63f665958fc098e46e3006fb9f16b6e01857
ROUND fedrad round=362 clients=[76, 47, 70, 78, 12, 43, 13, 91, 68, 23] diagnostic_accuracy=72.8400% Gamma=0.000000 gate_passed=True fallback=functional_recovery_hungarian global_hash=3901490d07eee28676d4c298fc60d6529de69a2085b87a24a8db433a1b4d6558
ROUND fedrad round=363 clients=[81, 66, 89, 67, 24, 96, 37, 48, 56, 26] diagnostic_accuracy=65.2700% Gamma=0.000000 gate_passed=True fallback=functional_recovery_hungarian global_hash=13e8e2428c63b1a67500fc4c08a550c107ac2d4c8f25573a2f23c1adb6035a5e
ROUND fedrad round=364 clients=[32, 65, 11, 40, 84, 60, 8, 33, 54, 31] diagnostic_accuracy=70.2700% Gamma=0.000000 gate_passed=True fallback=functional_recovery_hungarian global_hash=084f60235f662a7b20821828d29f8fedf6dcb4628463f27aad1b0c91014ffc3b
ROUND fedrad round=365 clients=[28, 36, 74, 56, 27, 70, 94, 4, 76, 71] diagnostic_accuracy=69.9500% Gamma=0.000000 gate_passed=True fallback=functional_recovery_hungarian global_hash=f6a5b3a92090f8a70fd3c43553a8afe95361b8046018f70302a7b2847c35409a
ROUND fedrad round=366 clients=[21, 13, 24, 12, 56, 94, 63, 26, 97, 82] diagnostic_accuracy=71.3800% Gamma=0.000000 gate_passed=True fallback=functional_recovery_hungarian global_hash=966a720e9e874e265be05dee1eed6c7a2eee5f41821d3573008284d3961cb0c3
ROUND fedrad round=367 clients=[53, 79, 31, 11, 93, 82, 34, 67, 49, 19] diagnostic_accuracy=73.7200% Gamma=0.000000 gate_passed=True fallback=functional_recovery_hungarian global_hash=f496610364d83b3ae4c926050411029637216f4a150b1bb1da764d994abf9c2f
ROUND fedrad round=368 clients=[74, 50, 98, 96, 62, 16, 10, 78, 70, 25] diagnostic_accuracy=67.7000% Gamma=0.000000 gate_passed=True fallback=functional_recovery_hungarian global_hash=63d17ffb258e368b89757edbc06ecd18921c9a934d88fc9f6f08ab0919cfecde
ROUND fedrad round=369 clients=[22, 5, 87, 67, 61, 52, 79, 95, 36, 96] diagnostic_accuracy=75.1900% Gamma=0.000000 gate_passed=True fallback=functional_recovery_hungarian global_hash=02d834c68cbb61e24bb20ae82993c37a6f278250272a71875569d407c9c86ed1
ROUND fedrad round=370 clients=[45, 91, 50, 81, 37, 4, 95, 82, 58, 63] diagnostic_accuracy=77.2900% Gamma=0.000000 gate_passed=True fallback=functional_recovery_hungarian global_hash=0cc4c6212fe6c9d9865b1701e264d5cc64aca876bf76a8ed822526c8a67fea82
ROUND fedrad round=371 clients=[25, 57, 47, 59, 66, 15, 19, 5, 71, 72] diagnostic_accuracy=71.6000% Gamma=0.000000 gate_passed=True fallback=functional_recovery_hungarian global_hash=59a67a04a834dd61ccd54bb091ee79fd136646a97a0e50e8f76bbd9707da7803
ROUND fedrad round=372 clients=[21, 30, 85, 19, 65, 47, 78, 90, 0, 3] diagnostic_accuracy=74.0000% Gamma=0.000000 gate_passed=True fallback=functional_recovery_hungarian global_hash=a20a5d22316a8763cd6266c96f9f6aa90bb14cfd22174a3642140412712f295b
ROUND fedrad round=373 clients=[5, 35, 81, 17, 75, 79, 1, 42, 18, 32] diagnostic_accuracy=73.4400% Gamma=0.000000 gate_passed=True fallback=functional_recovery_hungarian global_hash=9aca1a8ce244eac04c1339f1fd0969d52ceaf4173aea2aa5be9f404b599d9140
ROUND fedrad round=374 clients=[60, 98, 96, 4, 29, 31, 94, 12, 34, 43] diagnostic_accuracy=75.0700% Gamma=0.000000 gate_passed=True fallback=functional_recovery_hungarian global_hash=dd13f563903a884c30b0e56f7ce231299f243aa7a459cbd2208e16737055c953
ROUND fedrad round=375 clients=[73, 9, 92, 88, 57, 64, 44, 58, 80, 13] diagnostic_accuracy=75.4100% Gamma=0.000000 gate_passed=True fallback=functional_recovery_hungarian global_hash=a97d6f10e5e0654a53a66f0055b42f3032f0b88d55fd5e7b3421985716ffe850
ROUND fedrad round=376 clients=[23, 89, 29, 26, 54, 53, 25, 59, 51, 97] diagnostic_accuracy=74.4800% Gamma=0.000000 gate_passed=True fallback=functional_recovery_hungarian global_hash=709cc0212c12f8dfe6d6015fd590512cc05ce820d6623efe1f11e8bea3b4353a
ROUND fedrad round=377 clients=[62, 5, 91, 55, 57, 51, 74, 68, 64, 95] diagnostic_accuracy=77.4900% Gamma=0.000000 gate_passed=True fallback=functional_recovery_hungarian global_hash=ca6503047c538fdb8299be1a3b3dfa349a298b10fe88743ed2563db63857e9a3
ROUND fedrad round=378 clients=[39, 78, 70, 52, 80, 73, 44, 40, 91, 55] diagnostic_accuracy=75.0900% Gamma=0.000000 gate_passed=True fallback=functional_recovery_hungarian global_hash=cc623744be3443ee88e69b56b723040fa2891939c96b2ca15acba0178169c683
ROUND fedrad round=379 clients=[15, 30, 88, 35, 91, 83, 29, 75, 58, 40] diagnostic_accuracy=72.6200% Gamma=0.000000 gate_passed=True fallback=functional_recovery_hungarian global_hash=f970cdf6d385f34c5d094567b8d6026c84ebdfcca1121cb3fe2520b8adb448b6
ROUND fedrad round=380 clients=[50, 29, 41, 49, 80, 54, 39, 37, 86, 14] diagnostic_accuracy=78.2700% Gamma=0.000000 gate_passed=True fallback=functional_recovery_hungarian global_hash=40e001ab2c55c462eba7625159905b55a14c726375d71dfae2cf4f56bfe9a17a
ROUND fedrad round=381 clients=[90, 13, 95, 2, 99, 92, 45, 26, 69, 73] diagnostic_accuracy=72.1100% Gamma=0.000000 gate_passed=True fallback=functional_recovery_hungarian global_hash=c1ebf0bf94a7a14891d020ec0766c53147342a09d9db04a482098219b2546c94
ROUND fedrad round=382 clients=[3, 42, 61, 25, 77, 11, 84, 5, 94, 28] diagnostic_accuracy=71.6200% Gamma=0.000000 gate_passed=True fallback=functional_recovery_hungarian global_hash=d0e8ac43cac32d487581bf59b39efc7f283e479145f7d7b3e632f2b9e391a6ef
ROUND fedrad round=383 clients=[68, 69, 13, 11, 15, 58, 84, 24, 42, 6] diagnostic_accuracy=76.7600% Gamma=0.000000 gate_passed=True fallback=functional_recovery_hungarian global_hash=97bb13e1bef86b37768c75607e6acec8b2f4876187c93b03938ebd8ec38cfd22
ROUND fedrad round=384 clients=[46, 88, 94, 6, 96, 60, 62, 95, 14, 79] diagnostic_accuracy=75.8700% Gamma=0.000000 gate_passed=True fallback=functional_recovery_hungarian global_hash=c2ccc32b7b8493ec02aac9b2c10e224afb7f919c08cbb84a737e32bee06b7ba7
ROUND fedrad round=385 clients=[21, 44, 24, 8, 40, 50, 30, 87, 11, 67] diagnostic_accuracy=75.9200% Gamma=0.000000 gate_passed=True fallback=functional_recovery_hungarian global_hash=872ba71bca93370f77bef91c71110617d7d2283172add21151da6abaa2a0d2cd
ROUND fedrad round=386 clients=[60, 55, 52, 20, 34, 45, 25, 53, 69, 10] diagnostic_accuracy=75.2100% Gamma=0.000000 gate_passed=True fallback=functional_recovery_hungarian global_hash=3df88fe6a1729babd84754312f268dcdd1837a41a1fe30595a1898ef59e42c03
ROUND fedrad round=387 clients=[20, 81, 86, 24, 55, 2, 59, 25, 41, 1] diagnostic_accuracy=72.9300% Gamma=0.000000 gate_passed=True fallback=functional_recovery_hungarian global_hash=81eb1a6a3db3e65d76e7d66594e70cb9ca37fc0ccdeb6bb4e736916afe3a177c
ROUND fedrad round=388 clients=[11, 87, 38, 42, 86, 51, 46, 73, 72, 25] diagnostic_accuracy=71.6500% Gamma=0.000000 gate_passed=True fallback=functional_recovery_hungarian global_hash=0311e45a48541181d95093e114752472ba4fa28e1a83b359325432b58b914d52
ROUND fedrad round=389 clients=[20, 70, 50, 27, 3, 15, 75, 74, 57, 9] diagnostic_accuracy=64.5300% Gamma=0.000000 gate_passed=True fallback=functional_recovery_hungarian global_hash=0f1307dafbedf1199d087dc38cb550ae525251f623734a107019ef0f98f57325
ROUND fedrad round=390 clients=[7, 9, 89, 49, 6, 15, 44, 10, 75, 47] diagnostic_accuracy=74.8900% Gamma=0.000000 gate_passed=True fallback=functional_recovery_hungarian global_hash=9a207e7bbe6d93015d7c2daf54d6f5b462bee2cd393395d634e1a9fd290ef543
ROUND fedrad round=391 clients=[17, 48, 84, 73, 96, 30, 98, 60, 88, 83] diagnostic_accuracy=65.7200% Gamma=0.000000 gate_passed=True fallback=functional_recovery_hungarian global_hash=5722d1a8ea1257a0e87d05db20e7ce13cdbca9261754cb503dd5dea90dbdbb2a
ROUND fedrad round=392 clients=[62, 66, 80, 78, 64, 52, 83, 33, 6, 18] diagnostic_accuracy=74.0900% Gamma=0.000000 gate_passed=True fallback=functional_recovery_hungarian global_hash=3a27984c8d3332d7f321fed3ba146cb97a8d5b4e80d6dc8d4d5f9b4c9d53b08b
ROUND fedrad round=393 clients=[64, 45, 24, 20, 10, 88, 23, 82, 22, 31] diagnostic_accuracy=73.7700% Gamma=0.000000 gate_passed=True fallback=functional_recovery_hungarian global_hash=dd31d17f88544848afe388790e11488def9a8d2cc4a0036f4d9784182bad72f9
ROUND fedrad round=394 clients=[45, 71, 30, 95, 90, 73, 9, 78, 18, 49] diagnostic_accuracy=77.8700% Gamma=0.000000 gate_passed=True fallback=functional_recovery_hungarian global_hash=770101f23f24c106666b55f99e8e4544fb2b76f453226ec89a951471acd6888e
ROUND fedrad round=395 clients=[0, 97, 59, 50, 12, 3, 93, 67, 61, 38] diagnostic_accuracy=65.6800% Gamma=0.000000 gate_passed=True fallback=functional_recovery_hungarian global_hash=e6d2941556af42bf64f8312674dff422f232734d92e85732ae5d548e3a58e559
ROUND fedrad round=396 clients=[46, 0, 97, 70, 60, 75, 31, 95, 78, 94] diagnostic_accuracy=75.1700% Gamma=0.000000 gate_passed=True fallback=functional_recovery_hungarian global_hash=803cf3ff4b50819eadc7cf71572217f943ee8e6c8e4560f703559da82ab3388c
ROUND fedrad round=397 clients=[20, 11, 14, 39, 31, 60, 78, 0, 81, 45] diagnostic_accuracy=75.5300% Gamma=0.000000 gate_passed=True fallback=functional_recovery_hungarian global_hash=4cf478e4ff94154a0bcf78df010d4e014a5e758c6963308b7be00ba815cdc43f
ROUND fedrad round=398 clients=[76, 80, 37, 5, 75, 62, 79, 61, 42, 53] diagnostic_accuracy=70.9800% Gamma=0.000000 gate_passed=True fallback=functional_recovery_hungarian global_hash=c89ce561ed9e46b8ff6524b532943c71033fb230a20c2b559863a4abb8c816e2
ROUND fedrad round=399 clients=[89, 97, 49, 44, 55, 22, 95, 36, 79, 17] diagnostic_accuracy=73.8400% Gamma=0.000000 gate_passed=True fallback=functional_recovery_hungarian global_hash=b85c597db596ed6372cec147655f1f78dcde036b43e123e2f81e73a2401ed9c6
ROUND fedrad round=400 clients=[75, 63, 1, 29, 88, 12, 86, 82, 61, 40] diagnostic_accuracy=73.6900% Gamma=0.000000 gate_passed=True fallback=functional_recovery_hungarian global_hash=ac4126f0962ad39e711ff3b919525d5645e8414c4e223efd5a043ca2516353de
ROUND fedrad round=401 clients=[79, 49, 42, 13, 97, 81, 91, 22, 3, 76] diagnostic_accuracy=75.0800% Gamma=0.000000 gate_passed=True fallback=functional_recovery_hungarian global_hash=305bc05acf508b4cfd47fc0b55ba5aa644b2fac44e5b9e659af68850e0e4f530
ROUND fedrad round=402 clients=[99, 58, 63, 28, 3, 56, 8, 24, 84, 27] diagnostic_accuracy=65.1300% Gamma=0.000000 gate_passed=True fallback=functional_recovery_hungarian global_hash=02381831a01b13fcb22827fd4c96c18253aae7c4efd90b1d1ebc4a059fc302da
ROUND fedrad round=403 clients=[26, 36, 57, 95, 99, 46, 23, 30, 40, 67] diagnostic_accuracy=76.7700% Gamma=0.000000 gate_passed=True fallback=functional_recovery_hungarian global_hash=d6e9f8805954b6d2155b802a7192ec96f04f61d04764791d304961d288f49f29
ROUND fedrad round=404 clients=[87, 93, 29, 50, 14, 84, 52, 8, 43, 70] diagnostic_accuracy=71.2900% Gamma=0.000000 gate_passed=True fallback=functional_recovery_hungarian global_hash=5806ac095cfe18e202283296368e4e29be9bfe76ede41568549bf2641c25404f
ROUND fedrad round=405 clients=[85, 76, 96, 0, 77, 17, 42, 90, 39, 45] diagnostic_accuracy=74.3800% Gamma=0.000000 gate_passed=True fallback=functional_recovery_hungarian global_hash=1eeae3332e2c9ff7e3377465207b70ddff26d84ba0fed3b9574606c0486d1e3d
ROUND fedrad round=406 clients=[27, 44, 42, 58, 72, 52, 6, 1, 62, 13] diagnostic_accuracy=73.7300% Gamma=0.000000 gate_passed=True fallback=functional_recovery_hungarian global_hash=de50c029ce5da7b7318ac2019f4e442b340b4a2a71b804b685d67e8e54a0f33f
ROUND fedrad round=407 clients=[33, 87, 58, 67, 57, 85, 72, 27, 99, 79] diagnostic_accuracy=75.9200% Gamma=0.000000 gate_passed=True fallback=functional_recovery_hungarian global_hash=af2b87af7a3a9e91b8ffc3800d057c9eff777bfa1558776f0fc1507085cdfd1e
ROUND fedrad round=408 clients=[3, 11, 87, 22, 62, 52, 56, 95, 26, 20] diagnostic_accuracy=74.6100% Gamma=0.000000 gate_passed=True fallback=functional_recovery_hungarian global_hash=ec48bb28d8c7984307db9d6631a6887aa95e8be74fe37efbfdc7513d8aeec3b1
ROUND fedrad round=409 clients=[41, 57, 20, 29, 56, 74, 83, 14, 0, 87] diagnostic_accuracy=75.8800% Gamma=0.000000 gate_passed=True fallback=functional_recovery_hungarian global_hash=8f5245e6b42631e64a9fcce28a666c86ce653905b34243c6d11d4fec51a20516
ROUND fedrad round=410 clients=[28, 34, 77, 85, 62, 58, 30, 86, 93, 46] diagnostic_accuracy=79.0700% Gamma=0.000000 gate_passed=True fallback=functional_recovery_hungarian global_hash=c57b548a5d9bbb56dfabdef1546c622669fe5184fbfab72594b0c64eb6b0508f
ROUND fedrad round=411 clients=[79, 62, 87, 68, 32, 92, 29, 81, 7, 90] diagnostic_accuracy=77.8200% Gamma=0.000000 gate_passed=True fallback=functional_recovery_hungarian global_hash=ec88736f12ef33063179f0a976e979741db54554df71f152d9426d2a2806bb54
ROUND fedrad round=412 clients=[8, 38, 48, 12, 1, 77, 68, 92, 59, 19] diagnostic_accuracy=72.4900% Gamma=0.000000 gate_passed=True fallback=functional_recovery_hungarian global_hash=a548ea7c290addc0c356aaae983fbfe87ac2f541da4108a43e53c0241cca0c4e
ROUND fedrad round=413 clients=[99, 14, 24, 70, 44, 31, 86, 3, 75, 60] diagnostic_accuracy=72.6900% Gamma=0.000000 gate_passed=True fallback=functional_recovery_hungarian global_hash=b62854c629f3c465e670cc3e923385dab479041b79b38d0c5648984fbfd3a7de
ROUND fedrad round=414 clients=[11, 85, 83, 96, 82, 76, 7, 19, 87, 51] diagnostic_accuracy=77.8600% Gamma=0.000000 gate_passed=True fallback=functional_recovery_hungarian global_hash=da56f3c0f5dc5bab0619d800ab701ef57c2f4ce3269d9272c93cabca4731d7b0
ROUND fedrad round=415 clients=[12, 18, 62, 10, 75, 42, 8, 7, 31, 23] diagnostic_accuracy=72.0700% Gamma=0.000000 gate_passed=True fallback=functional_recovery_hungarian global_hash=098b05fc52f6bc172ae3b4ba9434206628e949109b866d04890fb8e73a535cc2
ROUND fedrad round=416 clients=[97, 5, 1, 84, 30, 40, 72, 21, 52, 39] diagnostic_accuracy=69.8100% Gamma=0.000000 gate_passed=True fallback=functional_recovery_hungarian global_hash=5e12da7a79863107d2bc2d9ac7fe2bab4aedfd6933d45e32123b4d2605eab58b
ROUND fedrad round=417 clients=[72, 62, 14, 55, 67, 32, 39, 29, 38, 7] diagnostic_accuracy=74.2800% Gamma=0.000000 gate_passed=True fallback=functional_recovery_hungarian global_hash=eb9f3cfb259cac8e132fd67e346931b0d3946a4d781276d882c8f0fe5e5b92b6
ROUND fedrad round=418 clients=[9, 65, 98, 93, 0, 31, 12, 91, 28, 81] diagnostic_accuracy=70.5200% Gamma=0.000000 gate_passed=True fallback=functional_recovery_hungarian global_hash=f96aac20e24f2fe891804dc44a62b52c9f59a386aa648dcf9279850d4037b38e
ROUND fedrad round=419 clients=[49, 67, 58, 34, 22, 47, 19, 33, 9, 26] diagnostic_accuracy=76.2300% Gamma=0.000000 gate_passed=True fallback=functional_recovery_hungarian global_hash=3e18f4f485a6269e87c9aded2323ca79792084325dc2a99ac0a5c90fb70b24fc
ROUND fedrad round=420 clients=[78, 18, 25, 81, 52, 5, 97, 88, 53, 51] diagnostic_accuracy=70.2600% Gamma=0.000000 gate_passed=True fallback=functional_recovery_hungarian global_hash=6031a61b80a0975df574f2b63b2fb564f2b90abb4deeef69196f44dd08158ae7
ROUND fedrad round=421 clients=[7, 68, 34, 80, 72, 25, 89, 12, 66, 69] diagnostic_accuracy=72.6700% Gamma=0.000000 gate_passed=True fallback=functional_recovery_hungarian global_hash=703c46bda6912c67fc36a1a83ba3f4dfde1f931e1e66f35f949cfebdc8b06c04
ROUND fedrad round=422 clients=[54, 28, 10, 85, 87, 89, 40, 86, 50, 96] diagnostic_accuracy=78.4300% Gamma=0.000000 gate_passed=True fallback=functional_recovery_hungarian global_hash=8770708dc84442ed6e8b12fd1c81b43988659227b364a008ea2303b2aba0a229
ROUND fedrad round=423 clients=[58, 7, 9, 0, 50, 24, 38, 86, 81, 30] diagnostic_accuracy=75.0000% Gamma=0.000000 gate_passed=True fallback=functional_recovery_hungarian global_hash=1b53e144f6a9bcb538b9a5af70a6457d3e323749f2b953ae8ebec973bac9637c
ROUND fedrad round=424 clients=[49, 75, 87, 68, 65, 47, 2, 70, 43, 25] diagnostic_accuracy=75.1100% Gamma=0.000000 gate_passed=True fallback=functional_recovery_hungarian global_hash=f7907234afd823459dd5bc4baf5eb45475fcc07783cf91a1b879a5c842a0dfde
ROUND fedrad round=425 clients=[75, 54, 77, 98, 27, 69, 42, 25, 78, 65] diagnostic_accuracy=73.3800% Gamma=0.000000 gate_passed=True fallback=functional_recovery_hungarian global_hash=3c7b1c8caac19a334f4a2388740cdcdcf931f291327aacf83287c931336b227a
ROUND fedrad round=426 clients=[84, 26, 59, 68, 11, 37, 6, 56, 15, 24] diagnostic_accuracy=77.2600% Gamma=0.000000 gate_passed=True fallback=functional_recovery_hungarian global_hash=e4219e2529b827153810fb3ffd9cd3c3cbd6f378a898ac679e0a67b41900eba1
ROUND fedrad round=427 clients=[71, 44, 26, 24, 99, 43, 87, 62, 46, 6] diagnostic_accuracy=78.6500% Gamma=0.000000 gate_passed=True fallback=functional_recovery_hungarian global_hash=42c1bcf2072509c870b02c163413d11076fa5ca81d604442b9e6e83e3e4cf316
ROUND fedrad round=428 clients=[3, 14, 23, 71, 39, 58, 91, 9, 13, 67] diagnostic_accuracy=71.0600% Gamma=0.000000 gate_passed=True fallback=functional_recovery_hungarian global_hash=22ddd178fa04b5713a74aa3382a56e001fc6461ff518ac716f263cda2b8beeff
ROUND fedrad round=429 clients=[2, 90, 64, 67, 74, 51, 27, 54, 30, 94] diagnostic_accuracy=71.7700% Gamma=0.000000 gate_passed=True fallback=functional_recovery_hungarian global_hash=4e40ea42307c0a6b373f0e5bf47ed451e0ccebd3b6f38cf7aaf79e799f3cf6f4
ROUND fedrad round=430 clients=[8, 80, 21, 38, 52, 63, 93, 66, 1, 44] diagnostic_accuracy=74.4600% Gamma=0.000000 gate_passed=True fallback=functional_recovery_hungarian global_hash=a2a3c52cb0e36b7942fb4629e62002fcbfa9262e246ac204a19f7ea13bdf80d8
ROUND fedrad round=431 clients=[68, 83, 93, 49, 33, 94, 99, 45, 4, 79] diagnostic_accuracy=76.6400% Gamma=0.000000 gate_passed=True fallback=functional_recovery_hungarian global_hash=782cadea17d5067bef3831b3a7ace5fbf25d45c296968aec757e52bedbd64a2d
ROUND fedrad round=432 clients=[66, 81, 5, 45, 93, 34, 31, 51, 65, 27] diagnostic_accuracy=68.1300% Gamma=0.000000 gate_passed=True fallback=functional_recovery_hungarian global_hash=1bc54237be18fc7d8877d86135b55181295f5b35932e2917b78f4e560c895ab6
ROUND fedrad round=433 clients=[13, 82, 43, 34, 96, 22, 29, 21, 15, 98] diagnostic_accuracy=77.0600% Gamma=0.000000 gate_passed=True fallback=functional_recovery_hungarian global_hash=91bbb9e3885cfab3141619def59a51e0b7bd2335ee8247fd534c5f6497828808
ROUND fedrad round=434 clients=[15, 77, 88, 1, 83, 22, 74, 87, 75, 86] diagnostic_accuracy=77.2500% Gamma=0.000000 gate_passed=True fallback=functional_recovery_hungarian global_hash=00ef2906203ba212f32f31c9c05e7f56cebd24f16c1c7359daf0caca5265626a
ROUND fedrad round=435 clients=[57, 20, 56, 70, 71, 28, 72, 2, 63, 75] diagnostic_accuracy=71.8800% Gamma=0.000000 gate_passed=True fallback=functional_recovery_hungarian global_hash=4b7100e0c5c976498f4c6e843049587af73cd2923a9ffbb1b54955763cb92e5f
ROUND fedrad round=436 clients=[40, 2, 35, 47, 85, 52, 75, 80, 37, 21] diagnostic_accuracy=74.6500% Gamma=0.000000 gate_passed=True fallback=functional_recovery_hungarian global_hash=e7956233f62c9a4f0c42827f1886fa1e22369e0d283a24e269c25183fdac5b55
ROUND fedrad round=437 clients=[84, 63, 70, 4, 65, 79, 93, 9, 58, 78] diagnostic_accuracy=72.4900% Gamma=0.000000 gate_passed=True fallback=functional_recovery_hungarian global_hash=006a96d52ae8c9f41c8e3e7c6c4cd50876d5ab38d604b391c3b6e70c2dbb0966
ROUND fedrad round=438 clients=[45, 59, 24, 34, 53, 44, 62, 36, 81, 20] diagnostic_accuracy=73.0200% Gamma=0.000000 gate_passed=True fallback=functional_recovery_hungarian global_hash=c2650e15c515e9fd90d12b0bb32edf3a2244bf7a2ea853073937d406c3369861
ROUND fedrad round=439 clients=[63, 71, 68, 40, 19, 20, 49, 3, 79, 46] diagnostic_accuracy=75.1400% Gamma=0.000000 gate_passed=True fallback=functional_recovery_hungarian global_hash=6ee28dd2b095d8be08629b3775589f2d8da9c50a10e018bc8111fb61d5b5e08b
ROUND fedrad round=440 clients=[95, 6, 49, 55, 74, 53, 26, 27, 16, 21] diagnostic_accuracy=73.7700% Gamma=0.000000 gate_passed=True fallback=functional_recovery_hungarian global_hash=e536d1198556e5403c2b42aa5b6712a0f22b38c7ef2a1fc2b0e23099a835230e
ROUND fedrad round=441 clients=[72, 86, 40, 12, 89, 0, 66, 52, 54, 29] diagnostic_accuracy=78.5500% Gamma=0.000000 gate_passed=True fallback=functional_recovery_hungarian global_hash=cab825bb798f093cd19ae243f9915beee957240f1079997b8e51992f788484b1
ROUND fedrad round=442 clients=[32, 76, 58, 59, 44, 71, 93, 96, 45, 47] diagnostic_accuracy=76.9800% Gamma=0.000000 gate_passed=True fallback=functional_recovery_hungarian global_hash=0cdfa14a0e3c2987e72b5537ae9d598b0fe52708d62db3991f092c02f1de180b
ROUND fedrad round=443 clients=[17, 14, 46, 7, 68, 84, 43, 35, 61, 99] diagnostic_accuracy=73.7300% Gamma=0.000000 gate_passed=True fallback=functional_recovery_hungarian global_hash=915c0d79d3f39b75c0b2ea9be6d80de4ea09de941083d7e201ff3b58035e46bb
ROUND fedrad round=444 clients=[69, 5, 99, 15, 89, 98, 56, 54, 48, 90] diagnostic_accuracy=71.9900% Gamma=0.000000 gate_passed=True fallback=functional_recovery_hungarian global_hash=4c4e7df449f3bfe3aba8f56a094e8fb52d2a2a84c5d1cc0022ed7c8cefae48f1
ROUND fedrad round=445 clients=[40, 55, 60, 58, 38, 33, 13, 46, 15, 64] diagnostic_accuracy=76.3700% Gamma=0.000000 gate_passed=True fallback=functional_recovery_hungarian global_hash=ad5288546cfd61fabcbed7f990a89b824308fa9cfb3dd377b863ef0560fddc1f
ROUND fedrad round=446 clients=[45, 76, 62, 4, 1, 70, 16, 87, 35, 7] diagnostic_accuracy=78.5700% Gamma=0.000000 gate_passed=True fallback=functional_recovery_hungarian global_hash=34a1297f2fa8e5384f6f5cf59d0c2b38cbbee35003d76c3a5d84fd4136e9dc0a
ROUND fedrad round=447 clients=[25, 85, 89, 47, 0, 21, 39, 83, 87, 27] diagnostic_accuracy=75.3800% Gamma=0.000000 gate_passed=True fallback=functional_recovery_hungarian global_hash=163a4ece3badca7c07073d01aad501efdd90239b4d76889d944ec6f2587d9f51
ROUND fedrad round=448 clients=[30, 22, 23, 63, 42, 80, 78, 86, 60, 5] diagnostic_accuracy=77.1900% Gamma=0.000000 gate_passed=True fallback=functional_recovery_hungarian global_hash=d0633e13dc3daeaaf0eb1f5677b45a915e293e9d044993711812007619171fb2
ROUND fedrad round=449 clients=[30, 98, 87, 67, 44, 90, 46, 19, 31, 70] diagnostic_accuracy=77.8100% Gamma=0.000000 gate_passed=True fallback=functional_recovery_hungarian global_hash=3db5b618c0df905d340516d612ab19a61631504d8e505568f82040aaef3958fd
ROUND fedrad round=450 clients=[63, 60, 88, 55, 7, 49, 73, 18, 11, 3] diagnostic_accuracy=68.8900% Gamma=0.000000 gate_passed=True fallback=functional_recovery_hungarian global_hash=f66fff25f2eadbcf82827125b65c5f2eae0b47b3e9644c05b76cf17e13ec2b8d
ROUND fedrad round=451 clients=[46, 57, 61, 67, 52, 49, 17, 15, 58, 63] diagnostic_accuracy=73.8600% Gamma=0.000000 gate_passed=True fallback=functional_recovery_hungarian global_hash=40b8f5f14273fe70c4d7c063e86388965df01d9bfec24c7b06086fb767251477
ROUND fedrad round=452 clients=[96, 35, 60, 56, 85, 26, 52, 58, 81, 0] diagnostic_accuracy=72.2200% Gamma=0.000000 gate_passed=True fallback=functional_recovery_hungarian global_hash=205889bbaab9627cd7c276d0cf8eb9280cf52180372ad1ec88a2cb93c9d08197
ROUND fedrad round=453 clients=[12, 87, 25, 67, 50, 83, 22, 43, 88, 48] diagnostic_accuracy=75.1300% Gamma=0.000000 gate_passed=True fallback=functional_recovery_hungarian global_hash=6405ed33b8df9e49cb525a7b72f6c7391e4b957312da97000b62eef364fd31cd
ROUND fedrad round=454 clients=[20, 94, 6, 43, 53, 13, 28, 97, 61, 25] diagnostic_accuracy=75.6100% Gamma=0.000000 gate_passed=True fallback=functional_recovery_hungarian global_hash=21541f8887169de4cbc3d5728b68c3ea1cf59ee3dd82effdcbfdea954417ecb4
ROUND fedrad round=455 clients=[64, 21, 54, 42, 31, 83, 91, 58, 8, 30] diagnostic_accuracy=76.3100% Gamma=0.000000 gate_passed=True fallback=functional_recovery_hungarian global_hash=9a590ba6f89cd6a7fada397a0320b4b44112d9063d1efd43ea27bfc1db5f65db
ROUND fedrad round=456 clients=[21, 55, 76, 1, 80, 84, 16, 28, 86, 96] diagnostic_accuracy=74.5900% Gamma=0.000000 gate_passed=True fallback=functional_recovery_hungarian global_hash=f7cd400681c17a3aa242f3a810fa54369c425987810b2d9c76eae9e442d2f1b4
ROUND fedrad round=457 clients=[27, 46, 72, 31, 53, 66, 14, 75, 77, 99] diagnostic_accuracy=64.2600% Gamma=0.000000 gate_passed=True fallback=functional_recovery_hungarian global_hash=a1011a83eee05fa0d579c960ec9e08dbf6de247822417cf05da4ec79dab617f6
ROUND fedrad round=458 clients=[94, 60, 27, 1, 47, 24, 79, 33, 3, 10] diagnostic_accuracy=64.2600% Gamma=0.000000 gate_passed=True fallback=functional_recovery_hungarian global_hash=1e069c18c25198b785c32333ea0a7324e327f64cb01083a75c7389088fe65e13
ROUND fedrad round=459 clients=[96, 93, 54, 84, 35, 20, 27, 47, 77, 59] diagnostic_accuracy=71.1300% Gamma=0.000000 gate_passed=True fallback=functional_recovery_hungarian global_hash=c3736295be6198cac71f5e2b705818aff0a028034d4728c56ee5d797a55086f2
ROUND fedrad round=460 clients=[43, 77, 80, 81, 46, 17, 41, 62, 39, 35] diagnostic_accuracy=70.9600% Gamma=0.000000 gate_passed=True fallback=functional_recovery_hungarian global_hash=40ddb7fd7573cc7a55442735b1304f6654c961e4c644b669e8577b65c0971686
ROUND fedrad round=461 clients=[19, 97, 29, 20, 55, 7, 63, 81, 76, 38] diagnostic_accuracy=75.4300% Gamma=0.000000 gate_passed=True fallback=functional_recovery_hungarian global_hash=882494b703f370cf306a97420776e057c5dd5a810ee94b2365d53165fae5a894
ROUND fedrad round=462 clients=[72, 66, 67, 15, 71, 2, 98, 78, 73, 52] diagnostic_accuracy=74.9400% Gamma=0.000000 gate_passed=True fallback=functional_recovery_hungarian global_hash=71c6b0ce84eb03c281f25b64a979f17196706ad0077c8aea8daa2d1bccb7b72a
ROUND fedrad round=463 clients=[50, 46, 14, 85, 68, 21, 61, 3, 73, 30] diagnostic_accuracy=75.9500% Gamma=0.000000 gate_passed=True fallback=functional_recovery_hungarian global_hash=5c5b3f89044bd21a9b53720ce9e00513c6f30b8ba0f14f7faa745387856192ee
ROUND fedrad round=464 clients=[44, 94, 92, 97, 84, 46, 51, 5, 88, 6] diagnostic_accuracy=74.8000% Gamma=0.000000 gate_passed=True fallback=functional_recovery_hungarian global_hash=d886113de742dd4916f3df26069ef9e5b0b4ef867cf9cdbcc39f10c3975af077
ROUND fedrad round=465 clients=[86, 9, 5, 40, 57, 0, 35, 3, 48, 88] diagnostic_accuracy=71.1800% Gamma=0.000000 gate_passed=True fallback=functional_recovery_hungarian global_hash=d50ef8c2d968278ae63a3241b35f4b6a0eee9c8b04a9cce67de99808507237a3
ROUND fedrad round=466 clients=[3, 32, 55, 9, 60, 90, 19, 71, 83, 97] diagnostic_accuracy=75.8200% Gamma=0.000000 gate_passed=True fallback=functional_recovery_hungarian global_hash=3ed4746b013d0314d7f9fdaf03a1d4a158612e8195fc301dc318300a1b5789b1
ROUND fedrad round=467 clients=[79, 35, 38, 48, 52, 29, 91, 13, 70, 89] diagnostic_accuracy=73.1800% Gamma=0.000000 gate_passed=True fallback=functional_recovery_hungarian global_hash=164a0ec536e50da3c9cc490d71a9c5dc97eb5d677084a5e6917d9905b31c6391
ROUND fedrad round=468 clients=[59, 64, 79, 90, 95, 86, 14, 20, 68, 48] diagnostic_accuracy=79.5300% Gamma=0.000000 gate_passed=True fallback=functional_recovery_hungarian global_hash=fa393610868fdf217d6eeb14f1b01b64b5d2cf1e00ef0488b230844c1d08fee0
ROUND fedrad round=469 clients=[67, 12, 17, 24, 45, 9, 32, 20, 78, 3] diagnostic_accuracy=72.0000% Gamma=0.000000 gate_passed=True fallback=functional_recovery_hungarian global_hash=5d831d017077c2447c96597a89ab0d5b1edfce0d2c2b416490a0571584e7e2a7
ROUND fedrad round=470 clients=[46, 56, 96, 43, 41, 73, 83, 35, 17, 67] diagnostic_accuracy=74.3700% Gamma=0.000000 gate_passed=True fallback=functional_recovery_hungarian global_hash=2a28dc0966ee581972ff7090d1e5ab8cce382576888b817307003399f611d800
ROUND fedrad round=471 clients=[87, 47, 32, 29, 43, 30, 27, 95, 22, 18] diagnostic_accuracy=74.7600% Gamma=0.000000 gate_passed=True fallback=functional_recovery_hungarian global_hash=2dd8240f8921b0b85bf80d82cfcb802b0189c0a26e37634d2e27dc1376734e9a
ROUND fedrad round=472 clients=[27, 59, 81, 74, 47, 93, 4, 56, 14, 10] diagnostic_accuracy=64.3400% Gamma=0.000000 gate_passed=True fallback=functional_recovery_hungarian global_hash=2a97cff3dca3806f73244ef4757e40021f05e26de51af72d744f2891ffd4d522
ROUND fedrad round=473 clients=[91, 33, 84, 87, 36, 39, 90, 58, 41, 62] diagnostic_accuracy=71.6500% Gamma=0.000000 gate_passed=True fallback=functional_recovery_hungarian global_hash=e7b43ac5edd827a15b57bd3fa6da77605c270094f52c6ce443c7948de52a60af
ROUND fedrad round=474 clients=[52, 51, 38, 79, 77, 42, 30, 59, 97, 2] diagnostic_accuracy=78.5500% Gamma=0.000000 gate_passed=True fallback=functional_recovery_hungarian global_hash=48cea093a2df0d397e484b9b80e48ed9705b0134308964b8a69dad2a0a554618
ROUND fedrad round=475 clients=[65, 38, 67, 29, 18, 6, 62, 36, 22, 85] diagnostic_accuracy=77.1700% Gamma=0.000000 gate_passed=True fallback=functional_recovery_hungarian global_hash=e91df310c9974c0e77d323464f7c995f0b013c71d9ef3d1730d7beb430044025
ROUND fedrad round=476 clients=[11, 62, 16, 24, 59, 91, 93, 31, 23, 0] diagnostic_accuracy=76.5400% Gamma=0.000000 gate_passed=True fallback=functional_recovery_hungarian global_hash=2e3a56b44a408d7ff61db7c3ccb4cb462b04f92b15f5f1071ab44dc5e0585283
ROUND fedrad round=477 clients=[80, 46, 69, 71, 96, 45, 0, 31, 27, 21] diagnostic_accuracy=76.9800% Gamma=0.000000 gate_passed=True fallback=functional_recovery_hungarian global_hash=1ae18e211b98609b83effe0ce911d9d69d0fca726984c5a5181abef68f3cea5c
ROUND fedrad round=478 clients=[16, 76, 19, 50, 17, 63, 93, 47, 57, 49] diagnostic_accuracy=72.5300% Gamma=0.000000 gate_passed=True fallback=functional_recovery_hungarian global_hash=9cb28961a6a30fc898ed90943d724a52ee875de54614b65b8f8eeeffca47eb00
ROUND fedrad round=479 clients=[82, 57, 66, 24, 11, 30, 5, 14, 91, 72] diagnostic_accuracy=75.6800% Gamma=0.000000 gate_passed=True fallback=functional_recovery_hungarian global_hash=5f59d024138a86fc24f37ba3001ee1b42dcb0ddfab7c4221474f4fbdd44df4f1
ROUND fedrad round=480 clients=[5, 66, 73, 93, 9, 23, 13, 12, 30, 74] diagnostic_accuracy=70.2000% Gamma=0.000000 gate_passed=True fallback=functional_recovery_hungarian global_hash=5bfd5f4ff78b721942d92b5050a6835f225b2963f17b4d22c76b9ee5f2e1fad7
ROUND fedrad round=481 clients=[11, 85, 77, 4, 94, 43, 18, 48, 38, 10] diagnostic_accuracy=74.8900% Gamma=0.000000 gate_passed=True fallback=functional_recovery_hungarian global_hash=f5aafc7a1e265b277496475f822a7a85ccda8eae8d5506a7d39179948c4d665e
ROUND fedrad round=482 clients=[20, 95, 47, 0, 45, 5, 64, 98, 13, 96] diagnostic_accuracy=69.2400% Gamma=0.000000 gate_passed=True fallback=functional_recovery_hungarian global_hash=fbbcbb8950e4c4d6ca4cb4c81842f8b1c0e0f5c49678687d32d4a6f8eb799bfb
ROUND fedrad round=483 clients=[51, 4, 98, 99, 17, 69, 48, 24, 63, 23] diagnostic_accuracy=75.1300% Gamma=0.000000 gate_passed=True fallback=functional_recovery_hungarian global_hash=0e7f3dd74349e7438ce0ab4aa944d2229af561f3deb5de82ea069d1056f73680
ROUND fedrad round=484 clients=[30, 73, 58, 26, 65, 50, 70, 48, 3, 83] diagnostic_accuracy=69.9100% Gamma=0.000000 gate_passed=True fallback=functional_recovery_hungarian global_hash=b6b7e70c327b8d77518d183e514a2e6668cc5aef979aebda1317faa72919eb5e
ROUND fedrad round=485 clients=[2, 23, 38, 5, 46, 86, 14, 91, 80, 22] diagnostic_accuracy=78.8500% Gamma=0.000000 gate_passed=True fallback=functional_recovery_hungarian global_hash=e325bf881c473aca6da863ac0f63a88d0322891519c7405143be1a62679d6f10
ROUND fedrad round=486 clients=[18, 10, 17, 49, 41, 78, 51, 92, 57, 44] diagnostic_accuracy=73.6600% Gamma=0.000000 gate_passed=True fallback=functional_recovery_hungarian global_hash=0b6322e32178d9f1d3ef3b86a1a689d46fef5f1ad39aba563c1bae554c7deff3
ROUND fedrad round=487 clients=[59, 54, 5, 83, 49, 17, 24, 99, 48, 8] diagnostic_accuracy=71.7800% Gamma=0.000000 gate_passed=True fallback=functional_recovery_hungarian global_hash=c566b75326d4d97ffa301616283130d6266a4dbe92f94213628b807b9643e6b5
ROUND fedrad round=488 clients=[81, 69, 41, 51, 29, 3, 35, 96, 20, 54] diagnostic_accuracy=75.7100% Gamma=0.000000 gate_passed=True fallback=functional_recovery_hungarian global_hash=11bc94bff4b2ac0b780b51184caacca752f65f10b0cf1b55d9851e10ff9f9c53
ROUND fedrad round=489 clients=[20, 53, 42, 59, 83, 44, 4, 39, 15, 61] diagnostic_accuracy=71.2500% Gamma=0.000000 gate_passed=True fallback=functional_recovery_hungarian global_hash=9477b4472ecf4b6fe8aaeff47032dadd40d8424670e53b484285d0d1e510ee59
ROUND fedrad round=490 clients=[7, 25, 37, 24, 96, 88, 54, 70, 27, 23] diagnostic_accuracy=65.2300% Gamma=0.000000 gate_passed=True fallback=functional_recovery_hungarian global_hash=bbd488d2a7b321e701b0ef3acc70fcba62ae8ee2301ab0bb3cf17d9feae6b973
ROUND fedrad round=491 clients=[39, 34, 92, 2, 10, 49, 17, 89, 54, 84] diagnostic_accuracy=72.5000% Gamma=0.000000 gate_passed=True fallback=functional_recovery_hungarian global_hash=b207d85374515bf8c26bdf4f5ef1fb52708355c73894ac814b36d5422e1dd726
ROUND fedrad round=492 clients=[71, 20, 64, 53, 77, 52, 49, 16, 11, 96] diagnostic_accuracy=75.7800% Gamma=0.000000 gate_passed=True fallback=functional_recovery_hungarian global_hash=6b241cb09d6fa1f9207b428517778f3650b68daf01bc65b3426113cd903b41a3
ROUND fedrad round=493 clients=[71, 78, 59, 54, 34, 25, 10, 60, 9, 93] diagnostic_accuracy=74.7600% Gamma=0.000000 gate_passed=True fallback=functional_recovery_hungarian global_hash=5a086649cae1ec5805187728f24a731f42559af735a75c3557f06d7cfa9768c6
ROUND fedrad round=494 clients=[77, 84, 40, 10, 60, 28, 53, 19, 81, 75] diagnostic_accuracy=74.6100% Gamma=0.000000 gate_passed=True fallback=functional_recovery_hungarian global_hash=201824b3a87175715996759694649bebeaabfcdd56f3fb464c6013253e275d52
ROUND fedrad round=495 clients=[63, 91, 87, 18, 32, 92, 76, 9, 50, 52] diagnostic_accuracy=74.1900% Gamma=0.000000 gate_passed=True fallback=functional_recovery_hungarian global_hash=c0ef3be59511abbd0654b411c289278115bd38fdc634dc5d4e3dfa9163b492cc
ROUND fedrad round=496 clients=[46, 1, 66, 58, 29, 99, 57, 97, 76, 8] diagnostic_accuracy=72.7900% Gamma=0.000000 gate_passed=True fallback=functional_recovery_hungarian global_hash=c05c6f69f41a4082d1527ad211517c0a3310b83f519da6a26ee61734634ab059
ROUND fedrad round=497 clients=[97, 46, 45, 20, 58, 25, 69, 61, 37, 92] diagnostic_accuracy=77.7400% Gamma=0.000000 gate_passed=True fallback=functional_recovery_hungarian global_hash=9713a3686f0511872f830b8137d2fa3f3a3d78630a7a3a82a5bbb3179fe4a797
ROUND fedrad round=498 clients=[58, 27, 66, 23, 64, 71, 81, 24, 82, 73] diagnostic_accuracy=68.2100% Gamma=0.000000 gate_passed=True fallback=functional_recovery_hungarian global_hash=4f10d5a318f3a459b2863b737b28134ca516308c427464e5c46ff0f309649b5a
ROUND fedrad round=499 clients=[77, 50, 22, 1, 95, 15, 31, 32, 4, 68] diagnostic_accuracy=76.8000% Gamma=0.000000 gate_passed=True fallback=functional_recovery_hungarian global_hash=67ca1470e777bc91e69d850eaebfd3fd9b7d9ec51c39d4539594742ff1970110
ROUND fedrad round=500 clients=[18, 68, 36, 13, 21, 16, 45, 31, 2, 61] diagnostic_accuracy=74.8700% Gamma=0.000000 gate_passed=True fallback=functional_recovery_hungarian global_hash=2c8917b146ebb31d30d411975d43087154a5aa304a9123ff16f6977696da1971
ROUND fedrad round=501 clients=[3, 56, 6, 10, 33, 20, 71, 77, 79, 13] diagnostic_accuracy=78.1800% Gamma=0.000000 gate_passed=True fallback=functional_recovery_hungarian global_hash=ff5baae4a775fee77197d865dbe1a4a7bc7a5f6565fe2a270294b53fe0a5c425
ROUND fedrad round=502 clients=[55, 2, 52, 15, 10, 22, 98, 27, 1, 99] diagnostic_accuracy=77.1400% Gamma=0.000000 gate_passed=True fallback=functional_recovery_hungarian global_hash=ee4f57a339930d909ee319891cef68f18079d00459af2cd966eed67e40ce994c
ROUND fedrad round=503 clients=[74, 52, 66, 96, 15, 59, 16, 35, 30, 34] diagnostic_accuracy=71.9000% Gamma=0.000000 gate_passed=True fallback=functional_recovery_hungarian global_hash=a60d16f778d7e6e9b776e9f5a15b0e4d359f99a757e6ee5d18512550a87caa7b
ROUND fedrad round=504 clients=[71, 96, 87, 18, 46, 24, 29, 3, 51, 66] diagnostic_accuracy=74.6400% Gamma=0.000000 gate_passed=True fallback=functional_recovery_hungarian global_hash=b29fab2d359e91842f828a19238ada892d190ea0d45b0bf321c671539cde22d4
ROUND fedrad round=505 clients=[27, 7, 32, 83, 12, 71, 14, 97, 30, 96] diagnostic_accuracy=75.1300% Gamma=0.000000 gate_passed=True fallback=functional_recovery_hungarian global_hash=1d0416dd6a3dcadf20e481ecd6437c186e61559d67ed9f1dfbfc08046ff423af
ROUND fedrad round=506 clients=[34, 56, 77, 51, 11, 83, 57, 12, 46, 89] diagnostic_accuracy=76.0200% Gamma=0.000000 gate_passed=True fallback=functional_recovery_hungarian global_hash=f322ff060751c0a9f1e0fe8fae9aa2acccecccaa4961433456a1d5b6a592b132
ROUND fedrad round=507 clients=[53, 62, 22, 12, 1, 26, 30, 93, 6, 46] diagnostic_accuracy=80.1100% Gamma=0.000000 gate_passed=True fallback=functional_recovery_hungarian global_hash=a8406f20d2856ed446fc14ef1ed5c5f8c869f7b44f0602583b49fc7742e1361c
ROUND fedrad round=508 clients=[49, 15, 1, 95, 74, 37, 39, 84, 0, 91] diagnostic_accuracy=76.1100% Gamma=0.000000 gate_passed=True fallback=functional_recovery_hungarian global_hash=496aad96f016ef6308008b23051b06f53fd6ead6d760be5f5b72999762a60421
ROUND fedrad round=509 clients=[65, 99, 47, 19, 4, 87, 64, 28, 26, 27] diagnostic_accuracy=74.1200% Gamma=0.000000 gate_passed=True fallback=functional_recovery_hungarian global_hash=f80cb460d3545e1b61f6709062d94aeb366f8eaf091ebbe0c273844805dc07ac
ROUND fedrad round=510 clients=[38, 58, 15, 96, 8, 17, 18, 44, 27, 77] diagnostic_accuracy=72.2400% Gamma=0.000000 gate_passed=True fallback=functional_recovery_hungarian global_hash=86ccf4b21630aacffbc0d35a118a79fd8576f5790b9d9860cbe74a8358e1c681
ROUND fedrad round=511 clients=[83, 66, 23, 74, 21, 5, 53, 54, 94, 67] diagnostic_accuracy=75.4200% Gamma=0.000000 gate_passed=True fallback=functional_recovery_hungarian global_hash=adf1e59fde1b2e16394af172b7ed7537fb3737eda6df0e768cbb961e4e0299e7
ROUND fedrad round=512 clients=[28, 58, 95, 24, 99, 80, 43, 26, 10, 62] diagnostic_accuracy=70.5300% Gamma=0.000000 gate_passed=True fallback=functional_recovery_hungarian global_hash=4fcae657d3236ca0a6609f7a9f7c880fb71a871c58894d7ffe04a8026a0ca4b8
ROUND fedrad round=513 clients=[89, 4, 75, 15, 16, 92, 70, 7, 21, 77] diagnostic_accuracy=79.8200% Gamma=0.000000 gate_passed=True fallback=functional_recovery_hungarian global_hash=43c16852df3c2fa1c670166dc0d2a18c188aef3ee913a84b43fe7eaf0cd2f449
ROUND fedrad round=514 clients=[59, 45, 90, 0, 50, 15, 12, 80, 52, 87] diagnostic_accuracy=76.3200% Gamma=0.000000 gate_passed=True fallback=functional_recovery_hungarian global_hash=7ecd4f029f79dda6030a0ca789218a9aa4c38f3b25c2d6cd69fe4f150bbd8026
ROUND fedrad round=515 clients=[64, 34, 14, 30, 92, 17, 73, 20, 7, 55] diagnostic_accuracy=75.0800% Gamma=0.000000 gate_passed=True fallback=functional_recovery_hungarian global_hash=1b8c3a264576dcabc7be84dff1bc5b86efe3c9f03a73b49c25f6019dcb32c496
ROUND fedrad round=516 clients=[76, 47, 49, 39, 13, 12, 30, 31, 79, 63] diagnostic_accuracy=76.7500% Gamma=0.000000 gate_passed=True fallback=functional_recovery_hungarian global_hash=bd0fb876cf4dc53745732c0172ff048e930dced720a6e934ca10e4e1868db7d2
ROUND fedrad round=517 clients=[71, 38, 14, 10, 83, 23, 8, 12, 81, 60] diagnostic_accuracy=75.6100% Gamma=0.000000 gate_passed=True fallback=functional_recovery_hungarian global_hash=accca95c1fb956dee34c2b21b02be4e21b1c02b284bc748ed392e463a5d7dd82
ROUND fedrad round=518 clients=[76, 78, 89, 17, 44, 5, 13, 41, 80, 27] diagnostic_accuracy=71.7700% Gamma=0.000000 gate_passed=True fallback=functional_recovery_hungarian global_hash=4335c82afb81ba6be6c8dae4b36aa130a7ac061b38545e459df8d4598f4f50fb
ROUND fedrad round=519 clients=[28, 17, 48, 27, 44, 43, 38, 89, 10, 61] diagnostic_accuracy=66.8100% Gamma=0.000000 gate_passed=True fallback=functional_recovery_hungarian global_hash=ff65cc4d41cef2d46f1adab9cf121a2c4a36c8b2fc4dc1e87bd5755304699567
ROUND fedrad round=520 clients=[33, 35, 76, 73, 27, 64, 2, 67, 4, 62] diagnostic_accuracy=75.3400% Gamma=0.000000 gate_passed=True fallback=functional_recovery_hungarian global_hash=402b8bdbe0e722d6572299deefcb30a3ed4cb0a753f8d27ea3daa1bbbef20f94
ROUND fedrad round=521 clients=[21, 65, 85, 55, 26, 2, 87, 32, 95, 76] diagnostic_accuracy=77.8700% Gamma=0.000000 gate_passed=True fallback=functional_recovery_hungarian global_hash=263c68e15f2320aa214d7539519c5e25cb4c2657c761e126bbe1e05ca044a029
ROUND fedrad round=522 clients=[1, 25, 27, 86, 15, 34, 49, 47, 54, 33] diagnostic_accuracy=72.5000% Gamma=0.000000 gate_passed=True fallback=functional_recovery_hungarian global_hash=f958eaf41327865d3806d0cd6e1358501d64cc03cc5318714527eef0d316f820
ROUND fedrad round=523 clients=[20, 93, 27, 92, 31, 0, 6, 46, 95, 26] diagnostic_accuracy=79.9400% Gamma=0.000000 gate_passed=True fallback=functional_recovery_hungarian global_hash=75747b1aa16d42d583b59d5e412be0eb2487d8c56be342ba19a6dc285cf3e7c1
ROUND fedrad round=524 clients=[67, 96, 90, 44, 94, 97, 74, 4, 45, 57] diagnostic_accuracy=74.1300% Gamma=0.000000 gate_passed=True fallback=functional_recovery_hungarian global_hash=be0fca04679221c7991c17864bbfbb6d81ab06774d8a0874f4fc0e8b14da9af7
ROUND fedrad round=525 clients=[41, 10, 32, 22, 79, 97, 44, 24, 61, 25] diagnostic_accuracy=74.8600% Gamma=0.000000 gate_passed=True fallback=functional_recovery_hungarian global_hash=cfe0ec89d84151539be763317b3b9f6a517c769065242491f654716706295297
ROUND fedrad round=526 clients=[39, 46, 12, 21, 27, 65, 33, 94, 56, 60] diagnostic_accuracy=64.9500% Gamma=0.000000 gate_passed=True fallback=functional_recovery_hungarian global_hash=17f982d5d3c2dc109000537ff3eb38fc3c179a9c78e2f26c9601b77322a335fb
ROUND fedrad round=527 clients=[56, 66, 5, 2, 79, 70, 99, 82, 85, 96] diagnostic_accuracy=74.6300% Gamma=0.000000 gate_passed=True fallback=functional_recovery_hungarian global_hash=3a79d36918e6d63c87528fce73dfdffdb9fa70983d4e0f5c6b0b6ed00f53bc21
ROUND fedrad round=528 clients=[68, 8, 43, 91, 90, 21, 6, 75, 79, 38] diagnostic_accuracy=77.8400% Gamma=0.000000 gate_passed=True fallback=functional_recovery_hungarian global_hash=865fb3e40f6dfa654b65ad68d03bf13baca8975914ad5fc2a0d31bb0dd9ba1a5
ROUND fedrad round=529 clients=[28, 7, 49, 94, 71, 59, 6, 57, 76, 27] diagnostic_accuracy=76.8000% Gamma=0.000000 gate_passed=True fallback=functional_recovery_hungarian global_hash=0a9209b662d7df0d7433e12092a7f6587831bc33d03e116ec21a420c5813a0b4
ROUND fedrad round=530 clients=[30, 3, 31, 76, 90, 95, 29, 15, 33, 71] diagnostic_accuracy=60.0900% Gamma=0.000000 gate_passed=True fallback=functional_recovery_hungarian global_hash=8e5e7a6732f4056b25afcc4debd2004c7c44ac59aa0b579b2db1f42fc4b8e205
ROUND fedrad round=531 clients=[37, 4, 86, 80, 81, 95, 5, 54, 55, 38] diagnostic_accuracy=73.3100% Gamma=0.000000 gate_passed=True fallback=functional_recovery_hungarian global_hash=0384ea42807d41d54baa68333bf44013c479a2113768d65a66aa7a8c114ace9a
ROUND fedrad round=532 clients=[57, 0, 58, 14, 99, 1, 91, 29, 65, 61] diagnostic_accuracy=77.1700% Gamma=0.000000 gate_passed=True fallback=functional_recovery_hungarian global_hash=f6ba561920276977f00440bcd567e2f46c35b584569c5b52725e5116a7458344
ROUND fedrad round=533 clients=[20, 17, 2, 97, 27, 0, 11, 44, 3, 98] diagnostic_accuracy=72.9100% Gamma=0.000000 gate_passed=True fallback=functional_recovery_hungarian global_hash=816decc091179c9bfe0023b0e6edde08919d283f873f105d75399c12808dd8ce
ROUND fedrad round=534 clients=[30, 7, 13, 25, 81, 20, 4, 17, 58, 88] diagnostic_accuracy=76.4900% Gamma=0.000000 gate_passed=True fallback=functional_recovery_hungarian global_hash=8cefff08922f5c579d68190dd570b1566f229bd02d950a97fec186a3a728fa84
ROUND fedrad round=535 clients=[61, 9, 73, 10, 91, 71, 60, 64, 99, 86] diagnostic_accuracy=71.8000% Gamma=0.000000 gate_passed=True fallback=functional_recovery_hungarian global_hash=03a155c9b1c249381bbf4ed00c29f3bba5191742ce5f6ed39538b6d7a7ab409d
ROUND fedrad round=536 clients=[9, 88, 62, 2, 74, 7, 66, 15, 8, 22] diagnostic_accuracy=74.8700% Gamma=0.000000 gate_passed=True fallback=functional_recovery_hungarian global_hash=6f05d8a495832fcf07865e0cba48db41e00d055c22f54da953e64e3a80e3c6cd
ROUND fedrad round=537 clients=[0, 85, 36, 35, 61, 39, 10, 80, 27, 67] diagnostic_accuracy=67.8700% Gamma=0.000000 gate_passed=True fallback=functional_recovery_hungarian global_hash=ceff8e5daf51ec5e9bb2750e6073c471789e20323d00025fd293486b97520277
ROUND fedrad round=538 clients=[61, 73, 82, 39, 27, 62, 53, 2, 36, 67] diagnostic_accuracy=75.1100% Gamma=0.000000 gate_passed=True fallback=functional_recovery_hungarian global_hash=d878d3224ca1b146e5841b743d2d53a15b2ee6f599ad1047f881171ccedca907
ROUND fedrad round=539 clients=[41, 98, 14, 33, 80, 20, 52, 1, 50, 74] diagnostic_accuracy=74.6500% Gamma=0.000000 gate_passed=True fallback=functional_recovery_hungarian global_hash=64e95e768f5bf177fbcd4d0ab383351429eb11f3441cf9097ca77ea1c2f22461
ROUND fedrad round=540 clients=[38, 45, 85, 42, 59, 31, 65, 93, 13, 94] diagnostic_accuracy=72.4300% Gamma=0.000000 gate_passed=True fallback=functional_recovery_hungarian global_hash=a07207a81da2c455bc0259d0c15e93071bb1de98231f7efc93604fdd9cfed421
ROUND fedrad round=541 clients=[53, 35, 92, 25, 2, 90, 64, 30, 26, 86] diagnostic_accuracy=77.9200% Gamma=0.000000 gate_passed=True fallback=functional_recovery_hungarian global_hash=20e6b3de869f4de9b987767af541256edf45537ee965e4e857f20c8790e03612
ROUND fedrad round=542 clients=[21, 5, 76, 83, 43, 82, 89, 56, 30, 65] diagnostic_accuracy=74.5500% Gamma=0.000000 gate_passed=True fallback=functional_recovery_hungarian global_hash=766087e350bfc35546ebbad705414cb5c3dac1f96a57055dd28f346b9bf6d169
ROUND fedrad round=543 clients=[4, 6, 67, 89, 65, 68, 79, 51, 15, 2] diagnostic_accuracy=79.4600% Gamma=0.000000 gate_passed=True fallback=functional_recovery_hungarian global_hash=6cab27a8bd1375310a5137fc6d0fec7dd9420d2f463e2b6a7b516b7b90915078
ROUND fedrad round=544 clients=[64, 1, 44, 74, 52, 95, 92, 70, 93, 45] diagnostic_accuracy=76.5000% Gamma=0.000000 gate_passed=True fallback=functional_recovery_hungarian global_hash=5353d21ddeeee371febee236d0b1a691774fa679ed6e6ed37fdaf5a57acfc3b8
ROUND fedrad round=545 clients=[79, 55, 88, 63, 65, 96, 89, 20, 61, 77] diagnostic_accuracy=77.8800% Gamma=0.000000 gate_passed=True fallback=functional_recovery_hungarian global_hash=5610e1261875a5778a2b0e449ffafbb73667ff06a915ed5ad48eb677754d10a8
ROUND fedrad round=546 clients=[37, 29, 20, 53, 15, 75, 87, 40, 69, 85] diagnostic_accuracy=75.6500% Gamma=0.000000 gate_passed=True fallback=functional_recovery_hungarian global_hash=5f35315d0a19d0be432233533bbf8eac1aa3bb1ae3b2ccdbaa131d02c4506892
ROUND fedrad round=547 clients=[92, 99, 47, 16, 62, 28, 76, 32, 50, 27] diagnostic_accuracy=72.4700% Gamma=0.000000 gate_passed=True fallback=functional_recovery_hungarian global_hash=f633f8f30cca946538bbc92ca00e4547fa305bc3d37cf56379f5eb49a426a320
ROUND fedrad round=548 clients=[6, 58, 68, 13, 45, 44, 55, 38, 78, 33] diagnostic_accuracy=78.2500% Gamma=0.000000 gate_passed=True fallback=functional_recovery_hungarian global_hash=ec2e30bfc4cfa078b93f615a540a77faa1c2bb5b95045140e80dd353e7d9b1e0
ROUND fedrad round=549 clients=[45, 44, 40, 92, 73, 0, 95, 99, 55, 28] diagnostic_accuracy=78.4300% Gamma=0.000000 gate_passed=True fallback=functional_recovery_hungarian global_hash=38fd49e738a0271ab6dcae0603819e1bdb6e6f56e7dfbc631f5751a52e6597bb
ROUND fedrad round=550 clients=[4, 28, 96, 46, 32, 51, 3, 92, 69, 97] diagnostic_accuracy=75.8200% Gamma=0.000000 gate_passed=True fallback=functional_recovery_hungarian global_hash=a620231849935bd3d5554cf53b7cb0fab9a7b17c578faf74bad5710e6867eda0
ROUND fedrad round=551 clients=[26, 36, 55, 47, 22, 92, 0, 97, 51, 46] diagnostic_accuracy=78.9500% Gamma=0.000000 gate_passed=True fallback=functional_recovery_hungarian global_hash=069fe27a57a573ad1b6ac2b9968d4ec71558a4e698e2a13772eefc6d0df6675b
ROUND fedrad round=552 clients=[65, 99, 46, 16, 57, 71, 35, 44, 9, 72] diagnostic_accuracy=69.1200% Gamma=0.000000 gate_passed=True fallback=functional_recovery_hungarian global_hash=723f3df85da5150aac5e405000b9b71c36758e3576bc056bde78aca53d795cd8
ROUND fedrad round=553 clients=[84, 81, 23, 58, 48, 35, 99, 45, 62, 87] diagnostic_accuracy=68.1400% Gamma=0.000000 gate_passed=True fallback=functional_recovery_hungarian global_hash=3154b1be6b8c4ba127c9a17e091802fa419c10961fb555d84fe154c565ea849a
ROUND fedrad round=554 clients=[78, 24, 26, 56, 25, 21, 10, 41, 4, 79] diagnostic_accuracy=69.6900% Gamma=0.000000 gate_passed=True fallback=functional_recovery_hungarian global_hash=297cbc7571250e940d3f446a7be0c921519431f3c97dc0bea31e3e1eb074fafb
ROUND fedrad round=555 clients=[66, 0, 36, 98, 57, 85, 24, 12, 22, 67] diagnostic_accuracy=77.8700% Gamma=0.000000 gate_passed=True fallback=functional_recovery_hungarian global_hash=a912b5dd03bfe492e2ff383cb01fc1a1bdc7c3204c09b9f8fab5fa539c23f413
ROUND fedrad round=556 clients=[51, 39, 67, 62, 8, 42, 99, 10, 50, 66] diagnostic_accuracy=69.8600% Gamma=0.000000 gate_passed=True fallback=functional_recovery_hungarian global_hash=6962127842ac64372bbbf000299fa05411e4a6224bbe12fb5c8226b5b4a95dbd
ROUND fedrad round=557 clients=[81, 77, 0, 66, 48, 91, 68, 47, 40, 76] diagnostic_accuracy=74.0900% Gamma=0.000000 gate_passed=True fallback=functional_recovery_hungarian global_hash=b33336a76028bbe84cf5e6cb01f3b06ad6fce78c48037dfd812b854369f2e804
ROUND fedrad round=558 clients=[3, 59, 67, 70, 82, 53, 66, 9, 40, 56] diagnostic_accuracy=70.9300% Gamma=0.000000 gate_passed=True fallback=functional_recovery_hungarian global_hash=24e7e12325474a91ae4baefa543120abe5781eefa8e381a4f4ef36de8e24fa5b
ROUND fedrad round=559 clients=[1, 4, 80, 62, 93, 71, 42, 81, 28, 34] diagnostic_accuracy=73.9800% Gamma=0.000000 gate_passed=True fallback=functional_recovery_hungarian global_hash=a0ac4819d986a11d8adb8af3491f470b34b1c8badcdb2e144e789f197b42136b
ROUND fedrad round=560 clients=[54, 64, 96, 71, 63, 10, 73, 8, 6, 93] diagnostic_accuracy=79.5300% Gamma=0.000000 gate_passed=True fallback=functional_recovery_hungarian global_hash=28979a4ac2178e8cf13969f0713b1b66242223e2362b3190972f7bfedf741d38
ROUND fedrad round=561 clients=[13, 90, 42, 9, 19, 35, 59, 73, 56, 25] diagnostic_accuracy=69.2700% Gamma=0.000000 gate_passed=True fallback=functional_recovery_hungarian global_hash=e06061012f7488387768bbc815b5b99e058f610ed0d05035cf3c78bad9d0612e
ROUND fedrad round=562 clients=[39, 94, 36, 90, 47, 75, 55, 65, 59, 62] diagnostic_accuracy=77.1500% Gamma=0.000000 gate_passed=True fallback=functional_recovery_hungarian global_hash=cc650055b0b944d1843e6f726bfbc55b049ce8c9531c7511599d0ac17b1ff58c
ROUND fedrad round=563 clients=[59, 36, 17, 70, 48, 14, 89, 86, 31, 95] diagnostic_accuracy=76.5800% Gamma=0.000000 gate_passed=True fallback=functional_recovery_hungarian global_hash=4f30dd11ad82a7b9384a85b2e8dec4d77c3118e5aff5bdb93a99ad66673f424f
ROUND fedrad round=564 clients=[91, 82, 92, 81, 77, 18, 21, 68, 57, 31] diagnostic_accuracy=79.3000% Gamma=0.000000 gate_passed=True fallback=functional_recovery_hungarian global_hash=de2a81f8291c577c4c3d907104ccf68cbe346a4c0b97fe05255af22ff5bfb219
ROUND fedrad round=565 clients=[2, 71, 39, 10, 29, 64, 95, 87, 59, 66] diagnostic_accuracy=77.9000% Gamma=0.000000 gate_passed=True fallback=functional_recovery_hungarian global_hash=f9e33da6a1bec3be1d041a0ff69debb2a0d6d83d9483c2e1edbcd88aaafbf091
ROUND fedrad round=566 clients=[85, 42, 17, 81, 65, 5, 22, 54, 35, 93] diagnostic_accuracy=76.8900% Gamma=0.000000 gate_passed=True fallback=functional_recovery_hungarian global_hash=e7480c913a3b0794c19b61f500093d516f549b01ee3836ee6494d929330aa5c2
ROUND fedrad round=567 clients=[47, 58, 62, 14, 75, 91, 70, 82, 17, 67] diagnostic_accuracy=76.8000% Gamma=0.000000 gate_passed=True fallback=functional_recovery_hungarian global_hash=feae00b2327d40fcece7a81a933040917e477f3ca0647b867f6a63fd6e811024
ROUND fedrad round=568 clients=[28, 98, 46, 71, 99, 4, 80, 35, 37, 29] diagnostic_accuracy=73.6700% Gamma=0.000000 gate_passed=True fallback=functional_recovery_hungarian global_hash=1f08c1d196d2724b7c3fa76136dcf761d65a72ada38429b239cdf7e203a1c61d
ROUND fedrad round=569 clients=[3, 32, 41, 62, 97, 14, 64, 98, 65, 26] diagnostic_accuracy=71.6000% Gamma=0.000000 gate_passed=True fallback=functional_recovery_hungarian global_hash=261f1e13377c8ee243b78a95d4d60b8d5a6de9c6b2a32931506cba8dda6f9658
ROUND fedrad round=570 clients=[3, 85, 40, 49, 66, 20, 16, 64, 91, 45] diagnostic_accuracy=76.8300% Gamma=0.000000 gate_passed=True fallback=functional_recovery_hungarian global_hash=e61374e7c350c0ea253f06b89e7006c7f05c9a6e871a00d6b298ed03d5fe2d69
ROUND fedrad round=571 clients=[35, 64, 30, 71, 90, 66, 45, 13, 92, 3] diagnostic_accuracy=74.2200% Gamma=0.000000 gate_passed=True fallback=functional_recovery_hungarian global_hash=ab3c44970f03bf7f0609e89d699d85b24fbbd8d9f218e34df9a53a03335baa1d
ROUND fedrad round=572 clients=[64, 67, 2, 84, 26, 66, 10, 11, 28, 58] diagnostic_accuracy=72.0100% Gamma=0.000000 gate_passed=True fallback=functional_recovery_hungarian global_hash=e5aa7bb72d4a86433795f6080d7051a935e75d7be66f99cb36c3f196758ba55e
ROUND fedrad round=573 clients=[36, 88, 60, 38, 2, 68, 81, 93, 58, 37] diagnostic_accuracy=69.3900% Gamma=0.000000 gate_passed=True fallback=functional_recovery_hungarian global_hash=bb9fcdc049fbac52edca65c400d9fbd8f073089a53bc4a19cdc089d832a8228f
ROUND fedrad round=574 clients=[21, 87, 22, 18, 35, 1, 11, 73, 36, 77] diagnostic_accuracy=76.4600% Gamma=0.000000 gate_passed=True fallback=functional_recovery_hungarian global_hash=2fbb5e77bf551fd4e6b8fddc2cf21871af1b4748b757dd2b3e16468853b575f6
ROUND fedrad round=575 clients=[83, 10, 70, 81, 32, 37, 41, 31, 46, 99] diagnostic_accuracy=68.8600% Gamma=0.000000 gate_passed=True fallback=functional_recovery_hungarian global_hash=723e2ff7c84ff17cfa44c3be32e1969168374b0cbcad282bd8e81ad80103eb05
ROUND fedrad round=576 clients=[57, 48, 46, 49, 94, 15, 41, 4, 1, 44] diagnostic_accuracy=69.5100% Gamma=0.000000 gate_passed=True fallback=functional_recovery_hungarian global_hash=5fc290b2e4b953a58fbb907aa735e6471ebd98654c74765f77776f1a1224fcf6
ROUND fedrad round=577 clients=[16, 40, 22, 29, 66, 42, 12, 39, 71, 63] diagnostic_accuracy=76.1900% Gamma=0.000000 gate_passed=True fallback=functional_recovery_hungarian global_hash=2d2ae65a89dd64f62a6b5d005fb6dc6d9ae9e26c70983c2c23793bf7abf6ce98
ROUND fedrad round=578 clients=[53, 17, 4, 63, 86, 43, 33, 48, 59, 76] diagnostic_accuracy=72.7300% Gamma=0.000000 gate_passed=True fallback=functional_recovery_hungarian global_hash=2f4b920d47126c0343370d8b3f3e07f50a7db94ea57e42b0e227b829feb07b18
ROUND fedrad round=579 clients=[3, 17, 95, 38, 2, 71, 92, 73, 1, 99] diagnostic_accuracy=75.0500% Gamma=0.000000 gate_passed=True fallback=functional_recovery_hungarian global_hash=c8ffb138aca92d8d26658bb5f2ddc0787185d8e001bc5f9fccd51d063ca4b3c7
ROUND fedrad round=580 clients=[28, 2, 19, 81, 17, 32, 85, 43, 83, 29] diagnostic_accuracy=79.6700% Gamma=0.000000 gate_passed=True fallback=functional_recovery_hungarian global_hash=d9cfbe1b501908eea069f8f230af44bb449b30659144fbafe291bdc93188eaf5
ROUND fedrad round=581 clients=[47, 49, 73, 35, 54, 27, 30, 26, 62, 59] diagnostic_accuracy=72.5400% Gamma=0.000000 gate_passed=True fallback=functional_recovery_hungarian global_hash=17611a1a3e86590d43beb1cdc04e180af14aa80b2bb019dca3dc91fc5d7c520e
ROUND fedrad round=582 clients=[66, 80, 47, 72, 46, 92, 3, 52, 95, 86] diagnostic_accuracy=77.7400% Gamma=0.000000 gate_passed=True fallback=functional_recovery_hungarian global_hash=8b7798db25b2040c96a73aab18fe70718d29f39151e955834b3d8c8884b7624f
ROUND fedrad round=583 clients=[90, 84, 29, 18, 96, 97, 42, 62, 0, 72] diagnostic_accuracy=72.7700% Gamma=0.000000 gate_passed=True fallback=functional_recovery_hungarian global_hash=4727e09d7524ec228ae56e6c366dcdf35e9875f7d8aec7d2ad2eb9d82afa8997
ROUND fedrad round=584 clients=[75, 53, 21, 58, 94, 2, 61, 66, 83, 97] diagnostic_accuracy=72.7600% Gamma=0.000000 gate_passed=True fallback=functional_recovery_hungarian global_hash=5453b3d84a2fade5fb56564a056dddee7305449cf26d3d21e1a3c78effad9c04
ROUND fedrad round=585 clients=[24, 90, 68, 75, 15, 96, 83, 87, 30, 65] diagnostic_accuracy=77.3200% Gamma=0.000000 gate_passed=True fallback=functional_recovery_hungarian global_hash=2a889f11c4970755c317ffe689186301fffb20357a3a7cf8cee9364f441b1dea
ROUND fedrad round=586 clients=[62, 41, 29, 20, 36, 25, 70, 35, 58, 94] diagnostic_accuracy=70.2300% Gamma=0.000000 gate_passed=True fallback=functional_recovery_hungarian global_hash=43ff988c537e076bd6d5705e4d7b3110c2649a22adb2696bff2bfe902bd0dee3
ROUND fedrad round=587 clients=[33, 18, 49, 60, 15, 6, 24, 54, 56, 64] diagnostic_accuracy=72.1100% Gamma=0.000000 gate_passed=True fallback=functional_recovery_hungarian global_hash=10d5d9abfd5e686525241598f4230026db3758a6bacc894a91baf8ae607385eb
ROUND fedrad round=588 clients=[85, 9, 47, 95, 17, 33, 93, 34, 11, 91] diagnostic_accuracy=79.8500% Gamma=0.000000 gate_passed=True fallback=functional_recovery_hungarian global_hash=89a1afc0070057a64c2e469c0a76d9df98919a7632b241c2a9c87e7263094fa5
ROUND fedrad round=589 clients=[70, 55, 88, 1, 59, 2, 31, 48, 34, 81] diagnostic_accuracy=74.3600% Gamma=0.000000 gate_passed=True fallback=functional_recovery_hungarian global_hash=244a5e9f1cc5357b1dd8593b2f8089577601b7c76f233a94918657676559107a
ROUND fedrad round=590 clients=[13, 11, 16, 30, 72, 29, 55, 81, 35, 7] diagnostic_accuracy=77.9800% Gamma=0.000000 gate_passed=True fallback=functional_recovery_hungarian global_hash=94b21b8095bf7244b4abe0898033bfc3d7e3ea8320d7a5a30ba26347b95de570
ROUND fedrad round=591 clients=[25, 65, 60, 38, 43, 86, 15, 32, 61, 56] diagnostic_accuracy=68.3200% Gamma=0.000000 gate_passed=True fallback=functional_recovery_hungarian global_hash=3f77ac7a1a9a15b3687cf0a35823ddeeddbf9214adbe87f21fdf6de4c9c606a9
ROUND fedrad round=592 clients=[10, 38, 75, 44, 84, 96, 22, 62, 89, 34] diagnostic_accuracy=71.4700% Gamma=0.000000 gate_passed=True fallback=functional_recovery_hungarian global_hash=b9fc7d8db62e1f9ace1aa21f415a7df5e4fcae2ea5eaf4c734049f983913c6c6
ROUND fedrad round=593 clients=[30, 10, 3, 9, 56, 27, 16, 53, 21, 18] diagnostic_accuracy=70.1800% Gamma=0.000000 gate_passed=True fallback=functional_recovery_hungarian global_hash=aa077484a00d682db71dd712262290add55b77db4a851f5fb4b22487128de9b3
ROUND fedrad round=594 clients=[22, 45, 76, 17, 32, 64, 8, 29, 67, 7] diagnostic_accuracy=76.0000% Gamma=0.000000 gate_passed=True fallback=functional_recovery_hungarian global_hash=3eba8b0184ab1c5fee501e9cfe549e132db81b7f43892829891b096bbfb364b6
ROUND fedrad round=595 clients=[36, 60, 83, 50, 22, 89, 98, 0, 79, 55] diagnostic_accuracy=78.2800% Gamma=0.000000 gate_passed=True fallback=functional_recovery_hungarian global_hash=cdb924c0793e7249228c1a69364cf49368bd149274bffd6dfcb28897fba2e13d
ROUND fedrad round=596 clients=[64, 79, 13, 25, 16, 97, 32, 42, 82, 54] diagnostic_accuracy=75.4000% Gamma=0.000000 gate_passed=True fallback=functional_recovery_hungarian global_hash=8d95bdbe1e57f8d40f7b157756de2ab7790f9c94bf4a75ff52b8f2149f456d28
ROUND fedrad round=597 clients=[88, 31, 98, 83, 87, 81, 55, 2, 40, 56] diagnostic_accuracy=77.7800% Gamma=0.000000 gate_passed=True fallback=functional_recovery_hungarian global_hash=4f9da0b0fa9e47af6306cadb48866672fc5b20977d9fcddf8eeead9e7f65abf1
ROUND fedrad round=598 clients=[6, 56, 71, 1, 8, 51, 66, 30, 62, 67] diagnostic_accuracy=77.6200% Gamma=0.000000 gate_passed=True fallback=functional_recovery_hungarian global_hash=c491786b938b9f4054ae270f67bddde219d9e5ed8434798ad087d0ec7d3c8251
ROUND fedrad round=599 clients=[88, 34, 69, 14, 65, 6, 97, 89, 3, 23] diagnostic_accuracy=67.9700% Gamma=0.000000 gate_passed=True fallback=functional_recovery_hungarian global_hash=16d8a2de2ebc43f5c739c6489668857353bb279e92df97196736b832ede8daeb
ROUND fedrad round=600 clients=[58, 94, 98, 53, 84, 91, 62, 71, 26, 49] diagnostic_accuracy=67.0100% Gamma=0.000000 gate_passed=True fallback=functional_recovery_hungarian global_hash=4152ff8fba6903171537b83aebe26d78ba53b3203a3647027bbff943c3c22f61
ROUND fedrad round=601 clients=[13, 89, 47, 2, 96, 93, 87, 90, 83, 9] diagnostic_accuracy=76.4400% Gamma=0.000000 gate_passed=True fallback=functional_recovery_hungarian global_hash=a09d7c464e0aa0b0b093c89a3372570a358b3c659cb827d9ac63acac7cc92898
ROUND fedrad round=602 clients=[74, 15, 67, 11, 40, 56, 92, 19, 1, 78] diagnostic_accuracy=77.1600% Gamma=0.000000 gate_passed=True fallback=functional_recovery_hungarian global_hash=73484d49eac1db629e7e5108a92c4a9b682b4ae9950fe19119886be334d8cfb2
ROUND fedrad round=603 clients=[63, 72, 18, 0, 57, 45, 21, 3, 99, 74] diagnostic_accuracy=73.9100% Gamma=0.000000 gate_passed=True fallback=functional_recovery_hungarian global_hash=539a50b55018bb1862e45ed0ccc1353545f2fc6b16e4de0acbba76701773e4fc
ROUND fedrad round=604 clients=[55, 53, 52, 35, 94, 91, 12, 56, 42, 96] diagnostic_accuracy=74.2800% Gamma=0.000000 gate_passed=True fallback=functional_recovery_hungarian global_hash=8422aadcfbbf64c0c6d734b91805a7798720c6ebdb1ee3f37c6e4797520c46d2
ROUND fedrad round=605 clients=[0, 30, 55, 78, 75, 20, 72, 41, 29, 82] diagnostic_accuracy=76.3300% Gamma=0.000000 gate_passed=True fallback=functional_recovery_hungarian global_hash=26042ce9fb075ad2182f67d1c7ba58d8817f57a611cb5453e44a8d8896d9b1d5
ROUND fedrad round=606 clients=[86, 98, 2, 18, 77, 82, 76, 94, 75, 48] diagnostic_accuracy=77.6300% Gamma=0.000000 gate_passed=True fallback=functional_recovery_hungarian global_hash=f2ed6d9f1c1c9fc751d45f3e9c422190a12a88bf18e1761f0e8ad9b6f0793c97
ROUND fedrad round=607 clients=[93, 36, 90, 16, 77, 24, 17, 65, 48, 66] diagnostic_accuracy=66.6400% Gamma=0.000000 gate_passed=True fallback=functional_recovery_hungarian global_hash=d053132fac87359932b6b19d9c69940fe1fc1ab0466e2d3cbfc57bfc73a4de01
ROUND fedrad round=608 clients=[23, 62, 78, 41, 5, 89, 67, 93, 9, 16] diagnostic_accuracy=78.1100% Gamma=0.000000 gate_passed=True fallback=functional_recovery_hungarian global_hash=45f41fec5565537ea64facd1ef7b9336e3ff4bd25403dffb482a85a429d24ef9
ROUND fedrad round=609 clients=[75, 57, 23, 77, 44, 99, 5, 63, 64, 96] diagnostic_accuracy=73.9200% Gamma=0.000000 gate_passed=True fallback=functional_recovery_hungarian global_hash=6f1d938885b16151543d6cf20bffe51475012702b70c1247d99a1f38bcb88976
ROUND fedrad round=610 clients=[56, 75, 3, 5, 84, 62, 13, 46, 30, 86] diagnostic_accuracy=75.4400% Gamma=0.000000 gate_passed=True fallback=functional_recovery_hungarian global_hash=aaff44ccf62893a4234819935397d827eb30a9b3c128b9b0914ef13ecd638b33
ROUND fedrad round=611 clients=[90, 84, 31, 44, 7, 19, 3, 14, 62, 49] diagnostic_accuracy=66.9200% Gamma=0.000000 gate_passed=True fallback=functional_recovery_hungarian global_hash=50883cff05b744f586a836b701b85154d4e7f46a79fd3e99abfbf89d44fb3916
ROUND fedrad round=612 clients=[50, 55, 98, 90, 47, 20, 1, 18, 26, 15] diagnostic_accuracy=76.2200% Gamma=0.000000 gate_passed=True fallback=functional_recovery_hungarian global_hash=4c925be6d24014379dd86530230a760847b550183739fc5136fade828421d577
ROUND fedrad round=613 clients=[98, 66, 83, 0, 93, 9, 22, 1, 24, 36] diagnostic_accuracy=74.6000% Gamma=0.000000 gate_passed=True fallback=functional_recovery_hungarian global_hash=f1c4dab13f242b1ee159c9c735bf04d9d6f20812c351e161bbe5633ab8c2badb
ROUND fedrad round=614 clients=[87, 43, 34, 84, 33, 54, 29, 8, 32, 77] diagnostic_accuracy=54.5900% Gamma=0.000000 gate_passed=True fallback=functional_recovery_hungarian global_hash=dab62896cf89b4344c32c286cc3e1e0801dd52a59fb9c5f4a063ee3358f9794e
ROUND fedrad round=615 clients=[95, 82, 52, 88, 91, 0, 9, 2, 92, 7] diagnostic_accuracy=78.2400% Gamma=0.000000 gate_passed=True fallback=functional_recovery_hungarian global_hash=62d2146e6ad32d03d019021c7421fbe480fe78f37d8c63ef9d9878dda74bf6f8
ROUND fedrad round=616 clients=[49, 13, 47, 26, 91, 72, 41, 79, 28, 48] diagnostic_accuracy=70.9500% Gamma=0.000000 gate_passed=True fallback=functional_recovery_hungarian global_hash=0ab711d34d1f5cbcc171efd27d10b7c43e56cdd4fb9f066d6eec3f47b26a218d
ROUND fedrad round=617 clients=[49, 58, 25, 44, 7, 34, 71, 38, 99, 19] diagnostic_accuracy=75.0100% Gamma=0.000000 gate_passed=True fallback=functional_recovery_hungarian global_hash=b2b61ead2def35e927e449e49ab00cb9cb7a004d5d49d650c59065b570744afd
ROUND fedrad round=618 clients=[47, 62, 46, 93, 16, 76, 84, 91, 1, 53] diagnostic_accuracy=76.9200% Gamma=0.000000 gate_passed=True fallback=functional_recovery_hungarian global_hash=9099fbf717f6b9df5fb0901cdd6bb9534b7764119f9c47d78fe740a46ae190ba
ROUND fedrad round=619 clients=[59, 98, 1, 75, 20, 43, 29, 91, 12, 46] diagnostic_accuracy=76.8600% Gamma=0.000000 gate_passed=True fallback=functional_recovery_hungarian global_hash=ff004250a794b9ee04ea5334206297a072179186015b291f5d0ff7fd3b15a1da
ROUND fedrad round=620 clients=[99, 91, 81, 9, 35, 96, 79, 2, 53, 55] diagnostic_accuracy=72.6100% Gamma=0.000000 gate_passed=True fallback=functional_recovery_hungarian global_hash=7082de117ed2c0b96fd81fc495e2e4f3b31704acac0e9942f955dcb3176058b2
ROUND fedrad round=621 clients=[90, 28, 37, 52, 56, 93, 2, 45, 31, 54] diagnostic_accuracy=74.0100% Gamma=0.000000 gate_passed=True fallback=functional_recovery_hungarian global_hash=4359ced6b7d829ee46025bc8dfddf9695033cf3aa700c4f4097a19f45dd7aeb1
ROUND fedrad round=622 clients=[43, 4, 21, 3, 66, 13, 75, 68, 39, 79] diagnostic_accuracy=76.9900% Gamma=0.000000 gate_passed=True fallback=functional_recovery_hungarian global_hash=c709f7f08a6776149d23264d6d54dcb2a136052bd0cc1ce5bde92d332ad66d96
ROUND fedrad round=623 clients=[72, 95, 59, 80, 78, 12, 6, 27, 4, 66] diagnostic_accuracy=72.1800% Gamma=0.000000 gate_passed=True fallback=functional_recovery_hungarian global_hash=0630df73fcf112417ceffad26c20c5296943d66528691d4b364636ccd0bcef4b
ROUND fedrad round=624 clients=[33, 35, 17, 95, 53, 69, 45, 80, 51, 42] diagnostic_accuracy=79.4900% Gamma=0.000000 gate_passed=True fallback=functional_recovery_hungarian global_hash=ac473f5d9a126a2d2032bb9e0903cf354160e80b3732b81223dcb377a8c18254
ROUND fedrad round=625 clients=[88, 77, 95, 94, 56, 15, 14, 47, 53, 80] diagnostic_accuracy=76.9800% Gamma=0.000000 gate_passed=True fallback=functional_recovery_hungarian global_hash=d96ba2ae8271f18a1cbe06ffbac41071aeeb97717813124ea9c8027ed72672ae
ROUND fedrad round=626 clients=[57, 86, 17, 58, 10, 30, 52, 42, 46, 11] diagnostic_accuracy=78.7800% Gamma=0.000000 gate_passed=True fallback=functional_recovery_hungarian global_hash=a942472978dec84c8c5ab1cfdd82bdbe0e269afbe60049b0321d2d83a676ef01
ROUND fedrad round=627 clients=[39, 9, 22, 23, 66, 54, 92, 8, 82, 69] diagnostic_accuracy=79.4100% Gamma=0.000000 gate_passed=True fallback=functional_recovery_hungarian global_hash=62f8d10d27e05367cdba9432f30d857dc4d107917b728b42a6d21df66795d81c
ROUND fedrad round=628 clients=[84, 30, 6, 72, 23, 12, 50, 43, 98, 65] diagnostic_accuracy=75.9400% Gamma=0.000000 gate_passed=True fallback=functional_recovery_hungarian global_hash=53349409f5281fe151f70423f241d9613f1ca24ae03ad8cca2b91c77f9f3f6a2
ROUND fedrad round=629 clients=[41, 13, 86, 43, 34, 85, 63, 45, 80, 83] diagnostic_accuracy=78.4900% Gamma=0.000000 gate_passed=True fallback=functional_recovery_hungarian global_hash=f3d5c34474d0e88d7175c85e0a91bccbad1703bf4bb2359a3caee9a0ec8cd91e
ROUND fedrad round=630 clients=[69, 91, 13, 32, 10, 44, 90, 31, 28, 29] diagnostic_accuracy=74.7600% Gamma=0.000000 gate_passed=True fallback=functional_recovery_hungarian global_hash=94863296a123bebca48012f3c5ac2c281f7f1887a792f0f7a242d06ce31538f4
ROUND fedrad round=631 clients=[62, 96, 87, 74, 35, 85, 88, 59, 90, 70] diagnostic_accuracy=73.2100% Gamma=0.000000 gate_passed=True fallback=functional_recovery_hungarian global_hash=06c1f79cfd2421e832c059ccf43a8a6923e284b5bdea6409544c7a70c8e867ff
ROUND fedrad round=632 clients=[4, 70, 12, 9, 21, 86, 58, 84, 11, 56] diagnostic_accuracy=78.1000% Gamma=0.000000 gate_passed=True fallback=functional_recovery_hungarian global_hash=5de8eea9452f72ee404b8d48c4335e00908b4ddc9de95d0facafb50842e3f9a7
ROUND fedrad round=633 clients=[50, 4, 56, 48, 57, 61, 52, 7, 47, 2] diagnostic_accuracy=70.6800% Gamma=0.000000 gate_passed=True fallback=functional_recovery_hungarian global_hash=40853ce59b57461640793a86d39c85b1dee9f8995857bb20051f18636caea454
ROUND fedrad round=634 clients=[14, 92, 80, 75, 44, 87, 88, 39, 86, 37] diagnostic_accuracy=77.4300% Gamma=0.000000 gate_passed=True fallback=functional_recovery_hungarian global_hash=5b1e7bac95aca932030fc476f8a5799357d34dfda8a86185bf78a67b37d924e7
ROUND fedrad round=635 clients=[48, 79, 53, 97, 4, 68, 5, 34, 90, 37] diagnostic_accuracy=65.9400% Gamma=0.000000 gate_passed=True fallback=functional_recovery_hungarian global_hash=e99540ca7b957797739119f35730a7bfa32b42b3050b64da58d37eb56849deef
ROUND fedrad round=636 clients=[46, 34, 42, 6, 80, 10, 32, 93, 17, 63] diagnostic_accuracy=76.9300% Gamma=0.000000 gate_passed=True fallback=functional_recovery_hungarian global_hash=710f63ca90bdd5858c90263d160ed99779449c978dc2c20f404b72cb4cd8aa8f
ROUND fedrad round=637 clients=[75, 27, 96, 93, 84, 83, 97, 92, 12, 62] diagnostic_accuracy=72.3400% Gamma=0.000000 gate_passed=True fallback=functional_recovery_hungarian global_hash=9b0c0a7c00b10d46682858bad70dc2439f26fb5a3c73b2b394e3681adf8035a1
ROUND fedrad round=638 clients=[4, 11, 26, 2, 74, 96, 51, 25, 17, 94] diagnostic_accuracy=77.5000% Gamma=0.000000 gate_passed=True fallback=functional_recovery_hungarian global_hash=c42b2ba6d3cb7682b1be1ac5773cde055334ecfffe63968a1cffa7330e681232
ROUND fedrad round=639 clients=[48, 63, 27, 10, 81, 83, 40, 38, 60, 85] diagnostic_accuracy=67.3500% Gamma=0.000000 gate_passed=True fallback=functional_recovery_hungarian global_hash=33bbe5807a3cd60d0e293f95bd79f5bc299ba45cc2965b3963f490e4bdb0c3da
ROUND fedrad round=640 clients=[5, 66, 17, 16, 94, 39, 68, 13, 96, 28] diagnostic_accuracy=66.9600% Gamma=0.000000 gate_passed=True fallback=functional_recovery_hungarian global_hash=7b8f1ca371375189093dc7d6d4631ea9b9ab51d6f635149bdb1177ce90fdd501
ROUND fedrad round=641 clients=[26, 34, 65, 62, 7, 39, 97, 64, 87, 84] diagnostic_accuracy=75.1900% Gamma=0.000000 gate_passed=True fallback=functional_recovery_hungarian global_hash=2a20d2eeff905d940aa4c61a58dfa4b97a06cebb61a553916fcca4693ec81faa
ROUND fedrad round=642 clients=[61, 84, 33, 74, 23, 13, 49, 31, 40, 36] diagnostic_accuracy=70.5700% Gamma=0.000000 gate_passed=True fallback=functional_recovery_hungarian global_hash=8b0e24769311274fb069a930ee07e4dafbf95e70320440f44577f42682451e5d
ROUND fedrad round=643 clients=[70, 18, 5, 56, 26, 23, 4, 13, 6, 83] diagnostic_accuracy=76.0700% Gamma=0.000000 gate_passed=True fallback=functional_recovery_hungarian global_hash=17b857c9bc7a28baea88ee31373c2987f412eaad7eaf80563e091e1daa219aef
ROUND fedrad round=644 clients=[69, 76, 9, 7, 6, 73, 62, 24, 78, 64] diagnostic_accuracy=78.8900% Gamma=0.000000 gate_passed=True fallback=functional_recovery_hungarian global_hash=1da11a072ad84b9d9df8fa663ea3e44b7531516f37c22c50ef7149d43b2be93d
ROUND fedrad round=645 clients=[68, 70, 30, 17, 38, 65, 1, 60, 43, 92] diagnostic_accuracy=78.4700% Gamma=0.000000 gate_passed=True fallback=functional_recovery_hungarian global_hash=8e18198d51c5cb7fc1ce9ca32de30238c0cd231f5cd92fe77ffab847c066b79b
ROUND fedrad round=646 clients=[78, 45, 48, 53, 65, 97, 10, 77, 89, 39] diagnostic_accuracy=74.1700% Gamma=0.000000 gate_passed=True fallback=functional_recovery_hungarian global_hash=1327b69300d6cd50f4d7a1127cc5d4969575e151479de01ebbf75006d62967f3
ROUND fedrad round=647 clients=[26, 71, 97, 3, 77, 83, 89, 47, 78, 49] diagnostic_accuracy=72.4500% Gamma=0.000000 gate_passed=True fallback=functional_recovery_hungarian global_hash=13bbd7596af727d10cbb338726035f78dfaa7376a09f6fef6e0a27f71bcbb00c
ROUND fedrad round=648 clients=[83, 57, 71, 14, 3, 24, 98, 18, 22, 80] diagnostic_accuracy=76.6600% Gamma=0.000000 gate_passed=True fallback=functional_recovery_hungarian global_hash=e201e55576136c38ac82219853cd7b5fb2a0e78844c283104fabe086cb2e6ab2
ROUND fedrad round=649 clients=[64, 60, 37, 31, 27, 23, 21, 39, 99, 29] diagnostic_accuracy=75.8400% Gamma=0.000000 gate_passed=True fallback=functional_recovery_hungarian global_hash=31528729569bc4b818ea1a67d05d7f72a8b4c69d56d2dd80511cd63b6f20e570
ROUND fedrad round=650 clients=[5, 20, 36, 42, 50, 79, 96, 62, 66, 31] diagnostic_accuracy=62.9600% Gamma=0.000000 gate_passed=True fallback=functional_recovery_hungarian global_hash=b1f2fdadfc114888aaf933b10eff77a6adc8d50029d43277b47238ae87f817a2
ROUND fedrad round=651 clients=[43, 16, 79, 45, 26, 62, 4, 41, 11, 18] diagnostic_accuracy=79.0400% Gamma=0.000000 gate_passed=True fallback=functional_recovery_hungarian global_hash=aad39c058c7d797a36df0ad318a649262ab009e0431abd75d95837a3b340369a
ROUND fedrad round=652 clients=[75, 27, 14, 42, 43, 71, 72, 39, 49, 88] diagnostic_accuracy=70.1000% Gamma=0.000000 gate_passed=True fallback=functional_recovery_hungarian global_hash=3fbb60ca075cfa511b12a2188e3e7ce388859b52eb323e5468e49332f16a4760
ROUND fedrad round=653 clients=[3, 50, 15, 29, 1, 10, 51, 74, 82, 85] diagnostic_accuracy=75.2800% Gamma=0.000000 gate_passed=True fallback=functional_recovery_hungarian global_hash=78074066f637e48decf9886bcc4d843bcb07195252ea155aade79186c792a6fd
ROUND fedrad round=654 clients=[52, 67, 50, 84, 44, 38, 9, 93, 63, 29] diagnostic_accuracy=66.5800% Gamma=0.000000 gate_passed=True fallback=functional_recovery_hungarian global_hash=7a564a2c65a2d39795307212d8d0c6315a38cc39c2729e515737e2ea84000fd8
ROUND fedrad round=655 clients=[5, 15, 36, 55, 35, 77, 59, 51, 82, 50] diagnostic_accuracy=71.9100% Gamma=0.000000 gate_passed=True fallback=functional_recovery_hungarian global_hash=68c2852c7b36b69f74978b1469c1b29d7f8e34a094fe9721f28e87fa17a928fa
ROUND fedrad round=656 clients=[3, 56, 48, 26, 99, 7, 16, 2, 30, 97] diagnostic_accuracy=77.2300% Gamma=0.000000 gate_passed=True fallback=functional_recovery_hungarian global_hash=2c3b1155959c98535105a604cd99e98803ebffca45999243c5298a3758152eda
ROUND fedrad round=657 clients=[77, 76, 88, 69, 91, 19, 42, 45, 7, 63] diagnostic_accuracy=78.0200% Gamma=0.000000 gate_passed=True fallback=functional_recovery_hungarian global_hash=1f2b0340d3ab1cf604351395662e2e6237628389ce77cacfd1f537e72931f599
ROUND fedrad round=658 clients=[75, 49, 70, 91, 86, 65, 35, 7, 54, 56] diagnostic_accuracy=77.1800% Gamma=0.000000 gate_passed=True fallback=functional_recovery_hungarian global_hash=c3a9f61ba9be41a32fff1e1489d1e110c59b18d9a381fe12623a5c489c30e226
ROUND fedrad round=659 clients=[23, 32, 35, 25, 95, 60, 90, 59, 51, 29] diagnostic_accuracy=76.0200% Gamma=0.000000 gate_passed=True fallback=functional_recovery_hungarian global_hash=bde5d9d6b263aa1f9298fc0d78999696624972d07dd659a39e6b203d8e35587f
ROUND fedrad round=660 clients=[8, 40, 27, 59, 68, 67, 82, 3, 41, 22] diagnostic_accuracy=75.0200% Gamma=0.000000 gate_passed=True fallback=functional_recovery_hungarian global_hash=9cd5aae9d6ef9c3eb71e374ff5aab01feedc90e60e01042d6508da61dd82bf39
ROUND fedrad round=661 clients=[48, 63, 54, 9, 96, 58, 41, 40, 69, 97] diagnostic_accuracy=74.0700% Gamma=0.000000 gate_passed=True fallback=functional_recovery_hungarian global_hash=62a886b88838aee70092f5b00d40224bc80480847f10dcff60517543f76a5bd3
ROUND fedrad round=662 clients=[37, 3, 95, 65, 76, 52, 18, 66, 22, 14] diagnostic_accuracy=74.4800% Gamma=0.000000 gate_passed=True fallback=functional_recovery_hungarian global_hash=7fb590105980c0896ea7e99a742ca35ea5b5f6910b638791c034899660959652
ROUND fedrad round=663 clients=[79, 31, 78, 7, 59, 49, 96, 32, 61, 52] diagnostic_accuracy=74.2800% Gamma=0.000000 gate_passed=True fallback=functional_recovery_hungarian global_hash=fb4a1a5cbd5dd87813d642f334f1674037c4d366d001c9f911e8d9e9a5c186d8
ROUND fedrad round=664 clients=[97, 18, 80, 69, 95, 60, 27, 79, 20, 52] diagnostic_accuracy=76.4700% Gamma=0.000000 gate_passed=True fallback=functional_recovery_hungarian global_hash=ba8027756692805f1ad9813e56514470990ce6bf9f9b85f88f3ff8c7d2d80993
ROUND fedrad round=665 clients=[13, 58, 4, 56, 75, 74, 44, 21, 84, 71] diagnostic_accuracy=72.3600% Gamma=0.000000 gate_passed=True fallback=functional_recovery_hungarian global_hash=68abccf561a4ec4c9db70e1f7abecd9e7b082ee2f08c1d1523cc185b18aede8e
ROUND fedrad round=666 clients=[43, 52, 33, 2, 66, 73, 55, 88, 64, 29] diagnostic_accuracy=74.7700% Gamma=0.000000 gate_passed=True fallback=functional_recovery_hungarian global_hash=d4de46cfe2645db87178c89a703566d3a777eb52246c245a4949f0dc9b144a7e
ROUND fedrad round=667 clients=[36, 21, 65, 13, 83, 18, 51, 23, 8, 33] diagnostic_accuracy=77.1300% Gamma=0.000000 gate_passed=True fallback=functional_recovery_hungarian global_hash=fdeeef3f39c9a0abab0ae1ec11e4442981b5f6c1d6c463dbf2a87c1d0b391dfd
ROUND fedrad round=668 clients=[79, 59, 38, 87, 91, 49, 57, 45, 76, 33] diagnostic_accuracy=75.4400% Gamma=0.000000 gate_passed=True fallback=functional_recovery_hungarian global_hash=68b67ce71c04fe15bfbc051b3213a5441a717adedc457853b739f3ec2700893a
ROUND fedrad round=669 clients=[14, 36, 71, 0, 3, 15, 27, 91, 69, 26] diagnostic_accuracy=75.6700% Gamma=0.000000 gate_passed=True fallback=functional_recovery_hungarian global_hash=a0f914ab69cd629243d617fef8a3a57a19c4ebcd244cd7bf5b3fcccaa4865231
ROUND fedrad round=670 clients=[89, 92, 69, 36, 41, 88, 48, 98, 21, 73] diagnostic_accuracy=76.2600% Gamma=0.000000 gate_passed=True fallback=functional_recovery_hungarian global_hash=b33ca57ded9db57600054733503ad5f283ba5ae7d99b013212516a891bc69a8b
ROUND fedrad round=671 clients=[45, 36, 95, 46, 3, 80, 23, 14, 8, 66] diagnostic_accuracy=75.2100% Gamma=0.000000 gate_passed=True fallback=functional_recovery_hungarian global_hash=a7bac0f8b6e6724ab6834e33e02c1ebb0230861e4d478e99330d1ec24d623703
ROUND fedrad round=672 clients=[53, 98, 71, 83, 70, 82, 47, 94, 99, 97] diagnostic_accuracy=74.1500% Gamma=0.000000 gate_passed=True fallback=functional_recovery_hungarian global_hash=917f07f49b2de6eb6106a7c0df85a2ea29e2a6364f2b08c161b6e0d3cb13060b
ROUND fedrad round=673 clients=[54, 8, 35, 73, 91, 97, 87, 79, 33, 49] diagnostic_accuracy=76.8300% Gamma=0.000000 gate_passed=True fallback=functional_recovery_hungarian global_hash=63055ebd240ff46d2f24195482ca7189d4f66dd5135e49e9f958ba27e424c517
ROUND fedrad round=674 clients=[38, 24, 74, 58, 36, 13, 85, 34, 7, 40] diagnostic_accuracy=75.8400% Gamma=0.000000 gate_passed=True fallback=functional_recovery_hungarian global_hash=0f1e9c1f72a7a75ded1bba3b2fb2938d6875354f93b30422d9dbed37f1f46313
ROUND fedrad round=675 clients=[40, 29, 57, 49, 69, 98, 74, 87, 18, 91] diagnostic_accuracy=78.6700% Gamma=0.000000 gate_passed=True fallback=functional_recovery_hungarian global_hash=f1229be104521fde13895f8cb07964d9339af3df4bb13a837c41df703c34a87d
ROUND fedrad round=676 clients=[33, 3, 19, 15, 47, 70, 16, 84, 80, 85] diagnostic_accuracy=70.2900% Gamma=0.000000 gate_passed=True fallback=functional_recovery_hungarian global_hash=0985a8544d6fa2eca3f8f1f20f51c159972214a2859f8dd88e5dd9bfff38c5c8
ROUND fedrad round=677 clients=[0, 96, 2, 52, 77, 18, 38, 99, 51, 61] diagnostic_accuracy=76.4400% Gamma=0.000000 gate_passed=True fallback=functional_recovery_hungarian global_hash=65e400fb073959386ea1459f61555e994e384f35a6abe3fb89c5f03faf46952f
ROUND fedrad round=678 clients=[38, 90, 47, 64, 94, 41, 82, 48, 36, 96] diagnostic_accuracy=73.0500% Gamma=0.000000 gate_passed=True fallback=functional_recovery_hungarian global_hash=faf841acb96cb2c7fcd312ee8a557c6df80b97706878071d1f57a8ccb1165be3
ROUND fedrad round=679 clients=[85, 22, 12, 65, 36, 61, 21, 98, 34, 15] diagnostic_accuracy=75.4400% Gamma=0.000000 gate_passed=True fallback=functional_recovery_hungarian global_hash=e1e97c988831e23dfbd4814355ebba72f8874cb8e493a3c8aa25f9f31b74ad3e
ROUND fedrad round=680 clients=[29, 54, 84, 75, 1, 31, 89, 57, 43, 13] diagnostic_accuracy=75.1400% Gamma=0.000000 gate_passed=True fallback=functional_recovery_hungarian global_hash=f2c7c89a86510db5dc05b652ab694dbd711880da2c9cf90d483aacdf1de0e29e
ROUND fedrad round=681 clients=[68, 10, 11, 55, 81, 70, 71, 74, 56, 44] diagnostic_accuracy=74.7500% Gamma=0.000000 gate_passed=True fallback=functional_recovery_hungarian global_hash=abcf63676210f52715a98f5fb2cd83c3991a8263e543b8e521127ccdb85ba4a3
ROUND fedrad round=682 clients=[60, 25, 15, 70, 10, 61, 95, 3, 0, 24] diagnostic_accuracy=72.2400% Gamma=0.000000 gate_passed=True fallback=functional_recovery_hungarian global_hash=d5988fe1889c6c97af8118e088158ca529aa2ae29ebd1dd1a23f3b5344e6e9f8
ROUND fedrad round=683 clients=[65, 84, 82, 2, 52, 9, 81, 85, 91, 3] diagnostic_accuracy=76.3500% Gamma=0.000000 gate_passed=True fallback=functional_recovery_hungarian global_hash=d91b6f5d9b7ab49c8c0aac059cb0e9690927b59e3626c3bc98d6140b73e5c1ff
ROUND fedrad round=684 clients=[84, 44, 73, 99, 45, 79, 14, 27, 80, 2] diagnostic_accuracy=76.6000% Gamma=0.000000 gate_passed=True fallback=functional_recovery_hungarian global_hash=55c852a1dbc5b8ff1d3991b88645d3d91b6c631d94d9f316d0abd337fddee1d3
ROUND fedrad round=685 clients=[37, 14, 27, 86, 92, 24, 17, 1, 31, 9] diagnostic_accuracy=77.1200% Gamma=0.000000 gate_passed=True fallback=functional_recovery_hungarian global_hash=5b33369a2e97841acc4e6f1aace6e9ef7c3dd66e1b9a303f37053496ddc68fd6
ROUND fedrad round=686 clients=[20, 11, 54, 55, 91, 26, 86, 65, 75, 94] diagnostic_accuracy=77.4400% Gamma=0.000000 gate_passed=True fallback=functional_recovery_hungarian global_hash=7776e984028b62902978023b521bc04a7a2da1df8c1dd1fdef7fc86be0dfe511
ROUND fedrad round=687 clients=[4, 8, 23, 24, 85, 25, 43, 12, 11, 0] diagnostic_accuracy=77.4200% Gamma=0.000000 gate_passed=True fallback=functional_recovery_hungarian global_hash=57ef31fbc61f67a1ae0c2c8ffef10142fdb72c0d37039db394b91c917e31df15
ROUND fedrad round=688 clients=[70, 37, 27, 29, 30, 21, 8, 7, 23, 26] diagnostic_accuracy=69.3600% Gamma=0.000000 gate_passed=True fallback=functional_recovery_hungarian global_hash=53bb5c6d449714c12747d09cd7761a15f75983a431a9eba7016df173e38dba21
ROUND fedrad round=689 clients=[80, 63, 49, 68, 48, 61, 89, 70, 97, 98] diagnostic_accuracy=70.9500% Gamma=0.000000 gate_passed=True fallback=functional_recovery_hungarian global_hash=31e4fd764777d678a4a799f8bafdf4560240cf6db56b6efa34e23c6ceebae2ef
ROUND fedrad round=690 clients=[26, 2, 99, 23, 55, 40, 17, 30, 43, 59] diagnostic_accuracy=76.6200% Gamma=0.000000 gate_passed=True fallback=functional_recovery_hungarian global_hash=42962928a70857adfded48ff0e66ddbad600d9129c7aa60b1bed0990db158972
ROUND fedrad round=691 clients=[5, 60, 13, 84, 29, 34, 3, 64, 21, 25] diagnostic_accuracy=64.3600% Gamma=0.000000 gate_passed=True fallback=functional_recovery_hungarian global_hash=5a053f7b3655099289938c5408e11554cc17e1f83f4d634f23af14f537315281
ROUND fedrad round=692 clients=[98, 68, 67, 37, 72, 59, 0, 58, 4, 6] diagnostic_accuracy=77.3900% Gamma=0.000000 gate_passed=True fallback=functional_recovery_hungarian global_hash=23b31a8aab74d8b1d2aa9a0df745668ca2e6dfc27279f84ccdc89c22e1b76f02
ROUND fedrad round=693 clients=[81, 15, 37, 21, 41, 38, 11, 35, 2, 94] diagnostic_accuracy=72.0600% Gamma=0.000000 gate_passed=True fallback=functional_recovery_hungarian global_hash=70b3f9e1c2165cd36265a5aede284f7a901255d30f36cfa60f2879b3449a4f57
ROUND fedrad round=694 clients=[42, 6, 81, 53, 12, 9, 45, 17, 50, 5] diagnostic_accuracy=76.3400% Gamma=0.000000 gate_passed=True fallback=functional_recovery_hungarian global_hash=5c8ba76a80cb4c181f6db953da4e75d8f8c3eee76a764c8c102d3c5076f6c79d
ROUND fedrad round=695 clients=[5, 75, 98, 66, 35, 14, 62, 47, 30, 27] diagnostic_accuracy=67.4100% Gamma=0.000000 gate_passed=True fallback=functional_recovery_hungarian global_hash=a4db484d536480cc06a7115d7fc27cdfe16d3363ea9572d56a47c62dbad1b526
ROUND fedrad round=696 clients=[44, 58, 33, 77, 21, 87, 29, 20, 3, 69] diagnostic_accuracy=77.4500% Gamma=0.000000 gate_passed=True fallback=functional_recovery_hungarian global_hash=ada57ae83406f14f4d641816a985e25349795b21d312ab594a50598e7d4c4208
ROUND fedrad round=697 clients=[27, 66, 11, 62, 46, 38, 91, 57, 28, 63] diagnostic_accuracy=75.7300% Gamma=0.000000 gate_passed=True fallback=functional_recovery_hungarian global_hash=0a49a8dc5ebe0e09db0ac1fce6866ab7b05ac18b400db3b9789e0e9be494cb83
ROUND fedrad round=698 clients=[88, 87, 20, 18, 33, 97, 16, 0, 28, 77] diagnostic_accuracy=77.7500% Gamma=0.000000 gate_passed=True fallback=functional_recovery_hungarian global_hash=037c8b88edea57fe520660d0df508a03f29f3bef8f68f0b4fae8d9e4031a78b9
ROUND fedrad round=699 clients=[88, 62, 49, 33, 28, 60, 67, 80, 54, 36] diagnostic_accuracy=78.9100% Gamma=0.000000 gate_passed=True fallback=functional_recovery_hungarian global_hash=661e8a06a7ba32974f3666ebf6d9d6d66752b48a6dafe93784c6a369f98ad211
ROUND fedrad round=700 clients=[0, 74, 86, 14, 71, 85, 1, 46, 38, 28] diagnostic_accuracy=80.5500% Gamma=0.000000 gate_passed=True fallback=functional_recovery_hungarian global_hash=cdbcd59d863cfb58724563f613abd97b0ef52e34fb3a89d20bf547b7383d1503
ROUND fedrad round=701 clients=[25, 97, 49, 41, 92, 35, 61, 94, 3, 72] diagnostic_accuracy=69.9100% Gamma=0.000000 gate_passed=True fallback=functional_recovery_hungarian global_hash=e76f17cd269daeb6e18ed5b04c94b385596cd886911269d623aa18e39d0b69ba
ROUND fedrad round=702 clients=[77, 72, 71, 91, 83, 55, 37, 58, 43, 89] diagnostic_accuracy=73.0300% Gamma=0.000000 gate_passed=True fallback=functional_recovery_hungarian global_hash=be01052b4301ca67040cd3afc8efbbd38f7e080b803d8c2af9d96450006d27a0
ROUND fedrad round=703 clients=[22, 25, 64, 70, 63, 35, 58, 78, 99, 95] diagnostic_accuracy=74.8100% Gamma=0.000000 gate_passed=True fallback=functional_recovery_hungarian global_hash=d9dd46aaf90fe694c17c8d850c6e182c821df925d274a596cd67d354cfbeed16
ROUND fedrad round=704 clients=[16, 36, 7, 59, 4, 9, 47, 55, 74, 53] diagnostic_accuracy=77.3100% Gamma=0.000000 gate_passed=True fallback=functional_recovery_hungarian global_hash=6aceb75580e6f04f20cae9a66d93c66c5448db7f244259eac50fd4cffeb61206
ROUND fedrad round=705 clients=[82, 93, 84, 70, 86, 23, 56, 91, 42, 98] diagnostic_accuracy=79.5100% Gamma=0.000000 gate_passed=True fallback=functional_recovery_hungarian global_hash=1e3490a2368b4d369cff5654c4abc30c8c92ad0b49f402a46c2e8473187b1a37
ROUND fedrad round=706 clients=[88, 70, 29, 7, 22, 49, 91, 64, 39, 36] diagnostic_accuracy=79.7800% Gamma=0.000000 gate_passed=True fallback=functional_recovery_hungarian global_hash=51a8bd31ff0dd08df43b60b06430ae504799d15a95dc9fbca56940b734d4ac8d
ROUND fedrad round=707 clients=[14, 44, 19, 83, 56, 74, 68, 50, 77, 9] diagnostic_accuracy=75.8400% Gamma=0.000000 gate_passed=True fallback=functional_recovery_hungarian global_hash=fac5aae42a7afc780c3c579c11d64e608b2cb5ae1e01f197277bd09e002c681b
ROUND fedrad round=708 clients=[31, 27, 98, 97, 38, 78, 11, 87, 76, 81] diagnostic_accuracy=75.3900% Gamma=0.000000 gate_passed=True fallback=functional_recovery_hungarian global_hash=2e93edcc11e0fa27cd0a8294e939b5f35dcf671970ca447a964eb1bb395f5813
ROUND fedrad round=709 clients=[90, 88, 61, 75, 57, 74, 93, 30, 12, 17] diagnostic_accuracy=78.4500% Gamma=0.000000 gate_passed=True fallback=functional_recovery_hungarian global_hash=182c25cb7e8814d64b3b084ccefa6436dcc818dcaf855f041a7d2e19eef3baf5
ROUND fedrad round=710 clients=[75, 67, 93, 58, 70, 66, 10, 21, 39, 77] diagnostic_accuracy=75.6100% Gamma=0.000000 gate_passed=True fallback=functional_recovery_hungarian global_hash=9e5c40862f1d40b75b40c531a28e1ccd1f0304f5577133d42f14395f957c6ea0
ROUND fedrad round=711 clients=[3, 54, 41, 58, 73, 16, 43, 26, 4, 70] diagnostic_accuracy=74.1700% Gamma=0.000000 gate_passed=True fallback=functional_recovery_hungarian global_hash=18711c6d57567168d8674412d49caa3dace1f381b07059d5c6842d595049738c
ROUND fedrad round=712 clients=[90, 95, 30, 85, 73, 6, 87, 86, 25, 65] diagnostic_accuracy=78.4300% Gamma=0.000000 gate_passed=True fallback=functional_recovery_hungarian global_hash=9cbd660449e5f1fc9c28ba14367e5bb770d495594219983a32b38dbb65556f0f
ROUND fedrad round=713 clients=[25, 0, 63, 65, 35, 91, 72, 27, 95, 83] diagnostic_accuracy=63.4300% Gamma=0.000000 gate_passed=True fallback=functional_recovery_hungarian global_hash=eeed857a888f2ba05df87d6f6651290889e335d4dafb6faf2c51658f3093bf68
ROUND fedrad round=714 clients=[98, 10, 6, 2, 17, 93, 9, 41, 72, 3] diagnostic_accuracy=70.2300% Gamma=0.000000 gate_passed=True fallback=functional_recovery_hungarian global_hash=e515a66ee6114ffca1752a2d41747c30bd2c013abedf34484fda8b9298f53db3
ROUND fedrad round=715 clients=[48, 89, 52, 35, 22, 27, 55, 50, 44, 85] diagnostic_accuracy=68.4200% Gamma=0.000000 gate_passed=True fallback=functional_recovery_hungarian global_hash=74c5d174e0cada4746165a7cdf5e4cb1dda0bc95b65cc2f7108e3cdda3559033
ROUND fedrad round=716 clients=[16, 5, 45, 69, 78, 46, 90, 66, 61, 10] diagnostic_accuracy=78.9800% Gamma=0.000000 gate_passed=True fallback=functional_recovery_hungarian global_hash=aa2463b70c688b3a3f625e18ccef6ed3ebbff2c10ae8f17eaecd22cd50c46be4
ROUND fedrad round=717 clients=[77, 63, 18, 4, 91, 15, 21, 33, 99, 92] diagnostic_accuracy=75.8700% Gamma=0.000000 gate_passed=True fallback=functional_recovery_hungarian global_hash=55251334011ec9ed84629e57cba8750d12bc46d37f35b33a75938ccb9d2357ec
ROUND fedrad round=718 clients=[65, 37, 58, 85, 77, 35, 31, 99, 14, 83] diagnostic_accuracy=75.5000% Gamma=0.000000 gate_passed=True fallback=functional_recovery_hungarian global_hash=163307f6d3965c1606fdfaa3091291e5002cfa6f0cef32ad2392fd8980abd87f
ROUND fedrad round=719 clients=[25, 62, 18, 35, 12, 16, 51, 37, 5, 88] diagnostic_accuracy=73.6700% Gamma=0.000000 gate_passed=True fallback=functional_recovery_hungarian global_hash=c67cebb83c0632c4cd33767a9122a595e42f7a802119b4af73ab78074ae95ac6
ROUND fedrad round=720 clients=[33, 49, 87, 85, 34, 79, 45, 26, 58, 82] diagnostic_accuracy=78.7500% Gamma=0.000000 gate_passed=True fallback=functional_recovery_hungarian global_hash=9b132c5d4bf5829f3cc0ef5e4e488635493a03074003d16ebb78d2bb121a2dda
ROUND fedrad round=721 clients=[90, 51, 26, 20, 37, 65, 78, 35, 48, 54] diagnostic_accuracy=78.3100% Gamma=0.000000 gate_passed=True fallback=functional_recovery_hungarian global_hash=be0f4a329ffe43f9aa6df2939b3c73f42a1d3389e5207465a3adcc62cf336bbc
ROUND fedrad round=722 clients=[56, 42, 19, 30, 97, 7, 57, 83, 47, 69] diagnostic_accuracy=79.4400% Gamma=0.000000 gate_passed=True fallback=functional_recovery_hungarian global_hash=1172097d11555c30286116d83144320c724720cd35569088e7c541b36dfb521f
ROUND fedrad round=723 clients=[30, 75, 48, 84, 49, 40, 67, 33, 64, 39] diagnostic_accuracy=71.5000% Gamma=0.000000 gate_passed=True fallback=functional_recovery_hungarian global_hash=792a22b04e70ed92488545d07f0d65e06f174be607bc589054cd6a90c916466e
ROUND fedrad round=724 clients=[28, 77, 64, 82, 26, 8, 89, 94, 59, 54] diagnostic_accuracy=75.7800% Gamma=0.000000 gate_passed=True fallback=functional_recovery_hungarian global_hash=7aaafebbb7f3510074c2b95dc7309623b75f3646332cb5fe159bfbf31fcb86f5
ROUND fedrad round=725 clients=[19, 73, 85, 79, 70, 38, 78, 58, 0, 40] diagnostic_accuracy=80.4800% Gamma=0.000000 gate_passed=True fallback=functional_recovery_hungarian global_hash=b2604db4061b7929983cdf0ae73bba5dca75e8f2bc0844dd6c5d1d21809eb0a9
ROUND fedrad round=726 clients=[62, 15, 99, 34, 81, 13, 73, 21, 45, 57] diagnostic_accuracy=78.4400% Gamma=0.000000 gate_passed=True fallback=functional_recovery_hungarian global_hash=278c706448144651417f1e320f20082c42297b2a995da63b09c5ef4ef4a64a21
ROUND fedrad round=727 clients=[64, 53, 8, 52, 50, 11, 14, 81, 80, 90] diagnostic_accuracy=74.6400% Gamma=0.000000 gate_passed=True fallback=functional_recovery_hungarian global_hash=98cbf9432ae40292e62659c029cb0ebbd91338726001b42d0e21dc9f214aac31
ROUND fedrad round=728 clients=[39, 79, 75, 56, 97, 88, 53, 60, 9, 20] diagnostic_accuracy=72.5200% Gamma=0.000000 gate_passed=True fallback=functional_recovery_hungarian global_hash=ebb3500b698957a43773fbeeef962e9ffb23a989a3f0d5f7049caed2d62b00d0
ROUND fedrad round=729 clients=[0, 74, 95, 17, 20, 4, 26, 3, 79, 86] diagnostic_accuracy=78.2500% Gamma=0.000000 gate_passed=True fallback=functional_recovery_hungarian global_hash=257771730b802480513150ec3abb3b6c5a98d00bcd903a84c4915e61c13f302d
ROUND fedrad round=730 clients=[82, 28, 18, 11, 78, 94, 27, 66, 60, 52] diagnostic_accuracy=71.4400% Gamma=0.000000 gate_passed=True fallback=functional_recovery_hungarian global_hash=674aaf84dd21cecb027a30f3b47b6cdbb3fc307adcb289d9598668fa9598899d
ROUND fedrad round=731 clients=[38, 68, 9, 61, 10, 31, 67, 63, 36, 43] diagnostic_accuracy=70.8200% Gamma=0.000000 gate_passed=True fallback=functional_recovery_hungarian global_hash=8f81b7c9b267d6188cdd32288e4857ad95b689135e7426a80051d5cbcfb41a10
ROUND fedrad round=732 clients=[42, 59, 37, 10, 74, 24, 55, 18, 25, 22] diagnostic_accuracy=76.4700% Gamma=0.000000 gate_passed=True fallback=functional_recovery_hungarian global_hash=b6d240e8a24e83d84cb0eed8f13a349a2cbaf65cea37555ed7c7e5bda1bb5e9e
ROUND fedrad round=733 clients=[78, 45, 48, 32, 30, 17, 42, 6, 74, 53] diagnostic_accuracy=78.8700% Gamma=0.000000 gate_passed=True fallback=functional_recovery_hungarian global_hash=7507cfb96abf2346a26d238c2716b2a3259546af5dc44d9e1c6508eedc2d25cc
ROUND fedrad round=734 clients=[7, 89, 17, 4, 79, 44, 0, 81, 83, 6] diagnostic_accuracy=81.4100% Gamma=0.000000 gate_passed=True fallback=functional_recovery_hungarian global_hash=7b39c53c6db7f1d505dbce33935a9a62eb927a65fdd5b3b513150c9ed746be3c
ROUND fedrad round=735 clients=[41, 2, 45, 94, 7, 6, 59, 33, 31, 92] diagnostic_accuracy=79.1100% Gamma=0.000000 gate_passed=True fallback=functional_recovery_hungarian global_hash=28091edfb60d71370405fe2cdf61966ca08fc113107b5f7496e405d69861de5c
ROUND fedrad round=736 clients=[48, 31, 40, 41, 5, 77, 67, 56, 24, 57] diagnostic_accuracy=70.5600% Gamma=0.000000 gate_passed=True fallback=functional_recovery_hungarian global_hash=c7ffe183168ae9c17e76a2e05bc79998d9ca17261683b54c9cd763cc978946db
ROUND fedrad round=737 clients=[12, 97, 2, 38, 71, 5, 51, 70, 7, 73] diagnostic_accuracy=76.2900% Gamma=0.000000 gate_passed=True fallback=functional_recovery_hungarian global_hash=f6fabc027fcd505d6113ac87813c84749555abf22099b110dc074899bb35cccd
ROUND fedrad round=738 clients=[50, 35, 67, 5, 48, 42, 75, 2, 27, 68] diagnostic_accuracy=71.9700% Gamma=0.000000 gate_passed=True fallback=functional_recovery_hungarian global_hash=2d94166f4d514a25edb4098ccb274062f28853937fa99e3dab9bfa45218fe499
ROUND fedrad round=739 clients=[39, 29, 93, 7, 63, 77, 43, 42, 45, 37] diagnostic_accuracy=79.6600% Gamma=0.000000 gate_passed=True fallback=functional_recovery_hungarian global_hash=b633b1e9a46469d6955a17297bb3fbab632d25e72c69c6cc53915d30fa8dc64a
ROUND fedrad round=740 clients=[37, 8, 54, 46, 22, 48, 59, 10, 40, 56] diagnostic_accuracy=74.5000% Gamma=0.000000 gate_passed=True fallback=functional_recovery_hungarian global_hash=ce9ba70db1c3dfba09680c18810b7d61648f4ad762ae399a69efbeae067c6553
ROUND fedrad round=741 clients=[65, 60, 78, 11, 88, 69, 32, 40, 22, 45] diagnostic_accuracy=77.2700% Gamma=0.000000 gate_passed=True fallback=functional_recovery_hungarian global_hash=1c690e13c4bd5a700eef08270a311d472fc6be443d97267a54c3333dff3f5cbc
ROUND fedrad round=742 clients=[32, 19, 39, 99, 92, 82, 78, 81, 70, 84] diagnostic_accuracy=75.2800% Gamma=0.000000 gate_passed=True fallback=functional_recovery_hungarian global_hash=d88fa599b210cc483cccb2aa90fcce791caba6cea1171206673fa397fa352f62
ROUND fedrad round=743 clients=[39, 94, 25, 87, 26, 88, 0, 78, 65, 54] diagnostic_accuracy=75.9400% Gamma=0.000000 gate_passed=True fallback=functional_recovery_hungarian global_hash=6e3dad45841a9f28e2d1825da88107995fd944bfa84012ac55461efd7d8a007b
ROUND fedrad round=744 clients=[97, 93, 69, 19, 36, 45, 21, 0, 15, 22] diagnostic_accuracy=74.0400% Gamma=0.000000 gate_passed=True fallback=functional_recovery_hungarian global_hash=07dbfafd5b942f1c5010e529dfbb4908a64b354003a9be729b8a65232f2cbb6a
ROUND fedrad round=745 clients=[82, 23, 33, 70, 45, 53, 20, 50, 9, 47] diagnostic_accuracy=72.4900% Gamma=0.000000 gate_passed=True fallback=functional_recovery_hungarian global_hash=5593ec8655b45cf11d4437d028b50a0d650d414e55278a8ab1d488cf7c09d98e
ROUND fedrad round=746 clients=[25, 83, 48, 64, 8, 13, 53, 19, 0, 17] diagnostic_accuracy=74.3900% Gamma=0.000000 gate_passed=True fallback=functional_recovery_hungarian global_hash=21e5867fe8acd203d62ed1138b6e957199310c65c24b02766a37e9233304891f
ROUND fedrad round=747 clients=[49, 59, 53, 66, 82, 0, 73, 93, 61, 19] diagnostic_accuracy=72.9300% Gamma=0.000000 gate_passed=True fallback=functional_recovery_hungarian global_hash=6e34fdb2de9b978e7fe59e495f3ef5504f0475637286480443a1c76fa5cc51ce
ROUND fedrad round=748 clients=[88, 38, 53, 45, 0, 89, 1, 83, 94, 92] diagnostic_accuracy=76.4200% Gamma=0.000000 gate_passed=True fallback=functional_recovery_hungarian global_hash=6176768f88be31bf1012259a7ccd001dade70eef56f4380dd0215e133a513969
ROUND fedrad round=749 clients=[13, 16, 19, 41, 49, 94, 34, 10, 36, 89] diagnostic_accuracy=73.6600% Gamma=0.000000 gate_passed=True fallback=functional_recovery_hungarian global_hash=cc6e1aaea126705bb92796fbab38e96b90c0cb3932ce68287f41251b4db649dc
ROUND fedrad round=750 clients=[22, 61, 87, 34, 20, 94, 16, 55, 82, 1] diagnostic_accuracy=76.4900% Gamma=0.000000 gate_passed=True fallback=functional_recovery_hungarian global_hash=e0b61f9e648405c4cc0d3acad873a32c471e9e52f7c07e0b56465de2cf004ede
ROUND fedrad round=751 clients=[60, 23, 8, 2, 86, 76, 57, 73, 20, 48] diagnostic_accuracy=75.0700% Gamma=0.000000 gate_passed=True fallback=functional_recovery_hungarian global_hash=1849516a83009ce1a48ded67855c43136e6808ec9d89b6c29fc050e9c5708085
ROUND fedrad round=752 clients=[47, 93, 80, 0, 43, 24, 32, 82, 83, 13] diagnostic_accuracy=72.5900% Gamma=0.000000 gate_passed=True fallback=functional_recovery_hungarian global_hash=5568f66c0cb0748fc6ec9a1fd298f48f9667470cd68450950fbfbb1e1f78eb09
ROUND fedrad round=753 clients=[85, 81, 56, 25, 42, 93, 0, 61, 98, 63] diagnostic_accuracy=73.5600% Gamma=0.000000 gate_passed=True fallback=functional_recovery_hungarian global_hash=5385a53e732d74ed1109c1279422350713cc03bec40d82743550fa0dea0a86d4
ROUND fedrad round=754 clients=[35, 25, 23, 52, 67, 20, 36, 78, 51, 38] diagnostic_accuracy=73.5700% Gamma=0.000000 gate_passed=True fallback=functional_recovery_hungarian global_hash=67655e668214f58ab73d8354a80423249f77e1a39b444d1ee25e3079606beaa2
ROUND fedrad round=755 clients=[13, 73, 97, 32, 55, 26, 9, 88, 74, 8] diagnostic_accuracy=70.4200% Gamma=0.000000 gate_passed=True fallback=functional_recovery_hungarian global_hash=e14118242b60745446e80db5932119c46a4b0c8b6ac8ce6180b9640e80329aea
ROUND fedrad round=756 clients=[89, 14, 1, 70, 90, 0, 93, 13, 53, 67] diagnostic_accuracy=77.3500% Gamma=0.000000 gate_passed=True fallback=functional_recovery_hungarian global_hash=1f529f4862306d57cbf58c40301bb9039529e551f3b65ac22427f8c02442d219
ROUND fedrad round=757 clients=[87, 56, 53, 94, 82, 85, 19, 6, 47, 74] diagnostic_accuracy=78.2000% Gamma=0.000000 gate_passed=True fallback=functional_recovery_hungarian global_hash=9b99d237a2f896de8f83af22c613c910571fad352e0466c2972225bfc0b3eecf
ROUND fedrad round=758 clients=[26, 40, 14, 71, 69, 79, 90, 8, 86, 77] diagnostic_accuracy=76.8300% Gamma=0.000000 gate_passed=True fallback=functional_recovery_hungarian global_hash=d85b0be21c73d1c7f9c311dc02ca6d8fd7136ef9e37386d0df437e8f4a669887
ROUND fedrad round=759 clients=[25, 86, 33, 35, 80, 11, 89, 46, 55, 62] diagnostic_accuracy=78.5100% Gamma=0.000000 gate_passed=True fallback=functional_recovery_hungarian global_hash=c4d35190697a6138fbff2969b18aacc15fbcbe4561a9f8ce76f3bd9a3b4b5f81
ROUND fedrad round=760 clients=[27, 51, 36, 46, 60, 15, 54, 63, 28, 66] diagnostic_accuracy=76.8100% Gamma=0.000000 gate_passed=True fallback=functional_recovery_hungarian global_hash=4452e821c84c26fd214e6d76b1928712862285ed94687db23218b6250c6782de
ROUND fedrad round=761 clients=[8, 81, 61, 97, 39, 28, 74, 75, 31, 50] diagnostic_accuracy=76.4100% Gamma=0.000000 gate_passed=True fallback=functional_recovery_hungarian global_hash=363290edfa11cda03dd558bd118ff4bb42a7a38f767a9ceecc2f3e6ae015994d
ROUND fedrad round=762 clients=[57, 32, 67, 5, 82, 85, 88, 68, 29, 35] diagnostic_accuracy=70.3600% Gamma=0.000000 gate_passed=True fallback=functional_recovery_hungarian global_hash=ccbeca0a6616e98084974296b47c2a8df96d7728b10126cbf5133d4d209b0492
ROUND fedrad round=763 clients=[96, 53, 23, 34, 27, 55, 22, 64, 21, 90] diagnostic_accuracy=78.4000% Gamma=0.000000 gate_passed=True fallback=functional_recovery_hungarian global_hash=4fd3ceec81bca922b9fe14301ca26cfb925d9e9dfe639ceea94fbd5685b956b0
ROUND fedrad round=764 clients=[19, 26, 69, 40, 57, 66, 41, 21, 75, 51] diagnostic_accuracy=77.8000% Gamma=0.000000 gate_passed=True fallback=functional_recovery_hungarian global_hash=e3d495c04825d33568185dc21a1a5c998a39d4b134145ef2f4411a837d095d22
ROUND fedrad round=765 clients=[1, 87, 37, 81, 36, 5, 73, 59, 67, 33] diagnostic_accuracy=78.6300% Gamma=0.000000 gate_passed=True fallback=functional_recovery_hungarian global_hash=fca96ba4ea574e6b48f8d2cb930ca9d097363922d8af092e6afebda30172effa
ROUND fedrad round=766 clients=[61, 77, 42, 24, 56, 2, 60, 59, 33, 23] diagnostic_accuracy=79.3400% Gamma=0.000000 gate_passed=True fallback=functional_recovery_hungarian global_hash=2f6ddaf6f26472c713c7ebf64bc005a5c3c53f5185cfb98d926eec47e09c6a4b
ROUND fedrad round=767 clients=[74, 35, 26, 69, 20, 89, 50, 65, 15, 75] diagnostic_accuracy=77.6200% Gamma=0.000000 gate_passed=True fallback=functional_recovery_hungarian global_hash=69d1af60cf2da2d32ec4fdfdcf43aae1ea51eb642ebe9fe6dca36c994db91321
ROUND fedrad round=768 clients=[70, 3, 2, 49, 90, 8, 39, 1, 35, 25] diagnostic_accuracy=77.2100% Gamma=0.000000 gate_passed=True fallback=functional_recovery_hungarian global_hash=dc85a54a246e73f400bbe515a94e90f8d94aa16997a31f2bfeb60507bc5c5e5b
ROUND fedrad round=769 clients=[53, 54, 67, 42, 39, 66, 93, 30, 21, 95] diagnostic_accuracy=78.8800% Gamma=0.000000 gate_passed=True fallback=functional_recovery_hungarian global_hash=b087959acd8fc1afe3fd5168c713151a109ec18e8d6bd56274981dde94b4a676
ROUND fedrad round=770 clients=[14, 39, 26, 3, 53, 72, 41, 24, 48, 47] diagnostic_accuracy=68.5500% Gamma=0.000000 gate_passed=True fallback=functional_recovery_hungarian global_hash=bd9e342729f0b9e85598d431f7e92fcf338f6c97e01b6d0fbd0906c85204fdbf
ROUND fedrad round=771 clients=[85, 86, 82, 41, 16, 97, 18, 70, 10, 49] diagnostic_accuracy=72.1000% Gamma=0.000000 gate_passed=True fallback=functional_recovery_hungarian global_hash=0c68cbadcd3b9f4b1208705ace34cc59f6e21a7876afa3bb027ac40e5d74cc48
ROUND fedrad round=772 clients=[0, 6, 67, 24, 60, 3, 63, 96, 73, 14] diagnostic_accuracy=77.4500% Gamma=0.000000 gate_passed=True fallback=functional_recovery_hungarian global_hash=090baf6a8713df1a6bf9bf5cbf229323b5c4b2fdaec208193772df86c4f9d15b
ROUND fedrad round=773 clients=[7, 16, 85, 95, 8, 99, 67, 35, 5, 25] diagnostic_accuracy=74.2500% Gamma=0.000000 gate_passed=True fallback=functional_recovery_hungarian global_hash=a8eb97386131d1d4f0f2e752c5a62993c015f3d3198795fb2431a9eb69eca4b9
ROUND fedrad round=774 clients=[39, 31, 16, 97, 22, 0, 70, 47, 30, 84] diagnostic_accuracy=77.0000% Gamma=0.000000 gate_passed=True fallback=functional_recovery_hungarian global_hash=64acb762bbd6cce4b909616ff2bb26f868d5a03d5123d77076d0fe5a6464591e
ROUND fedrad round=775 clients=[53, 80, 28, 48, 50, 82, 79, 69, 0, 52] diagnostic_accuracy=77.0000% Gamma=0.000000 gate_passed=True fallback=functional_recovery_hungarian global_hash=160a288d6846a9fb1f0e28dbdd3158951233502788d3fa749a7b36341daaf3f2
ROUND fedrad round=776 clients=[67, 37, 1, 71, 48, 60, 81, 34, 86, 38] diagnostic_accuracy=77.6100% Gamma=0.000000 gate_passed=True fallback=functional_recovery_hungarian global_hash=81d59208cc83a858e57cda4bb9d80b50049d4ed17b3712c6d202c0d461db1485
ROUND fedrad round=777 clients=[45, 94, 88, 15, 19, 20, 57, 32, 97, 87] diagnostic_accuracy=75.1500% Gamma=0.000000 gate_passed=True fallback=functional_recovery_hungarian global_hash=83e562c8bcd4d753eae72a82a80139b9373edcf52150b7129f4acbfe5f5e73ee
ROUND fedrad round=778 clients=[48, 38, 2, 78, 83, 17, 49, 76, 53, 29] diagnostic_accuracy=77.1900% Gamma=0.000000 gate_passed=True fallback=functional_recovery_hungarian global_hash=4f9be65ac601ee718d4f95256d6db172cf0c9fdda7c15e63a8e08a4fb51fd04d
ROUND fedrad round=779 clients=[95, 35, 2, 46, 30, 11, 83, 36, 94, 24] diagnostic_accuracy=77.0600% Gamma=0.000000 gate_passed=True fallback=functional_recovery_hungarian global_hash=9a4a5a9ccfaecf368693d8cb0244c39e2ea89f4c1f6bf6c1b92f7fe89882917d
ROUND fedrad round=780 clients=[77, 54, 53, 99, 47, 33, 93, 80, 94, 91] diagnostic_accuracy=78.5000% Gamma=0.000000 gate_passed=True fallback=functional_recovery_hungarian global_hash=ecb4e1dcc4caf485d6be43373f32104563a5edb56fa18557d1081dafabd81286
ROUND fedrad round=781 clients=[64, 23, 95, 34, 83, 26, 52, 67, 76, 89] diagnostic_accuracy=80.7400% Gamma=0.000000 gate_passed=True fallback=functional_recovery_hungarian global_hash=b41e027778aca9d2d60bf790debfa3fed5646f7b46026fff8d32d52be656b47e
ROUND fedrad round=782 clients=[3, 24, 22, 10, 87, 26, 18, 5, 41, 27] diagnostic_accuracy=73.9100% Gamma=0.000000 gate_passed=True fallback=functional_recovery_hungarian global_hash=5e117ec3d583451b3e8c0c95b003d80d6ad0b73bd2ff1e5945d1ea5b953d2119
ROUND fedrad round=783 clients=[11, 12, 98, 76, 85, 28, 41, 43, 74, 8] diagnostic_accuracy=77.0600% Gamma=0.000000 gate_passed=True fallback=functional_recovery_hungarian global_hash=36422a3c86db0a50133ee210b0f66bb8c8a88ab1c7b5e1569f53ce1758717012
ROUND fedrad round=784 clients=[25, 17, 5, 71, 4, 82, 30, 26, 90, 89] diagnostic_accuracy=75.9500% Gamma=0.000000 gate_passed=True fallback=functional_recovery_hungarian global_hash=8131ccf1911abebfdb66e5f17aab57d7ab1808db8c8c83aeed6c24ed2b47d7ef
ROUND fedrad round=785 clients=[55, 20, 69, 4, 96, 23, 86, 54, 39, 31] diagnostic_accuracy=77.4400% Gamma=0.000000 gate_passed=True fallback=functional_recovery_hungarian global_hash=fc0497ddcaf7a172dab04fab96247ef6b7830f7bc677d80c45de30b706f030a4
ROUND fedrad round=786 clients=[53, 63, 43, 92, 56, 59, 25, 90, 41, 44] diagnostic_accuracy=76.1600% Gamma=0.000000 gate_passed=True fallback=functional_recovery_hungarian global_hash=4a01d5074fd751b5bfee98db6287ae24f2757275651959f4cf412c0fa2e18250
ROUND fedrad round=787 clients=[37, 5, 39, 73, 29, 44, 88, 89, 54, 27] diagnostic_accuracy=76.8600% Gamma=0.000000 gate_passed=True fallback=functional_recovery_hungarian global_hash=5f85c97767fd3dfa3f2b7c463bdc0003f074bf98e4aedd7be0748e1d1e2e8b9f
ROUND fedrad round=788 clients=[36, 5, 63, 12, 68, 70, 11, 9, 83, 51] diagnostic_accuracy=76.5400% Gamma=0.000000 gate_passed=True fallback=functional_recovery_hungarian global_hash=6198ec0efe2588300c51e47b4943bb230e4eb1c15bf790450af13e5a8020cc72
ROUND fedrad round=789 clients=[48, 23, 60, 97, 8, 33, 54, 20, 98, 19] diagnostic_accuracy=74.2400% Gamma=0.000000 gate_passed=True fallback=functional_recovery_hungarian global_hash=63dbf234c31338761939b77caa4bd45c198bcd77f7fb6923b3898f80fae91714
ROUND fedrad round=790 clients=[7, 57, 83, 27, 88, 21, 24, 61, 66, 55] diagnostic_accuracy=75.0500% Gamma=0.000000 gate_passed=True fallback=functional_recovery_hungarian global_hash=afd833eea3d1fdd637da546beb8a107b3ab6203d306942bd432ef3b8ebfcdca6
ROUND fedrad round=791 clients=[32, 92, 4, 90, 54, 60, 85, 7, 77, 5] diagnostic_accuracy=74.9700% Gamma=0.000000 gate_passed=True fallback=functional_recovery_hungarian global_hash=64892c0c8b52fd5467b45558e25fed8b60f32f3cf7af304a1e1741f3d65c6db6
ROUND fedrad round=792 clients=[37, 86, 39, 65, 38, 45, 80, 40, 11, 95] diagnostic_accuracy=79.7400% Gamma=0.000000 gate_passed=True fallback=functional_recovery_hungarian global_hash=55fa2a5223a0721f21e330792a5d2bd64d984c398454ed8b8645a52b7de1b8b2
ROUND fedrad round=793 clients=[46, 79, 68, 37, 10, 66, 80, 39, 1, 38] diagnostic_accuracy=78.9900% Gamma=0.000000 gate_passed=True fallback=functional_recovery_hungarian global_hash=42de8424309cde1ea364b70b1f9fa8e34d936183141fef2cde7748305efbb2c5
ROUND fedrad round=794 clients=[97, 98, 91, 79, 71, 61, 16, 76, 46, 56] diagnostic_accuracy=78.9400% Gamma=0.000000 gate_passed=True fallback=functional_recovery_hungarian global_hash=2732c1c0d6fecbc14c2de90bae26f573583eb1fb546c8c0524c86ead9fd6a7cf
ROUND fedrad round=795 clients=[81, 79, 24, 60, 25, 55, 30, 61, 80, 14] diagnostic_accuracy=78.1800% Gamma=0.000000 gate_passed=True fallback=functional_recovery_hungarian global_hash=81c3c61338f9bccfdca17907248cd03f983a1307362a6f8314aeafc1388b3960
ROUND fedrad round=796 clients=[29, 50, 81, 45, 76, 97, 33, 65, 21, 34] diagnostic_accuracy=79.9300% Gamma=0.000000 gate_passed=True fallback=functional_recovery_hungarian global_hash=7fe48461c8fbda7c1715d7f0b4aaeae64bbb9c8e344c793e26d4e817c4c6d036
ROUND fedrad round=797 clients=[72, 84, 11, 74, 68, 22, 2, 46, 9, 16] diagnostic_accuracy=73.4400% Gamma=0.000000 gate_passed=True fallback=functional_recovery_hungarian global_hash=8ada764028d7c9b0817f3c5ad77f17387cc28f628649114439bf62aa81e0843b
ROUND fedrad round=798 clients=[87, 24, 44, 32, 63, 15, 97, 73, 3, 95] diagnostic_accuracy=74.1800% Gamma=0.000000 gate_passed=True fallback=functional_recovery_hungarian global_hash=2d8d564edaf6a8e8d2a02b209e12fea062b45a97ce4f24c420d415d4d2d41d17
ROUND fedrad round=799 clients=[93, 87, 76, 11, 9, 56, 47, 32, 72, 37] diagnostic_accuracy=78.1800% Gamma=0.000000 gate_passed=True fallback=functional_recovery_hungarian global_hash=6093e98b4e867aec973fb486436a1beec751a89bf23f5872536c932a998205a3
ROUND fedrad round=800 clients=[13, 99, 88, 85, 63, 61, 52, 51, 14, 43] diagnostic_accuracy=77.6900% Gamma=0.000000 gate_passed=True fallback=functional_recovery_hungarian global_hash=dd563aeb5e3624093ff8f73628378519c798b8966770eb576e02e1d82e260858
ROUND fedrad round=801 clients=[50, 48, 49, 70, 96, 77, 37, 55, 63, 12] diagnostic_accuracy=68.3600% Gamma=0.000000 gate_passed=True fallback=functional_recovery_hungarian global_hash=308cd05254578a1f32fe43b5e368f46bcbee78f714a497c7c84d6d61ae369fca
ROUND fedrad round=802 clients=[25, 72, 79, 28, 32, 81, 5, 46, 83, 91] diagnostic_accuracy=73.5100% Gamma=0.000000 gate_passed=True fallback=functional_recovery_hungarian global_hash=197563f5f42636d8187f667dbf9d3f87b91cbee083a18c4b4912b58afeb8b73e
ROUND fedrad round=803 clients=[80, 64, 77, 59, 67, 60, 53, 3, 36, 52] diagnostic_accuracy=75.4800% Gamma=0.000000 gate_passed=True fallback=functional_recovery_hungarian global_hash=d7c7b781dcfc0d48b0a2fe651ffc9cf2b43f677e99c35c9ff9c80185512e60a4
ROUND fedrad round=804 clients=[50, 24, 22, 80, 96, 91, 85, 17, 41, 37] diagnostic_accuracy=79.7600% Gamma=0.000000 gate_passed=True fallback=functional_recovery_hungarian global_hash=cf3d5ecf267166946fe965854577feb75330f47108df42782b744836df7c44c2
ROUND fedrad round=805 clients=[67, 55, 4, 98, 79, 77, 33, 41, 21, 10] diagnostic_accuracy=79.1800% Gamma=0.000000 gate_passed=True fallback=functional_recovery_hungarian global_hash=5be1a5350cd1ebd4fd1e83fdc2daca2ede5406fd1ed6d5f7a2cb516f2afb5966
ROUND fedrad round=806 clients=[47, 2, 84, 28, 79, 26, 5, 97, 43, 12] diagnostic_accuracy=70.4400% Gamma=0.000000 gate_passed=True fallback=functional_recovery_hungarian global_hash=b2f50e05af00501dd55485607c5700643b73329722ed62abd238c5c9e4784b6b
ROUND fedrad round=807 clients=[64, 66, 31, 0, 51, 95, 92, 62, 35, 65] diagnostic_accuracy=80.0900% Gamma=0.000000 gate_passed=True fallback=functional_recovery_hungarian global_hash=a68cd0544de3153ff1ad069fd708c9a05067f24fcc36e6822484795f50ef8fce
ROUND fedrad round=808 clients=[82, 95, 21, 19, 39, 60, 67, 51, 47, 45] diagnostic_accuracy=79.9100% Gamma=0.000000 gate_passed=True fallback=functional_recovery_hungarian global_hash=28d55308c6578a095ebba3aaf983fb59a489aeca7ff775df6ef387c9916c8f75
ROUND fedrad round=809 clients=[22, 7, 13, 15, 65, 24, 55, 3, 47, 68] diagnostic_accuracy=78.7300% Gamma=0.000000 gate_passed=True fallback=functional_recovery_hungarian global_hash=5859e89f5212ee9f40f264b59f36b623608c042e5754f162409811714441c62e
ROUND fedrad round=810 clients=[21, 53, 68, 14, 52, 4, 71, 41, 16, 7] diagnostic_accuracy=78.5700% Gamma=0.000000 gate_passed=True fallback=functional_recovery_hungarian global_hash=6b13bba68aef535ea035d294fe9c94f4b9ef959c8d1df3afbe97ac0ff16f8525
ROUND fedrad round=811 clients=[6, 67, 83, 20, 47, 42, 48, 66, 56, 70] diagnostic_accuracy=79.0100% Gamma=0.000000 gate_passed=True fallback=functional_recovery_hungarian global_hash=9fe399b6d8b0ce8fbc9ec6a27bc6017e3e7167287181bceac530f22251d4bee1
ROUND fedrad round=812 clients=[12, 5, 4, 48, 96, 21, 20, 75, 89, 11] diagnostic_accuracy=74.5600% Gamma=0.000000 gate_passed=True fallback=functional_recovery_hungarian global_hash=a92ba479af0827f463165453d42b5d80e3467d2ddd5d8a251850ef642e2adfca
ROUND fedrad round=813 clients=[43, 26, 80, 74, 50, 62, 58, 1, 94, 76] diagnostic_accuracy=77.1500% Gamma=0.000000 gate_passed=True fallback=functional_recovery_hungarian global_hash=97eafab0283ebae2c6867f3ec1f37e97f2ac10216090a3dc13afca9802bfeb40
ROUND fedrad round=814 clients=[37, 0, 63, 16, 35, 60, 29, 46, 62, 43] diagnostic_accuracy=78.1900% Gamma=0.000000 gate_passed=True fallback=functional_recovery_hungarian global_hash=bca437ea211957f6acb82f7a367a18b281d754fc95b5cf361bf3ade4c0873189
ROUND fedrad round=815 clients=[26, 87, 30, 12, 57, 90, 50, 89, 25, 81] diagnostic_accuracy=76.9300% Gamma=0.000000 gate_passed=True fallback=functional_recovery_hungarian global_hash=ad04b5130f602133f993a743fb4507583035c6c042ec451d08759421f42988a2
ROUND fedrad round=816 clients=[63, 86, 1, 50, 94, 72, 75, 67, 80, 76] diagnostic_accuracy=74.5600% Gamma=0.000000 gate_passed=True fallback=functional_recovery_hungarian global_hash=171be041bd79638bf4c2089d416e787e07e574f7eff3a491d25612768dce852e
ROUND fedrad round=817 clients=[17, 12, 4, 58, 76, 26, 20, 45, 89, 84] diagnostic_accuracy=75.5600% Gamma=0.000000 gate_passed=True fallback=functional_recovery_hungarian global_hash=19506949442dfd739cf58904a6072ddd65416b5d4dbadaf39871e64e93b28b8e
ROUND fedrad round=818 clients=[8, 56, 0, 34, 70, 82, 18, 50, 4, 85] diagnostic_accuracy=79.2700% Gamma=0.000000 gate_passed=True fallback=functional_recovery_hungarian global_hash=4ca5d55f000c48222adaff4793b81b5b5365c5cabc20f03bbf62cf1f48959d6c
ROUND fedrad round=819 clients=[62, 36, 79, 5, 90, 68, 51, 20, 50, 89] diagnostic_accuracy=78.5400% Gamma=0.000000 gate_passed=True fallback=functional_recovery_hungarian global_hash=9da2e59978db53769c30ad93d77217c1c558b4d9cbb6b08a5f96ed7e9c45945d
ROUND fedrad round=820 clients=[52, 83, 45, 55, 59, 95, 31, 54, 41, 84] diagnostic_accuracy=78.6000% Gamma=0.000000 gate_passed=True fallback=functional_recovery_hungarian global_hash=19febfc8dd3ca9da3697e29612648fe089c6381c42e70b31274b5f5af122fad1
ROUND fedrad round=821 clients=[49, 48, 44, 69, 87, 63, 92, 33, 36, 27] diagnostic_accuracy=71.2400% Gamma=0.000000 gate_passed=True fallback=functional_recovery_hungarian global_hash=908dacdb484b8172a2bf1ad950099e0072bdd705164b995f50688aa12ef9ce36
ROUND fedrad round=822 clients=[17, 83, 35, 44, 54, 9, 10, 60, 49, 62] diagnostic_accuracy=75.1600% Gamma=0.000000 gate_passed=True fallback=functional_recovery_hungarian global_hash=6497167703d706c1a81451e38917adc6f607f698ceb1d12ee25a73124835706f
ROUND fedrad round=823 clients=[12, 80, 56, 90, 89, 75, 22, 57, 33, 6] diagnostic_accuracy=80.1000% Gamma=0.000000 gate_passed=True fallback=functional_recovery_hungarian global_hash=d19c63dbe18b8e069aa3072349e9d5e1b62cb828f3d4f1b44dc10f373f9c0cae
ROUND fedrad round=824 clients=[13, 61, 67, 95, 43, 22, 50, 46, 6, 51] diagnostic_accuracy=79.1600% Gamma=0.000000 gate_passed=True fallback=functional_recovery_hungarian global_hash=5742570a91c97075df62d958066942a3c62c180af0936d4292c3d720040cb013
ROUND fedrad round=825 clients=[29, 79, 15, 64, 49, 53, 85, 58, 98, 67] diagnostic_accuracy=77.6400% Gamma=0.000000 gate_passed=True fallback=functional_recovery_hungarian global_hash=870f0e09e3ab9d88cbe9883d8864cc66817077096f943b9c49c2ddef733584a3
ROUND fedrad round=826 clients=[89, 45, 21, 8, 63, 23, 4, 66, 44, 32] diagnostic_accuracy=77.4800% Gamma=0.000000 gate_passed=True fallback=functional_recovery_hungarian global_hash=e394e9751b85569e5337c69648ca35523ee4e6ee3509ea36111c4577b2422331
ROUND fedrad round=827 clients=[29, 43, 73, 11, 60, 22, 6, 31, 91, 98] diagnostic_accuracy=79.4000% Gamma=0.000000 gate_passed=True fallback=functional_recovery_hungarian global_hash=9f0f39c5d7f172135e54d161f5debfa2ac7527665403ac372c0a2c64d3045237
ROUND fedrad round=828 clients=[91, 78, 44, 34, 3, 27, 2, 28, 92, 97] diagnostic_accuracy=76.7800% Gamma=0.000000 gate_passed=True fallback=functional_recovery_hungarian global_hash=307b589fb906193ff9bd751f6046b9bcdce40e98713e78f00dfa925d37e1b3c9
ROUND fedrad round=829 clients=[8, 64, 39, 16, 74, 41, 29, 75, 76, 52] diagnostic_accuracy=76.0300% Gamma=0.000000 gate_passed=True fallback=functional_recovery_hungarian global_hash=8b9dc655f3bacdc3e0a8cc5bf4f55240a32255c69ea03f0c0efe298f0a3aa70f
ROUND fedrad round=830 clients=[24, 51, 90, 38, 26, 8, 67, 28, 68, 33] diagnostic_accuracy=77.9500% Gamma=0.000000 gate_passed=True fallback=functional_recovery_hungarian global_hash=867aca73a2eb81e8d5dac5d571d4d4c2e139906c783d4f9b7aa6dc643aec51fc
ROUND fedrad round=831 clients=[56, 44, 64, 43, 99, 22, 23, 98, 97, 82] diagnostic_accuracy=79.8700% Gamma=0.000000 gate_passed=True fallback=functional_recovery_hungarian global_hash=05273a64c3982c995032dcb1f3a95e0a811e601ff0eee59d4798d0a43ea35602
ROUND fedrad round=832 clients=[72, 56, 36, 73, 67, 87, 96, 1, 70, 12] diagnostic_accuracy=74.9800% Gamma=0.000000 gate_passed=True fallback=functional_recovery_hungarian global_hash=b896e49781d9faa4693a93cd6acaaf730fc43da6917266d665b64904d97f0c84
ROUND fedrad round=833 clients=[86, 9, 32, 37, 62, 39, 91, 1, 84, 45] diagnostic_accuracy=77.8000% Gamma=0.000000 gate_passed=True fallback=functional_recovery_hungarian global_hash=a4d14a0ab7c8be30f60e26b1d4518d826ed8eb4b5454864c766954aabf0a9ba7
ROUND fedrad round=834 clients=[30, 67, 68, 48, 9, 43, 84, 14, 41, 15] diagnostic_accuracy=79.0200% Gamma=0.000000 gate_passed=True fallback=functional_recovery_hungarian global_hash=86bd1e0d7014caa604da5baacc4bcf2e30585424b3e66093d3c4f5fb91dae4ab
ROUND fedrad round=835 clients=[56, 7, 1, 75, 42, 67, 6, 66, 27, 25] diagnostic_accuracy=77.7800% Gamma=0.000000 gate_passed=True fallback=functional_recovery_hungarian global_hash=6e7c3c6d50ec3fe73cc53c38f4ba0059ca3489379712bcacd59fce02708dc8d6
ROUND fedrad round=836 clients=[64, 51, 80, 31, 33, 34, 6, 11, 69, 93] diagnostic_accuracy=81.2200% Gamma=0.000000 gate_passed=True fallback=functional_recovery_hungarian global_hash=a09a5794563857321ac84da677391ad5287d664cd5e010f6ece7399ff604d00f
ROUND fedrad round=837 clients=[77, 92, 14, 82, 26, 10, 56, 50, 21, 59] diagnostic_accuracy=77.9300% Gamma=0.000000 gate_passed=True fallback=functional_recovery_hungarian global_hash=cd88372806d5be9b60d755e22b91374f373eb4302f3e2042d7d72d54f96f1bdd
ROUND fedrad round=838 clients=[21, 69, 31, 67, 3, 77, 96, 22, 66, 87] diagnostic_accuracy=78.9000% Gamma=0.000000 gate_passed=True fallback=functional_recovery_hungarian global_hash=15565dd476690a45176a7e50562e01e380c3499cfc788e6160067240e093b32b
ROUND fedrad round=839 clients=[14, 72, 92, 53, 65, 48, 96, 3, 25, 75] diagnostic_accuracy=72.9500% Gamma=0.000000 gate_passed=True fallback=functional_recovery_hungarian global_hash=e690cd74064eebe24e3f779cd0a007a01d0e61bfa89e7c9ef2dada2f1ac4faa4
ROUND fedrad round=840 clients=[58, 77, 32, 46, 37, 18, 70, 27, 49, 48] diagnostic_accuracy=72.2600% Gamma=0.000000 gate_passed=True fallback=functional_recovery_hungarian global_hash=9a5b063c0079eb732672933e64961243844e59ea696ae21d7d4f09759b62fe5f
ROUND fedrad round=841 clients=[63, 25, 70, 90, 22, 58, 86, 93, 35, 17] diagnostic_accuracy=78.1400% Gamma=0.000000 gate_passed=True fallback=functional_recovery_hungarian global_hash=4439f937308e34c6428cf43bb6f34933de02bd574843643de7cba7e657bf6e91
ROUND fedrad round=842 clients=[75, 28, 59, 81, 2, 42, 99, 88, 98, 72] diagnostic_accuracy=76.2400% Gamma=0.000000 gate_passed=True fallback=functional_recovery_hungarian global_hash=d1d1764b0d63a478e0f39bd2e122922c61dc70f48573e1607eb717e2fa67fffa
ROUND fedrad round=843 clients=[94, 53, 19, 78, 21, 59, 37, 82, 1, 43] diagnostic_accuracy=80.6800% Gamma=0.000000 gate_passed=True fallback=functional_recovery_hungarian global_hash=dbbaaf307a001967d7966b32d10d147120a13f26c3eb3838e3c3c229b6ed8caf
ROUND fedrad round=844 clients=[58, 37, 76, 34, 47, 82, 21, 65, 52, 73] diagnostic_accuracy=80.8600% Gamma=0.000000 gate_passed=True fallback=functional_recovery_hungarian global_hash=a28ac5d12d946708fbdfed4fc89685decc113b9e34d77224e514a09323292f38
ROUND fedrad round=845 clients=[39, 32, 69, 10, 3, 86, 84, 70, 34, 23] diagnostic_accuracy=76.6400% Gamma=0.000000 gate_passed=True fallback=functional_recovery_hungarian global_hash=ec7880a7814b28775f333f0b5fc809b64f05bf797e1a52ce833f4c8f3aca4ec1
ROUND fedrad round=846 clients=[78, 94, 75, 7, 45, 96, 28, 80, 89, 87] diagnostic_accuracy=79.9400% Gamma=0.000000 gate_passed=True fallback=functional_recovery_hungarian global_hash=e17f6e004b26bbfc7bada8a05283245a6702fa3a7689c3ab756688ab42af01ae
ROUND fedrad round=847 clients=[63, 52, 90, 48, 69, 57, 17, 76, 93, 3] diagnostic_accuracy=77.9900% Gamma=0.000000 gate_passed=True fallback=functional_recovery_hungarian global_hash=bf3b333322727c9be89fa02e57c3256a2b0fe6634cae3b563411e956fe664f39
ROUND fedrad round=848 clients=[25, 12, 63, 14, 69, 17, 16, 13, 56, 87] diagnostic_accuracy=79.9800% Gamma=0.000000 gate_passed=True fallback=functional_recovery_hungarian global_hash=4a561e8144cc17a01837586692647c3a5a57c48bf38ca1d4be42c21bc2e18372
ROUND fedrad round=849 clients=[59, 89, 79, 9, 66, 35, 0, 92, 93, 86] diagnostic_accuracy=77.0800% Gamma=0.000000 gate_passed=True fallback=functional_recovery_hungarian global_hash=034740ac609035bd57b2d6b3b29401edeca1a6f373aaac9e62b82a1b53f2f043
ROUND fedrad round=850 clients=[11, 92, 39, 30, 36, 19, 26, 28, 35, 97] diagnostic_accuracy=74.3900% Gamma=0.000000 gate_passed=True fallback=functional_recovery_hungarian global_hash=9c991b8fb66b8b3ae4a044737e5715e9f17ecee391244aa9abbefbb615bebf3b
ROUND fedrad round=851 clients=[68, 42, 1, 26, 33, 19, 0, 14, 92, 18] diagnostic_accuracy=80.8700% Gamma=0.000000 gate_passed=True fallback=functional_recovery_hungarian global_hash=101e43da5d5f7f4b88b1709a1964cb462431d234587e1c031cd7d1e394dcde7a
ROUND fedrad round=852 clients=[74, 88, 59, 36, 45, 71, 20, 15, 89, 53] diagnostic_accuracy=78.4300% Gamma=0.000000 gate_passed=True fallback=functional_recovery_hungarian global_hash=2adc37a288038da69e4b94f17119e7416bf982db02963c6f79cac97a0c0691af
ROUND fedrad round=853 clients=[96, 71, 17, 89, 81, 21, 52, 64, 4, 42] diagnostic_accuracy=79.4300% Gamma=0.000000 gate_passed=True fallback=functional_recovery_hungarian global_hash=883fa31ffd92b5684a40f9ab94a2d2911f4eab5778036982bfac8e9178e26fc2
ROUND fedrad round=854 clients=[23, 83, 90, 60, 72, 74, 46, 76, 59, 86] diagnostic_accuracy=77.0400% Gamma=0.000000 gate_passed=True fallback=functional_recovery_hungarian global_hash=84e80e0202a21afc82898e4cbd246bd6066f60da04b57e034feabb3a94584a1d
ROUND fedrad round=855 clients=[21, 77, 83, 4, 60, 62, 94, 13, 27, 95] diagnostic_accuracy=79.5900% Gamma=0.000000 gate_passed=True fallback=functional_recovery_hungarian global_hash=acfaa12fe7cd33f89c703a74e2b9f961a226206dd139e1a1e759bc9bf917a758
ROUND fedrad round=856 clients=[21, 66, 47, 58, 76, 95, 52, 62, 88, 46] diagnostic_accuracy=79.4200% Gamma=0.000000 gate_passed=True fallback=functional_recovery_hungarian global_hash=5c02fa3d34ad25f8e075590d622a2095d622f8213ae3d8b3c692db7151057313
ROUND fedrad round=857 clients=[67, 8, 71, 13, 68, 86, 47, 78, 83, 79] diagnostic_accuracy=73.7600% Gamma=0.000000 gate_passed=True fallback=functional_recovery_hungarian global_hash=3f7b1706e6dd8b009f0e01e22a9bd4164b93cd40063ae4a307730a37a07f4f02
ROUND fedrad round=858 clients=[14, 56, 17, 73, 87, 72, 0, 59, 60, 50] diagnostic_accuracy=73.2600% Gamma=0.000000 gate_passed=True fallback=functional_recovery_hungarian global_hash=62074cc15d46023bb6e42d9c244b5736475c3f987982dffe1d327e5d30a03227
ROUND fedrad round=859 clients=[72, 37, 70, 1, 81, 27, 64, 44, 53, 26] diagnostic_accuracy=75.6400% Gamma=0.000000 gate_passed=True fallback=functional_recovery_hungarian global_hash=71738c7becac8dd8d386a301fc30da57b6473d398d4a3a288c291519a092c7d8
ROUND fedrad round=860 clients=[64, 47, 6, 75, 3, 92, 78, 8, 99, 52] diagnostic_accuracy=76.1600% Gamma=0.000000 gate_passed=True fallback=functional_recovery_hungarian global_hash=c979b9e8f28e31506683c02ec532b7a4c502e7572eff687eab89d5f38c1c6435
ROUND fedrad round=861 clients=[64, 13, 26, 58, 41, 28, 30, 3, 56, 99] diagnostic_accuracy=74.9000% Gamma=0.000000 gate_passed=True fallback=functional_recovery_hungarian global_hash=f26dbd11a3e1020e07f0db4b36d8d90e1f00900c5f08ff00fea7f73295bb039d
ROUND fedrad round=862 clients=[27, 94, 55, 65, 68, 97, 70, 71, 4, 15] diagnostic_accuracy=75.2000% Gamma=0.000000 gate_passed=True fallback=functional_recovery_hungarian global_hash=5970cb0fa4301343ee96fdd19924def44893687e2de7f070c2eca51557308442
ROUND fedrad round=863 clients=[59, 89, 61, 43, 90, 4, 14, 40, 11, 85] diagnostic_accuracy=78.9300% Gamma=0.000000 gate_passed=True fallback=functional_recovery_hungarian global_hash=0fd39da59df9db69d7684320370d833b3e3c027cee8e231e2ab8be1cc0f77074
ROUND fedrad round=864 clients=[36, 61, 77, 95, 32, 31, 27, 79, 94, 59] diagnostic_accuracy=76.8500% Gamma=0.000000 gate_passed=True fallback=functional_recovery_hungarian global_hash=88399cd430a829dbf8c9840f2d39e381305c78b4eb98d0481255b830a6648c45
ROUND fedrad round=865 clients=[20, 66, 76, 37, 92, 74, 80, 22, 32, 51] diagnostic_accuracy=78.3300% Gamma=0.000000 gate_passed=True fallback=functional_recovery_hungarian global_hash=9fe2410efdbc7fe85fc391f5ea39a7da504e5569d6bc5655d928646dd4d13cfe
ROUND fedrad round=866 clients=[32, 70, 73, 74, 4, 67, 28, 30, 64, 12] diagnostic_accuracy=79.3200% Gamma=0.000000 gate_passed=True fallback=functional_recovery_hungarian global_hash=899caef1fb402b045a62c7f0ba2a5b82166f2e25d7d052583dcd10ad30dfc81f
ROUND fedrad round=867 clients=[26, 57, 14, 20, 93, 43, 18, 36, 44, 56] diagnostic_accuracy=77.4900% Gamma=0.000000 gate_passed=True fallback=functional_recovery_hungarian global_hash=ee8244b8457a5dd04bf356009f6acf0984db9abf824d36e07531a3febe9e1b7e
ROUND fedrad round=868 clients=[93, 73, 2, 3, 28, 0, 19, 39, 60, 33] diagnostic_accuracy=74.6500% Gamma=0.000000 gate_passed=True fallback=functional_recovery_hungarian global_hash=aeeeabe4ab5afeeb40893d3cd1c40187afd40dd203853dcb638aba1e99f16d8f
ROUND fedrad round=869 clients=[79, 20, 47, 76, 89, 19, 2, 3, 64, 83] diagnostic_accuracy=79.1700% Gamma=0.000000 gate_passed=True fallback=functional_recovery_hungarian global_hash=d2d59063c6ef0cd870d1bf3741dac396c1608475a2396e5023f2397ceb8cda59
ROUND fedrad round=870 clients=[71, 9, 88, 17, 50, 86, 47, 91, 67, 83] diagnostic_accuracy=79.3800% Gamma=0.000000 gate_passed=True fallback=functional_recovery_hungarian global_hash=0ed7aaa53a7842f91e0ce06ddf330904d4d41060e5c06cc8e9f6bf5bf7550ecb
ROUND fedrad round=871 clients=[51, 46, 27, 21, 71, 42, 18, 90, 20, 49] diagnostic_accuracy=77.8800% Gamma=0.000000 gate_passed=True fallback=functional_recovery_hungarian global_hash=d99baed146e81e200783db6be267911f5903a5ff454a68c52a6cb947da740a2f
ROUND fedrad round=872 clients=[33, 70, 27, 35, 61, 18, 77, 39, 24, 55] diagnostic_accuracy=76.6400% Gamma=0.000000 gate_passed=True fallback=functional_recovery_hungarian global_hash=ab6b3d5a1a5414531174e4ddef1a5fc49a171305c80757eb08093c4a200ccff4
ROUND fedrad round=873 clients=[7, 36, 95, 50, 30, 88, 16, 76, 25, 23] diagnostic_accuracy=76.9500% Gamma=0.000000 gate_passed=True fallback=functional_recovery_hungarian global_hash=b176ad0e14a8e127147ed9c396e1f9d8a1d011eb1af67f681e9c06d3e4be2955
ROUND fedrad round=874 clients=[51, 97, 79, 73, 60, 89, 65, 54, 61, 11] diagnostic_accuracy=80.5700% Gamma=0.000000 gate_passed=True fallback=functional_recovery_hungarian global_hash=213df3873af8a1adda86c17fbdf3faf7c3fa88f5fb44a824435b273f03504aac
ROUND fedrad round=875 clients=[18, 41, 80, 33, 2, 66, 25, 81, 46, 14] diagnostic_accuracy=75.7000% Gamma=0.000000 gate_passed=True fallback=functional_recovery_hungarian global_hash=a9cde8076fbdbba1e9bc2e2f3b0d579c73bf9d84e51cb432a7d862f886ca1f78
ROUND fedrad round=876 clients=[56, 74, 71, 25, 33, 38, 99, 10, 3, 50] diagnostic_accuracy=75.6300% Gamma=0.000000 gate_passed=True fallback=functional_recovery_hungarian global_hash=3fcca17bd40160247c5551abb3e3ca22ee89c2ae8079bb5fb279cab7bdac4c2b
ROUND fedrad round=877 clients=[17, 66, 96, 84, 28, 64, 1, 24, 71, 31] diagnostic_accuracy=76.3700% Gamma=0.000000 gate_passed=True fallback=functional_recovery_hungarian global_hash=318fe0130f39d4bd33b0cca0641f933c96f23c70c927d78427faff6d2655fda4
ROUND fedrad round=878 clients=[8, 7, 49, 26, 70, 38, 65, 72, 43, 71] diagnostic_accuracy=75.9100% Gamma=0.000000 gate_passed=True fallback=functional_recovery_hungarian global_hash=ca0acdfbc4f7a7b7bc82de78aa38b1a3a7233403ba7310c33525c72802b5fc26
ROUND fedrad round=879 clients=[77, 41, 28, 68, 93, 45, 12, 30, 43, 18] diagnostic_accuracy=79.3400% Gamma=0.000000 gate_passed=True fallback=functional_recovery_hungarian global_hash=c86f8e4672e87ca942277d56ebe04fa2e6807bfef100e39a60eed6978c925735
ROUND fedrad round=880 clients=[90, 19, 7, 53, 29, 45, 84, 44, 24, 35] diagnostic_accuracy=76.6800% Gamma=0.000000 gate_passed=True fallback=functional_recovery_hungarian global_hash=c024c2d7e36c6a1885ecad8dd07c2aca5fc78316d9316751ae92a34c76213ecf
ROUND fedrad round=881 clients=[3, 59, 25, 94, 57, 95, 5, 89, 72, 34] diagnostic_accuracy=75.9600% Gamma=0.000000 gate_passed=True fallback=functional_recovery_hungarian global_hash=61fc5d033b1b7c455b9a6ab0c616c319021a6c9525f2d17b9f4f7c57cf5ca976
ROUND fedrad round=882 clients=[51, 93, 91, 92, 60, 34, 47, 48, 80, 31] diagnostic_accuracy=74.7800% Gamma=0.000000 gate_passed=True fallback=functional_recovery_hungarian global_hash=1c5441d74ff39f257361c8309ae41ec4d5eb7e589b337e130ae3f7e1f3f5ffac
ROUND fedrad round=883 clients=[7, 91, 89, 90, 56, 95, 16, 50, 52, 53] diagnostic_accuracy=78.4100% Gamma=0.000000 gate_passed=True fallback=functional_recovery_hungarian global_hash=3e7ad86dbcb1e1e5951f4f16e60dc6e65517fa097d6f07460a584e53ab0038c1
ROUND fedrad round=884 clients=[33, 16, 91, 85, 9, 83, 56, 7, 5, 51] diagnostic_accuracy=79.0400% Gamma=0.000000 gate_passed=True fallback=functional_recovery_hungarian global_hash=f6ff755a7a6746d03a9ba05fff2071e6df7252e10a2a71b6f4af376a8d7869ea
ROUND fedrad round=885 clients=[9, 71, 80, 20, 23, 61, 95, 43, 46, 90] diagnostic_accuracy=78.7300% Gamma=0.000000 gate_passed=True fallback=functional_recovery_hungarian global_hash=29895652f19c644b07507243479a2b1269aa85fbfbb114dbb22b3e80552591b9
ROUND fedrad round=886 clients=[90, 20, 83, 26, 92, 3, 0, 42, 77, 65] diagnostic_accuracy=80.8800% Gamma=0.000000 gate_passed=True fallback=functional_recovery_hungarian global_hash=89cfda02dacf54afe17cbbca919a181f4bd81c069514f626617086a134966289
ROUND fedrad round=887 clients=[34, 69, 35, 83, 79, 66, 41, 52, 46, 57] diagnostic_accuracy=75.8700% Gamma=0.000000 gate_passed=True fallback=functional_recovery_hungarian global_hash=4740c9d9c7633230a8b8d7ebbd96f674facb32e4d122fe08c5d7e65834792f31
ROUND fedrad round=888 clients=[79, 59, 90, 11, 25, 70, 31, 61, 54, 6] diagnostic_accuracy=81.4800% Gamma=0.000000 gate_passed=True fallback=functional_recovery_hungarian global_hash=87f8491fa3dfb82435753e6d320d1151f950a9181f207f4984c9243533f7836c
ROUND fedrad round=889 clients=[7, 45, 66, 18, 43, 98, 16, 49, 41, 67] diagnostic_accuracy=78.9700% Gamma=0.000000 gate_passed=True fallback=functional_recovery_hungarian global_hash=938252559b4b997c12afcd93e32922618ec162e846aef000e709dde953217d51
ROUND fedrad round=890 clients=[29, 41, 94, 75, 83, 37, 62, 48, 95, 7] diagnostic_accuracy=79.6100% Gamma=0.000000 gate_passed=True fallback=functional_recovery_hungarian global_hash=304a646df9602a09791fef1b9b4710fab0117953cb135ddca81f4638e73364e6
ROUND fedrad round=891 clients=[45, 82, 86, 54, 4, 75, 96, 22, 16, 20] diagnostic_accuracy=79.3700% Gamma=0.000000 gate_passed=True fallback=functional_recovery_hungarian global_hash=638dd5ad83d1d3d450e572e85b374cbecc6b5660c3d58a89c44e686c1aa7739b
ROUND fedrad round=892 clients=[65, 27, 93, 59, 43, 80, 32, 98, 41, 90] diagnostic_accuracy=72.3500% Gamma=0.000000 gate_passed=True fallback=functional_recovery_hungarian global_hash=15b4e8ae3a8a3aabb6ac9ac7205268e0a2616f5ffe5a79cb6485c9387444d073
ROUND fedrad round=893 clients=[27, 75, 97, 51, 86, 99, 85, 4, 76, 74] diagnostic_accuracy=80.2600% Gamma=0.000000 gate_passed=True fallback=functional_recovery_hungarian global_hash=a42b8f91b0d04096e075fb72f6c914f87936a7a7187556a8e47a56a79b036478
ROUND fedrad round=894 clients=[94, 20, 83, 84, 73, 79, 39, 78, 16, 65] diagnostic_accuracy=78.3600% Gamma=0.000000 gate_passed=True fallback=functional_recovery_hungarian global_hash=0ce4134f5a0da3283bc771ba628f1ce915b07013c4f52068b6642164528e974f
ROUND fedrad round=895 clients=[23, 49, 72, 27, 67, 12, 69, 93, 58, 89] diagnostic_accuracy=75.3500% Gamma=0.000000 gate_passed=True fallback=functional_recovery_hungarian global_hash=5a029a04134badbe0e243931471df77339bf32f9e9541e3ce208665d6b9c7bd9
ROUND fedrad round=896 clients=[86, 30, 10, 17, 83, 73, 93, 71, 41, 91] diagnostic_accuracy=79.6600% Gamma=0.000000 gate_passed=True fallback=functional_recovery_hungarian global_hash=46a795e27e7dcba124d7b5c66ec0f980c5967dd61ee61b8e8dcd7c22384ea4ee
ROUND fedrad round=897 clients=[16, 65, 88, 18, 49, 44, 23, 46, 9, 48] diagnostic_accuracy=75.1500% Gamma=0.000000 gate_passed=True fallback=functional_recovery_hungarian global_hash=5ccf2a07028049448ef636a57d6ebb2a670a99ec7f1512e22df327c12cfc151b
ROUND fedrad round=898 clients=[84, 46, 14, 70, 79, 54, 89, 73, 6, 95] diagnostic_accuracy=80.0200% Gamma=0.000000 gate_passed=True fallback=functional_recovery_hungarian global_hash=97f8aca9a90df113db03d2856d7c74098b76942c5433a1fcd6162cf4187f0f71
ROUND fedrad round=899 clients=[67, 5, 24, 68, 69, 54, 88, 33, 85, 82] diagnostic_accuracy=78.3700% Gamma=0.000000 gate_passed=True fallback=functional_recovery_hungarian global_hash=cdea51cc5249284ae294b726f2d07486fbfdd124a14618c181150bd8a9ebd3c2
ROUND fedrad round=900 clients=[6, 82, 35, 78, 83, 50, 97, 10, 29, 32] diagnostic_accuracy=77.1100% Gamma=0.000000 gate_passed=True fallback=functional_recovery_hungarian global_hash=8b94d484772d128ddb74276062104a434263d8533d2f458be9adaf7e826590ac
ROUND fedrad round=901 clients=[72, 91, 9, 85, 95, 54, 82, 5, 49, 63] diagnostic_accuracy=76.7000% Gamma=0.000000 gate_passed=True fallback=functional_recovery_hungarian global_hash=4ac5f3c9178ec8561994930f3d76a3dbea083b77696dae8a9532ef347385a90a
ROUND fedrad round=902 clients=[91, 90, 0, 14, 85, 77, 56, 97, 67, 52] diagnostic_accuracy=78.5300% Gamma=0.000000 gate_passed=True fallback=functional_recovery_hungarian global_hash=29edce51c422f6afc6cfa7c860ed274cf9b268382e47a9fb2e6f511cbfdd20eb
ROUND fedrad round=903 clients=[92, 66, 94, 44, 7, 42, 95, 90, 69, 89] diagnostic_accuracy=79.8000% Gamma=0.000000 gate_passed=True fallback=functional_recovery_hungarian global_hash=260a7523586b5bb6bdfe36fc7e9adb6b63bae5c41cea845fc66e20d9fcc6c989
ROUND fedrad round=904 clients=[26, 85, 52, 38, 73, 42, 12, 81, 20, 60] diagnostic_accuracy=79.7900% Gamma=0.000000 gate_passed=True fallback=functional_recovery_hungarian global_hash=fa551af974ed3a58c3feab7abd7e85f67da31542de7a35046357c15da3bb06de
ROUND fedrad round=905 clients=[93, 10, 12, 59, 99, 52, 75, 0, 87, 20] diagnostic_accuracy=79.4600% Gamma=0.000000 gate_passed=True fallback=functional_recovery_hungarian global_hash=e4947ffa7a5e8360b654856174ba87bfc83a10f804000684e26accd15f5e546e
ROUND fedrad round=906 clients=[96, 44, 9, 11, 14, 95, 29, 17, 12, 51] diagnostic_accuracy=80.6300% Gamma=0.000000 gate_passed=True fallback=functional_recovery_hungarian global_hash=29398c196319b1edeefc74a3e7ab91f83292e4e676defd0e1fc6a86c77d27281
ROUND fedrad round=907 clients=[49, 9, 88, 2, 90, 87, 84, 44, 38, 78] diagnostic_accuracy=77.1900% Gamma=0.000000 gate_passed=True fallback=functional_recovery_hungarian global_hash=4735788d68a9fbc1da2875989d6843c0d55e42efdcb007995719c4822b1a598a
ROUND fedrad round=908 clients=[25, 58, 85, 83, 15, 53, 67, 97, 12, 90] diagnostic_accuracy=77.5100% Gamma=0.000000 gate_passed=True fallback=functional_recovery_hungarian global_hash=dcf45c929e2dfdf37c2c6df36b9dc1d415fcdd9ddb7c8e09a87d0be1e0386402
ROUND fedrad round=909 clients=[3, 62, 33, 23, 92, 77, 69, 54, 85, 46] diagnostic_accuracy=78.6000% Gamma=0.000000 gate_passed=True fallback=functional_recovery_hungarian global_hash=0075df1252e4251a43fcd0916d699325f99aa679b7b4ca94515aac4871400fb7
ROUND fedrad round=910 clients=[20, 19, 33, 50, 89, 63, 17, 72, 62, 15] diagnostic_accuracy=77.8500% Gamma=0.000000 gate_passed=True fallback=functional_recovery_hungarian global_hash=93f705561233bd43e326945649ac645984fd4e8786393c9aae2469ea08c521b8
ROUND fedrad round=911 clients=[39, 48, 94, 90, 66, 1, 27, 20, 13, 3] diagnostic_accuracy=78.3400% Gamma=0.000000 gate_passed=True fallback=functional_recovery_hungarian global_hash=8f60c7c2a639b8c015c05bfba6eb1de08d365b8d349ac403b2e93cd1ee5134f8
ROUND fedrad round=912 clients=[7, 13, 80, 32, 1, 62, 58, 44, 46, 56] diagnostic_accuracy=80.5200% Gamma=0.000000 gate_passed=True fallback=functional_recovery_hungarian global_hash=fbcb37f2cb4696e7510dfec1b5f593032f90757067cea6ec287e72c7dbe5c0d5
ROUND fedrad round=913 clients=[96, 28, 70, 59, 79, 48, 23, 74, 43, 25] diagnostic_accuracy=77.4000% Gamma=0.000000 gate_passed=True fallback=functional_recovery_hungarian global_hash=ac1eaa2a01c93f1c0c750e511ed52d7044c72c71fb8212254ac5e5e7b327f2e3
ROUND fedrad round=914 clients=[1, 59, 78, 71, 82, 16, 89, 19, 85, 60] diagnostic_accuracy=81.1900% Gamma=0.000000 gate_passed=True fallback=functional_recovery_hungarian global_hash=5a77b2f93f63dde2f5d59859df32771978940cd92af3ef60a3f93eb90f5055e2
ROUND fedrad round=915 clients=[31, 42, 37, 89, 3, 72, 88, 97, 60, 55] diagnostic_accuracy=78.7500% Gamma=0.000000 gate_passed=True fallback=functional_recovery_hungarian global_hash=71199c3ea6d1a73f2a2da65e1907b0121db314ab9b3ca1e4f930fd553aa3bb49
ROUND fedrad round=916 clients=[35, 64, 83, 67, 48, 42, 61, 86, 81, 54] diagnostic_accuracy=76.9100% Gamma=0.000000 gate_passed=True fallback=functional_recovery_hungarian global_hash=2cb0d9f98c69701315b9f3e5db21df00a647aa6b4161646b7add578e880eb482
ROUND fedrad round=917 clients=[96, 33, 21, 0, 47, 75, 89, 83, 76, 39] diagnostic_accuracy=78.5300% Gamma=0.000000 gate_passed=True fallback=functional_recovery_hungarian global_hash=332377ccfe0042d9af423c1ff6a9fffe51630b292014c1804c9c63e1c601a3f8
ROUND fedrad round=918 clients=[43, 73, 29, 22, 72, 19, 77, 38, 75, 69] diagnostic_accuracy=79.6200% Gamma=0.000000 gate_passed=True fallback=functional_recovery_hungarian global_hash=8fef79a506392163dec342e8b26bfa029ecb38d549742dea090a06b3b05eeaa0
ROUND fedrad round=919 clients=[83, 51, 70, 65, 66, 19, 12, 45, 26, 46] diagnostic_accuracy=79.1600% Gamma=0.000000 gate_passed=True fallback=functional_recovery_hungarian global_hash=7f7fbb8d0eb2041e6823fec2a1ba5ebe3ed63d6edb7fe34084cca4f7ef716b33
ROUND fedrad round=920 clients=[8, 93, 65, 40, 97, 99, 77, 37, 57, 6] diagnostic_accuracy=73.6100% Gamma=0.000000 gate_passed=True fallback=functional_recovery_hungarian global_hash=45e4cbdd56be371ac457c09551a67ab24a3d9973df6fadd0c53e702b0672ada8
ROUND fedrad round=921 clients=[49, 87, 96, 8, 66, 23, 6, 24, 79, 50] diagnostic_accuracy=79.7300% Gamma=0.000000 gate_passed=True fallback=functional_recovery_hungarian global_hash=58e7c3afd229fe879c5b85f6a23164456184f3380f52da921f9810d82d986094
ROUND fedrad round=922 clients=[98, 81, 80, 29, 44, 54, 56, 70, 24, 74] diagnostic_accuracy=79.0100% Gamma=0.000000 gate_passed=True fallback=functional_recovery_hungarian global_hash=3d3fe8e6eca108534c244c90e179a8bf87410e49cdfd1d21c57b30265a7ae52a
ROUND fedrad round=923 clients=[3, 50, 49, 19, 29, 92, 31, 4, 33, 35] diagnostic_accuracy=76.9900% Gamma=0.000000 gate_passed=True fallback=functional_recovery_hungarian global_hash=194e8c81a7d263eba86568ab7bdf32f0364a6758a97bcfda12df85a3ce155c1a
ROUND fedrad round=924 clients=[6, 48, 89, 63, 97, 62, 57, 16, 36, 83] diagnostic_accuracy=76.0600% Gamma=0.000000 gate_passed=True fallback=functional_recovery_hungarian global_hash=5b5e286666c67b41109ff19bae62f99d405327ee091d223af5d5cd0014b8b146
ROUND fedrad round=925 clients=[37, 70, 67, 81, 11, 22, 52, 71, 58, 6] diagnostic_accuracy=80.8200% Gamma=0.000000 gate_passed=True fallback=functional_recovery_hungarian global_hash=c0acc4e317aad881109de522bc54d6e9c12645cb95245bd016bd749f59ea34c7
ROUND fedrad round=926 clients=[10, 35, 48, 81, 73, 95, 9, 36, 11, 37] diagnostic_accuracy=75.5100% Gamma=0.000000 gate_passed=True fallback=functional_recovery_hungarian global_hash=4798161edafb022db13eee584d00c9142a20744f26b77d760b15ce5f2b6511ad
ROUND fedrad round=927 clients=[3, 94, 44, 76, 25, 74, 93, 6, 42, 75] diagnostic_accuracy=80.6600% Gamma=0.000000 gate_passed=True fallback=functional_recovery_hungarian global_hash=5d4ae76d97d46238e2a780ad3976735c02c4273dbed7d040023166c4ba8a41b2
ROUND fedrad round=928 clients=[77, 38, 52, 92, 67, 59, 18, 36, 6, 51] diagnostic_accuracy=81.2100% Gamma=0.000000 gate_passed=True fallback=functional_recovery_hungarian global_hash=b866ba70075c9bda21f8d4b7a3cf4f8b66fe4be12cc264c034f66a5c9b59579e
ROUND fedrad round=929 clients=[32, 4, 52, 75, 53, 6, 10, 71, 79, 3] diagnostic_accuracy=81.2000% Gamma=0.000000 gate_passed=True fallback=functional_recovery_hungarian global_hash=bea0102d9766188cc66bfd08953fcb312a2cf5e6d77466b6d85c976028d86d87
ROUND fedrad round=930 clients=[52, 77, 92, 47, 7, 66, 69, 41, 43, 21] diagnostic_accuracy=79.4900% Gamma=0.000000 gate_passed=True fallback=functional_recovery_hungarian global_hash=4db32e874e00e965bd25190ff7fa52e5e9a357f456eadeeaf8077f5673965844
ROUND fedrad round=931 clients=[71, 77, 6, 20, 62, 87, 69, 61, 54, 15] diagnostic_accuracy=79.0400% Gamma=0.000000 gate_passed=True fallback=functional_recovery_hungarian global_hash=3e4c1ca25fed72aa9ec6f33218cc038071f7f254880ecc7bd9fa0e2d7942e853
ROUND fedrad round=932 clients=[62, 12, 52, 59, 87, 54, 85, 79, 88, 75] diagnostic_accuracy=81.0400% Gamma=0.000000 gate_passed=True fallback=functional_recovery_hungarian global_hash=634fd37906debaa744d7a3ebf42925352945ddc957f97058501f32f1f0837a12
ROUND fedrad round=933 clients=[81, 20, 17, 90, 9, 88, 80, 86, 79, 72] diagnostic_accuracy=81.4400% Gamma=0.000000 gate_passed=True fallback=functional_recovery_hungarian global_hash=ae77dd1fd77d66b022cc1098be3b699fa848bb845505aa8dae1a1da0f409628c
ROUND fedrad round=934 clients=[67, 27, 5, 74, 72, 19, 47, 70, 92, 43] diagnostic_accuracy=79.2600% Gamma=0.000000 gate_passed=True fallback=functional_recovery_hungarian global_hash=242f3fdd28013fab1caad363cbe8e77583882a1d49e080b70d95395bacd23f01
ROUND fedrad round=935 clients=[82, 99, 23, 53, 93, 43, 92, 62, 2, 75] diagnostic_accuracy=80.8500% Gamma=0.000000 gate_passed=True fallback=functional_recovery_hungarian global_hash=5a354cb9f69dc27766f28aa012f97f3dbf4ea09e2036054ad9a369125f607b87
ROUND fedrad round=936 clients=[54, 5, 64, 67, 34, 33, 10, 23, 17, 68] diagnostic_accuracy=79.6600% Gamma=0.000000 gate_passed=True fallback=functional_recovery_hungarian global_hash=9e8ed576e718e04b75082bfafd7b7df7812f6f8c824e1f805a8fd7a053708751
ROUND fedrad round=937 clients=[25, 82, 30, 33, 98, 51, 2, 36, 70, 14] diagnostic_accuracy=79.0100% Gamma=0.000000 gate_passed=True fallback=functional_recovery_hungarian global_hash=2d99050dcd8d2ba78c163a38ea73a9df83f1431b6a7f5b56c01512d243d0dba7
ROUND fedrad round=938 clients=[83, 22, 41, 88, 72, 96, 42, 94, 2, 93] diagnostic_accuracy=79.1900% Gamma=0.000000 gate_passed=True fallback=functional_recovery_hungarian global_hash=21703af81ffbb0b5a20d4a9d8ceddf7c14fde5bd823dd7bb1c506a81208f5c4c
ROUND fedrad round=939 clients=[11, 76, 81, 79, 67, 31, 17, 23, 59, 32] diagnostic_accuracy=80.8900% Gamma=0.000000 gate_passed=True fallback=functional_recovery_hungarian global_hash=32a50f4e30fa1133d281a5ff1d6d7d13ae276720a65649612014f792f7d54f80
ROUND fedrad round=940 clients=[61, 30, 17, 84, 92, 62, 94, 89, 0, 96] diagnostic_accuracy=77.2900% Gamma=0.000000 gate_passed=True fallback=functional_recovery_hungarian global_hash=fd6f6b778880f194161c89398af1c9495b1a65c64791837ee39ba18d0c996827
ROUND fedrad round=941 clients=[52, 2, 54, 25, 88, 43, 51, 34, 11, 15] diagnostic_accuracy=80.8200% Gamma=0.000000 gate_passed=True fallback=functional_recovery_hungarian global_hash=d7bddd85219092b63fe2cf0d92aa51f0781a71a7afc2a522b52b2aa160073453
ROUND fedrad round=942 clients=[2, 49, 44, 0, 43, 94, 31, 35, 23, 74] diagnostic_accuracy=74.8400% Gamma=0.000000 gate_passed=True fallback=functional_recovery_hungarian global_hash=6b1ed1d47529c844684eb6afbde5a6c34ea1fd0e872501710a70f7c662cb5c80
ROUND fedrad round=943 clients=[64, 98, 25, 82, 52, 34, 39, 51, 68, 12] diagnostic_accuracy=79.6000% Gamma=0.000000 gate_passed=True fallback=functional_recovery_hungarian global_hash=759c7a63f8da7ed1f284951e91bc589f1aa7b0464003bf3a4252fae0e4320826
ROUND fedrad round=944 clients=[99, 88, 15, 64, 59, 18, 28, 86, 89, 22] diagnostic_accuracy=80.6100% Gamma=0.000000 gate_passed=True fallback=functional_recovery_hungarian global_hash=2ec847d05762ad949981eb2c12995ac767310f8cfed32e213a533d5299f8a7a7
ROUND fedrad round=945 clients=[41, 17, 75, 70, 67, 12, 21, 16, 59, 84] diagnostic_accuracy=79.7200% Gamma=0.000000 gate_passed=True fallback=functional_recovery_hungarian global_hash=2c77bcd825b8c68b4bda980c8c83ece439a9597241b3caaf9c2af0ffb251e1db
ROUND fedrad round=946 clients=[86, 68, 92, 62, 4, 45, 37, 99, 66, 69] diagnostic_accuracy=80.5000% Gamma=0.000000 gate_passed=True fallback=functional_recovery_hungarian global_hash=2d20393ce723d3d1b6d6eab6339f3f601c81d208e9253482f474bfbc1a9d9a2a
ROUND fedrad round=947 clients=[24, 32, 37, 58, 69, 28, 27, 31, 54, 84] diagnostic_accuracy=77.7100% Gamma=0.000000 gate_passed=True fallback=functional_recovery_hungarian global_hash=c6a81b67ef7d3043f1849feb63ae68872d6c20ff9be8368875f699deb7b49d11
ROUND fedrad round=948 clients=[17, 90, 42, 88, 76, 30, 69, 32, 19, 0] diagnostic_accuracy=81.0800% Gamma=0.000000 gate_passed=True fallback=functional_recovery_hungarian global_hash=7bfcb5d2a370ae722d7c804cf688e237bbe0fc3bae154cca286c21e612e27700
ROUND fedrad round=949 clients=[0, 38, 65, 82, 44, 6, 80, 12, 57, 79] diagnostic_accuracy=81.2600% Gamma=0.000000 gate_passed=True fallback=functional_recovery_hungarian global_hash=31daa4a9f2551722988205a282d774282c32ba1fc2da52636e29308e39619d93
ROUND fedrad round=950 clients=[99, 18, 52, 49, 97, 64, 31, 23, 38, 56] diagnostic_accuracy=80.3300% Gamma=0.000000 gate_passed=True fallback=functional_recovery_hungarian global_hash=7e95e54a6830886cffc42c6d5d394690da47236795b2301416faa646aeeffc99
ROUND fedrad round=951 clients=[12, 46, 24, 8, 50, 73, 14, 89, 18, 53] diagnostic_accuracy=79.4300% Gamma=0.000000 gate_passed=True fallback=functional_recovery_hungarian global_hash=25e1b52f967696997a6ea531d6ede3ff8d9efa4c35753869e9e110e50d5a579d
ROUND fedrad round=952 clients=[22, 2, 79, 3, 33, 91, 46, 58, 44, 20] diagnostic_accuracy=80.2500% Gamma=0.000000 gate_passed=True fallback=functional_recovery_hungarian global_hash=75121f62ea08a566abe7105b0aa8c1ec16c6cb5b2b6d4e8d8ea06c4a9a4df588
ROUND fedrad round=953 clients=[38, 95, 15, 87, 67, 66, 69, 1, 71, 98] diagnostic_accuracy=78.8200% Gamma=0.000000 gate_passed=True fallback=functional_recovery_hungarian global_hash=84e2bcbc672c5954e0a897592fb7df7766d26df9cca7995e6a6127b2242bd106
ROUND fedrad round=954 clients=[73, 31, 46, 24, 90, 65, 21, 57, 38, 49] diagnostic_accuracy=79.1400% Gamma=0.000000 gate_passed=True fallback=functional_recovery_hungarian global_hash=b4e8009e3242da5e3d13f8c52d199faa639d3271d1e01a46ca89e5652de4fd53
ROUND fedrad round=955 clients=[90, 84, 34, 23, 69, 42, 70, 29, 7, 55] diagnostic_accuracy=78.0300% Gamma=0.000000 gate_passed=True fallback=functional_recovery_hungarian global_hash=0104636455d429d047d0e08c8ee1990759a12b059b4aa89974d0360a6d61be61
ROUND fedrad round=956 clients=[38, 18, 6, 42, 14, 90, 22, 58, 21, 12] diagnostic_accuracy=79.4100% Gamma=0.000000 gate_passed=True fallback=functional_recovery_hungarian global_hash=ed4a6982d61443154efccc11c5e805e5108804dfb0e37ff9b872a5157fb379aa
ROUND fedrad round=957 clients=[56, 49, 55, 12, 0, 22, 57, 14, 65, 33] diagnostic_accuracy=80.4900% Gamma=0.000000 gate_passed=True fallback=functional_recovery_hungarian global_hash=9c5346b049e76b067f7b11dcfdd3ec415caeaa011c7063ca856f45acae93061c
ROUND fedrad round=958 clients=[85, 45, 1, 7, 53, 41, 21, 44, 35, 80] diagnostic_accuracy=79.7000% Gamma=0.000000 gate_passed=True fallback=functional_recovery_hungarian global_hash=4ec80f3c72394a843156963991f0e23e5b9d98f49858085a7587bfecbb24c930
ROUND fedrad round=959 clients=[78, 87, 62, 74, 79, 76, 30, 61, 23, 59] diagnostic_accuracy=81.6500% Gamma=0.000000 gate_passed=True fallback=functional_recovery_hungarian global_hash=bcf0ffcb8a608233c70ff60ac14165bf23a2497cf74a913c520481f5b4f02b4e
ROUND fedrad round=960 clients=[80, 16, 50, 48, 79, 83, 2, 30, 49, 90] diagnostic_accuracy=77.3100% Gamma=0.000000 gate_passed=True fallback=functional_recovery_hungarian global_hash=5e816207644602fd69ac25bc5d0e2a4f0d0233ab23f660f885d5032bd728b48a
ROUND fedrad round=961 clients=[72, 63, 31, 7, 26, 91, 94, 64, 15, 60] diagnostic_accuracy=76.7700% Gamma=0.000000 gate_passed=True fallback=functional_recovery_hungarian global_hash=36ff052991a04cdc5a4e2a665588aa16ecadddf814057735b0159e0746c33b44
ROUND fedrad round=962 clients=[81, 98, 27, 53, 77, 30, 4, 93, 60, 52] diagnostic_accuracy=77.7100% Gamma=0.000000 gate_passed=True fallback=functional_recovery_hungarian global_hash=cba219f8007cd644491ac34609e7f764a24cbd81a437c9d2083d1a7e7baa1153
ROUND fedrad round=963 clients=[20, 88, 45, 95, 61, 68, 66, 6, 67, 12] diagnostic_accuracy=80.0800% Gamma=0.000000 gate_passed=True fallback=functional_recovery_hungarian global_hash=a644969ed02a83cf970644b10f22a7a5213c818243105ec4005383f4709c035a
ROUND fedrad round=964 clients=[75, 45, 28, 47, 5, 60, 59, 41, 50, 43] diagnostic_accuracy=78.6700% Gamma=0.000000 gate_passed=True fallback=functional_recovery_hungarian global_hash=d5bbc39ba9816049ab374778011564f6e2c92cda5aeee2b9b4f44e3a0fd41558
ROUND fedrad round=965 clients=[22, 80, 45, 97, 48, 98, 65, 74, 75, 30] diagnostic_accuracy=79.9400% Gamma=0.000000 gate_passed=True fallback=functional_recovery_hungarian global_hash=3758c44264a64b20910afa67aaf723072377267c3262cc112a125268326a264a
ROUND fedrad round=966 clients=[43, 70, 90, 97, 36, 81, 38, 47, 65, 23] diagnostic_accuracy=76.7400% Gamma=0.000000 gate_passed=True fallback=functional_recovery_hungarian global_hash=1a53ac82c2026d7435f0376b66d3997842013a56a3711f517b4aaf5e0eb89e44
ROUND fedrad round=967 clients=[43, 64, 36, 98, 75, 12, 79, 0, 51, 73] diagnostic_accuracy=78.4600% Gamma=0.000000 gate_passed=True fallback=functional_recovery_hungarian global_hash=376b6edd2d23efcb5810fc0749fe9c39758aee06821212b6798896d200984407
ROUND fedrad round=968 clients=[61, 75, 62, 52, 11, 83, 15, 79, 31, 53] diagnostic_accuracy=80.5700% Gamma=0.000000 gate_passed=True fallback=functional_recovery_hungarian global_hash=69cd4bb603cf4a257536d98232dd4c504ba5152d10de07a6607b4c2d0034fee5
ROUND fedrad round=969 clients=[18, 65, 47, 59, 58, 67, 0, 30, 88, 31] diagnostic_accuracy=81.1900% Gamma=0.000000 gate_passed=True fallback=functional_recovery_hungarian global_hash=2431468a4f6a6eb0b5969ba6107dd27161f61526a4aae142c787947bd984f172
ROUND fedrad round=970 clients=[44, 90, 97, 27, 9, 22, 11, 77, 34, 4] diagnostic_accuracy=79.5900% Gamma=0.000000 gate_passed=True fallback=functional_recovery_hungarian global_hash=e21172a194fcbdfe0b24b000e945c95b1b841d65f13d7ed5480017b045595ebc
ROUND fedrad round=971 clients=[95, 26, 76, 97, 16, 23, 32, 55, 22, 40] diagnostic_accuracy=80.9500% Gamma=0.000000 gate_passed=True fallback=functional_recovery_hungarian global_hash=83e35a2c72d67770ed2f318a05a42e645e7c5a6f5ea352b00289ef4ab54eefbb
ROUND fedrad round=972 clients=[36, 43, 38, 66, 78, 91, 52, 19, 34, 77] diagnostic_accuracy=81.6100% Gamma=0.000000 gate_passed=True fallback=functional_recovery_hungarian global_hash=c03921c40d05cc5aaf07a2cad89c57faf8fbe74574a9ef7980bc265c08d71327
ROUND fedrad round=973 clients=[3, 18, 20, 74, 78, 0, 33, 93, 29, 32] diagnostic_accuracy=75.3300% Gamma=0.000000 gate_passed=True fallback=functional_recovery_hungarian global_hash=8e66353a712c8f4f37cc7b67e41037b22565e22d6c461f752856ede3c83fc2ae
ROUND fedrad round=974 clients=[14, 5, 98, 90, 89, 13, 33, 62, 57, 66] diagnostic_accuracy=76.3500% Gamma=0.000000 gate_passed=True fallback=functional_recovery_hungarian global_hash=d34586adb08a9f4f9ccc33a1ba2d0005b64f96a18245217a3da7a89479f30714
ROUND fedrad round=975 clients=[30, 42, 82, 59, 45, 92, 39, 34, 47, 14] diagnostic_accuracy=75.6300% Gamma=0.000000 gate_passed=True fallback=functional_recovery_hungarian global_hash=8606101f9b65f15d7564a9ca83997476defea3cbb241cd57403d383b396c17a5
ROUND fedrad round=976 clients=[62, 1, 98, 57, 10, 25, 24, 73, 92, 33] diagnostic_accuracy=76.7800% Gamma=0.000000 gate_passed=True fallback=functional_recovery_hungarian global_hash=67e23a9fbf97388d4e7ea5744a1aa081882676a1bbfdf2c65f2ff493af1c7092
ROUND fedrad round=977 clients=[4, 54, 0, 34, 90, 69, 33, 22, 46, 3] diagnostic_accuracy=81.5700% Gamma=0.000000 gate_passed=True fallback=functional_recovery_hungarian global_hash=a46003d3ad2ee849131261d5fd6635c481b45325f8bf9b9c61d08f5ed5042ac8
ROUND fedrad round=978 clients=[20, 28, 23, 66, 39, 46, 73, 62, 75, 45] diagnostic_accuracy=79.7100% Gamma=0.000000 gate_passed=True fallback=functional_recovery_hungarian global_hash=a93e4bb9c252d1adbc2f18c73c58786bf0a8e0234f214d8a049040204c7affb1
ROUND fedrad round=979 clients=[99, 55, 68, 63, 88, 69, 41, 48, 98, 11] diagnostic_accuracy=80.0200% Gamma=0.000000 gate_passed=True fallback=functional_recovery_hungarian global_hash=d8107b8dc2158ac50d576789b9ff85c8dcc70bdcd26208ea28bbcaa596e0f169
ROUND fedrad round=980 clients=[97, 17, 18, 42, 36, 24, 59, 9, 38, 96] diagnostic_accuracy=79.2900% Gamma=0.000000 gate_passed=True fallback=functional_recovery_hungarian global_hash=a29322af38e7b41e0fc6aee63829b50db7ad6f5c08a705db6b1ea9ee79b3180e
ROUND fedrad round=981 clients=[23, 85, 52, 2, 92, 36, 15, 37, 64, 87] diagnostic_accuracy=80.6900% Gamma=0.000000 gate_passed=True fallback=functional_recovery_hungarian global_hash=29b97f4a54cdd184c60ef5a3db30ed04d6b41f44b33681407b2e068e5a421642
ROUND fedrad round=982 clients=[18, 1, 28, 42, 32, 27, 4, 44, 46, 92] diagnostic_accuracy=80.5700% Gamma=0.000000 gate_passed=True fallback=functional_recovery_hungarian global_hash=6da0ac7cdc9322cd8640fddae1db8023446a79c519f4c9ec95d9cd0dc40ab45d
ROUND fedrad round=983 clients=[0, 8, 72, 81, 59, 83, 10, 76, 85, 28] diagnostic_accuracy=77.3300% Gamma=0.000000 gate_passed=True fallback=functional_recovery_hungarian global_hash=9caf48b4fb9c41520b6a306b187beeb85cc3100aa829a9d47619b168d19cdcb6
ROUND fedrad round=984 clients=[77, 83, 80, 90, 74, 89, 50, 24, 26, 52] diagnostic_accuracy=77.1500% Gamma=0.000000 gate_passed=True fallback=functional_recovery_hungarian global_hash=df5fe02b328ac94ab2d7b655ae5103f4a4d0c515dadd41038f344791e75db8a2
ROUND fedrad round=985 clients=[0, 79, 66, 70, 58, 56, 10, 15, 47, 13] diagnostic_accuracy=78.8300% Gamma=0.000000 gate_passed=True fallback=functional_recovery_hungarian global_hash=5ba72d04111721c06705c43ad9e7639e247146f3a45b207f35a9a7a8812f2318
ROUND fedrad round=986 clients=[81, 26, 99, 76, 49, 77, 10, 70, 48, 19] diagnostic_accuracy=76.4000% Gamma=0.000000 gate_passed=True fallback=functional_recovery_hungarian global_hash=7fd449dc8787e000b6bd2998b0f26428e2e906a8268985fd671225e3d97ea031
ROUND fedrad round=987 clients=[12, 69, 56, 94, 72, 93, 79, 84, 97, 66] diagnostic_accuracy=75.7700% Gamma=0.000000 gate_passed=True fallback=functional_recovery_hungarian global_hash=b01000bafaa657d43dcc5b82261775300eb6b99488b6f7ce94ff5429f4ff243f
ROUND fedrad round=988 clients=[96, 31, 23, 10, 51, 30, 52, 46, 79, 94] diagnostic_accuracy=80.8200% Gamma=0.000000 gate_passed=True fallback=functional_recovery_hungarian global_hash=33edff72dfd38de40ef5c1a4067eff0c54ee4d5724122d4fb0ae27892d6078f1
ROUND fedrad round=989 clients=[49, 5, 53, 0, 85, 52, 77, 66, 95, 87] diagnostic_accuracy=79.9800% Gamma=0.000000 gate_passed=True fallback=functional_recovery_hungarian global_hash=fc45f80cb6e2689879ed341edf51d5dcd21adf08a12d5fe31d91c8600756c3c8
ROUND fedrad round=990 clients=[85, 72, 26, 62, 70, 11, 5, 48, 14, 75] diagnostic_accuracy=80.2400% Gamma=0.000000 gate_passed=True fallback=functional_recovery_hungarian global_hash=217edb9846c90854d95da4b5c33bfbf3ca6a9651c0857f279c5581b3a6b18ea9
ROUND fedrad round=991 clients=[6, 64, 25, 1, 80, 82, 76, 89, 66, 0] diagnostic_accuracy=81.2600% Gamma=0.000000 gate_passed=True fallback=functional_recovery_hungarian global_hash=c47f09dbcbc18b7c9ebf4b7760fac03b7ffd3f91d1ddba2d1c56a58e57469ddd
ROUND fedrad round=992 clients=[11, 42, 21, 83, 23, 81, 73, 84, 3, 32] diagnostic_accuracy=77.9900% Gamma=0.000000 gate_passed=True fallback=functional_recovery_hungarian global_hash=3b8cc5f26af09b91de79181826995534f141ad225372223b5c6d1cda8fb7f455
ROUND fedrad round=993 clients=[14, 25, 32, 21, 26, 53, 59, 77, 63, 18] diagnostic_accuracy=77.3300% Gamma=0.000000 gate_passed=True fallback=functional_recovery_hungarian global_hash=6ce516b52c5aaa7039ba877db22cc5e5a351f01c252824a2dbd1bef3e1a9c2b9
ROUND fedrad round=994 clients=[49, 41, 83, 62, 80, 61, 85, 55, 54, 76] diagnostic_accuracy=78.1800% Gamma=0.000000 gate_passed=True fallback=functional_recovery_hungarian global_hash=0625ed1a71739afd1cc491ece73bff98fdbf335314b2d6a9d8f720b285896dc4
ROUND fedrad round=995 clients=[44, 69, 83, 64, 46, 72, 55, 37, 42, 84] diagnostic_accuracy=77.8400% Gamma=0.000000 gate_passed=True fallback=functional_recovery_hungarian global_hash=fceba8d8cc73550e731505ee31c1021522dc23f5894db85f97c80c484d790de6
ROUND fedrad round=996 clients=[93, 31, 61, 25, 9, 42, 36, 78, 96, 23] diagnostic_accuracy=79.2700% Gamma=0.000000 gate_passed=True fallback=functional_recovery_hungarian global_hash=28ad1892587b105408dab80f04335e329c8af36821cbe6e53fb5505a203ddb8c
ROUND fedrad round=997 clients=[49, 12, 77, 15, 31, 96, 43, 81, 41, 9] diagnostic_accuracy=79.4300% Gamma=0.000000 gate_passed=True fallback=functional_recovery_hungarian global_hash=f3c90c59ee1935f86435a0f6cb0bb7c16e7305f7c925b0d562b74860bcec9656
ROUND fedrad round=998 clients=[93, 3, 51, 39, 68, 59, 77, 61, 41, 99] diagnostic_accuracy=79.8300% Gamma=0.000000 gate_passed=True fallback=functional_recovery_hungarian global_hash=4582e52b75e905b5bcc025170fb09d6411cff6b68016a55a9ee9e50fca2e4cf0
ROUND fedrad round=999 clients=[66, 38, 56, 62, 20, 54, 65, 3, 98, 14] diagnostic_accuracy=79.6600% Gamma=0.000000 gate_passed=True fallback=functional_recovery_hungarian global_hash=1bc6a5062f3ef7b082ad09da146fb3aa550706556ee1194b0efc6fd620c1844a
ROUND fedrad round=1000 clients=[20, 87, 6, 84, 13, 30, 42, 81, 69, 96] diagnostic_accuracy=80.4200% Gamma=0.000000 gate_passed=True fallback=functional_recovery_hungarian global_hash=a30f22033870e3659111717963a3e5d0abfe00cb2afe1964f9ce404d117442e6
ROUND fedrad round=1001 clients=[76, 87, 92, 77, 75, 9, 61, 18, 63, 83] diagnostic_accuracy=80.7100% Gamma=0.000000 gate_passed=True fallback=functional_recovery_hungarian global_hash=7f8b8e79730d9d1117e1847ec69819dff37d114defb0c161acc47836253ab40d
ROUND fedrad round=1002 clients=[29, 42, 58, 12, 92, 69, 7, 33, 14, 95] diagnostic_accuracy=81.1900% Gamma=0.000000 gate_passed=True fallback=functional_recovery_hungarian global_hash=f6dca0b1cb6b7dd494322d9dcb5ffa1788a29a1b003ba8b04e1c80a10a94d286
ROUND fedrad round=1003 clients=[67, 39, 51, 85, 47, 94, 98, 75, 15, 91] diagnostic_accuracy=79.6500% Gamma=0.000000 gate_passed=True fallback=functional_recovery_hungarian global_hash=ab8a885b43958ad6ccbeef8e8502ecf559e22985ec92acf0fb992564029ba5eb
ROUND fedrad round=1004 clients=[27, 21, 37, 30, 33, 39, 12, 43, 53, 93] diagnostic_accuracy=79.2300% Gamma=0.000000 gate_passed=True fallback=functional_recovery_hungarian global_hash=2cfead9e80d66f780e7c9e76d3b18138ea16389762a1a0e26bf7de03a583c0ad
ROUND fedrad round=1005 clients=[26, 47, 18, 41, 42, 49, 46, 10, 88, 86] diagnostic_accuracy=79.9200% Gamma=0.000000 gate_passed=True fallback=functional_recovery_hungarian global_hash=489e30387cb18f87fa72c1fa0ba2da5e43253ae058a1f409e93a94aca0a7530e
ROUND fedrad round=1006 clients=[45, 70, 87, 75, 48, 58, 68, 93, 16, 79] diagnostic_accuracy=79.3200% Gamma=0.000000 gate_passed=True fallback=functional_recovery_hungarian global_hash=7f037d09aff5babe4b5af9072fc4d7d87a931ab8b07565660d6cae16bd787fec
ROUND fedrad round=1007 clients=[80, 68, 45, 60, 74, 16, 46, 48, 0, 38] diagnostic_accuracy=79.4400% Gamma=0.000000 gate_passed=True fallback=functional_recovery_hungarian global_hash=6a8998d7d9be15f69f499a0306bad7de64f8c83bfd104c309e72720a63a08563
ROUND fedrad round=1008 clients=[13, 38, 18, 75, 5, 24, 12, 54, 43, 53] diagnostic_accuracy=78.7000% Gamma=0.000000 gate_passed=True fallback=functional_recovery_hungarian global_hash=5835cca962fef7f3dbd41b2a084ed11695c39ae16df65b3c29138817ca20f84c
ROUND fedrad round=1009 clients=[26, 19, 3, 23, 98, 45, 89, 56, 90, 17] diagnostic_accuracy=73.6700% Gamma=0.000000 gate_passed=True fallback=functional_recovery_hungarian global_hash=6bc3f326f477c3897de6bec094c22913879c3989d4bd8487e5f2cb2c9675c61c
ROUND fedrad round=1010 clients=[1, 80, 17, 89, 83, 12, 49, 11, 85, 22] diagnostic_accuracy=78.9300% Gamma=0.000000 gate_passed=True fallback=functional_recovery_hungarian global_hash=95d0e79bd8200fed4891bea1e1edfe7f7f8ba5d90a0f524d84c4a1f268fc2827
ROUND fedrad round=1011 clients=[43, 86, 95, 99, 34, 35, 89, 13, 72, 21] diagnostic_accuracy=74.5400% Gamma=0.000000 gate_passed=True fallback=functional_recovery_hungarian global_hash=df49c0f3c3f23f35579af54d12964d7d7ae4526bab2ff07245bb533868198393
ROUND fedrad round=1012 clients=[60, 47, 27, 69, 89, 22, 20, 17, 52, 87] diagnostic_accuracy=80.4400% Gamma=0.000000 gate_passed=True fallback=functional_recovery_hungarian global_hash=79f4be070846669b6f67f5a15db20ccefd5cda3277bcc64b2da3ac4f6a0469c5
ROUND fedrad round=1013 clients=[2, 29, 5, 4, 64, 56, 7, 89, 50, 23] diagnostic_accuracy=77.2800% Gamma=0.000000 gate_passed=True fallback=functional_recovery_hungarian global_hash=5827374d30619a585013ae28ef173460bb2b7b69b9723bacc46985806954aa6e
ROUND fedrad round=1014 clients=[81, 40, 37, 80, 34, 27, 98, 56, 9, 47] diagnostic_accuracy=78.6800% Gamma=0.000000 gate_passed=True fallback=functional_recovery_hungarian global_hash=f6bd6200046faa1aa0e43db2e4b5609a1ca557ca6fb2a06e101976c23c06b252
ROUND fedrad round=1015 clients=[93, 35, 63, 57, 32, 75, 55, 27, 84, 88] diagnostic_accuracy=76.1600% Gamma=0.000000 gate_passed=True fallback=functional_recovery_hungarian global_hash=5e518408e62f241cbc0e35cf5888597fef9c1c75b914f34f5c51559fa440dfbd
ROUND fedrad round=1016 clients=[46, 41, 10, 42, 90, 74, 60, 94, 29, 35] diagnostic_accuracy=78.2900% Gamma=0.000000 gate_passed=True fallback=functional_recovery_hungarian global_hash=e401ded8865cd5e2f5e7685fcc29be5e81052cab21cafba7f16ae77e5b7870ee
ROUND fedrad round=1017 clients=[36, 99, 41, 37, 83, 10, 95, 54, 7, 32] diagnostic_accuracy=79.4000% Gamma=0.000000 gate_passed=True fallback=functional_recovery_hungarian global_hash=c7d1f857cd9f4e09ef7a6d0f26b03d6d74ff6e1eba87ada5916f5efc09007316
ROUND fedrad round=1018 clients=[82, 75, 87, 98, 25, 8, 12, 68, 13, 9] diagnostic_accuracy=79.6900% Gamma=0.000000 gate_passed=True fallback=functional_recovery_hungarian global_hash=ce38cb9b5f5172b4fed993b0fe43e9ccf952f49f2854f83ff04827649c051c00
ROUND fedrad round=1019 clients=[98, 66, 24, 32, 17, 60, 65, 41, 78, 88] diagnostic_accuracy=77.4100% Gamma=0.000000 gate_passed=True fallback=functional_recovery_hungarian global_hash=8e448386680166311a27dff97fc4e5d040fce62fc0bffae6512098edd6cedb8c
ROUND fedrad round=1020 clients=[17, 69, 94, 96, 61, 99, 24, 5, 63, 47] diagnostic_accuracy=78.9200% Gamma=0.000000 gate_passed=True fallback=functional_recovery_hungarian global_hash=a7725ed6ca46b1ff8d6c5da1d5f3c143c826ed94025d2a0d987e894290240858
ROUND fedrad round=1021 clients=[5, 48, 21, 26, 93, 72, 53, 51, 99, 10] diagnostic_accuracy=75.3000% Gamma=0.000000 gate_passed=True fallback=functional_recovery_hungarian global_hash=1c168bf16007a44ee28df16b88d5aca7078d093cc5b75d123709b75b71b04b2a
ROUND fedrad round=1022 clients=[66, 35, 28, 72, 77, 54, 75, 58, 68, 97] diagnostic_accuracy=77.8700% Gamma=0.000000 gate_passed=True fallback=functional_recovery_hungarian global_hash=6537d2cb669ac92111dd4bd300c108042d3f32b8c10a275fddc22c904b15c68c
ROUND fedrad round=1023 clients=[76, 84, 5, 91, 55, 57, 43, 20, 56, 7] diagnostic_accuracy=79.1200% Gamma=0.000000 gate_passed=True fallback=functional_recovery_hungarian global_hash=6d901b77b5aadb2d8e469207c9ff63a84599fade65d90a7bc3f020972f5d7921
ROUND fedrad round=1024 clients=[1, 30, 98, 75, 7, 39, 72, 51, 47, 78] diagnostic_accuracy=80.1100% Gamma=0.000000 gate_passed=True fallback=functional_recovery_hungarian global_hash=0117477cf6bb0ab73856f3aafb54773322b73caf784e1d919dbb08a7d3b4825c
ROUND fedrad round=1025 clients=[96, 84, 48, 73, 32, 62, 38, 85, 22, 23] diagnostic_accuracy=79.6700% Gamma=0.000000 gate_passed=True fallback=functional_recovery_hungarian global_hash=6201bd47198b775322ccd1394c303686d57870f0e075fc7bf0f8166b79b9e703
ROUND fedrad round=1026 clients=[81, 95, 0, 65, 38, 8, 79, 80, 9, 15] diagnostic_accuracy=79.7700% Gamma=0.000000 gate_passed=True fallback=functional_recovery_hungarian global_hash=bb9f7db751d2ce4c470c531ab5153c67555701d7325d24e0398fea6a49a4bdfb
ROUND fedrad round=1027 clients=[97, 31, 66, 37, 96, 68, 35, 22, 86, 64] diagnostic_accuracy=78.8700% Gamma=0.000000 gate_passed=True fallback=functional_recovery_hungarian global_hash=9b039f6469653a85ad2f81515c294795cd94537cf44b69709fbee9517fb6d068
ROUND fedrad round=1028 clients=[31, 71, 48, 98, 65, 82, 61, 77, 14, 23] diagnostic_accuracy=80.9000% Gamma=0.000000 gate_passed=True fallback=functional_recovery_hungarian global_hash=d5bd5f6d6cee2656b9facd0b280f7325404ef6b42dbebee30ac650022acee762
ROUND fedrad round=1029 clients=[83, 18, 87, 57, 2, 26, 63, 23, 75, 76] diagnostic_accuracy=80.8900% Gamma=0.000000 gate_passed=True fallback=functional_recovery_hungarian global_hash=0da2c484914401a3a1d364669b9ee902e8e5c4bed5ec4cd256a7b1fddb07acd2
ROUND fedrad round=1030 clients=[20, 27, 5, 70, 94, 16, 46, 96, 55, 2] diagnostic_accuracy=76.6100% Gamma=0.000000 gate_passed=True fallback=functional_recovery_hungarian global_hash=e2c76f9bbfa47f965eecd2298722cfc2a47b9cd867265f8644baf8b53b9787b0
ROUND fedrad round=1031 clients=[83, 95, 67, 78, 55, 37, 35, 41, 65, 26] diagnostic_accuracy=79.4600% Gamma=0.000000 gate_passed=True fallback=functional_recovery_hungarian global_hash=889e25ebe34745ad2478f4498e74ef258063698055a52cc0e90002a5dca7265d
ROUND fedrad round=1032 clients=[93, 45, 2, 61, 52, 34, 81, 98, 82, 1] diagnostic_accuracy=81.0400% Gamma=0.000000 gate_passed=True fallback=functional_recovery_hungarian global_hash=9d99ea94c0e73e7fa9361349d60afb8f2c72680a6df01fd0e0fcd497dcf9359d
ROUND fedrad round=1033 clients=[29, 91, 57, 96, 1, 65, 68, 71, 5, 40] diagnostic_accuracy=81.1800% Gamma=0.000000 gate_passed=True fallback=functional_recovery_hungarian global_hash=820b0a6c70d53c4e52b355dcb352081086952490f2f1b597c57722aa826de507
ROUND fedrad round=1034 clients=[11, 3, 27, 81, 60, 29, 33, 52, 39, 16] diagnostic_accuracy=80.8500% Gamma=0.000000 gate_passed=True fallback=functional_recovery_hungarian global_hash=0fc78cb9638563d195efd3725f0c5f3ea6e22b288398f1cec3ab99b38490eadd
ROUND fedrad round=1035 clients=[41, 63, 67, 97, 9, 82, 46, 16, 74, 55] diagnostic_accuracy=80.5900% Gamma=0.000000 gate_passed=True fallback=functional_recovery_hungarian global_hash=c3a35fe95c17905a49bc7f69513bd63ea8286bfd4c412252917f56d6418e84df
ROUND fedrad round=1036 clients=[6, 65, 85, 18, 55, 52, 98, 86, 84, 99] diagnostic_accuracy=81.2000% Gamma=0.000000 gate_passed=True fallback=functional_recovery_hungarian global_hash=3c0bf33dc71a345705626a4a6b11a8e4d6e57fe2b59eeb980fad31880c5c2ca1
ROUND fedrad round=1037 clients=[68, 7, 64, 25, 23, 34, 50, 59, 82, 83] diagnostic_accuracy=80.9600% Gamma=0.000000 gate_passed=True fallback=functional_recovery_hungarian global_hash=3711f1a5c5eee0f65f7d1374944677a4778693485357453afe77d252e472188a
ROUND fedrad round=1038 clients=[86, 46, 80, 1, 27, 22, 35, 63, 57, 65] diagnostic_accuracy=78.3000% Gamma=0.000000 gate_passed=True fallback=functional_recovery_hungarian global_hash=348106acf7bfb8ab96074ba897e3c80c1ffdb9840d55998072f1f1f69c7a488c
ROUND fedrad round=1039 clients=[52, 1, 69, 49, 66, 96, 23, 74, 73, 89] diagnostic_accuracy=80.9100% Gamma=0.000000 gate_passed=True fallback=functional_recovery_hungarian global_hash=a38cc74474096b744314ffb20ef8d4355c7764dcfdef8eaf7308a58fedbeb73f
ROUND fedrad round=1040 clients=[50, 0, 99, 59, 7, 49, 15, 54, 63, 97] diagnostic_accuracy=81.0600% Gamma=0.000000 gate_passed=True fallback=functional_recovery_hungarian global_hash=c0cec09796fecc0d1e335f932d6a4fb55c3588e604b187d2bbb57ea68b5cfdfd
ROUND fedrad round=1041 clients=[97, 51, 37, 5, 4, 49, 62, 8, 92, 59] diagnostic_accuracy=78.9300% Gamma=0.000000 gate_passed=True fallback=functional_recovery_hungarian global_hash=e4a30c40d1eacab2713f1a875a0c738337faf43716f1ed00b3e8225e6048ce94
ROUND fedrad round=1042 clients=[90, 79, 72, 2, 4, 14, 80, 16, 28, 89] diagnostic_accuracy=76.0900% Gamma=0.000000 gate_passed=True fallback=functional_recovery_hungarian global_hash=63c398c9295fdc5aacec3ed8bb99682990ffd47b8faa202056c3bd7855028a9c
ROUND fedrad round=1043 clients=[11, 57, 85, 70, 31, 77, 75, 18, 16, 63] diagnostic_accuracy=81.2800% Gamma=0.000000 gate_passed=True fallback=functional_recovery_hungarian global_hash=0dde0806afe2710c8b140b982f4ed6934b8a290438e7c0ff647023903dc9d88a
ROUND fedrad round=1044 clients=[28, 97, 92, 19, 15, 27, 80, 61, 78, 49] diagnostic_accuracy=76.8000% Gamma=0.000000 gate_passed=True fallback=functional_recovery_hungarian global_hash=eecb77d9c38b7afe1179df31bb94dbbd7c4a08f36b421cef79dc484844471b3c
ROUND fedrad round=1045 clients=[21, 89, 99, 56, 91, 97, 6, 80, 7, 38] diagnostic_accuracy=80.5500% Gamma=0.000000 gate_passed=True fallback=functional_recovery_hungarian global_hash=c1cfc69029074ec4173e958f1ea3607aa43bbaafb2f446a472ccc2f17ff093f1
ROUND fedrad round=1046 clients=[63, 74, 16, 8, 68, 86, 47, 72, 69, 94] diagnostic_accuracy=80.1300% Gamma=0.000000 gate_passed=True fallback=functional_recovery_hungarian global_hash=dd7dccc479a67a27633e717e6cdb588279c00e9d72a08674f7ad338137df3568
ROUND fedrad round=1047 clients=[95, 67, 83, 46, 58, 18, 48, 12, 8, 76] diagnostic_accuracy=77.2900% Gamma=0.000000 gate_passed=True fallback=functional_recovery_hungarian global_hash=45dbf5ba2abe343af8df608bfb3400aa331798af77a5f46473e3d7ce1799bae1
ROUND fedrad round=1048 clients=[64, 26, 52, 89, 29, 11, 35, 36, 90, 16] diagnostic_accuracy=78.4500% Gamma=0.000000 gate_passed=True fallback=functional_recovery_hungarian global_hash=15f8a3e07f956f6abe6918185bfb305d5aca634987e5f55e9caab807a5f0ff34
ROUND fedrad round=1049 clients=[19, 80, 31, 23, 22, 18, 93, 90, 44, 9] diagnostic_accuracy=80.3700% Gamma=0.000000 gate_passed=True fallback=functional_recovery_hungarian global_hash=7699a9a59b1b57f67caa11108193fbbae8a05cfc610118b3bfdd2d131f896c7b
ROUND fedrad round=1050 clients=[41, 9, 57, 34, 39, 69, 6, 29, 86, 90] diagnostic_accuracy=77.2600% Gamma=0.000000 gate_passed=True fallback=functional_recovery_hungarian global_hash=a791d57bcef6891041b7e69a91abe0ade622418976a3862c4c5cd68be5092f49
ROUND fedrad round=1051 clients=[35, 57, 73, 92, 69, 55, 56, 18, 79, 4] diagnostic_accuracy=78.8000% Gamma=0.000000 gate_passed=True fallback=functional_recovery_hungarian global_hash=fb05924bb690d530e07099f7af930f497418ea9ccea7ea6094d87a59a5a698d4
ROUND fedrad round=1052 clients=[26, 23, 10, 96, 55, 34, 76, 27, 99, 37] diagnostic_accuracy=77.1200% Gamma=0.000000 gate_passed=True fallback=functional_recovery_hungarian global_hash=471a9d7a63c91fc7456e89207c7511e391bffa4d1542ec45f2f74202950851f3
ROUND fedrad round=1053 clients=[7, 47, 80, 70, 75, 96, 97, 33, 48, 9] diagnostic_accuracy=75.9700% Gamma=0.000000 gate_passed=True fallback=functional_recovery_hungarian global_hash=651f4b7e694cdb646a023bdf921c05280a9079079e9b4706c87b5d5e47da92a1
ROUND fedrad round=1054 clients=[11, 96, 47, 37, 99, 30, 21, 81, 97, 27] diagnostic_accuracy=80.0800% Gamma=0.000000 gate_passed=True fallback=functional_recovery_hungarian global_hash=a37ac58b64839615250f8d627d69a9e92fcd189806b581018f915f64b73259ef
ROUND fedrad round=1055 clients=[98, 51, 67, 40, 61, 38, 6, 63, 85, 54] diagnostic_accuracy=79.0800% Gamma=0.000000 gate_passed=True fallback=functional_recovery_hungarian global_hash=79510ae869f3c235a8642d38e876c351345985e86eaccfd581e1e9bec641fa95
ROUND fedrad round=1056 clients=[76, 13, 53, 1, 63, 38, 3, 60, 32, 82] diagnostic_accuracy=80.5800% Gamma=0.000000 gate_passed=True fallback=functional_recovery_hungarian global_hash=4878b74e87e325050f818876239d9f7fd89c71ff3f39d23bee31e2c1c97ece83
ROUND fedrad round=1057 clients=[9, 12, 83, 57, 31, 65, 60, 45, 20, 24] diagnostic_accuracy=81.1600% Gamma=0.000000 gate_passed=True fallback=functional_recovery_hungarian global_hash=9cd1789f86fbb3e848f9680acab71d29f7b8d2ed7e0d251c69c2b85677836894
ROUND fedrad round=1058 clients=[58, 24, 20, 61, 41, 11, 15, 27, 44, 70] diagnostic_accuracy=80.3700% Gamma=0.000000 gate_passed=True fallback=functional_recovery_hungarian global_hash=c378a12a7a1e368436bfd89390ace152447be7889b80eaaaae51f5bc4ac0af49
ROUND fedrad round=1059 clients=[79, 41, 61, 67, 43, 16, 70, 29, 69, 30] diagnostic_accuracy=80.5100% Gamma=0.000000 gate_passed=True fallback=functional_recovery_hungarian global_hash=e8a844f1dec7f56ab49fc774e5455eedd05a123174ca183c19283291cc001f2b
ROUND fedrad round=1060 clients=[44, 22, 65, 34, 45, 68, 17, 25, 8, 4] diagnostic_accuracy=78.2000% Gamma=0.000000 gate_passed=True fallback=functional_recovery_hungarian global_hash=dd9aa6feb84a6ddd3747665017c68c5a0e85323ddfb90d26b922a7edfa06557b
ROUND fedrad round=1061 clients=[2, 27, 68, 75, 14, 64, 41, 5, 97, 1] diagnostic_accuracy=78.1400% Gamma=0.000000 gate_passed=True fallback=functional_recovery_hungarian global_hash=6df183ae769241af3982ebc74ecee331768d57b71c2847274d1016c666bdf244
ROUND fedrad round=1062 clients=[26, 7, 47, 14, 96, 11, 77, 33, 41, 97] diagnostic_accuracy=80.6900% Gamma=0.000000 gate_passed=True fallback=functional_recovery_hungarian global_hash=ce0aa3e912d3c25c6face12a558b2081c4148016096d5fd61c754ea138fbe60c
ROUND fedrad round=1063 clients=[0, 18, 19, 69, 42, 83, 40, 81, 98, 44] diagnostic_accuracy=81.0600% Gamma=0.000000 gate_passed=True fallback=functional_recovery_hungarian global_hash=64522f684da252e8edb9c8f4c2bbee7f0ff4d1590b6ee854a9fa56b8c29389fe
ROUND fedrad round=1064 clients=[23, 29, 81, 86, 16, 82, 33, 49, 47, 91] diagnostic_accuracy=81.7900% Gamma=0.000000 gate_passed=True fallback=functional_recovery_hungarian global_hash=f6b76ccd3754a0adb9791c612eea49edad529ec18aee0ddb5a2c41e3f2e72409
ROUND fedrad round=1065 clients=[67, 25, 16, 75, 91, 21, 66, 46, 68, 62] diagnostic_accuracy=80.9600% Gamma=0.000000 gate_passed=True fallback=functional_recovery_hungarian global_hash=2f7f55c5b72eae97770b5c2e950c34a2a8955b87a14826eb562629ca83759fd4
ROUND fedrad round=1066 clients=[80, 56, 49, 77, 66, 94, 9, 28, 6, 89] diagnostic_accuracy=81.2000% Gamma=0.000000 gate_passed=True fallback=functional_recovery_hungarian global_hash=edf2962bf47999c139538596e481ecdf876fcc46911ae34cd5f7860224c3636e
ROUND fedrad round=1067 clients=[17, 80, 86, 88, 95, 28, 75, 91, 8, 26] diagnostic_accuracy=73.9800% Gamma=0.000000 gate_passed=True fallback=functional_recovery_hungarian global_hash=56a39e7dcdd9f8ca301ff03ef7b18683380510fe7346ba99e8e7e6d2d66d237b
ROUND fedrad round=1068 clients=[78, 44, 51, 46, 65, 20, 9, 90, 63, 50] diagnostic_accuracy=80.5200% Gamma=0.000000 gate_passed=True fallback=functional_recovery_hungarian global_hash=94c3f93dd99679817fc676dc0d636f24790f86e95f838ad837a5a31d91920eeb
ROUND fedrad round=1069 clients=[11, 74, 56, 47, 54, 51, 29, 26, 55, 77] diagnostic_accuracy=81.5700% Gamma=0.000000 gate_passed=True fallback=functional_recovery_hungarian global_hash=7f624d789e47c26d10c8f8f0fb0eb94c047cb02785bcddb97c19deeffd4a9de9
ROUND fedrad round=1070 clients=[56, 12, 21, 84, 25, 14, 58, 9, 6, 76] diagnostic_accuracy=78.6500% Gamma=0.000000 gate_passed=True fallback=functional_recovery_hungarian global_hash=96c66501f03f6d21add7f72d170af32bfa2afa1242fb2020f64760a45f0ee39a
ROUND fedrad round=1071 clients=[26, 88, 33, 94, 67, 92, 36, 22, 69, 4] diagnostic_accuracy=81.0800% Gamma=0.000000 gate_passed=True fallback=functional_recovery_hungarian global_hash=238a179d65184dbe1e0805040dc02afdf13a05a2384bdd69ff9f875bb26210b9
ROUND fedrad round=1072 clients=[62, 61, 81, 50, 74, 12, 64, 27, 26, 5] diagnostic_accuracy=79.8000% Gamma=0.000000 gate_passed=True fallback=functional_recovery_hungarian global_hash=aa24207692e734ab22379a6d440e7ebd1b48cea184ea2fd11ee154a69201e24f
ROUND fedrad round=1073 clients=[17, 0, 48, 80, 62, 13, 27, 36, 94, 85] diagnostic_accuracy=79.3100% Gamma=0.000000 gate_passed=True fallback=functional_recovery_hungarian global_hash=b0e045ccdd86fd8c3021ca3ee1f420920936a83c9f25d99a5642427303691cfa
ROUND fedrad round=1074 clients=[26, 32, 0, 82, 37, 57, 72, 67, 27, 8] diagnostic_accuracy=80.2600% Gamma=0.000000 gate_passed=True fallback=functional_recovery_hungarian global_hash=db2a96cd3bac03ab456f000980d14e0c888423e6634ec017888ef2a0ed1a244a
ROUND fedrad round=1075 clients=[48, 26, 51, 33, 86, 28, 58, 62, 3, 45] diagnostic_accuracy=76.4800% Gamma=0.000000 gate_passed=True fallback=functional_recovery_hungarian global_hash=149e345f11024fdf415339ec7a09c0895b89a933e9f0930e00df3fdf21290d4b
ROUND fedrad round=1076 clients=[24, 45, 11, 61, 99, 52, 10, 19, 46, 83] diagnostic_accuracy=79.7400% Gamma=0.000000 gate_passed=True fallback=functional_recovery_hungarian global_hash=8e3d9f5f9e708aa93d430a5f15b7f214b99875baa4c3248052eb400ed3c34632
ROUND fedrad round=1077 clients=[2, 33, 89, 26, 32, 11, 83, 48, 6, 46] diagnostic_accuracy=78.9900% Gamma=0.000000 gate_passed=True fallback=functional_recovery_hungarian global_hash=80fc4a52deac057c6943cb4ceb222bc1d617e887b6af0a53299d7c299533cce0
ROUND fedrad round=1078 clients=[31, 67, 3, 12, 90, 89, 97, 65, 47, 10] diagnostic_accuracy=78.5900% Gamma=0.000000 gate_passed=True fallback=functional_recovery_hungarian global_hash=ef2d98988b08344f141037c57880332aae45247cdd79375ffa951e0bfdb16f1f
ROUND fedrad round=1079 clients=[87, 31, 4, 93, 27, 32, 23, 69, 94, 60] diagnostic_accuracy=78.6900% Gamma=0.000000 gate_passed=True fallback=functional_recovery_hungarian global_hash=b53d71ba7709c4f37c3302e9e44522055a6db312e28502ad7266a2b6c97c9a12
ROUND fedrad round=1080 clients=[6, 26, 94, 88, 9, 43, 89, 59, 69, 81] diagnostic_accuracy=80.6600% Gamma=0.000000 gate_passed=True fallback=functional_recovery_hungarian global_hash=8db4ea623fdeb4185e4aabcbed95f8ce7311a3d9859a4c51a3b70aa78624f624
ROUND fedrad round=1081 clients=[26, 29, 42, 65, 72, 1, 45, 18, 97, 80] diagnostic_accuracy=81.0900% Gamma=0.000000 gate_passed=True fallback=functional_recovery_hungarian global_hash=53ee56123d5eda34cf96c9b7f98ba1649467eeed7e9ee0e21680b7e9b104c997
ROUND fedrad round=1082 clients=[41, 57, 76, 72, 86, 80, 6, 27, 12, 20] diagnostic_accuracy=80.6000% Gamma=0.000000 gate_passed=True fallback=functional_recovery_hungarian global_hash=c1ab214eb3d4daa16ddc1576efc0e26cbdde990ab1cf25c4cd4d8959dbbff853
ROUND fedrad round=1083 clients=[26, 15, 5, 36, 50, 62, 71, 12, 18, 68] diagnostic_accuracy=78.0000% Gamma=0.000000 gate_passed=True fallback=functional_recovery_hungarian global_hash=1f320915e508cc66b1ae8b801ab72887bd2f1551ae37bcae6eacbaa636ed1a90
ROUND fedrad round=1084 clients=[5, 92, 9, 94, 87, 67, 71, 12, 26, 48] diagnostic_accuracy=80.4600% Gamma=0.000000 gate_passed=True fallback=functional_recovery_hungarian global_hash=de45425644537c228f14e164f28a04ea41f131ca640dd6b87a5805426209bf41
ROUND fedrad round=1085 clients=[23, 2, 70, 10, 67, 75, 59, 50, 64, 58] diagnostic_accuracy=79.4200% Gamma=0.000000 gate_passed=True fallback=functional_recovery_hungarian global_hash=040a916d51113a07ff474134f267c558d2ce700c60c3033c9e85669769059983
ROUND fedrad round=1086 clients=[57, 80, 84, 64, 81, 90, 0, 45, 25, 58] diagnostic_accuracy=73.6600% Gamma=0.000000 gate_passed=True fallback=functional_recovery_hungarian global_hash=443015c2d8b2a6cbe7d759c1cffa621309590263506a1ac90cc5b81020aba865
ROUND fedrad round=1087 clients=[98, 10, 11, 84, 68, 9, 20, 66, 88, 46] diagnostic_accuracy=80.9300% Gamma=0.000000 gate_passed=True fallback=functional_recovery_hungarian global_hash=986e652ddd93c3e04fde29170827065a04f2abf2786bc1fa9b0b5f5123ce6c82
ROUND fedrad round=1088 clients=[85, 54, 35, 71, 43, 5, 88, 17, 84, 78] diagnostic_accuracy=79.4200% Gamma=0.000000 gate_passed=True fallback=functional_recovery_hungarian global_hash=60a26d6b295e4f325b141c3c5ed400c38d7d6158c62dd66e894ce61a88dab5a1
ROUND fedrad round=1089 clients=[38, 2, 22, 61, 36, 97, 55, 11, 48, 15] diagnostic_accuracy=79.8400% Gamma=0.000000 gate_passed=True fallback=functional_recovery_hungarian global_hash=a4882822998854b6574bac9314ef4699a380f584641dd4a84eafb30624da8767
ROUND fedrad round=1090 clients=[99, 48, 9, 73, 84, 66, 51, 75, 95, 8] diagnostic_accuracy=79.7800% Gamma=0.000000 gate_passed=True fallback=functional_recovery_hungarian global_hash=f18ac4b6985634d64264df0767390aa5c1399706114f3b24bb725c662d8e5fdd
ROUND fedrad round=1091 clients=[49, 17, 85, 54, 7, 61, 1, 13, 88, 89] diagnostic_accuracy=81.1300% Gamma=0.000000 gate_passed=True fallback=functional_recovery_hungarian global_hash=9e3f72a4b298cee27cb1d74d6e475495711b14c18e910d6c1f8de36049b62313
ROUND fedrad round=1092 clients=[92, 50, 68, 99, 72, 28, 3, 22, 48, 81] diagnostic_accuracy=79.1200% Gamma=0.000000 gate_passed=True fallback=functional_recovery_hungarian global_hash=6624825a3c1490fc68bd39e79dea948f320357f325729fe9c98859a739262107
ROUND fedrad round=1093 clients=[58, 17, 37, 18, 20, 25, 66, 90, 83, 79] diagnostic_accuracy=80.6300% Gamma=0.000000 gate_passed=True fallback=functional_recovery_hungarian global_hash=3e9f59b675ad49394aee03ef55a7b0a12251a9b3229abc8a0dc6821ab89cae79
ROUND fedrad round=1094 clients=[5, 61, 7, 42, 12, 20, 30, 39, 96, 2] diagnostic_accuracy=81.3400% Gamma=0.000000 gate_passed=True fallback=functional_recovery_hungarian global_hash=4f25d33ec94febfc36129ccdba7f1c82b04ffcab271ed32e55af3fb3dac9bded
ROUND fedrad round=1095 clients=[7, 26, 58, 18, 89, 94, 12, 85, 31, 61] diagnostic_accuracy=80.1500% Gamma=0.000000 gate_passed=True fallback=functional_recovery_hungarian global_hash=8936fdbd197073b15d09bbd26d8506b1a1d74c558da8ac1e4d534536e8cb26cd
ROUND fedrad round=1096 clients=[8, 90, 25, 39, 67, 46, 63, 40, 79, 91] diagnostic_accuracy=66.3500% Gamma=0.000000 gate_passed=True fallback=functional_recovery_hungarian global_hash=4bf678afa5f09a8342f20e955365758633b6b97a45cca1c38b9d59d30dfa9ef8
ROUND fedrad round=1097 clients=[58, 9, 30, 19, 74, 51, 90, 53, 75, 87] diagnostic_accuracy=79.7600% Gamma=0.000000 gate_passed=True fallback=functional_recovery_hungarian global_hash=3b3791b9ca633161366b113d853c415299fc81bbe10a529e5f9becc4ed0a2716
ROUND fedrad round=1098 clients=[35, 91, 6, 32, 30, 12, 86, 22, 89, 16] diagnostic_accuracy=81.2900% Gamma=0.000000 gate_passed=True fallback=functional_recovery_hungarian global_hash=10b224b60cf76d8d27a3d1a77f1c24e44474ae86fd0870ec5768ff9d60d51cac
ROUND fedrad round=1099 clients=[82, 18, 25, 8, 57, 56, 3, 7, 95, 21] diagnostic_accuracy=80.8900% Gamma=0.000000 gate_passed=True fallback=functional_recovery_hungarian global_hash=4e8b8c78bf1b903754ea7d073b490b971093b56901b4ccd3c1ef26ed9381ee25
ROUND fedrad round=1100 clients=[3, 67, 35, 71, 17, 73, 1, 7, 24, 62] diagnostic_accuracy=80.7500% Gamma=0.000000 gate_passed=True fallback=functional_recovery_hungarian global_hash=534330a2fa9b2def6463ab057be77df6c8bd3a703d267b84b5eb66a3bee1f77c
ROUND fedrad round=1101 clients=[99, 52, 33, 1, 93, 56, 15, 73, 2, 77] diagnostic_accuracy=80.9500% Gamma=0.000000 gate_passed=True fallback=functional_recovery_hungarian global_hash=d1221f590201568260c3fd108ecce5268d911d3142ec7470c81181dab1ec4636
ROUND fedrad round=1102 clients=[58, 7, 94, 13, 29, 43, 20, 68, 19, 32] diagnostic_accuracy=80.5200% Gamma=0.000000 gate_passed=True fallback=functional_recovery_hungarian global_hash=54252ab97a9af1d1134819fcebae073fdbc276bcc7af26165ed0e123cafddce2
ROUND fedrad round=1103 clients=[21, 25, 26, 60, 59, 85, 89, 50, 39, 65] diagnostic_accuracy=80.8700% Gamma=0.000000 gate_passed=True fallback=functional_recovery_hungarian global_hash=6f4056d5875382cd5ee0c15b104c31de8ad3a3e5de526c6a23bddcb01be5d51c
ROUND fedrad round=1104 clients=[81, 33, 91, 46, 97, 14, 71, 34, 62, 70] diagnostic_accuracy=80.7900% Gamma=0.000000 gate_passed=True fallback=functional_recovery_hungarian global_hash=a7f7b35978707d047b8cc393c71af877144953faa519c3d0460d9230e29be8e3
ROUND fedrad round=1105 clients=[9, 7, 45, 96, 39, 0, 85, 80, 12, 38] diagnostic_accuracy=80.8300% Gamma=0.000000 gate_passed=True fallback=functional_recovery_hungarian global_hash=4f2d34a27cffa899cb65195cbd321f97f63d63b08c95276c83a52f0290521a57
ROUND fedrad round=1106 clients=[45, 83, 43, 79, 55, 60, 78, 92, 81, 29] diagnostic_accuracy=81.5100% Gamma=0.000000 gate_passed=True fallback=functional_recovery_hungarian global_hash=6c9d661d663860097fb6e4453f485b0d20618c8f5786c9ec8e02ec3d45c6f55d
ROUND fedrad round=1107 clients=[10, 33, 50, 46, 41, 85, 40, 61, 66, 94] diagnostic_accuracy=79.9400% Gamma=0.000000 gate_passed=True fallback=functional_recovery_hungarian global_hash=995309eee5ec066feac58d58a3cdfd738692f940c3179243a4fd2e088febef29
ROUND fedrad round=1108 clients=[60, 66, 80, 68, 8, 92, 27, 41, 0, 83] diagnostic_accuracy=77.7600% Gamma=0.000000 gate_passed=True fallback=functional_recovery_hungarian global_hash=b817a0fdca2f7529a4419ad97ad450148be032e79c722c071ade74d0dd2218ea
ROUND fedrad round=1109 clients=[18, 87, 9, 84, 40, 43, 65, 4, 88, 10] diagnostic_accuracy=79.6200% Gamma=0.000000 gate_passed=True fallback=functional_recovery_hungarian global_hash=69c69ddd7658ac0f93fcb97441e28370e0b23cd944ac82fad3f5bf3a106471af
ROUND fedrad round=1110 clients=[7, 51, 5, 70, 84, 40, 98, 89, 39, 96] diagnostic_accuracy=80.1600% Gamma=0.000000 gate_passed=True fallback=functional_recovery_hungarian global_hash=348469ad6cb58d9983466d74ce6e204240449388d360df96e022f4064d325dc1
ROUND fedrad round=1111 clients=[66, 55, 35, 70, 7, 95, 45, 41, 59, 82] diagnostic_accuracy=79.7100% Gamma=0.000000 gate_passed=True fallback=functional_recovery_hungarian global_hash=26f1ab08ea760621520c7926298043178fc71747251383f501c709f62698fe9b
ROUND fedrad round=1112 clients=[36, 93, 46, 82, 61, 67, 12, 91, 66, 25] diagnostic_accuracy=76.5600% Gamma=0.000000 gate_passed=True fallback=functional_recovery_hungarian global_hash=3b6b40844711a0922bbd0ffdd2eb40c9209e85ca39f4b17ce699237fb4a6cf5f
ROUND fedrad round=1113 clients=[68, 18, 52, 19, 92, 33, 73, 87, 47, 44] diagnostic_accuracy=79.8500% Gamma=0.000000 gate_passed=True fallback=functional_recovery_hungarian global_hash=1b33c7ec216068d0255ee43d866489e81f416fee3a18bbb97dd54124487ab368
ROUND fedrad round=1114 clients=[29, 82, 71, 16, 91, 50, 34, 40, 96, 28] diagnostic_accuracy=80.4400% Gamma=0.000000 gate_passed=True fallback=functional_recovery_hungarian global_hash=2710cab4498f3e6870cf7b23440192045a2690a2fd2f438c0daad2c3958979ed
ROUND fedrad round=1115 clients=[37, 20, 61, 18, 89, 93, 40, 27, 59, 42] diagnostic_accuracy=80.0200% Gamma=0.000000 gate_passed=True fallback=functional_recovery_hungarian global_hash=f2b731e7018bdf173827044512ed969fe4abb1f65b1b5b63287795c8b95affbe
ROUND fedrad round=1116 clients=[2, 29, 62, 37, 97, 36, 45, 27, 65, 73] diagnostic_accuracy=80.3200% Gamma=0.000000 gate_passed=True fallback=functional_recovery_hungarian global_hash=224a7935c881bf662a5a6a0cf12bb383201ed699e2afbe493e052dfa3954337d
ROUND fedrad round=1117 clients=[96, 13, 86, 7, 75, 28, 54, 84, 44, 69] diagnostic_accuracy=80.1800% Gamma=0.000000 gate_passed=True fallback=functional_recovery_hungarian global_hash=ba67aaf722d30b2ccd3aefe4f9385fdc230fde31346b5e0726c7cf3226e6cf8f
ROUND fedrad round=1118 clients=[52, 97, 73, 17, 87, 9, 15, 83, 94, 5] diagnostic_accuracy=79.3300% Gamma=0.000000 gate_passed=True fallback=functional_recovery_hungarian global_hash=00fbf08561ae63d5fb091367c9bf7d266063de4a2b6b71ab47ee03324f82b662
ROUND fedrad round=1119 clients=[94, 25, 76, 32, 43, 82, 47, 28, 36, 15] diagnostic_accuracy=79.6900% Gamma=0.000000 gate_passed=True fallback=functional_recovery_hungarian global_hash=151c03dce9a5de0a06cc2ec0e3998e77321673bf3743128f61ad0f7fc7224324
ROUND fedrad round=1120 clients=[57, 90, 27, 95, 54, 52, 69, 21, 71, 64] diagnostic_accuracy=80.6400% Gamma=0.000000 gate_passed=True fallback=functional_recovery_hungarian global_hash=6edb2b5771049465fa21b9925df26ecbc6afe86ba53f2c579c9efaf2561126ba
ROUND fedrad round=1121 clients=[81, 69, 80, 99, 16, 72, 21, 62, 77, 76] diagnostic_accuracy=80.3800% Gamma=0.000000 gate_passed=True fallback=functional_recovery_hungarian global_hash=e188054f2e0a1e2ccf8c4757e146b02fba1a631ae4ddfd86bc3c2891ea7832dc
ROUND fedrad round=1122 clients=[75, 73, 20, 71, 93, 34, 87, 89, 91, 83] diagnostic_accuracy=80.8500% Gamma=0.000000 gate_passed=True fallback=functional_recovery_hungarian global_hash=502d8754c99ec9f40110b363a56439569f4ff269390725f11e6680dcaa7f7745
ROUND fedrad round=1123 clients=[55, 81, 4, 84, 23, 76, 24, 58, 38, 21] diagnostic_accuracy=78.8600% Gamma=0.000000 gate_passed=True fallback=functional_recovery_hungarian global_hash=ccdf98f50f03c9b1382f2a4450a663c1a23850fe94ebe31fe6ca3eab335b6b47
ROUND fedrad round=1124 clients=[1, 50, 49, 91, 37, 72, 17, 96, 31, 52] diagnostic_accuracy=80.5900% Gamma=0.000000 gate_passed=True fallback=functional_recovery_hungarian global_hash=b15afbd28a8965b802e61dfa35a4e74bcc3571d208031ee28ccca276c539e012
ROUND fedrad round=1125 clients=[27, 17, 34, 47, 39, 1, 84, 70, 33, 96] diagnostic_accuracy=80.5700% Gamma=0.000000 gate_passed=True fallback=functional_recovery_hungarian global_hash=f0f4e11375c6b0fc653483aba6ceb2b239f825108faa50cf82267b8d717206a0
ROUND fedrad round=1126 clients=[9, 58, 69, 45, 14, 78, 51, 28, 62, 22] diagnostic_accuracy=81.1900% Gamma=0.000000 gate_passed=True fallback=functional_recovery_hungarian global_hash=07a113b09a87f7b32441adb6ba706f719e5d0c3e15095b820eaa4fd62920518a
ROUND fedrad round=1127 clients=[71, 79, 0, 31, 93, 98, 59, 54, 35, 91] diagnostic_accuracy=79.2300% Gamma=0.000000 gate_passed=True fallback=functional_recovery_hungarian global_hash=81f23b4b9f6ca504390947d97f9643a3c087d44c0ea10510c7a3b661b5f0ffd4
ROUND fedrad round=1128 clients=[3, 92, 47, 24, 18, 95, 91, 51, 39, 69] diagnostic_accuracy=80.9000% Gamma=0.000000 gate_passed=True fallback=functional_recovery_hungarian global_hash=f1f2032e86eae24f2c15f27d754102b07d38453f2141f67a084c3355f3e2d239
ROUND fedrad round=1129 clients=[64, 80, 16, 78, 53, 88, 92, 52, 10, 55] diagnostic_accuracy=80.4300% Gamma=0.000000 gate_passed=True fallback=functional_recovery_hungarian global_hash=e098d56c45cc060a5b0bf2324c086e24b3f6690f38fab40d657f6e412e3a22bf
ROUND fedrad round=1130 clients=[35, 98, 0, 88, 59, 17, 26, 37, 96, 91] diagnostic_accuracy=80.4700% Gamma=0.000000 gate_passed=True fallback=functional_recovery_hungarian global_hash=4e8fd532850218f2376f410621de23e20d33df02de92a1e8ccab52bee1207616
ROUND fedrad round=1131 clients=[50, 94, 74, 37, 15, 67, 45, 63, 96, 25] diagnostic_accuracy=80.5800% Gamma=0.000000 gate_passed=True fallback=functional_recovery_hungarian global_hash=ec55a1477678580fc13048c64d3921fa4599d2710fed3619f8f6aa37c970a139
ROUND fedrad round=1132 clients=[99, 30, 4, 3, 13, 16, 93, 43, 34, 89] diagnostic_accuracy=80.2000% Gamma=0.000000 gate_passed=True fallback=functional_recovery_hungarian global_hash=32ce0a76a70ed589340beb6448160269948fba2b00c49144d3f359e1edc5da50
ROUND fedrad round=1133 clients=[91, 90, 28, 33, 72, 52, 83, 14, 63, 58] diagnostic_accuracy=79.3000% Gamma=0.000000 gate_passed=True fallback=functional_recovery_hungarian global_hash=95132ba6acc92169cf174257a4a607c5d126cc4582fd454660ccc36aa84a0199
ROUND fedrad round=1134 clients=[57, 54, 55, 43, 0, 46, 97, 98, 13, 76] diagnostic_accuracy=80.3700% Gamma=0.000000 gate_passed=True fallback=functional_recovery_hungarian global_hash=7d982e3508374cf3602a2a6f54cf8e0ff7ae15d988400b6e709a5ef83543d21c
ROUND fedrad round=1135 clients=[73, 1, 5, 26, 33, 90, 9, 40, 12, 55] diagnostic_accuracy=80.9200% Gamma=0.000000 gate_passed=True fallback=functional_recovery_hungarian global_hash=751dc31cae878234f042c02165d9771d0132be03c0b49894a7a6b3dc09889ccc
ROUND fedrad round=1136 clients=[32, 70, 22, 54, 77, 91, 3, 71, 76, 85] diagnostic_accuracy=81.0800% Gamma=0.000000 gate_passed=True fallback=functional_recovery_hungarian global_hash=643bba00714f42648e4b20d92376e17e6e2241367752ad7fc7881f257331e47f
ROUND fedrad round=1137 clients=[1, 63, 57, 45, 20, 85, 91, 55, 68, 88] diagnostic_accuracy=81.3400% Gamma=0.000000 gate_passed=True fallback=functional_recovery_hungarian global_hash=2ce4d4a9ca48376c1c35196fd8c92ed3334c4ae597064675f96516f4aeb068d2
ROUND fedrad round=1138 clients=[40, 79, 8, 76, 33, 61, 87, 54, 88, 92] diagnostic_accuracy=76.5900% Gamma=0.000000 gate_passed=True fallback=functional_recovery_hungarian global_hash=def91043da89b92700aae9e96783ef8796b0e09b74f490442bf8d4e9d41eaeb5
ROUND fedrad round=1139 clients=[78, 21, 13, 70, 31, 53, 34, 94, 97, 20] diagnostic_accuracy=80.7600% Gamma=0.000000 gate_passed=True fallback=functional_recovery_hungarian global_hash=743ded1f46c362b304fa01c1af3511d170b5fd69ebf3f006eeb82c7380c08287
ROUND fedrad round=1140 clients=[0, 89, 50, 29, 47, 72, 93, 63, 12, 26] diagnostic_accuracy=79.7100% Gamma=0.000000 gate_passed=True fallback=functional_recovery_hungarian global_hash=78294547a007e3e6f8d2520cbbd42205a0dd1db89fdcfac3076c922f932ab3b0
ROUND fedrad round=1141 clients=[63, 81, 57, 48, 19, 69, 33, 98, 75, 67] diagnostic_accuracy=80.6800% Gamma=0.000000 gate_passed=True fallback=functional_recovery_hungarian global_hash=69b0d0fc5beebf0337d492f7443a6a6d32f4f3efea5a59a43b4d9485a01c50bd
ROUND fedrad round=1142 clients=[96, 49, 37, 20, 21, 55, 57, 70, 13, 35] diagnostic_accuracy=72.5300% Gamma=0.000000 gate_passed=True fallback=functional_recovery_hungarian global_hash=0d11f3eed9c6445c94fdbdc28099557b03bb6c1330ee478c8f33841b0f7e86b5
ROUND fedrad round=1143 clients=[13, 45, 46, 41, 8, 59, 27, 86, 60, 12] diagnostic_accuracy=70.0500% Gamma=0.000000 gate_passed=True fallback=functional_recovery_hungarian global_hash=cf60967a12d5f2a9a9d2bdd66a11ee9fc1f67e622978e8ac22ec9fae06d5ab0a
ROUND fedrad round=1144 clients=[57, 63, 70, 98, 29, 61, 44, 33, 97, 20] diagnostic_accuracy=74.2500% Gamma=0.000000 gate_passed=True fallback=functional_recovery_hungarian global_hash=a5da4107b4ec8aedf6fb6cb6034e8843afe633bb61b0bcad1b94ff14a854ce3d
ROUND fedrad round=1145 clients=[78, 51, 37, 0, 82, 1, 64, 75, 36, 98] diagnostic_accuracy=79.5100% Gamma=0.000000 gate_passed=True fallback=functional_recovery_hungarian global_hash=73a74a80628951616ce1c0e86599198fe30c39d082d7cdf5bfed74b4f8535a02
ROUND fedrad round=1146 clients=[35, 71, 85, 90, 81, 64, 83, 56, 87, 50] diagnostic_accuracy=73.7000% Gamma=0.000000 gate_passed=True fallback=functional_recovery_hungarian global_hash=50a75c6736666ad3c5b37260c7c906e0ce1a454c800b408b6d917be05d74fcbd
ROUND fedrad round=1147 clients=[88, 27, 25, 82, 13, 78, 9, 33, 63, 26] diagnostic_accuracy=77.7800% Gamma=0.000000 gate_passed=True fallback=functional_recovery_hungarian global_hash=c3cbec6f162c104fbc146aa952a04f45b47e555deb84d764277fd74b3fffdaee
ROUND fedrad round=1148 clients=[31, 85, 73, 29, 70, 51, 97, 79, 32, 6] diagnostic_accuracy=81.1600% Gamma=0.000000 gate_passed=True fallback=functional_recovery_hungarian global_hash=97c80c9e5ab6f367fad53767909ca850380e2901a50333dc12574bc06b0ed44f
ROUND fedrad round=1149 clients=[57, 5, 99, 12, 36, 16, 4, 41, 76, 44] diagnostic_accuracy=77.5100% Gamma=0.000000 gate_passed=True fallback=functional_recovery_hungarian global_hash=2364ca2d65ca09b795790f2c111908d2687cdd355966655469eed846c5f5eff5
ROUND fedrad round=1150 clients=[65, 34, 15, 68, 16, 43, 92, 27, 22, 33] diagnostic_accuracy=79.0700% Gamma=0.000000 gate_passed=True fallback=functional_recovery_hungarian global_hash=6c0bbc66c8752d7609555899f821776f26d240181cbe06ec388a2264ec2565c0
ROUND fedrad round=1151 clients=[71, 61, 15, 45, 29, 40, 27, 60, 44, 64] diagnostic_accuracy=80.5100% Gamma=0.000000 gate_passed=True fallback=functional_recovery_hungarian global_hash=b747b314325c76dea863e1bf23634f557dab78dc1b6f638c7afb8a012fbbd3a9
ROUND fedrad round=1152 clients=[24, 37, 31, 8, 69, 20, 1, 60, 61, 82] diagnostic_accuracy=77.4600% Gamma=0.000000 gate_passed=True fallback=functional_recovery_hungarian global_hash=10e5b1602354d5c81279778ccbfbcaa5137b28cde8c11244b7e041feb52a742a
ROUND fedrad round=1153 clients=[92, 0, 26, 58, 68, 25, 66, 11, 8, 72] diagnostic_accuracy=79.0200% Gamma=0.000000 gate_passed=True fallback=functional_recovery_hungarian global_hash=c6e42eeab4bb2122d5806f7aca28be7d6f3f903058f686a71de550a1f74ca0a0
ROUND fedrad round=1154 clients=[96, 71, 70, 53, 35, 8, 60, 13, 65, 68] diagnostic_accuracy=78.5400% Gamma=0.000000 gate_passed=True fallback=functional_recovery_hungarian global_hash=9c7a9c538b2124943043e8fa6b6f7a86014378a2d686fc41092e201b142c45f0
ROUND fedrad round=1155 clients=[71, 25, 87, 38, 72, 82, 32, 29, 81, 23] diagnostic_accuracy=78.9900% Gamma=0.000000 gate_passed=True fallback=functional_recovery_hungarian global_hash=c602aed55398dd0d2c9be1e845670c0067c62b18de79bf4987ca015f5ec5f03e
ROUND fedrad round=1156 clients=[9, 57, 46, 17, 31, 44, 12, 5, 27, 98] diagnostic_accuracy=78.6600% Gamma=0.000000 gate_passed=True fallback=functional_recovery_hungarian global_hash=7bafc3bb4642521da78b1981c3cffb9b16df88eecec80df746d6f032c8d42d00
ROUND fedrad round=1157 clients=[66, 24, 78, 69, 29, 44, 84, 77, 28, 45] diagnostic_accuracy=76.0500% Gamma=0.000000 gate_passed=True fallback=functional_recovery_hungarian global_hash=ee89f39498cab5766e6d08eb86c57701ebe4ca645a557b73b9529fc973794a5f
ROUND fedrad round=1158 clients=[79, 35, 65, 94, 80, 20, 59, 70, 47, 27] diagnostic_accuracy=74.7100% Gamma=0.000000 gate_passed=True fallback=functional_recovery_hungarian global_hash=0a39398f900e2364fa98feb23c8f7209b8221cabc362c68afa5e3ca923e16dca
ROUND fedrad round=1159 clients=[23, 5, 85, 76, 91, 44, 28, 7, 89, 62] diagnostic_accuracy=70.6800% Gamma=0.000000 gate_passed=True fallback=functional_recovery_hungarian global_hash=db8023efa8c35504a2fa740b8a65dd7230665d61b9445028ae5df7c2c8b746d8
ROUND fedrad round=1160 clients=[10, 9, 73, 46, 66, 45, 34, 39, 42, 95] diagnostic_accuracy=76.2200% Gamma=0.000000 gate_passed=True fallback=functional_recovery_hungarian global_hash=33f4de65bce7962bb001d677c5b5fb0a78cf5ba1f9b42233a5df4f4f589790e3
ROUND fedrad round=1161 clients=[84, 43, 67, 58, 95, 33, 0, 51, 10, 38] diagnostic_accuracy=79.2600% Gamma=0.000000 gate_passed=True fallback=functional_recovery_hungarian global_hash=cfb91c9267179d9c4304bd5d25e12df8bd13dc6a8504911a14cb635473448408
ROUND fedrad round=1162 clients=[82, 50, 3, 89, 53, 32, 63, 48, 16, 21] diagnostic_accuracy=78.5700% Gamma=0.000000 gate_passed=True fallback=functional_recovery_hungarian global_hash=07e2aa99ceb44c7a6e757db3ab3b3a98d1dbd1297a02390000e74f938be10a41
ROUND fedrad round=1163 clients=[65, 51, 30, 25, 42, 76, 24, 16, 71, 91] diagnostic_accuracy=80.7900% Gamma=0.000000 gate_passed=True fallback=functional_recovery_hungarian global_hash=0c7eb62b893871a65cba216b58d0db023d569985b0a7522f6874bceb4ec7b65a
ROUND fedrad round=1164 clients=[57, 20, 25, 29, 83, 32, 26, 86, 18, 1] diagnostic_accuracy=78.9000% Gamma=0.000000 gate_passed=True fallback=functional_recovery_hungarian global_hash=6fa5861000d898d1b35d747d23cdf6970ad62f9daf35a43ff4bf34f438693dbb
ROUND fedrad round=1165 clients=[45, 18, 87, 24, 75, 3, 51, 33, 85, 63] diagnostic_accuracy=80.7100% Gamma=0.000000 gate_passed=True fallback=functional_recovery_hungarian global_hash=89e4c5c60b870794c2801b4a27944c369c44732d87fe3fa4fdf5df4d4df9a5e0
ROUND fedrad round=1166 clients=[34, 27, 56, 91, 83, 71, 37, 22, 28, 46] diagnostic_accuracy=81.3200% Gamma=0.000000 gate_passed=True fallback=functional_recovery_hungarian global_hash=b84b4c3e40b40acf67e449dd2fc2a85be164a13f11fd05d31f375eefd1fcc46a
ROUND fedrad round=1167 clients=[9, 99, 30, 46, 55, 96, 22, 25, 45, 1] diagnostic_accuracy=80.9300% Gamma=0.000000 gate_passed=True fallback=functional_recovery_hungarian global_hash=a49ece2c82c16527139f40a7cff07a987c790ac31d43491b0d3b47e15050019a
ROUND fedrad round=1168 clients=[2, 62, 90, 21, 29, 58, 89, 69, 66, 6] diagnostic_accuracy=81.2300% Gamma=0.000000 gate_passed=True fallback=functional_recovery_hungarian global_hash=446f747d7682b78eb0a57e798753cd61862bbe0a64d4a9cd29805300fa9982c6
ROUND fedrad round=1169 clients=[88, 79, 12, 86, 9, 37, 96, 45, 5, 3] diagnostic_accuracy=77.9600% Gamma=0.000000 gate_passed=True fallback=functional_recovery_hungarian global_hash=c034cb8bccc1455cd27e9bf7b6415f0998675db82b52954a757e00cf5ee5853c
ROUND fedrad round=1170 clients=[66, 81, 68, 15, 41, 61, 79, 54, 32, 2] diagnostic_accuracy=78.6600% Gamma=0.000000 gate_passed=True fallback=functional_recovery_hungarian global_hash=107c69e46efdb2c63936a5367a51e2cde7754add73e4fb031aeb2220392391f0
ROUND fedrad round=1171 clients=[14, 86, 32, 96, 87, 62, 68, 82, 47, 30] diagnostic_accuracy=80.8500% Gamma=0.000000 gate_passed=True fallback=functional_recovery_hungarian global_hash=335c7e3c9ce6386d4ebb8119e7bae6e4ecc597f371ab7c5ddd62debf1cc7a2e2
ROUND fedrad round=1172 clients=[54, 74, 60, 2, 23, 73, 16, 99, 19, 87] diagnostic_accuracy=81.0200% Gamma=0.000000 gate_passed=True fallback=functional_recovery_hungarian global_hash=cc28b0881ccc9a3b15cea2c1334393401e36ce1436f6ee45c5df1ce528b64486
ROUND fedrad round=1173 clients=[39, 25, 28, 94, 83, 89, 14, 96, 15, 50] diagnostic_accuracy=75.2600% Gamma=0.000000 gate_passed=True fallback=functional_recovery_hungarian global_hash=98d51c505fc32fffc12f8d0d490ff06c9dcb6f7a7f28f3d252a2d97e95ba4471
ROUND fedrad round=1174 clients=[10, 56, 20, 89, 4, 58, 28, 55, 83, 6] diagnostic_accuracy=78.3100% Gamma=0.000000 gate_passed=True fallback=functional_recovery_hungarian global_hash=74c49ab786acebfad06f9b35c7e68cd605304cff313a687982072776d83187ce
ROUND fedrad round=1175 clients=[21, 10, 93, 60, 64, 37, 32, 29, 14, 86] diagnostic_accuracy=80.3100% Gamma=0.000000 gate_passed=True fallback=functional_recovery_hungarian global_hash=6b053a220f0c73b16be9708052a4c66ffee3c8383fe3d4637c19f623fc3a952a
ROUND fedrad round=1176 clients=[87, 50, 97, 56, 19, 3, 75, 63, 33, 77] diagnostic_accuracy=79.7400% Gamma=0.000000 gate_passed=True fallback=functional_recovery_hungarian global_hash=688125932cab6238403b8bd60b478337a8984d01c71fe648936894cbf0a69aeb
ROUND fedrad round=1177 clients=[7, 17, 54, 37, 40, 83, 44, 96, 49, 43] diagnostic_accuracy=80.8000% Gamma=0.000000 gate_passed=True fallback=functional_recovery_hungarian global_hash=28b3366155ae51da8b3cfc7ff6aedda209b7a363bce04ba96063d16c07126336
ROUND fedrad round=1178 clients=[46, 90, 95, 66, 38, 27, 3, 7, 16, 47] diagnostic_accuracy=80.4400% Gamma=0.000000 gate_passed=True fallback=functional_recovery_hungarian global_hash=ed0a87442b0817126dc2d897f90fa6b48f2439f36cbefa235a654a839de9e01a
ROUND fedrad round=1179 clients=[40, 25, 90, 50, 36, 67, 82, 55, 71, 29] diagnostic_accuracy=80.8200% Gamma=0.000000 gate_passed=True fallback=functional_recovery_hungarian global_hash=7dad2576fd0b49e059e10a86b6ad9d8fae1ae0438e7f4dec7a898bce9924c377
ROUND fedrad round=1180 clients=[53, 41, 44, 45, 49, 62, 63, 84, 85, 52] diagnostic_accuracy=80.4400% Gamma=0.000000 gate_passed=True fallback=functional_recovery_hungarian global_hash=c9979dd0f4cc4825460886604d46d02fcc8c702024919d26bc07987ec671a756
ROUND fedrad round=1181 clients=[86, 43, 16, 94, 99, 87, 2, 70, 55, 17] diagnostic_accuracy=81.2200% Gamma=0.000000 gate_passed=True fallback=functional_recovery_hungarian global_hash=9a04a02651dc99952023530157c9469a8daaf2d5de13d011821286f045068f95
ROUND fedrad round=1182 clients=[72, 82, 23, 61, 17, 99, 43, 86, 21, 2] diagnostic_accuracy=80.9300% Gamma=0.000000 gate_passed=True fallback=functional_recovery_hungarian global_hash=e4685e7ddac2a3cc6bb8bc19869c64497616a9b590f4b7791f4a10872beeca29
ROUND fedrad round=1183 clients=[30, 36, 95, 58, 96, 40, 72, 80, 8, 31] diagnostic_accuracy=72.5100% Gamma=0.000000 gate_passed=True fallback=functional_recovery_hungarian global_hash=001fd63d2a97c192bc9acfb01a223b0ef96de598b70d3f3c541175e2a211e17e
ROUND fedrad round=1184 clients=[28, 81, 32, 99, 13, 88, 90, 58, 11, 10] diagnostic_accuracy=77.4900% Gamma=0.000000 gate_passed=True fallback=functional_recovery_hungarian global_hash=2de5b0b5749e200353bb9e69132c9602c20de5c91f3070048e567e36794747de
ROUND fedrad round=1185 clients=[28, 92, 89, 59, 55, 8, 84, 18, 64, 11] diagnostic_accuracy=78.1800% Gamma=0.000000 gate_passed=True fallback=functional_recovery_hungarian global_hash=010ddeb0e6fa4d15b8ebc3878d4c91be2696789a56f75ef8951f2d69217354e2
ROUND fedrad round=1186 clients=[91, 13, 79, 77, 57, 19, 97, 52, 48, 88] diagnostic_accuracy=76.6500% Gamma=0.000000 gate_passed=True fallback=functional_recovery_hungarian global_hash=04576648f82b8be4762141722684254183c8bf2010273e244411f8b62de7e245
ROUND fedrad round=1187 clients=[18, 63, 33, 67, 97, 76, 80, 2, 1, 9] diagnostic_accuracy=80.7500% Gamma=0.000000 gate_passed=True fallback=functional_recovery_hungarian global_hash=94f1e24a5bec8869fddc2d589769713b780bd2cc7c6f20d3bb604fd26a6b0c1b
ROUND fedrad round=1188 clients=[23, 58, 33, 50, 83, 49, 8, 21, 69, 86] diagnostic_accuracy=80.1100% Gamma=0.000000 gate_passed=True fallback=functional_recovery_hungarian global_hash=fc80497f68ab0ae902357a79fb4389961c6a9bee6fca31c9e4793d000dac6920
ROUND fedrad round=1189 clients=[80, 21, 83, 6, 17, 24, 47, 44, 92, 39] diagnostic_accuracy=74.4700% Gamma=0.000000 gate_passed=True fallback=functional_recovery_hungarian global_hash=a147dd16f5851fddd6df2a62ba82d35a3fc43973ae6f6aa452809596301f9761
ROUND fedrad round=1190 clients=[71, 59, 96, 11, 90, 77, 95, 80, 97, 94] diagnostic_accuracy=79.1700% Gamma=0.000000 gate_passed=True fallback=functional_recovery_hungarian global_hash=8b911f167b6fbbd10bb219ea7087185471a4daef8e953013d31d21da2dbcdb33
ROUND fedrad round=1191 clients=[99, 51, 43, 94, 30, 16, 67, 91, 24, 28] diagnostic_accuracy=80.2700% Gamma=0.000000 gate_passed=True fallback=functional_recovery_hungarian global_hash=c6fc2ea1c47afef1deae7a737ec77796ff70e7fd93747efb76467b2a58c7f73f
ROUND fedrad round=1192 clients=[93, 71, 18, 99, 83, 75, 89, 88, 91, 82] diagnostic_accuracy=79.6900% Gamma=0.000000 gate_passed=True fallback=functional_recovery_hungarian global_hash=b2d6f9be58b79584c190130cc50162f5a5593ed7faa84d65324fe722915956df
ROUND fedrad round=1193 clients=[81, 16, 94, 77, 45, 73, 36, 50, 34, 27] diagnostic_accuracy=78.5800% Gamma=0.000000 gate_passed=True fallback=functional_recovery_hungarian global_hash=509653b928a78b643c3514dc47aa13aacc78040a576749b44dd654e25fb90616
ROUND fedrad round=1194 clients=[29, 32, 19, 15, 30, 59, 87, 35, 10, 47] diagnostic_accuracy=80.4700% Gamma=0.000000 gate_passed=True fallback=functional_recovery_hungarian global_hash=15b25b58ab2ea82e1ed276140a55b2dc9fc5649cf4a3b69b733b17d0211451b5
ROUND fedrad round=1195 clients=[93, 62, 70, 42, 14, 43, 24, 52, 19, 81] diagnostic_accuracy=79.6900% Gamma=0.000000 gate_passed=True fallback=functional_recovery_hungarian global_hash=0fc15917ebf6c530eeb9611a2f61188ad707a7a7d85e34b20967fa33c0cf0da0
ROUND fedrad round=1196 clients=[80, 91, 2, 96, 5, 55, 41, 20, 8, 33] diagnostic_accuracy=80.5700% Gamma=0.000000 gate_passed=True fallback=functional_recovery_hungarian global_hash=3e2abfd974638afa858380d1916fb0c470921bf515772123f69c6968300b5674
ROUND fedrad round=1197 clients=[44, 59, 19, 68, 51, 75, 26, 5, 73, 93] diagnostic_accuracy=80.6600% Gamma=0.000000 gate_passed=True fallback=functional_recovery_hungarian global_hash=53cb374a0243ec914e092a84541c59b44b18103f2469cd5574fe06fe767f93ec
ROUND fedrad round=1198 clients=[75, 10, 36, 89, 77, 51, 95, 91, 47, 66] diagnostic_accuracy=80.5400% Gamma=0.000000 gate_passed=True fallback=functional_recovery_hungarian global_hash=6e1c6fb8fcf3c1c9772bb2ec6546b7ec73122e09fb6adcb18e85f544fb7d42f5
ROUND fedrad round=1199 clients=[68, 40, 24, 50, 80, 62, 51, 30, 25, 58] diagnostic_accuracy=81.1500% Gamma=0.000000 gate_passed=True fallback=functional_recovery_hungarian global_hash=fdce1f5e10773bf6ad6cc8bf9ab7897d64375879d5bb215985c7c07603babc04
ROUND fedrad round=1200 clients=[78, 0, 24, 46, 58, 38, 62, 63, 82, 96] diagnostic_accuracy=80.8900% Gamma=0.000000 gate_passed=True fallback=functional_recovery_hungarian global_hash=21fb6371a9069b5ad9920ac796909c8c2a26b2c7b5114b891a0e136b64874ce8
FINAL_STATE_HASH 21fb6371a9069b5ad9920ac796909c8c2a26b2c7b5114b891a0e136b64874ce8
