round,client_id,task_id,global_loss,reset_loss,adapted_loss,G,A,D,C,gradient_norm,delta_norm,alignment_valid,probe_seed,support_hash,query_hash,task_hash,probe_replicate
1,80,0,2.9691970348358154,3.1530842781066895,1.8578836917877197,1.2952005863189697,1.1113133430480957,0.0,0.0008652379966074474,0.7579628886697778,21.88417551958423,True,479761,a3d3c19d56ec14f0e1f3cd1320f63fdd83d575092a42667f8650e228c1954585,894dfd59569fc70036db6d725fca06be2fef665fd233dbaefc0ec0014c66fc53,cac28d2f2e4832aea67f5cce8f35703ae6963040f9d8eb981b3194c2c0b348e5,0
1,80,1,2.9691970348358154,2.7766528129577637,1.804551124572754,0.9721016883850098,1.1646459102630615,0.0,0.003953528179302897,0.9013374217095053,21.88260687867033,True,479761,a3d3c19d56ec14f0e1f3cd1320f63fdd83d575092a42667f8650e228c1954585,894dfd59569fc70036db6d725fca06be2fef665fd233dbaefc0ec0014c66fc53,e4040de38f44fe0c326c7e22920574c505a658a4ddfa43ef381ae078717d1c76,0
1,80,2,2.9691970348358154,3.102156639099121,1.825527548789978,1.276629090309143,1.1436694860458374,0.0,-0.0032231952404790888,0.7297990137710515,21.955332938505993,True,479761,a3d3c19d56ec14f0e1f3cd1320f63fdd83d575092a42667f8650e228c1954585,894dfd59569fc70036db6d725fca06be2fef665fd233dbaefc0ec0014c66fc53,8c18569ff4551148cc00eac39e7cee21ac600c902a6d6bc7cc61a40f5567cb1f,0
1,80,3,2.9691970348358154,2.835442304611206,1.8124234676361084,1.0230188369750977,1.156773567199707,0.0,0.0028597111197823685,0.7516131087120728,21.88862575228212,True,479761,a3d3c19d56ec14f0e1f3cd1320f63fdd83d575092a42667f8650e228c1954585,894dfd59569fc70036db6d725fca06be2fef665fd233dbaefc0ec0014c66fc53,0b50b82bc5f2633d41468fa9ed6aa3e552c86c12a48fc778a0dfd95a38be78b8,0
1,80,4,2.9691970348358154,2.7361257076263428,1.8178168535232544,0.9183088541030884,1.151380181312561,0.0,0.0005612264373179812,0.8846474766755006,21.8901144093658,True,479761,a3d3c19d56ec14f0e1f3cd1320f63fdd83d575092a42667f8650e228c1954585,894dfd59569fc70036db6d725fca06be2fef665fd233dbaefc0ec0014c66fc53,ed21c502012689cbdc73ad2b814e26c471376d1174d584edeca133e103dc33c0,0
1,80,5,2.9691970348358154,3.211839199066162,1.8595657348632812,1.3522734642028809,1.1096312999725342,0.0,0.00023934495462706197,0.6627150838546808,21.94267946448354,True,479761,a3d3c19d56ec14f0e1f3cd1320f63fdd83d575092a42667f8650e228c1954585,894dfd59569fc70036db6d725fca06be2fef665fd233dbaefc0ec0014c66fc53,dc3e889cd6ddc9aeec5237dc9955272251fd733825273d95d3e8635b51324a15,0
1,80,6,2.9691970348358154,3.084613561630249,1.8129644393920898,1.2716491222381592,1.1562325954437256,0.0,-0.0013438939534602692,0.6922847521518828,21.88356494162415,True,479761,a3d3c19d56ec14f0e1f3cd1320f63fdd83d575092a42667f8650e228c1954585,894dfd59569fc70036db6d725fca06be2fef665fd233dbaefc0ec0014c66fc53,891ffd837dc544774b810c047e647515a5b066ac87d49aa385dabb3718434c19,0
1,80,7,2.9691970348358154,2.8786346912384033,1.8226162195205688,1.0560184717178345,1.1465808153152466,0.0,-0.000615957812733891,0.7622925290011996,21.960874560852464,True,479761,a3d3c19d56ec14f0e1f3cd1320f63fdd83d575092a42667f8650e228c1954585,894dfd59569fc70036db6d725fca06be2fef665fd233dbaefc0ec0014c66fc53,616898873abfb29b696e65cc7a6c58a82f7f6d4fb61be9a0447043e40c32ef7a,0
1,80,8,2.9691970348358154,2.841165781021118,1.8035120964050293,1.0376536846160889,1.1656849384307861,0.0,-0.00047966521100820423,0.6910888028355088,21.851857977543744,True,479761,a3d3c19d56ec14f0e1f3cd1320f63fdd83d575092a42667f8650e228c1954585,894dfd59569fc70036db6d725fca06be2fef665fd233dbaefc0ec0014c66fc53,ee379f3736deea2d5b461b72e2bd355f99ff03192e3ccde1b8c307d4799ad449,0
1,80,9,2.9691970348358154,3.1331114768981934,1.8591935634613037,1.2739179134368896,1.1100034713745117,0.0,-0.00018432920201613982,0.7186489580714299,21.954620338185347,True,479761,a3d3c19d56ec14f0e1f3cd1320f63fdd83d575092a42667f8650e228c1954585,894dfd59569fc70036db6d725fca06be2fef665fd233dbaefc0ec0014c66fc53,499295b990142b14d4db91ed12814830233634296fd23b384a37c3c52dc7de5d,0
1,84,0,2.239222526550293,2.189584732055664,1.5594463348388672,0.6301383972167969,0.6797761917114258,0.0,0.0026002565499322837,0.9349021301653493,21.88417551958423,True,483749,f6ab2a433efebb9c0d79734dee2fc34320d271dcc9351cd53cb10754570e4d7b,3a2549df84020de3756a089b25422fc1ee2f8bea0d7300f84fbf5983ad2d8ac1,cac28d2f2e4832aea67f5cce8f35703ae6963040f9d8eb981b3194c2c0b348e5,0
1,84,1,2.239222526550293,2.38961124420166,1.537705659866333,0.8519055843353271,0.70151686668396,0.0,0.0008567085925544343,0.6880967902608696,21.88260687867033,True,483749,f6ab2a433efebb9c0d79734dee2fc34320d271dcc9351cd53cb10754570e4d7b,3a2549df84020de3756a089b25422fc1ee2f8bea0d7300f84fbf5983ad2d8ac1,e4040de38f44fe0c326c7e22920574c505a658a4ddfa43ef381ae078717d1c76,0
1,84,2,2.239222526550293,2.2749085426330566,1.4918667078018188,0.7830418348312378,0.7473558187484741,0.0,-0.002994168388250914,0.7651517085569468,21.955332938505993,True,483749,f6ab2a433efebb9c0d79734dee2fc34320d271dcc9351cd53cb10754570e4d7b,3a2549df84020de3756a089b25422fc1ee2f8bea0d7300f84fbf5983ad2d8ac1,8c18569ff4551148cc00eac39e7cee21ac600c902a6d6bc7cc61a40f5567cb1f,0
1,84,3,2.239222526550293,2.369405746459961,1.5388805866241455,0.8305251598358154,0.7003419399261475,0.0,0.001081894734324282,1.180102679896579,21.88862575228212,True,483749,f6ab2a433efebb9c0d79734dee2fc34320d271dcc9351cd53cb10754570e4d7b,3a2549df84020de3756a089b25422fc1ee2f8bea0d7300f84fbf5983ad2d8ac1,0b50b82bc5f2633d41468fa9ed6aa3e552c86c12a48fc778a0dfd95a38be78b8,0
1,84,4,2.239222526550293,2.2965521812438965,1.5258272886276245,0.770724892616272,0.7133952379226685,0.0,0.0010909225777666627,0.7188394845437549,21.8901144093658,True,483749,f6ab2a433efebb9c0d79734dee2fc34320d271dcc9351cd53cb10754570e4d7b,3a2549df84020de3756a089b25422fc1ee2f8bea0d7300f84fbf5983ad2d8ac1,ed21c502012689cbdc73ad2b814e26c471376d1174d584edeca133e103dc33c0,0
1,84,5,2.239222526550293,2.1469991207122803,1.5277429819107056,0.6192561388015747,0.7114795446395874,0.0,-0.001353195411174411,0.7166819115305214,21.94267946448354,True,483749,f6ab2a433efebb9c0d79734dee2fc34320d271dcc9351cd53cb10754570e4d7b,3a2549df84020de3756a089b25422fc1ee2f8bea0d7300f84fbf5983ad2d8ac1,dc3e889cd6ddc9aeec5237dc9955272251fd733825273d95d3e8635b51324a15,0
1,84,6,2.239222526550293,2.3857533931732178,1.523728370666504,0.8620250225067139,0.7154941558837891,0.0,0.0026474406134099843,0.7913754205078365,21.88356494162415,True,483749,f6ab2a433efebb9c0d79734dee2fc34320d271dcc9351cd53cb10754570e4d7b,3a2549df84020de3756a089b25422fc1ee2f8bea0d7300f84fbf5983ad2d8ac1,891ffd837dc544774b810c047e647515a5b066ac87d49aa385dabb3718434c19,0
1,84,7,2.239222526550293,2.2797012329101562,1.570461392402649,0.7092398405075073,0.668761134147644,0.0,-0.002845030961082792,0.6680691209628131,21.960874560852464,True,483749,f6ab2a433efebb9c0d79734dee2fc34320d271dcc9351cd53cb10754570e4d7b,3a2549df84020de3756a089b25422fc1ee2f8bea0d7300f84fbf5983ad2d8ac1,616898873abfb29b696e65cc7a6c58a82f7f6d4fb61be9a0447043e40c32ef7a,0
1,84,8,2.239222526550293,2.273386001586914,1.5372507572174072,0.7361352443695068,0.7019717693328857,0.0,3.330630267692494e-05,0.6576059919736913,21.851857977543744,True,483749,f6ab2a433efebb9c0d79734dee2fc34320d271dcc9351cd53cb10754570e4d7b,3a2549df84020de3756a089b25422fc1ee2f8bea0d7300f84fbf5983ad2d8ac1,ee379f3736deea2d5b461b72e2bd355f99ff03192e3ccde1b8c307d4799ad449,0
1,84,9,2.239222526550293,2.36142897605896,1.5480211973190308,0.8134077787399292,0.6912013292312622,0.0,-6.762090267708109e-05,0.6550224752113275,21.954620338185347,True,483749,f6ab2a433efebb9c0d79734dee2fc34320d271dcc9351cd53cb10754570e4d7b,3a2549df84020de3756a089b25422fc1ee2f8bea0d7300f84fbf5983ad2d8ac1,499295b990142b14d4db91ed12814830233634296fd23b384a37c3c52dc7de5d,0
1,33,0,2.655510425567627,2.8039767742156982,1.6476153135299683,1.15636146068573,1.0078951120376587,0.0,0.0005527502711334595,0.8048011443695781,21.88417551958423,True,432902,1ea33fe60e657b7f7f47a2fc61aa2c13ce68a7d7e63753b90fbaa2d4462aae8b,dc69141d74b21db3ad23acc51514ecd090577609aa80a80d7fa15343057988e1,cac28d2f2e4832aea67f5cce8f35703ae6963040f9d8eb981b3194c2c0b348e5,0
1,33,1,2.655510425567627,2.5035078525543213,1.6892073154449463,0.814300537109375,0.9663031101226807,0.0,0.0005595028560865957,0.691070480549822,21.88260687867033,True,432902,1ea33fe60e657b7f7f47a2fc61aa2c13ce68a7d7e63753b90fbaa2d4462aae8b,dc69141d74b21db3ad23acc51514ecd090577609aa80a80d7fa15343057988e1,e4040de38f44fe0c326c7e22920574c505a658a4ddfa43ef381ae078717d1c76,0
1,33,2,2.655510425567627,2.6522021293640137,1.644796371459961,1.0074057579040527,1.010714054107666,0.0,0.002567261498494946,0.7544512286185783,21.955332938505993,True,432902,1ea33fe60e657b7f7f47a2fc61aa2c13ce68a7d7e63753b90fbaa2d4462aae8b,dc69141d74b21db3ad23acc51514ecd090577609aa80a80d7fa15343057988e1,8c18569ff4551148cc00eac39e7cee21ac600c902a6d6bc7cc61a40f5567cb1f,0
1,33,3,2.655510425567627,2.599940538406372,1.646662712097168,0.9532778263092041,1.008847713470459,0.0,-0.002538774775457528,0.7278298289968871,21.88862575228212,True,432902,1ea33fe60e657b7f7f47a2fc61aa2c13ce68a7d7e63753b90fbaa2d4462aae8b,dc69141d74b21db3ad23acc51514ecd090577609aa80a80d7fa15343057988e1,0b50b82bc5f2633d41468fa9ed6aa3e552c86c12a48fc778a0dfd95a38be78b8,0
1,33,4,2.655510425567627,2.3690054416656494,1.6558423042297363,0.7131631374359131,0.9996681213378906,0.0,0.0022283434398137425,0.6781225889772291,21.8901144093658,True,432902,1ea33fe60e657b7f7f47a2fc61aa2c13ce68a7d7e63753b90fbaa2d4462aae8b,dc69141d74b21db3ad23acc51514ecd090577609aa80a80d7fa15343057988e1,ed21c502012689cbdc73ad2b814e26c471376d1174d584edeca133e103dc33c0,0
1,33,5,2.655510425567627,2.689207077026367,1.6246386766433716,1.0645684003829956,1.0308717489242554,0.0,0.002284692964689238,0.6423095508199751,21.94267946448354,True,432902,1ea33fe60e657b7f7f47a2fc61aa2c13ce68a7d7e63753b90fbaa2d4462aae8b,dc69141d74b21db3ad23acc51514ecd090577609aa80a80d7fa15343057988e1,dc3e889cd6ddc9aeec5237dc9955272251fd733825273d95d3e8635b51324a15,0
1,33,6,2.655510425567627,2.7634928226470947,1.6454209089279175,1.1180719137191772,1.0100895166397095,0.0,0.0019098495259171177,0.6555879859541061,21.88356494162415,True,432902,1ea33fe60e657b7f7f47a2fc61aa2c13ce68a7d7e63753b90fbaa2d4462aae8b,dc69141d74b21db3ad23acc51514ecd090577609aa80a80d7fa15343057988e1,891ffd837dc544774b810c047e647515a5b066ac87d49aa385dabb3718434c19,0
1,33,7,2.655510425567627,2.546980381011963,1.6434603929519653,0.9035199880599976,1.0120500326156616,0.0,-0.0014130408181028847,0.7411605220822242,21.960874560852464,True,432902,1ea33fe60e657b7f7f47a2fc61aa2c13ce68a7d7e63753b90fbaa2d4462aae8b,dc69141d74b21db3ad23acc51514ecd090577609aa80a80d7fa15343057988e1,616898873abfb29b696e65cc7a6c58a82f7f6d4fb61be9a0447043e40c32ef7a,0
1,33,8,2.655510425567627,2.910358190536499,1.6290701627731323,1.2812880277633667,1.0264402627944946,0.0,0.0010035684677969074,0.6133061014838534,21.851857977543744,True,432902,1ea33fe60e657b7f7f47a2fc61aa2c13ce68a7d7e63753b90fbaa2d4462aae8b,dc69141d74b21db3ad23acc51514ecd090577609aa80a80d7fa15343057988e1,ee379f3736deea2d5b461b72e2bd355f99ff03192e3ccde1b8c307d4799ad449,0
1,33,9,2.655510425567627,2.6588237285614014,1.668684959411621,0.9901387691497803,0.9868254661560059,0.0,0.0013124798913055288,0.7351997672222407,21.954620338185347,True,432902,1ea33fe60e657b7f7f47a2fc61aa2c13ce68a7d7e63753b90fbaa2d4462aae8b,dc69141d74b21db3ad23acc51514ecd090577609aa80a80d7fa15343057988e1,499295b990142b14d4db91ed12814830233634296fd23b384a37c3c52dc7de5d,0
1,81,0,2.6465890407562256,2.591667652130127,1.7919964790344238,0.7996711730957031,0.8545925617218018,0.0,-0.003670786574927103,0.7913988647944357,21.88417551958423,True,480758,d264f06f4883618df769b2daf10628e6d7377c17e4fd16f2a876c128d160936a,cbb3ed9753acadbb49cb59dc6c61ff3cf286fba2c12e85210be877126e880876,cac28d2f2e4832aea67f5cce8f35703ae6963040f9d8eb981b3194c2c0b348e5,0
1,81,1,2.6465890407562256,2.6144907474517822,1.7600492238998413,0.8544415235519409,0.8865398168563843,0.0,0.0018458105964725756,0.7971007004081447,21.88260687867033,True,480758,d264f06f4883618df769b2daf10628e6d7377c17e4fd16f2a876c128d160936a,cbb3ed9753acadbb49cb59dc6c61ff3cf286fba2c12e85210be877126e880876,e4040de38f44fe0c326c7e22920574c505a658a4ddfa43ef381ae078717d1c76,0
1,81,2,2.6465890407562256,2.8313558101654053,1.7802778482437134,1.051077961921692,0.8663111925125122,0.0,-0.0015435591847666622,0.7302893191407543,21.955332938505993,True,480758,d264f06f4883618df769b2daf10628e6d7377c17e4fd16f2a876c128d160936a,cbb3ed9753acadbb49cb59dc6c61ff3cf286fba2c12e85210be877126e880876,8c18569ff4551148cc00eac39e7cee21ac600c902a6d6bc7cc61a40f5567cb1f,0
1,81,3,2.6465890407562256,2.5617129802703857,1.7731932401657104,0.7885197401046753,0.8733958005905151,0.0,0.0004345799153897989,1.0976454639075883,21.88862575228212,True,480758,d264f06f4883618df769b2daf10628e6d7377c17e4fd16f2a876c128d160936a,cbb3ed9753acadbb49cb59dc6c61ff3cf286fba2c12e85210be877126e880876,0b50b82bc5f2633d41468fa9ed6aa3e552c86c12a48fc778a0dfd95a38be78b8,0
1,81,4,2.6465890407562256,2.451111316680908,1.7892720699310303,0.6618392467498779,0.8573169708251953,0.0,0.0003564870526686244,0.7266480900360731,21.8901144093658,True,480758,d264f06f4883618df769b2daf10628e6d7377c17e4fd16f2a876c128d160936a,cbb3ed9753acadbb49cb59dc6c61ff3cf286fba2c12e85210be877126e880876,ed21c502012689cbdc73ad2b814e26c471376d1174d584edeca133e103dc33c0,0
1,81,5,2.6465890407562256,2.951704502105713,1.762164831161499,1.1895396709442139,0.8844242095947266,0.0,0.0014166182372220464,0.7407408733819446,21.94267946448354,True,480758,d264f06f4883618df769b2daf10628e6d7377c17e4fd16f2a876c128d160936a,cbb3ed9753acadbb49cb59dc6c61ff3cf286fba2c12e85210be877126e880876,dc3e889cd6ddc9aeec5237dc9955272251fd733825273d95d3e8635b51324a15,0
1,81,6,2.6465890407562256,2.842993974685669,1.7562156915664673,1.0867782831192017,0.8903733491897583,0.0,-0.003182576954354251,0.7000544929060846,21.88356494162415,True,480758,d264f06f4883618df769b2daf10628e6d7377c17e4fd16f2a876c128d160936a,cbb3ed9753acadbb49cb59dc6c61ff3cf286fba2c12e85210be877126e880876,891ffd837dc544774b810c047e647515a5b066ac87d49aa385dabb3718434c19,0
1,81,7,2.6465890407562256,2.6935906410217285,1.7876254320144653,0.9059652090072632,0.8589636087417603,0.0,-0.002305012196780954,0.7198157480115154,21.960874560852464,True,480758,d264f06f4883618df769b2daf10628e6d7377c17e4fd16f2a876c128d160936a,cbb3ed9753acadbb49cb59dc6c61ff3cf286fba2c12e85210be877126e880876,616898873abfb29b696e65cc7a6c58a82f7f6d4fb61be9a0447043e40c32ef7a,0
1,81,8,2.6465890407562256,2.728116750717163,1.773078203201294,0.9550385475158691,0.8735108375549316,0.0,-0.0006591719071881614,0.6447804465913999,21.851857977543744,True,480758,d264f06f4883618df769b2daf10628e6d7377c17e4fd16f2a876c128d160936a,cbb3ed9753acadbb49cb59dc6c61ff3cf286fba2c12e85210be877126e880876,ee379f3736deea2d5b461b72e2bd355f99ff03192e3ccde1b8c307d4799ad449,0
1,81,9,2.6465890407562256,2.587461471557617,1.8415015935897827,0.7459598779678345,0.8050874471664429,0.0,-0.0002455342462305214,0.6765489582818135,21.954620338185347,True,480758,d264f06f4883618df769b2daf10628e6d7377c17e4fd16f2a876c128d160936a,cbb3ed9753acadbb49cb59dc6c61ff3cf286fba2c12e85210be877126e880876,499295b990142b14d4db91ed12814830233634296fd23b384a37c3c52dc7de5d,0
1,93,0,2.562509536743164,2.54313325881958,1.8725732564926147,0.6705600023269653,0.6899362802505493,0.0,-0.00201140490076019,0.916632051379784,21.88417551958423,True,492722,c75ab0e5c6330a46370c183242e94cbe53a6a73f1e6ae391d6bcde010fc4d0c9,b07c71ca71a43504bccd439c3f35ebf3f5e70bce3f0fb491fad8dc43fbef5ac5,cac28d2f2e4832aea67f5cce8f35703ae6963040f9d8eb981b3194c2c0b348e5,0
1,93,1,2.562509536743164,2.531376838684082,1.89661705493927,0.634759783744812,0.665892481803894,0.0,-0.0028099480765117896,0.8048769545483581,21.88260687867033,True,492722,c75ab0e5c6330a46370c183242e94cbe53a6a73f1e6ae391d6bcde010fc4d0c9,b07c71ca71a43504bccd439c3f35ebf3f5e70bce3f0fb491fad8dc43fbef5ac5,e4040de38f44fe0c326c7e22920574c505a658a4ddfa43ef381ae078717d1c76,0
1,93,2,2.562509536743164,2.657867193222046,1.8935818672180176,0.7642853260040283,0.6689276695251465,0.0,-0.0036220111778564666,1.0306735353632133,21.955332938505993,True,492722,c75ab0e5c6330a46370c183242e94cbe53a6a73f1e6ae391d6bcde010fc4d0c9,b07c71ca71a43504bccd439c3f35ebf3f5e70bce3f0fb491fad8dc43fbef5ac5,8c18569ff4551148cc00eac39e7cee21ac600c902a6d6bc7cc61a40f5567cb1f,0
1,93,3,2.562509536743164,2.515021324157715,1.873490333557129,0.6415309906005859,0.6890192031860352,0.0,-0.002105591662554719,1.3508396438205252,21.88862575228212,True,492722,c75ab0e5c6330a46370c183242e94cbe53a6a73f1e6ae391d6bcde010fc4d0c9,b07c71ca71a43504bccd439c3f35ebf3f5e70bce3f0fb491fad8dc43fbef5ac5,0b50b82bc5f2633d41468fa9ed6aa3e552c86c12a48fc778a0dfd95a38be78b8,0
1,93,4,2.562509536743164,2.4449589252471924,1.8840632438659668,0.5608956813812256,0.6784462928771973,0.0,0.001826003950483833,0.9578381664452784,21.8901144093658,True,492722,c75ab0e5c6330a46370c183242e94cbe53a6a73f1e6ae391d6bcde010fc4d0c9,b07c71ca71a43504bccd439c3f35ebf3f5e70bce3f0fb491fad8dc43fbef5ac5,ed21c502012689cbdc73ad2b814e26c471376d1174d584edeca133e103dc33c0,0
1,93,5,2.562509536743164,2.828221559524536,1.8517189025878906,0.9765026569366455,0.7107906341552734,0.0,-0.0021400853107109707,0.8917656740071838,21.94267946448354,True,492722,c75ab0e5c6330a46370c183242e94cbe53a6a73f1e6ae391d6bcde010fc4d0c9,b07c71ca71a43504bccd439c3f35ebf3f5e70bce3f0fb491fad8dc43fbef5ac5,dc3e889cd6ddc9aeec5237dc9955272251fd733825273d95d3e8635b51324a15,0
1,93,6,2.562509536743164,2.7167019844055176,1.8575856685638428,0.8591163158416748,0.7049238681793213,0.0,-0.0016338586965573608,0.7743183697944008,21.88356494162415,True,492722,c75ab0e5c6330a46370c183242e94cbe53a6a73f1e6ae391d6bcde010fc4d0c9,b07c71ca71a43504bccd439c3f35ebf3f5e70bce3f0fb491fad8dc43fbef5ac5,891ffd837dc544774b810c047e647515a5b066ac87d49aa385dabb3718434c19,0
1,93,7,2.562509536743164,2.601785898208618,1.865419626235962,0.7363662719726562,0.6970899105072021,0.0,0.0011844228209774263,0.8226582883528758,21.960874560852464,True,492722,c75ab0e5c6330a46370c183242e94cbe53a6a73f1e6ae391d6bcde010fc4d0c9,b07c71ca71a43504bccd439c3f35ebf3f5e70bce3f0fb491fad8dc43fbef5ac5,616898873abfb29b696e65cc7a6c58a82f7f6d4fb61be9a0447043e40c32ef7a,0
1,93,8,2.562509536743164,2.727060079574585,1.864288330078125,0.86277174949646,0.6982212066650391,0.0,0.0003102207074252385,0.6924959653227961,21.851857977543744,True,492722,c75ab0e5c6330a46370c183242e94cbe53a6a73f1e6ae391d6bcde010fc4d0c9,b07c71ca71a43504bccd439c3f35ebf3f5e70bce3f0fb491fad8dc43fbef5ac5,ee379f3736deea2d5b461b72e2bd355f99ff03192e3ccde1b8c307d4799ad449,0
1,93,9,2.562509536743164,2.5567173957824707,1.9318366050720215,0.6248807907104492,0.6306729316711426,0.0,-0.0026460127180520246,0.8621684273323948,21.954620338185347,True,492722,c75ab0e5c6330a46370c183242e94cbe53a6a73f1e6ae391d6bcde010fc4d0c9,b07c71ca71a43504bccd439c3f35ebf3f5e70bce3f0fb491fad8dc43fbef5ac5,499295b990142b14d4db91ed12814830233634296fd23b384a37c3c52dc7de5d,0
1,17,0,1.7511886358261108,1.8797956705093384,1.5618256330490112,0.31797003746032715,0.1893630027770996,0.0,-0.0032603579761270956,0.7073133369728446,21.88417551958423,True,416950,845b02aa11a9826ae57875a6ef8335d1bf5616352f19ecf6e09ae26ef056ce18,1b10672edc0d2bad4f1b2e874f04a3cdc4509cede4dfde3fbc8b1261d4f45614,cac28d2f2e4832aea67f5cce8f35703ae6963040f9d8eb981b3194c2c0b348e5,0
1,17,1,1.7511886358261108,1.775300145149231,1.5104691982269287,0.26483094692230225,0.24071943759918213,0.0,-0.0013256241516491638,0.695035779999202,21.88260687867033,True,416950,845b02aa11a9826ae57875a6ef8335d1bf5616352f19ecf6e09ae26ef056ce18,1b10672edc0d2bad4f1b2e874f04a3cdc4509cede4dfde3fbc8b1261d4f45614,e4040de38f44fe0c326c7e22920574c505a658a4ddfa43ef381ae078717d1c76,0
1,17,2,1.7511886358261108,1.7739553451538086,1.5589057207107544,0.2150496244430542,0.19228291511535645,0.0,0.0018114528341389357,0.7163777456225351,21.955332938505993,True,416950,845b02aa11a9826ae57875a6ef8335d1bf5616352f19ecf6e09ae26ef056ce18,1b10672edc0d2bad4f1b2e874f04a3cdc4509cede4dfde3fbc8b1261d4f45614,8c18569ff4551148cc00eac39e7cee21ac600c902a6d6bc7cc61a40f5567cb1f,0
1,17,3,1.7511886358261108,1.8869473934173584,1.570012092590332,0.31693530082702637,0.1811765432357788,0.0,-0.0015212389995733343,0.7836798925703966,21.88862575228212,True,416950,845b02aa11a9826ae57875a6ef8335d1bf5616352f19ecf6e09ae26ef056ce18,1b10672edc0d2bad4f1b2e874f04a3cdc4509cede4dfde3fbc8b1261d4f45614,0b50b82bc5f2633d41468fa9ed6aa3e552c86c12a48fc778a0dfd95a38be78b8,0
1,17,4,1.7511886358261108,1.8352723121643066,1.526260256767273,0.3090120553970337,0.2249283790588379,0.0,-0.002138183776985433,0.7022566151346792,21.8901144093658,True,416950,845b02aa11a9826ae57875a6ef8335d1bf5616352f19ecf6e09ae26ef056ce18,1b10672edc0d2bad4f1b2e874f04a3cdc4509cede4dfde3fbc8b1261d4f45614,ed21c502012689cbdc73ad2b814e26c471376d1174d584edeca133e103dc33c0,0
1,17,5,1.7511886358261108,1.739254117012024,1.5402230024337769,0.19903111457824707,0.21096563339233398,0.0,-0.002908569458985468,0.6075685010640172,21.94267946448354,True,416950,845b02aa11a9826ae57875a6ef8335d1bf5616352f19ecf6e09ae26ef056ce18,1b10672edc0d2bad4f1b2e874f04a3cdc4509cede4dfde3fbc8b1261d4f45614,dc3e889cd6ddc9aeec5237dc9955272251fd733825273d95d3e8635b51324a15,0
1,17,6,1.7511886358261108,1.700047254562378,1.5239663124084473,0.17608094215393066,0.22722232341766357,0.0,0.002947434798068944,0.6763552355264454,21.88356494162415,True,416950,845b02aa11a9826ae57875a6ef8335d1bf5616352f19ecf6e09ae26ef056ce18,1b10672edc0d2bad4f1b2e874f04a3cdc4509cede4dfde3fbc8b1261d4f45614,891ffd837dc544774b810c047e647515a5b066ac87d49aa385dabb3718434c19,0
1,17,7,1.7511886358261108,1.8407262563705444,1.5128427743911743,0.3278834819793701,0.23834586143493652,0.0,0.0017545110937371962,0.6150175458626516,21.960874560852464,True,416950,845b02aa11a9826ae57875a6ef8335d1bf5616352f19ecf6e09ae26ef056ce18,1b10672edc0d2bad4f1b2e874f04a3cdc4509cede4dfde3fbc8b1261d4f45614,616898873abfb29b696e65cc7a6c58a82f7f6d4fb61be9a0447043e40c32ef7a,0
1,17,8,1.7511886358261108,1.7600971460342407,1.4687426090240479,0.29135453701019287,0.282446026802063,0.0,0.0008024677902604647,0.5907127002536469,21.851857977543744,True,416950,845b02aa11a9826ae57875a6ef8335d1bf5616352f19ecf6e09ae26ef056ce18,1b10672edc0d2bad4f1b2e874f04a3cdc4509cede4dfde3fbc8b1261d4f45614,ee379f3736deea2d5b461b72e2bd355f99ff03192e3ccde1b8c307d4799ad449,0
1,17,9,1.7511886358261108,1.8154598474502563,1.5836951732635498,0.23176467418670654,0.16749346256256104,0.0,-0.00022196118619628854,0.5893347335794831,21.954620338185347,True,416950,845b02aa11a9826ae57875a6ef8335d1bf5616352f19ecf6e09ae26ef056ce18,1b10672edc0d2bad4f1b2e874f04a3cdc4509cede4dfde3fbc8b1261d4f45614,499295b990142b14d4db91ed12814830233634296fd23b384a37c3c52dc7de5d,0
1,36,0,2.5762388706207275,2.492558002471924,1.7607336044311523,0.7318243980407715,0.8155052661895752,0.0,-0.0026727976879888232,1.0591546634246065,21.88417551958423,True,435893,78047c37f7145bb68d91b5e6913a6059c84565d77c903817763169e412b32849,f204928b3b1f39927bb1805a1ffcbc394f30d5e41ffdfa1ccc5bcfba75092ea1,cac28d2f2e4832aea67f5cce8f35703ae6963040f9d8eb981b3194c2c0b348e5,0
1,36,1,2.5762388706207275,2.5480597019195557,1.7032887935638428,0.8447709083557129,0.8729500770568848,0.0,0.0027726472423708366,0.7378358903348082,21.88260687867033,True,435893,78047c37f7145bb68d91b5e6913a6059c84565d77c903817763169e412b32849,f204928b3b1f39927bb1805a1ffcbc394f30d5e41ffdfa1ccc5bcfba75092ea1,e4040de38f44fe0c326c7e22920574c505a658a4ddfa43ef381ae078717d1c76,0
1,36,2,2.5762388706207275,2.5950634479522705,1.6888185739517212,0.9062448740005493,0.8874202966690063,0.0,-0.0016541530562169688,0.7310703500352571,21.955332938505993,True,435893,78047c37f7145bb68d91b5e6913a6059c84565d77c903817763169e412b32849,f204928b3b1f39927bb1805a1ffcbc394f30d5e41ffdfa1ccc5bcfba75092ea1,8c18569ff4551148cc00eac39e7cee21ac600c902a6d6bc7cc61a40f5567cb1f,0
1,36,3,2.5762388706207275,2.518646001815796,1.7108885049819946,0.8077574968338013,0.8653503656387329,0.0,0.0039493786562258045,0.9101732474765195,21.88862575228212,True,435893,78047c37f7145bb68d91b5e6913a6059c84565d77c903817763169e412b32849,f204928b3b1f39927bb1805a1ffcbc394f30d5e41ffdfa1ccc5bcfba75092ea1,0b50b82bc5f2633d41468fa9ed6aa3e552c86c12a48fc778a0dfd95a38be78b8,0
1,36,4,2.5762388706207275,2.4881813526153564,1.7516316175460815,0.7365497350692749,0.824607253074646,0.0,0.0018752796918412406,0.8002277087106254,21.8901144093658,True,435893,78047c37f7145bb68d91b5e6913a6059c84565d77c903817763169e412b32849,f204928b3b1f39927bb1805a1ffcbc394f30d5e41ffdfa1ccc5bcfba75092ea1,ed21c502012689cbdc73ad2b814e26c471376d1174d584edeca133e103dc33c0,0
1,36,5,2.5762388706207275,2.9264676570892334,1.7247591018676758,1.2017085552215576,0.8514797687530518,0.0,0.0003659850975009345,0.719191989367088,21.94267946448354,True,435893,78047c37f7145bb68d91b5e6913a6059c84565d77c903817763169e412b32849,f204928b3b1f39927bb1805a1ffcbc394f30d5e41ffdfa1ccc5bcfba75092ea1,dc3e889cd6ddc9aeec5237dc9955272251fd733825273d95d3e8635b51324a15,0
1,36,6,2.5762388706207275,2.722794532775879,1.71158766746521,1.011206865310669,0.8646512031555176,0.0,-0.0018771102322549516,0.7794829541785588,21.88356494162415,True,435893,78047c37f7145bb68d91b5e6913a6059c84565d77c903817763169e412b32849,f204928b3b1f39927bb1805a1ffcbc394f30d5e41ffdfa1ccc5bcfba75092ea1,891ffd837dc544774b810c047e647515a5b066ac87d49aa385dabb3718434c19,0
1,36,7,2.5762388706207275,2.615318536758423,1.7206473350524902,0.8946712017059326,0.8555915355682373,0.0,0.0017930201469022878,0.7370453482356885,21.960874560852464,True,435893,78047c37f7145bb68d91b5e6913a6059c84565d77c903817763169e412b32849,f204928b3b1f39927bb1805a1ffcbc394f30d5e41ffdfa1ccc5bcfba75092ea1,616898873abfb29b696e65cc7a6c58a82f7f6d4fb61be9a0447043e40c32ef7a,0
1,36,8,2.5762388706207275,2.7825686931610107,1.7259886264801025,1.0565800666809082,0.850250244140625,0.0,0.0010059257664939301,0.6847750282395719,21.851857977543744,True,435893,78047c37f7145bb68d91b5e6913a6059c84565d77c903817763169e412b32849,f204928b3b1f39927bb1805a1ffcbc394f30d5e41ffdfa1ccc5bcfba75092ea1,ee379f3736deea2d5b461b72e2bd355f99ff03192e3ccde1b8c307d4799ad449,0
1,36,9,2.5762388706207275,2.542417526245117,1.7098791599273682,0.832538366317749,0.8663597106933594,0.0,0.002223184928059374,0.8475540033184311,21.954620338185347,True,435893,78047c37f7145bb68d91b5e6913a6059c84565d77c903817763169e412b32849,f204928b3b1f39927bb1805a1ffcbc394f30d5e41ffdfa1ccc5bcfba75092ea1,499295b990142b14d4db91ed12814830233634296fd23b384a37c3c52dc7de5d,0
1,82,0,2.490325927734375,2.6230318546295166,1.935604214668274,0.6874276399612427,0.5547217130661011,0.0,-0.006049389429176665,1.190576946568775,21.88417551958423,True,481755,41a8b9448148c61b97c33ba209f40b000d13746019389313cfe336844abdbd07,95b5fab71761fcabee5e801d9b0afd7e00f4289625f467d11e4e13ab7d3fbba8,cac28d2f2e4832aea67f5cce8f35703ae6963040f9d8eb981b3194c2c0b348e5,0
1,82,1,2.490325927734375,2.479250431060791,1.875489592552185,0.603760838508606,0.6148363351821899,0.0,-0.0011322979860350986,0.7176274837200126,21.88260687867033,True,481755,41a8b9448148c61b97c33ba209f40b000d13746019389313cfe336844abdbd07,95b5fab71761fcabee5e801d9b0afd7e00f4289625f467d11e4e13ab7d3fbba8,e4040de38f44fe0c326c7e22920574c505a658a4ddfa43ef381ae078717d1c76,0
1,82,2,2.490325927734375,2.5272576808929443,1.8863418102264404,0.6409158706665039,0.6039841175079346,0.0,-0.003523268176872124,0.8986432735467983,21.955332938505993,True,481755,41a8b9448148c61b97c33ba209f40b000d13746019389313cfe336844abdbd07,95b5fab71761fcabee5e801d9b0afd7e00f4289625f467d11e4e13ab7d3fbba8,8c18569ff4551148cc00eac39e7cee21ac600c902a6d6bc7cc61a40f5567cb1f,0
1,82,3,2.490325927734375,2.5231823921203613,1.8906670808792114,0.6325153112411499,0.5996588468551636,0.0,-0.0010299236601207145,1.1382495190976674,21.88862575228212,True,481755,41a8b9448148c61b97c33ba209f40b000d13746019389313cfe336844abdbd07,95b5fab71761fcabee5e801d9b0afd7e00f4289625f467d11e4e13ab7d3fbba8,0b50b82bc5f2633d41468fa9ed6aa3e552c86c12a48fc778a0dfd95a38be78b8,0
1,82,4,2.490325927734375,2.401141881942749,1.9237412214279175,0.47740066051483154,0.5665847063064575,0.0,0.0012608431477797136,0.8300750648094387,21.8901144093658,True,481755,41a8b9448148c61b97c33ba209f40b000d13746019389313cfe336844abdbd07,95b5fab71761fcabee5e801d9b0afd7e00f4289625f467d11e4e13ab7d3fbba8,ed21c502012689cbdc73ad2b814e26c471376d1174d584edeca133e103dc33c0,0
1,82,5,2.490325927734375,2.6348462104797363,1.8743271827697754,0.7605190277099609,0.6159987449645996,0.0,-0.002807089789160139,0.8105809339539742,21.94267946448354,True,481755,41a8b9448148c61b97c33ba209f40b000d13746019389313cfe336844abdbd07,95b5fab71761fcabee5e801d9b0afd7e00f4289625f467d11e4e13ab7d3fbba8,dc3e889cd6ddc9aeec5237dc9955272251fd733825273d95d3e8635b51324a15,0
1,82,6,2.490325927734375,2.5076510906219482,1.9106656312942505,0.5969854593276978,0.5796602964401245,0.0,-0.0012298954948888703,0.7869268032814166,21.88356494162415,True,481755,41a8b9448148c61b97c33ba209f40b000d13746019389313cfe336844abdbd07,95b5fab71761fcabee5e801d9b0afd7e00f4289625f467d11e4e13ab7d3fbba8,891ffd837dc544774b810c047e647515a5b066ac87d49aa385dabb3718434c19,0
1,82,7,2.490325927734375,2.5295655727386475,1.8822274208068848,0.6473381519317627,0.6080985069274902,0.0,0.0009454188580675385,0.7069372009283281,21.960874560852464,True,481755,41a8b9448148c61b97c33ba209f40b000d13746019389313cfe336844abdbd07,95b5fab71761fcabee5e801d9b0afd7e00f4289625f467d11e4e13ab7d3fbba8,616898873abfb29b696e65cc7a6c58a82f7f6d4fb61be9a0447043e40c32ef7a,0
1,82,8,2.490325927734375,2.589942455291748,1.865776538848877,0.7241659164428711,0.624549388885498,0.0,-0.00020661345353971535,0.7008212816524514,21.851857977543744,True,481755,41a8b9448148c61b97c33ba209f40b000d13746019389313cfe336844abdbd07,95b5fab71761fcabee5e801d9b0afd7e00f4289625f467d11e4e13ab7d3fbba8,ee379f3736deea2d5b461b72e2bd355f99ff03192e3ccde1b8c307d4799ad449,0
1,82,9,2.490325927734375,2.5626652240753174,1.9316860437393188,0.6309791803359985,0.5586398839950562,0.0,-0.002119400948651705,0.6980118666401249,21.954620338185347,True,481755,41a8b9448148c61b97c33ba209f40b000d13746019389313cfe336844abdbd07,95b5fab71761fcabee5e801d9b0afd7e00f4289625f467d11e4e13ab7d3fbba8,499295b990142b14d4db91ed12814830233634296fd23b384a37c3c52dc7de5d,0
1,69,0,3.0687429904937744,3.1318984031677246,1.5339034795761108,1.5979949235916138,1.5348395109176636,0.0,0.007867272210971875,0.886766805942673,21.88417551958423,True,468794,6a1a1b1fadf55af9635f126575157651cdcfe59ea42a2cc4ca9c991e61620a4d,2ee8dbfdfb43e89ae8d4764ebaeea80d2b41fd3577413c6b4d1cf524dd6d7c5b,cac28d2f2e4832aea67f5cce8f35703ae6963040f9d8eb981b3194c2c0b348e5,0
1,69,1,3.0687429904937744,2.824096441268921,1.5294221639633179,1.294674277305603,1.5393208265304565,0.0,-0.0019377597272551878,0.7285815020321645,21.88260687867033,True,468794,6a1a1b1fadf55af9635f126575157651cdcfe59ea42a2cc4ca9c991e61620a4d,2ee8dbfdfb43e89ae8d4764ebaeea80d2b41fd3577413c6b4d1cf524dd6d7c5b,e4040de38f44fe0c326c7e22920574c505a658a4ddfa43ef381ae078717d1c76,0
1,69,2,3.0687429904937744,2.9269161224365234,1.564947247505188,1.3619688749313354,1.5037957429885864,0.0,-0.002460241564621398,0.8267972140837954,21.955332938505993,True,468794,6a1a1b1fadf55af9635f126575157651cdcfe59ea42a2cc4ca9c991e61620a4d,2ee8dbfdfb43e89ae8d4764ebaeea80d2b41fd3577413c6b4d1cf524dd6d7c5b,8c18569ff4551148cc00eac39e7cee21ac600c902a6d6bc7cc61a40f5567cb1f,0
1,69,3,3.0687429904937744,3.0800602436065674,1.5832515954971313,1.496808648109436,1.485491394996643,0.0,-0.0003144294682394158,0.876550494349773,21.88862575228212,True,468794,6a1a1b1fadf55af9635f126575157651cdcfe59ea42a2cc4ca9c991e61620a4d,2ee8dbfdfb43e89ae8d4764ebaeea80d2b41fd3577413c6b4d1cf524dd6d7c5b,0b50b82bc5f2633d41468fa9ed6aa3e552c86c12a48fc778a0dfd95a38be78b8,0
1,69,4,3.0687429904937744,2.925675392150879,1.5604121685028076,1.3652632236480713,1.5083308219909668,0.0,0.004647867958316387,0.7616632336317478,21.8901144093658,True,468794,6a1a1b1fadf55af9635f126575157651cdcfe59ea42a2cc4ca9c991e61620a4d,2ee8dbfdfb43e89ae8d4764ebaeea80d2b41fd3577413c6b4d1cf524dd6d7c5b,ed21c502012689cbdc73ad2b814e26c471376d1174d584edeca133e103dc33c0,0
1,69,5,3.0687429904937744,3.180553913116455,1.543531894683838,1.6370220184326172,1.5252110958099365,0.0,0.002945715422918199,0.7111639434694855,21.94267946448354,True,468794,6a1a1b1fadf55af9635f126575157651cdcfe59ea42a2cc4ca9c991e61620a4d,2ee8dbfdfb43e89ae8d4764ebaeea80d2b41fd3577413c6b4d1cf524dd6d7c5b,dc3e889cd6ddc9aeec5237dc9955272251fd733825273d95d3e8635b51324a15,0
1,69,6,3.0687429904937744,3.079500436782837,1.5500110387802124,1.5294893980026245,1.518731951713562,0.0,0.0022647222738786553,0.6649535166925329,21.88356494162415,True,468794,6a1a1b1fadf55af9635f126575157651cdcfe59ea42a2cc4ca9c991e61620a4d,2ee8dbfdfb43e89ae8d4764ebaeea80d2b41fd3577413c6b4d1cf524dd6d7c5b,891ffd837dc544774b810c047e647515a5b066ac87d49aa385dabb3718434c19,0
1,69,7,3.0687429904937744,2.8231070041656494,1.5286502838134766,1.2944567203521729,1.5400927066802979,0.0,-0.0024771338597570063,0.7363364016524903,21.960874560852464,True,468794,6a1a1b1fadf55af9635f126575157651cdcfe59ea42a2cc4ca9c991e61620a4d,2ee8dbfdfb43e89ae8d4764ebaeea80d2b41fd3577413c6b4d1cf524dd6d7c5b,616898873abfb29b696e65cc7a6c58a82f7f6d4fb61be9a0447043e40c32ef7a,0
1,69,8,3.0687429904937744,3.0614259243011475,1.5472021102905273,1.5142238140106201,1.521540880203247,0.0,-0.00415811621126932,0.6416914039021058,21.851857977543744,True,468794,6a1a1b1fadf55af9635f126575157651cdcfe59ea42a2cc4ca9c991e61620a4d,2ee8dbfdfb43e89ae8d4764ebaeea80d2b41fd3577413c6b4d1cf524dd6d7c5b,ee379f3736deea2d5b461b72e2bd355f99ff03192e3ccde1b8c307d4799ad449,0
1,69,9,3.0687429904937744,3.0812230110168457,1.542561411857605,1.5386615991592407,1.5261815786361694,0.0,0.002542275769541072,0.6808811049345437,21.954620338185347,True,468794,6a1a1b1fadf55af9635f126575157651cdcfe59ea42a2cc4ca9c991e61620a4d,2ee8dbfdfb43e89ae8d4764ebaeea80d2b41fd3577413c6b4d1cf524dd6d7c5b,499295b990142b14d4db91ed12814830233634296fd23b384a37c3c52dc7de5d,0
1,65,0,3.1242458820343018,3.1569344997406006,2.0206613540649414,1.1362731456756592,1.1035845279693604,0.0,-0.004681502925046657,1.2428697522918952,21.88417551958423,True,464806,ebbb3a9251cb6a38cd2323b3e93b9ed28f645ef74724a264f728ed88ab33ca24,716e529b8bfc5158eb82df8b2e93a0698421788eb64e0664563d0bbeee81b68c,cac28d2f2e4832aea67f5cce8f35703ae6963040f9d8eb981b3194c2c0b348e5,0
1,65,1,3.1242458820343018,3.0257515907287598,2.0088582038879395,1.0168933868408203,1.1153876781463623,0.0,-0.00013177776499040563,0.9303369937670072,21.88260687867033,True,464806,ebbb3a9251cb6a38cd2323b3e93b9ed28f645ef74724a264f728ed88ab33ca24,716e529b8bfc5158eb82df8b2e93a0698421788eb64e0664563d0bbeee81b68c,e4040de38f44fe0c326c7e22920574c505a658a4ddfa43ef381ae078717d1c76,0
1,65,2,3.1242458820343018,2.9610471725463867,2.0012736320495605,0.9597735404968262,1.1229722499847412,0.0,0.0004695625803420093,0.7707288540406702,21.955332938505993,True,464806,ebbb3a9251cb6a38cd2323b3e93b9ed28f645ef74724a264f728ed88ab33ca24,716e529b8bfc5158eb82df8b2e93a0698421788eb64e0664563d0bbeee81b68c,8c18569ff4551148cc00eac39e7cee21ac600c902a6d6bc7cc61a40f5567cb1f,0
1,65,3,3.1242458820343018,3.066204309463501,2.0178186893463135,1.0483856201171875,1.1064271926879883,0.0,-0.00023674501978463466,0.8632404088058853,21.88862575228212,True,464806,ebbb3a9251cb6a38cd2323b3e93b9ed28f645ef74724a264f728ed88ab33ca24,716e529b8bfc5158eb82df8b2e93a0698421788eb64e0664563d0bbeee81b68c,0b50b82bc5f2633d41468fa9ed6aa3e552c86c12a48fc778a0dfd95a38be78b8,0
1,65,4,3.1242458820343018,2.9376609325408936,2.035604953765869,0.9020559787750244,1.0886409282684326,0.0,0.0006300478457119329,0.7675614191728781,21.8901144093658,True,464806,ebbb3a9251cb6a38cd2323b3e93b9ed28f645ef74724a264f728ed88ab33ca24,716e529b8bfc5158eb82df8b2e93a0698421788eb64e0664563d0bbeee81b68c,ed21c502012689cbdc73ad2b814e26c471376d1174d584edeca133e103dc33c0,0
1,65,5,3.1242458820343018,3.264510154724121,1.9677983522415161,1.296711802482605,1.1564475297927856,0.0,0.000901577891759087,0.7867865607696197,21.94267946448354,True,464806,ebbb3a9251cb6a38cd2323b3e93b9ed28f645ef74724a264f728ed88ab33ca24,716e529b8bfc5158eb82df8b2e93a0698421788eb64e0664563d0bbeee81b68c,dc3e889cd6ddc9aeec5237dc9955272251fd733825273d95d3e8635b51324a15,0
1,65,6,3.1242458820343018,3.225829601287842,1.963352918624878,1.2624766826629639,1.1608929634094238,0.0,-0.001094171657443893,0.8594404340608518,21.88356494162415,True,464806,ebbb3a9251cb6a38cd2323b3e93b9ed28f645ef74724a264f728ed88ab33ca24,716e529b8bfc5158eb82df8b2e93a0698421788eb64e0664563d0bbeee81b68c,891ffd837dc544774b810c047e647515a5b066ac87d49aa385dabb3718434c19,0
1,65,7,3.1242458820343018,2.9978511333465576,1.9755005836486816,1.022350549697876,1.1487452983856201,0.0,-0.005168969580700714,0.730158600717023,21.960874560852464,True,464806,ebbb3a9251cb6a38cd2323b3e93b9ed28f645ef74724a264f728ed88ab33ca24,716e529b8bfc5158eb82df8b2e93a0698421788eb64e0664563d0bbeee81b68c,616898873abfb29b696e65cc7a6c58a82f7f6d4fb61be9a0447043e40c32ef7a,0
1,65,8,3.1242458820343018,3.4936444759368896,1.988978385925293,1.5046660900115967,1.1352674961090088,0.0,0.003390757001855173,0.7448868226539838,21.851857977543744,True,464806,ebbb3a9251cb6a38cd2323b3e93b9ed28f645ef74724a264f728ed88ab33ca24,716e529b8bfc5158eb82df8b2e93a0698421788eb64e0664563d0bbeee81b68c,ee379f3736deea2d5b461b72e2bd355f99ff03192e3ccde1b8c307d4799ad449,0
1,65,9,3.1242458820343018,3.125162363052368,1.9790226221084595,1.1461397409439087,1.1452232599258423,0.0,0.000685862453848178,0.7043739432273599,21.954620338185347,True,464806,ebbb3a9251cb6a38cd2323b3e93b9ed28f645ef74724a264f728ed88ab33ca24,716e529b8bfc5158eb82df8b2e93a0698421788eb64e0664563d0bbeee81b68c,499295b990142b14d4db91ed12814830233634296fd23b384a37c3c52dc7de5d,0
2,44,0,1.8190431594848633,1.9099940061569214,1.82315194606781,0.08684206008911133,-0.004108786582946777,0.004108786582946777,-0.0023559826230621648,0.8075349755717336,21.3064892328843,True,543872,68b13d29dfceecbc6573f7daff3b922fb1b5342843932e4a99ecbb24086ac9b3,7f4753bd043410761f1e1bfaafc08db0dfbb3a8ac9f63e5af6132f1fc78402b0,9d578f8d36f028566d20933df719080ecfa3d71dc73108ab810b49ad0f455e45,0
2,44,1,1.8190431594848633,1.863691806793213,1.7797826528549194,0.08390915393829346,0.03926050662994385,0.0,0.0029382128141320035,0.9328269796723194,21.292778431549554,True,543872,68b13d29dfceecbc6573f7daff3b922fb1b5342843932e4a99ecbb24086ac9b3,7f4753bd043410761f1e1bfaafc08db0dfbb3a8ac9f63e5af6132f1fc78402b0,53cd731014a828b5525f1a3e0a36b8657f4f5ee61df1aebd540fb74b12f474fc,0
2,44,2,1.8190431594848633,1.8693771362304688,1.8487597703933716,0.020617365837097168,-0.0297166109085083,0.0297166109085083,0.0003044921435515725,0.8441808198899726,21.316952692440992,True,543872,68b13d29dfceecbc6573f7daff3b922fb1b5342843932e4a99ecbb24086ac9b3,7f4753bd043410761f1e1bfaafc08db0dfbb3a8ac9f63e5af6132f1fc78402b0,b3deb1b86897223854bad980d48d6992dc33b47c8a4b60ce4a4631d7a781008c,0
2,44,3,1.8190431594848633,1.8241546154022217,1.780436635017395,0.04371798038482666,0.03860652446746826,0.0,0.0029578329001552777,0.928981292671547,21.375720790051883,True,543872,68b13d29dfceecbc6573f7daff3b922fb1b5342843932e4a99ecbb24086ac9b3,7f4753bd043410761f1e1bfaafc08db0dfbb3a8ac9f63e5af6132f1fc78402b0,994189a139a7745a369c6f16d2789a3aedbd4ae1189225a3f49faca860e9dde2,0
2,44,4,1.8190431594848633,1.8176180124282837,1.8091765642166138,0.008441448211669922,0.009866595268249512,0.0,0.0004799513375273638,0.771720276836954,21.215506487563218,True,543872,68b13d29dfceecbc6573f7daff3b922fb1b5342843932e4a99ecbb24086ac9b3,7f4753bd043410761f1e1bfaafc08db0dfbb3a8ac9f63e5af6132f1fc78402b0,20d8a94a339f93b7804d9cd528337fa342251706c4c0fd237e44522db5c8ba60,0
2,44,5,1.8190431594848633,1.9708424806594849,1.7959460020065308,0.1748964786529541,0.02309715747833252,0.0,0.0012724489233133889,0.8096033744829961,21.37333259072668,True,543872,68b13d29dfceecbc6573f7daff3b922fb1b5342843932e4a99ecbb24086ac9b3,7f4753bd043410761f1e1bfaafc08db0dfbb3a8ac9f63e5af6132f1fc78402b0,9c185c6ba8ea449ed78f205c5e96243b1c83247f66e8dacedeff3c110c923308,0
2,44,6,1.8190431594848633,1.8787400722503662,1.8346449136734009,0.04409515857696533,-0.015601754188537598,0.015601754188537598,0.00014760093542797074,0.7619572198648948,21.29767181811577,True,543872,68b13d29dfceecbc6573f7daff3b922fb1b5342843932e4a99ecbb24086ac9b3,7f4753bd043410761f1e1bfaafc08db0dfbb3a8ac9f63e5af6132f1fc78402b0,0f5f6501d9c28d16ae97102523798df194ae07eeba26e69179f9b8d6ebd99859,0
2,44,7,1.8190431594848633,1.8301937580108643,1.811429500579834,0.018764257431030273,0.007613658905029297,0.0,1.62081821832048e-07,0.9249555002754287,21.190421666761626,True,543872,68b13d29dfceecbc6573f7daff3b922fb1b5342843932e4a99ecbb24086ac9b3,7f4753bd043410761f1e1bfaafc08db0dfbb3a8ac9f63e5af6132f1fc78402b0,c5d02168b5569ef54a2393d4c4a761a12ba4f32375b9ae1282f7610b1f147847,0
2,44,8,1.8190431594848633,1.801548719406128,1.836596131324768,-0.03504741191864014,-0.017552971839904785,0.017552971839904785,-0.003559184842722855,0.7232114651220124,21.389561083509737,True,543872,68b13d29dfceecbc6573f7daff3b922fb1b5342843932e4a99ecbb24086ac9b3,7f4753bd043410761f1e1bfaafc08db0dfbb3a8ac9f63e5af6132f1fc78402b0,8b15504779a65c23f78d99f5c2b8cbcac701a08c5b0c7f699ebc58dbac860b2e,0
2,44,9,1.8190431594848633,1.7686859369277954,1.7783950567245483,-0.00970911979675293,0.04064810276031494,0.0,0.00028949990513436836,1.1066788409543338,21.358231784998388,True,543872,68b13d29dfceecbc6573f7daff3b922fb1b5342843932e4a99ecbb24086ac9b3,7f4753bd043410761f1e1bfaafc08db0dfbb3a8ac9f63e5af6132f1fc78402b0,118c0715d9f61fe437d024dbba08dca36fc6d43e5f263fb013af95af5a7bd0de,0
2,96,0,2.71698260307312,2.690498113632202,1.929389476776123,0.7611086368560791,0.7875931262969971,0.0,-4.4908467271119e-05,0.9197611518023487,21.3064892328843,True,595716,f06170d7b7c01246060e7e3b182d223cce403b2d64ee4cdbec4fca35ba5e1d34,41d5568446e2c48d01003610f6732360296c537144c298b254ffd688bf1e4974,9d578f8d36f028566d20933df719080ecfa3d71dc73108ab810b49ad0f455e45,0
2,96,1,2.71698260307312,2.6790153980255127,1.9266419410705566,0.752373456954956,0.7903406620025635,0.0,0.0022653477776169166,0.8147592290596987,21.292778431549554,True,595716,f06170d7b7c01246060e7e3b182d223cce403b2d64ee4cdbec4fca35ba5e1d34,41d5568446e2c48d01003610f6732360296c537144c298b254ffd688bf1e4974,53cd731014a828b5525f1a3e0a36b8657f4f5ee61df1aebd540fb74b12f474fc,0
2,96,2,2.71698260307312,2.8656210899353027,1.9193592071533203,0.9462618827819824,0.7976233959197998,0.0,-0.0024603908015172213,1.1175952874579633,21.316952692440992,True,595716,f06170d7b7c01246060e7e3b182d223cce403b2d64ee4cdbec4fca35ba5e1d34,41d5568446e2c48d01003610f6732360296c537144c298b254ffd688bf1e4974,b3deb1b86897223854bad980d48d6992dc33b47c8a4b60ce4a4631d7a781008c,0
2,96,3,2.71698260307312,2.783263921737671,1.9601889848709106,0.8230749368667603,0.7567936182022095,0.0,-0.0038066267794003746,0.9717853805784276,21.375720790051883,True,595716,f06170d7b7c01246060e7e3b182d223cce403b2d64ee4cdbec4fca35ba5e1d34,41d5568446e2c48d01003610f6732360296c537144c298b254ffd688bf1e4974,994189a139a7745a369c6f16d2789a3aedbd4ae1189225a3f49faca860e9dde2,0
2,96,4,2.71698260307312,2.7115049362182617,1.9530260562896729,0.7584788799285889,0.7639565467834473,0.0,-0.0007158437082654026,0.7698914479260542,21.215506487563218,True,595716,f06170d7b7c01246060e7e3b182d223cce403b2d64ee4cdbec4fca35ba5e1d34,41d5568446e2c48d01003610f6732360296c537144c298b254ffd688bf1e4974,20d8a94a339f93b7804d9cd528337fa342251706c4c0fd237e44522db5c8ba60,0
2,96,5,2.71698260307312,2.845473289489746,1.9879751205444336,0.8574981689453125,0.7290074825286865,0.0,2.2766383049258716e-05,0.8186347023274081,21.37333259072668,True,595716,f06170d7b7c01246060e7e3b182d223cce403b2d64ee4cdbec4fca35ba5e1d34,41d5568446e2c48d01003610f6732360296c537144c298b254ffd688bf1e4974,9c185c6ba8ea449ed78f205c5e96243b1c83247f66e8dacedeff3c110c923308,0
2,96,6,2.71698260307312,2.837459087371826,1.9489277601242065,0.8885313272476196,0.7680548429489136,0.0,-0.002815213628426313,0.83073469246575,21.29767181811577,True,595716,f06170d7b7c01246060e7e3b182d223cce403b2d64ee4cdbec4fca35ba5e1d34,41d5568446e2c48d01003610f6732360296c537144c298b254ffd688bf1e4974,0f5f6501d9c28d16ae97102523798df194ae07eeba26e69179f9b8d6ebd99859,0
2,96,7,2.71698260307312,2.709766387939453,1.9302499294281006,0.7795164585113525,0.7867326736450195,0.0,0.0008567523644195103,0.7775598484413909,21.190421666761626,True,595716,f06170d7b7c01246060e7e3b182d223cce403b2d64ee4cdbec4fca35ba5e1d34,41d5568446e2c48d01003610f6732360296c537144c298b254ffd688bf1e4974,c5d02168b5569ef54a2393d4c4a761a12ba4f32375b9ae1282f7610b1f147847,0
2,96,8,2.71698260307312,2.7480905055999756,1.925649881362915,0.8224406242370605,0.7913327217102051,0.0,-0.0002319169798183222,0.7402292128095458,21.389561083509737,True,595716,f06170d7b7c01246060e7e3b182d223cce403b2d64ee4cdbec4fca35ba5e1d34,41d5568446e2c48d01003610f6732360296c537144c298b254ffd688bf1e4974,8b15504779a65c23f78d99f5c2b8cbcac701a08c5b0c7f699ebc58dbac860b2e,0
2,96,9,2.71698260307312,2.6365549564361572,1.9394384622573853,0.697116494178772,0.7775441408157349,0.0,-0.003633946130880903,2.0364714169695572,21.358231784998388,True,595716,f06170d7b7c01246060e7e3b182d223cce403b2d64ee4cdbec4fca35ba5e1d34,41d5568446e2c48d01003610f6732360296c537144c298b254ffd688bf1e4974,118c0715d9f61fe437d024dbba08dca36fc6d43e5f263fb013af95af5a7bd0de,0
2,1,0,3.1198055744171143,3.166118860244751,2.260868787765503,0.905250072479248,0.8589367866516113,0.0,-0.0006000134954773296,1.0165298544205499,21.3064892328843,True,501001,b26d8e59f2477bb7e6d15c731411c95184e717b01d4b9389f9e77e071d91d853,3b918b259aab92213ec2542c55ff04407ff97d006c1ae916a9d2348988511767,9d578f8d36f028566d20933df719080ecfa3d71dc73108ab810b49ad0f455e45,0
2,1,1,3.1198055744171143,3.197336435317993,2.2242655754089355,0.9730708599090576,0.8955399990081787,0.0,-0.0016091611321320273,0.8661534494280353,21.292778431549554,True,501001,b26d8e59f2477bb7e6d15c731411c95184e717b01d4b9389f9e77e071d91d853,3b918b259aab92213ec2542c55ff04407ff97d006c1ae916a9d2348988511767,53cd731014a828b5525f1a3e0a36b8657f4f5ee61df1aebd540fb74b12f474fc,0
2,1,2,3.1198055744171143,3.189631938934326,2.266847610473633,0.9227843284606934,0.8529579639434814,0.0,8.443226861902803e-05,0.928797779555886,21.316952692440992,True,501001,b26d8e59f2477bb7e6d15c731411c95184e717b01d4b9389f9e77e071d91d853,3b918b259aab92213ec2542c55ff04407ff97d006c1ae916a9d2348988511767,b3deb1b86897223854bad980d48d6992dc33b47c8a4b60ce4a4631d7a781008c,0
2,1,3,3.1198055744171143,3.249307632446289,2.316438674926758,0.9328689575195312,0.8033668994903564,0.0,0.004294424301533823,1.1020825944723789,21.375720790051883,True,501001,b26d8e59f2477bb7e6d15c731411c95184e717b01d4b9389f9e77e071d91d853,3b918b259aab92213ec2542c55ff04407ff97d006c1ae916a9d2348988511767,994189a139a7745a369c6f16d2789a3aedbd4ae1189225a3f49faca860e9dde2,0
2,1,4,3.1198055744171143,3.1585850715637207,2.2515835762023926,0.9070014953613281,0.8682219982147217,0.0,-0.00029966211215071533,0.8663058080841075,21.215506487563218,True,501001,b26d8e59f2477bb7e6d15c731411c95184e717b01d4b9389f9e77e071d91d853,3b918b259aab92213ec2542c55ff04407ff97d006c1ae916a9d2348988511767,20d8a94a339f93b7804d9cd528337fa342251706c4c0fd237e44522db5c8ba60,0
2,1,5,3.1198055744171143,3.19364857673645,2.2275614738464355,0.9660871028900146,0.8922441005706787,0.0,0.0017928836149020114,0.8567751417641118,21.37333259072668,True,501001,b26d8e59f2477bb7e6d15c731411c95184e717b01d4b9389f9e77e071d91d853,3b918b259aab92213ec2542c55ff04407ff97d006c1ae916a9d2348988511767,9c185c6ba8ea449ed78f205c5e96243b1c83247f66e8dacedeff3c110c923308,0
2,1,6,3.1198055744171143,3.1641764640808105,2.2162036895751953,0.9479727745056152,0.903601884841919,0.0,0.00024150623800803857,0.8941781880587305,21.29767181811577,True,501001,b26d8e59f2477bb7e6d15c731411c95184e717b01d4b9389f9e77e071d91d853,3b918b259aab92213ec2542c55ff04407ff97d006c1ae916a9d2348988511767,0f5f6501d9c28d16ae97102523798df194ae07eeba26e69179f9b8d6ebd99859,0
2,1,7,3.1198055744171143,3.1300323009490967,2.285905599594116,0.8441267013549805,0.833899974822998,0.0,0.0008468580434904964,0.8329765594386248,21.190421666761626,True,501001,b26d8e59f2477bb7e6d15c731411c95184e717b01d4b9389f9e77e071d91d853,3b918b259aab92213ec2542c55ff04407ff97d006c1ae916a9d2348988511767,c5d02168b5569ef54a2393d4c4a761a12ba4f32375b9ae1282f7610b1f147847,0
2,1,8,3.1198055744171143,3.1926605701446533,2.2756545543670654,0.9170060157775879,0.8441510200500488,0.0,0.0004044524205328736,0.8569398316951924,21.389561083509737,True,501001,b26d8e59f2477bb7e6d15c731411c95184e717b01d4b9389f9e77e071d91d853,3b918b259aab92213ec2542c55ff04407ff97d006c1ae916a9d2348988511767,8b15504779a65c23f78d99f5c2b8cbcac701a08c5b0c7f699ebc58dbac860b2e,0
2,1,9,3.1198055744171143,2.996706485748291,2.2486438751220703,0.7480626106262207,0.871161699295044,0.0,0.00041355991123560073,1.547610937424197,21.358231784998388,True,501001,b26d8e59f2477bb7e6d15c731411c95184e717b01d4b9389f9e77e071d91d853,3b918b259aab92213ec2542c55ff04407ff97d006c1ae916a9d2348988511767,118c0715d9f61fe437d024dbba08dca36fc6d43e5f263fb013af95af5a7bd0de,0
2,35,0,2.322690486907959,2.1239874362945557,0.589083194732666,1.5349042415618896,1.733607292175293,0.0,0.0023828788767972856,0.6063221804879867,21.3064892328843,True,534899,958aade6788e442fb92f317552acca15c7e511dc5fe447ea59f289b54941e899,d63c7aa564692f03b5a9f570f26194da5c6a378f81f18275ab9fb2dd944e2165,9d578f8d36f028566d20933df719080ecfa3d71dc73108ab810b49ad0f455e45,0
2,35,1,2.322690486907959,2.187514305114746,0.6306215524673462,1.5568927526474,1.6920689344406128,0.0,4.880059731351103e-05,0.6826472456374976,21.292778431549554,True,534899,958aade6788e442fb92f317552acca15c7e511dc5fe447ea59f289b54941e899,d63c7aa564692f03b5a9f570f26194da5c6a378f81f18275ab9fb2dd944e2165,53cd731014a828b5525f1a3e0a36b8657f4f5ee61df1aebd540fb74b12f474fc,0
2,35,2,2.322690486907959,2.3514862060546875,0.6169435977935791,1.7345426082611084,1.7057468891143799,0.0,0.0014225710951055572,0.5911615185083545,21.316952692440992,True,534899,958aade6788e442fb92f317552acca15c7e511dc5fe447ea59f289b54941e899,d63c7aa564692f03b5a9f570f26194da5c6a378f81f18275ab9fb2dd944e2165,b3deb1b86897223854bad980d48d6992dc33b47c8a4b60ce4a4631d7a781008c,0
2,35,3,2.322690486907959,2.3979899883270264,0.6166788935661316,1.7813110947608948,1.7060115933418274,0.0,0.00810998980410113,0.8135894574998752,21.375720790051883,True,534899,958aade6788e442fb92f317552acca15c7e511dc5fe447ea59f289b54941e899,d63c7aa564692f03b5a9f570f26194da5c6a378f81f18275ab9fb2dd944e2165,994189a139a7745a369c6f16d2789a3aedbd4ae1189225a3f49faca860e9dde2,0
2,35,4,2.322690486907959,2.208813190460205,0.6069127917289734,1.6019003987312317,1.7157776951789856,0.0,-0.0013177348844545065,0.6999401179529513,21.215506487563218,True,534899,958aade6788e442fb92f317552acca15c7e511dc5fe447ea59f289b54941e899,d63c7aa564692f03b5a9f570f26194da5c6a378f81f18275ab9fb2dd944e2165,20d8a94a339f93b7804d9cd528337fa342251706c4c0fd237e44522db5c8ba60,0
2,35,5,2.322690486907959,2.0420122146606445,0.6466563940048218,1.3953558206558228,1.6760340929031372,0.0,0.0007842196348489733,0.5574946084157794,21.37333259072668,True,534899,958aade6788e442fb92f317552acca15c7e511dc5fe447ea59f289b54941e899,d63c7aa564692f03b5a9f570f26194da5c6a378f81f18275ab9fb2dd944e2165,9c185c6ba8ea449ed78f205c5e96243b1c83247f66e8dacedeff3c110c923308,0
2,35,6,2.322690486907959,2.2737984657287598,0.6299482583999634,1.6438502073287964,1.6927422285079956,0.0,-0.001710970186942393,0.5707410518902213,21.29767181811577,True,534899,958aade6788e442fb92f317552acca15c7e511dc5fe447ea59f289b54941e899,d63c7aa564692f03b5a9f570f26194da5c6a378f81f18275ab9fb2dd944e2165,0f5f6501d9c28d16ae97102523798df194ae07eeba26e69179f9b8d6ebd99859,0
2,35,7,2.322690486907959,2.2985596656799316,0.5784504413604736,1.720109224319458,1.7442400455474854,0.0,-0.0002841709510184223,0.5554132376628852,21.190421666761626,True,534899,958aade6788e442fb92f317552acca15c7e511dc5fe447ea59f289b54941e899,d63c7aa564692f03b5a9f570f26194da5c6a378f81f18275ab9fb2dd944e2165,c5d02168b5569ef54a2393d4c4a761a12ba4f32375b9ae1282f7610b1f147847,0
2,35,8,2.322690486907959,2.2849528789520264,0.6410031318664551,1.6439497470855713,1.681687355041504,0.0,-0.002125652226204513,0.5508067932815734,21.389561083509737,True,534899,958aade6788e442fb92f317552acca15c7e511dc5fe447ea59f289b54941e899,d63c7aa564692f03b5a9f570f26194da5c6a378f81f18275ab9fb2dd944e2165,8b15504779a65c23f78d99f5c2b8cbcac701a08c5b0c7f699ebc58dbac860b2e,0
2,35,9,2.322690486907959,2.0293986797332764,0.6229671239852905,1.4064315557479858,1.6997233629226685,0.0,0.002009126585084301,0.9084315457495337,21.358231784998388,True,534899,958aade6788e442fb92f317552acca15c7e511dc5fe447ea59f289b54941e899,d63c7aa564692f03b5a9f570f26194da5c6a378f81f18275ab9fb2dd944e2165,118c0715d9f61fe437d024dbba08dca36fc6d43e5f263fb013af95af5a7bd0de,0
2,26,0,2.144939422607422,2.069178819656372,1.532822608947754,0.5363562107086182,0.612116813659668,0.0,0.0004179557302043638,0.7707581592348461,21.3064892328843,True,525926,7860aa5a586ff5825253692f365dd73c978f0250aae018b86c0a2140d7d99778,c9f100154594f80f6e536934566b3e86ac7d21ea2f92c1e991ed46da7fb15e52,9d578f8d36f028566d20933df719080ecfa3d71dc73108ab810b49ad0f455e45,0
2,26,1,2.144939422607422,2.129347085952759,1.624462604522705,0.5048844814300537,0.5204768180847168,0.0,0.0037993867232997036,0.8068324474268193,21.292778431549554,True,525926,7860aa5a586ff5825253692f365dd73c978f0250aae018b86c0a2140d7d99778,c9f100154594f80f6e536934566b3e86ac7d21ea2f92c1e991ed46da7fb15e52,53cd731014a828b5525f1a3e0a36b8657f4f5ee61df1aebd540fb74b12f474fc,0
2,26,2,2.144939422607422,2.181990146636963,1.6127886772155762,0.5692014694213867,0.5321507453918457,0.0,0.0029639378282432433,0.8467933806471756,21.316952692440992,True,525926,7860aa5a586ff5825253692f365dd73c978f0250aae018b86c0a2140d7d99778,c9f100154594f80f6e536934566b3e86ac7d21ea2f92c1e991ed46da7fb15e52,b3deb1b86897223854bad980d48d6992dc33b47c8a4b60ce4a4631d7a781008c,0
2,26,3,2.144939422607422,2.2612504959106445,1.5720412731170654,0.6892092227935791,0.5728981494903564,0.0,0.0006545432881283251,1.052585337470358,21.375720790051883,True,525926,7860aa5a586ff5825253692f365dd73c978f0250aae018b86c0a2140d7d99778,c9f100154594f80f6e536934566b3e86ac7d21ea2f92c1e991ed46da7fb15e52,994189a139a7745a369c6f16d2789a3aedbd4ae1189225a3f49faca860e9dde2,0
2,26,4,2.144939422607422,2.1594831943511963,1.5325208902359009,0.6269623041152954,0.612418532371521,0.0,0.0011798857716571335,0.7951949796620592,21.215506487563218,True,525926,7860aa5a586ff5825253692f365dd73c978f0250aae018b86c0a2140d7d99778,c9f100154594f80f6e536934566b3e86ac7d21ea2f92c1e991ed46da7fb15e52,20d8a94a339f93b7804d9cd528337fa342251706c4c0fd237e44522db5c8ba60,0
2,26,5,2.144939422607422,1.9607915878295898,1.5428680181503296,0.41792356967926025,0.6020714044570923,0.0,0.004468614290005684,0.838413715675212,21.37333259072668,True,525926,7860aa5a586ff5825253692f365dd73c978f0250aae018b86c0a2140d7d99778,c9f100154594f80f6e536934566b3e86ac7d21ea2f92c1e991ed46da7fb15e52,9c185c6ba8ea449ed78f205c5e96243b1c83247f66e8dacedeff3c110c923308,0
2,26,6,2.144939422607422,2.178558588027954,1.6137531995773315,0.5648053884506226,0.5311862230300903,0.0,-0.0015618634144366457,1.080242641163527,21.29767181811577,True,525926,7860aa5a586ff5825253692f365dd73c978f0250aae018b86c0a2140d7d99778,c9f100154594f80f6e536934566b3e86ac7d21ea2f92c1e991ed46da7fb15e52,0f5f6501d9c28d16ae97102523798df194ae07eeba26e69179f9b8d6ebd99859,0
2,26,7,2.144939422607422,2.155242919921875,1.5621917247772217,0.5930511951446533,0.5827476978302002,0.0,0.0018274259072755936,0.8601900477258646,21.190421666761626,True,525926,7860aa5a586ff5825253692f365dd73c978f0250aae018b86c0a2140d7d99778,c9f100154594f80f6e536934566b3e86ac7d21ea2f92c1e991ed46da7fb15e52,c5d02168b5569ef54a2393d4c4a761a12ba4f32375b9ae1282f7610b1f147847,0
2,26,8,2.144939422607422,2.1406054496765137,1.5701860189437866,0.570419430732727,0.5747534036636353,0.0,0.00230722843064593,0.7562143416243926,21.389561083509737,True,525926,7860aa5a586ff5825253692f365dd73c978f0250aae018b86c0a2140d7d99778,c9f100154594f80f6e536934566b3e86ac7d21ea2f92c1e991ed46da7fb15e52,8b15504779a65c23f78d99f5c2b8cbcac701a08c5b0c7f699ebc58dbac860b2e,0
2,26,9,2.144939422607422,2.1807825565338135,1.5905568599700928,0.5902256965637207,0.5543825626373291,0.0,0.0021903230005021214,0.9220991056308099,21.358231784998388,True,525926,7860aa5a586ff5825253692f365dd73c978f0250aae018b86c0a2140d7d99778,c9f100154594f80f6e536934566b3e86ac7d21ea2f92c1e991ed46da7fb15e52,118c0715d9f61fe437d024dbba08dca36fc6d43e5f263fb013af95af5a7bd0de,0
2,11,0,3.240892171859741,3.1371452808380127,1.9582176208496094,1.1789276599884033,1.2826745510101318,0.0,6.204257292450641e-05,0.8596242215990064,21.3064892328843,True,510971,740aa6f9e8eaefa236d466732a42abacab73ff7497493fc587ec5df75272faed,ed7fb10de426a160d174aab2c8ca5955e24ac7a0176553d1dc61ae0980f54cfa,9d578f8d36f028566d20933df719080ecfa3d71dc73108ab810b49ad0f455e45,0
2,11,1,3.240892171859741,3.3113930225372314,1.9901360273361206,1.3212569952011108,1.2507561445236206,0.0,-0.002803526169383319,0.8871093732867014,21.292778431549554,True,510971,740aa6f9e8eaefa236d466732a42abacab73ff7497493fc587ec5df75272faed,ed7fb10de426a160d174aab2c8ca5955e24ac7a0176553d1dc61ae0980f54cfa,53cd731014a828b5525f1a3e0a36b8657f4f5ee61df1aebd540fb74b12f474fc,0
2,11,2,3.240892171859741,3.305640935897827,2.0122413635253906,1.2933995723724365,1.2286508083343506,0.0,-0.0007507137341900832,0.8922752882624226,21.316952692440992,True,510971,740aa6f9e8eaefa236d466732a42abacab73ff7497493fc587ec5df75272faed,ed7fb10de426a160d174aab2c8ca5955e24ac7a0176553d1dc61ae0980f54cfa,b3deb1b86897223854bad980d48d6992dc33b47c8a4b60ce4a4631d7a781008c,0
2,11,3,3.240892171859741,3.236351490020752,1.9943690299987793,1.2419824600219727,1.246523141860962,0.0,-0.0005152696780906095,0.9431311261853952,21.375720790051883,True,510971,740aa6f9e8eaefa236d466732a42abacab73ff7497493fc587ec5df75272faed,ed7fb10de426a160d174aab2c8ca5955e24ac7a0176553d1dc61ae0980f54cfa,994189a139a7745a369c6f16d2789a3aedbd4ae1189225a3f49faca860e9dde2,0
2,11,4,3.240892171859741,3.2753729820251465,2.0037682056427,1.2716047763824463,1.237123966217041,0.0,0.004744369138262552,0.9484593329916697,21.215506487563218,True,510971,740aa6f9e8eaefa236d466732a42abacab73ff7497493fc587ec5df75272faed,ed7fb10de426a160d174aab2c8ca5955e24ac7a0176553d1dc61ae0980f54cfa,20d8a94a339f93b7804d9cd528337fa342251706c4c0fd237e44522db5c8ba60,0
2,11,5,3.240892171859741,3.287519931793213,1.972689151763916,1.3148307800292969,1.2682030200958252,0.0,-0.002001232530606128,0.8615108621972377,21.37333259072668,True,510971,740aa6f9e8eaefa236d466732a42abacab73ff7497493fc587ec5df75272faed,ed7fb10de426a160d174aab2c8ca5955e24ac7a0176553d1dc61ae0980f54cfa,9c185c6ba8ea449ed78f205c5e96243b1c83247f66e8dacedeff3c110c923308,0
2,11,6,3.240892171859741,3.1954169273376465,2.033942222595215,1.1614747047424316,1.2069499492645264,0.0,0.005405886983551173,0.994590300566896,21.29767181811577,True,510971,740aa6f9e8eaefa236d466732a42abacab73ff7497493fc587ec5df75272faed,ed7fb10de426a160d174aab2c8ca5955e24ac7a0176553d1dc61ae0980f54cfa,0f5f6501d9c28d16ae97102523798df194ae07eeba26e69179f9b8d6ebd99859,0
2,11,7,3.240892171859741,3.179887056350708,1.9773627519607544,1.2025243043899536,1.2635294198989868,0.0,0.002518668238139437,0.9903886187655431,21.190421666761626,True,510971,740aa6f9e8eaefa236d466732a42abacab73ff7497493fc587ec5df75272faed,ed7fb10de426a160d174aab2c8ca5955e24ac7a0176553d1dc61ae0980f54cfa,c5d02168b5569ef54a2393d4c4a761a12ba4f32375b9ae1282f7610b1f147847,0
2,11,8,3.240892171859741,3.0429813861846924,1.9839035272598267,1.0590778589248657,1.2569886445999146,0.0,0.0009031910106187841,0.8980101336675812,21.389561083509737,True,510971,740aa6f9e8eaefa236d466732a42abacab73ff7497493fc587ec5df75272faed,ed7fb10de426a160d174aab2c8ca5955e24ac7a0176553d1dc61ae0980f54cfa,8b15504779a65c23f78d99f5c2b8cbcac701a08c5b0c7f699ebc58dbac860b2e,0
2,11,9,3.240892171859741,3.0025415420532227,1.973010778427124,1.0295307636260986,1.2678813934326172,0.0,0.005148560936228538,1.1013833499051893,21.358231784998388,True,510971,740aa6f9e8eaefa236d466732a42abacab73ff7497493fc587ec5df75272faed,ed7fb10de426a160d174aab2c8ca5955e24ac7a0176553d1dc61ae0980f54cfa,118c0715d9f61fe437d024dbba08dca36fc6d43e5f263fb013af95af5a7bd0de,0
2,38,0,2.3041083812713623,2.2228572368621826,1.7368782758712769,0.48597896099090576,0.5672301054000854,0.0,0.0044098539407928915,0.7898368289801334,21.3064892328843,True,537890,1f133b49688c8eda551e0d8c592f343e8e6d2a0b95a30080028104323801b0ee,1c22b413c6af7fc84f90706833e556e983132b7add6708331dffcb26e4ef30b9,9d578f8d36f028566d20933df719080ecfa3d71dc73108ab810b49ad0f455e45,0
2,38,1,2.3041083812713623,2.2363858222961426,1.7363711595535278,0.5000146627426147,0.5677372217178345,0.0,0.0020480503799846484,1.0058659955484315,21.292778431549554,True,537890,1f133b49688c8eda551e0d8c592f343e8e6d2a0b95a30080028104323801b0ee,1c22b413c6af7fc84f90706833e556e983132b7add6708331dffcb26e4ef30b9,53cd731014a828b5525f1a3e0a36b8657f4f5ee61df1aebd540fb74b12f474fc,0
2,38,2,2.3041083812713623,2.260286808013916,1.6821099519729614,0.5781768560409546,0.6219984292984009,0.0,0.003267872655416993,0.7677143984300295,21.316952692440992,True,537890,1f133b49688c8eda551e0d8c592f343e8e6d2a0b95a30080028104323801b0ee,1c22b413c6af7fc84f90706833e556e983132b7add6708331dffcb26e4ef30b9,b3deb1b86897223854bad980d48d6992dc33b47c8a4b60ce4a4631d7a781008c,0
2,38,3,2.3041083812713623,2.4521374702453613,1.6898431777954102,0.7622942924499512,0.6142652034759521,0.0,-0.000630486229204373,0.9989932340553425,21.375720790051883,True,537890,1f133b49688c8eda551e0d8c592f343e8e6d2a0b95a30080028104323801b0ee,1c22b413c6af7fc84f90706833e556e983132b7add6708331dffcb26e4ef30b9,994189a139a7745a369c6f16d2789a3aedbd4ae1189225a3f49faca860e9dde2,0
2,38,4,2.3041083812713623,2.2546393871307373,1.6894490718841553,0.565190315246582,0.614659309387207,0.0,-0.00511632187123721,0.8720134120095367,21.215506487563218,True,537890,1f133b49688c8eda551e0d8c592f343e8e6d2a0b95a30080028104323801b0ee,1c22b413c6af7fc84f90706833e556e983132b7add6708331dffcb26e4ef30b9,20d8a94a339f93b7804d9cd528337fa342251706c4c0fd237e44522db5c8ba60,0
2,38,5,2.3041083812713623,1.9525492191314697,1.7385691404342651,0.2139800786972046,0.5655392408370972,0.0,0.004844171151908034,0.789630713579279,21.37333259072668,True,537890,1f133b49688c8eda551e0d8c592f343e8e6d2a0b95a30080028104323801b0ee,1c22b413c6af7fc84f90706833e556e983132b7add6708331dffcb26e4ef30b9,9c185c6ba8ea449ed78f205c5e96243b1c83247f66e8dacedeff3c110c923308,0
2,38,6,2.3041083812713623,2.2360856533050537,1.7116535902023315,0.5244320631027222,0.5924547910690308,0.0,0.0009562346501644423,0.9486190268617439,21.29767181811577,True,537890,1f133b49688c8eda551e0d8c592f343e8e6d2a0b95a30080028104323801b0ee,1c22b413c6af7fc84f90706833e556e983132b7add6708331dffcb26e4ef30b9,0f5f6501d9c28d16ae97102523798df194ae07eeba26e69179f9b8d6ebd99859,0
2,38,7,2.3041083812713623,2.2833914756774902,1.6624391078948975,0.6209523677825928,0.6416692733764648,0.0,0.003914115785300733,0.8243767134567704,21.190421666761626,True,537890,1f133b49688c8eda551e0d8c592f343e8e6d2a0b95a30080028104323801b0ee,1c22b413c6af7fc84f90706833e556e983132b7add6708331dffcb26e4ef30b9,c5d02168b5569ef54a2393d4c4a761a12ba4f32375b9ae1282f7610b1f147847,0
2,38,8,2.3041083812713623,2.369950532913208,1.7012901306152344,0.6686604022979736,0.6028182506561279,0.0,0.0041190127658957895,0.7780049137648614,21.389561083509737,True,537890,1f133b49688c8eda551e0d8c592f343e8e6d2a0b95a30080028104323801b0ee,1c22b413c6af7fc84f90706833e556e983132b7add6708331dffcb26e4ef30b9,8b15504779a65c23f78d99f5c2b8cbcac701a08c5b0c7f699ebc58dbac860b2e,0
2,38,9,2.3041083812713623,2.269230604171753,1.7167017459869385,0.5525288581848145,0.5874066352844238,0.0,-0.00012908697359311305,1.1620780604465029,21.358231784998388,True,537890,1f133b49688c8eda551e0d8c592f343e8e6d2a0b95a30080028104323801b0ee,1c22b413c6af7fc84f90706833e556e983132b7add6708331dffcb26e4ef30b9,118c0715d9f61fe437d024dbba08dca36fc6d43e5f263fb013af95af5a7bd0de,0
2,82,0,2.7179062366485596,2.702018976211548,1.7340590953826904,0.9679598808288574,0.9838471412658691,0.0,0.0018055484038033635,0.8979851456458291,21.3064892328843,True,581758,38794bfe81150cd11c50f3bb403fac912a1657c76890259592809e018a588a9c,3bf7863b087036a5d7f3e4475d5cc496af692590050404aab8c592aa3f0bbc01,9d578f8d36f028566d20933df719080ecfa3d71dc73108ab810b49ad0f455e45,0
2,82,1,2.7179062366485596,2.693345308303833,1.7291465997695923,0.9641987085342407,0.9887596368789673,0.0,-0.0037746611531449398,0.8841611249266673,21.292778431549554,True,581758,38794bfe81150cd11c50f3bb403fac912a1657c76890259592809e018a588a9c,3bf7863b087036a5d7f3e4475d5cc496af692590050404aab8c592aa3f0bbc01,53cd731014a828b5525f1a3e0a36b8657f4f5ee61df1aebd540fb74b12f474fc,0
2,82,2,2.7179062366485596,2.6083343029022217,1.6971759796142578,0.9111583232879639,1.0207302570343018,0.0,0.00037870228073080684,0.7953518947413992,21.316952692440992,True,581758,38794bfe81150cd11c50f3bb403fac912a1657c76890259592809e018a588a9c,3bf7863b087036a5d7f3e4475d5cc496af692590050404aab8c592aa3f0bbc01,b3deb1b86897223854bad980d48d6992dc33b47c8a4b60ce4a4631d7a781008c,0
2,82,3,2.7179062366485596,2.9346344470977783,1.7059696912765503,1.228664755821228,1.0119365453720093,0.0,0.0009595246335821541,0.8680462828644127,21.375720790051883,True,581758,38794bfe81150cd11c50f3bb403fac912a1657c76890259592809e018a588a9c,3bf7863b087036a5d7f3e4475d5cc496af692590050404aab8c592aa3f0bbc01,994189a139a7745a369c6f16d2789a3aedbd4ae1189225a3f49faca860e9dde2,0
2,82,4,2.7179062366485596,2.712207317352295,1.7240813970565796,0.9881259202957153,0.99382483959198,0.0,0.001687970272461301,0.8649668100433703,21.215506487563218,True,581758,38794bfe81150cd11c50f3bb403fac912a1657c76890259592809e018a588a9c,3bf7863b087036a5d7f3e4475d5cc496af692590050404aab8c592aa3f0bbc01,20d8a94a339f93b7804d9cd528337fa342251706c4c0fd237e44522db5c8ba60,0
2,82,5,2.7179062366485596,2.543485641479492,1.7439022064208984,0.7995834350585938,0.9740040302276611,0.0,0.0008167137205314196,1.01056163772539,21.37333259072668,True,581758,38794bfe81150cd11c50f3bb403fac912a1657c76890259592809e018a588a9c,3bf7863b087036a5d7f3e4475d5cc496af692590050404aab8c592aa3f0bbc01,9c185c6ba8ea449ed78f205c5e96243b1c83247f66e8dacedeff3c110c923308,0
2,82,6,2.7179062366485596,2.5377237796783447,1.7057968378067017,0.8319269418716431,1.012109398841858,0.0,0.0017486413176625072,0.9154577824052407,21.29767181811577,True,581758,38794bfe81150cd11c50f3bb403fac912a1657c76890259592809e018a588a9c,3bf7863b087036a5d7f3e4475d5cc496af692590050404aab8c592aa3f0bbc01,0f5f6501d9c28d16ae97102523798df194ae07eeba26e69179f9b8d6ebd99859,0
2,82,7,2.7179062366485596,2.6953837871551514,1.7196989059448242,0.9756848812103271,0.9982073307037354,0.0,0.0058786474759806515,0.9520676113900011,21.190421666761626,True,581758,38794bfe81150cd11c50f3bb403fac912a1657c76890259592809e018a588a9c,3bf7863b087036a5d7f3e4475d5cc496af692590050404aab8c592aa3f0bbc01,c5d02168b5569ef54a2393d4c4a761a12ba4f32375b9ae1282f7610b1f147847,0
2,82,8,2.7179062366485596,2.935431480407715,1.6903053522109985,1.2451261281967163,1.027600884437561,0.0,-0.0010336239194866348,0.9414401324296261,21.389561083509737,True,581758,38794bfe81150cd11c50f3bb403fac912a1657c76890259592809e018a588a9c,3bf7863b087036a5d7f3e4475d5cc496af692590050404aab8c592aa3f0bbc01,8b15504779a65c23f78d99f5c2b8cbcac701a08c5b0c7f699ebc58dbac860b2e,0
2,82,9,2.7179062366485596,2.6861655712127686,1.689531683921814,0.9966338872909546,1.0283745527267456,0.0,0.0011474146456047227,1.0067549390589032,21.358231784998388,True,581758,38794bfe81150cd11c50f3bb403fac912a1657c76890259592809e018a588a9c,3bf7863b087036a5d7f3e4475d5cc496af692590050404aab8c592aa3f0bbc01,118c0715d9f61fe437d024dbba08dca36fc6d43e5f263fb013af95af5a7bd0de,0
2,87,0,1.9171640872955322,1.8916956186294556,1.5553693771362305,0.3363262414932251,0.36179471015930176,0.0,0.0033037488699728663,0.9132880696523603,21.3064892328843,True,586743,7b272368429654c0527e9655948c16efd145a2e351afb4eb99ed49b3fa307965,830506b004e54ea3382e77f48723b8ebfbd36c3208868d984b2214ef1dbc1e5e,9d578f8d36f028566d20933df719080ecfa3d71dc73108ab810b49ad0f455e45,0
2,87,1,1.9171640872955322,1.871042013168335,1.5715105533599854,0.2995314598083496,0.3456535339355469,0.0,4.731792232836314e-05,0.9118664499625564,21.292778431549554,True,586743,7b272368429654c0527e9655948c16efd145a2e351afb4eb99ed49b3fa307965,830506b004e54ea3382e77f48723b8ebfbd36c3208868d984b2214ef1dbc1e5e,53cd731014a828b5525f1a3e0a36b8657f4f5ee61df1aebd540fb74b12f474fc,0
2,87,2,1.9171640872955322,2.025190830230713,1.5805782079696655,0.44461262226104736,0.3365858793258667,0.0,0.0023854929112959253,1.0051427437149052,21.316952692440992,True,586743,7b272368429654c0527e9655948c16efd145a2e351afb4eb99ed49b3fa307965,830506b004e54ea3382e77f48723b8ebfbd36c3208868d984b2214ef1dbc1e5e,b3deb1b86897223854bad980d48d6992dc33b47c8a4b60ce4a4631d7a781008c,0
2,87,3,1.9171640872955322,1.9334936141967773,1.5686296224594116,0.3648639917373657,0.3485344648361206,0.0,9.259612858711515e-05,1.3230672881178474,21.375720790051883,True,586743,7b272368429654c0527e9655948c16efd145a2e351afb4eb99ed49b3fa307965,830506b004e54ea3382e77f48723b8ebfbd36c3208868d984b2214ef1dbc1e5e,994189a139a7745a369c6f16d2789a3aedbd4ae1189225a3f49faca860e9dde2,0
2,87,4,1.9171640872955322,1.8877673149108887,1.6209936141967773,0.26677370071411133,0.2961704730987549,0.0,-0.0030161186740273543,0.85037724904049,21.215506487563218,True,586743,7b272368429654c0527e9655948c16efd145a2e351afb4eb99ed49b3fa307965,830506b004e54ea3382e77f48723b8ebfbd36c3208868d984b2214ef1dbc1e5e,20d8a94a339f93b7804d9cd528337fa342251706c4c0fd237e44522db5c8ba60,0
2,87,5,1.9171640872955322,1.8970333337783813,1.5909252166748047,0.30610811710357666,0.32623887062072754,0.0,-0.0028662975480940843,0.8163331080447399,21.37333259072668,True,586743,7b272368429654c0527e9655948c16efd145a2e351afb4eb99ed49b3fa307965,830506b004e54ea3382e77f48723b8ebfbd36c3208868d984b2214ef1dbc1e5e,9c185c6ba8ea449ed78f205c5e96243b1c83247f66e8dacedeff3c110c923308,0
2,87,6,1.9171640872955322,1.9378180503845215,1.6077114343643188,0.33010661602020264,0.3094526529312134,0.0,0.0011120727203761732,0.8616897374048214,21.29767181811577,True,586743,7b272368429654c0527e9655948c16efd145a2e351afb4eb99ed49b3fa307965,830506b004e54ea3382e77f48723b8ebfbd36c3208868d984b2214ef1dbc1e5e,0f5f6501d9c28d16ae97102523798df194ae07eeba26e69179f9b8d6ebd99859,0
2,87,7,1.9171640872955322,1.9402259588241577,1.6178333759307861,0.3223925828933716,0.2993307113647461,0.0,0.00232835116018187,0.8143943987628792,21.190421666761626,True,586743,7b272368429654c0527e9655948c16efd145a2e351afb4eb99ed49b3fa307965,830506b004e54ea3382e77f48723b8ebfbd36c3208868d984b2214ef1dbc1e5e,c5d02168b5569ef54a2393d4c4a761a12ba4f32375b9ae1282f7610b1f147847,0
2,87,8,1.9171640872955322,1.8730864524841309,1.5672518014907837,0.30583465099334717,0.34991228580474854,0.0,-0.0007071889669761593,0.7696984448384308,21.389561083509737,True,586743,7b272368429654c0527e9655948c16efd145a2e351afb4eb99ed49b3fa307965,830506b004e54ea3382e77f48723b8ebfbd36c3208868d984b2214ef1dbc1e5e,8b15504779a65c23f78d99f5c2b8cbcac701a08c5b0c7f699ebc58dbac860b2e,0
2,87,9,1.9171640872955322,1.8013815879821777,1.6008796691894531,0.2005019187927246,0.3162844181060791,0.0,0.003045361393088929,1.1662532264361427,21.358231784998388,True,586743,7b272368429654c0527e9655948c16efd145a2e351afb4eb99ed49b3fa307965,830506b004e54ea3382e77f48723b8ebfbd36c3208868d984b2214ef1dbc1e5e,118c0715d9f61fe437d024dbba08dca36fc6d43e5f263fb013af95af5a7bd0de,0
2,3,0,3.0135116577148438,3.018131732940674,1.7797439098358154,1.2383878231048584,1.2337677478790283,0.0,-0.00033531391549588874,0.8231523060019542,21.3064892328843,True,502995,48ad8fb231a76f636136254fd133dc2d637abad60d97723974d645277186a3fe,b121a07e525ea8c393c3e206af7e9f0c2c4e93fcc1a14a3f9e80cc7314ea0910,9d578f8d36f028566d20933df719080ecfa3d71dc73108ab810b49ad0f455e45,0
2,3,1,3.0135116577148438,3.0602779388427734,1.7642302513122559,1.2960476875305176,1.249281406402588,0.0,0.0027793714724099207,0.882022461305494,21.292778431549554,True,502995,48ad8fb231a76f636136254fd133dc2d637abad60d97723974d645277186a3fe,b121a07e525ea8c393c3e206af7e9f0c2c4e93fcc1a14a3f9e80cc7314ea0910,53cd731014a828b5525f1a3e0a36b8657f4f5ee61df1aebd540fb74b12f474fc,0
2,3,2,3.0135116577148438,3.0513806343078613,1.7303476333618164,1.321033000946045,1.2831640243530273,0.0,0.001444884189611786,0.8560934957777796,21.316952692440992,True,502995,48ad8fb231a76f636136254fd133dc2d637abad60d97723974d645277186a3fe,b121a07e525ea8c393c3e206af7e9f0c2c4e93fcc1a14a3f9e80cc7314ea0910,b3deb1b86897223854bad980d48d6992dc33b47c8a4b60ce4a4631d7a781008c,0
2,3,3,3.0135116577148438,3.0707967281341553,1.7482603788375854,1.3225363492965698,1.2652512788772583,0.0,0.0006632494419689599,0.9996357267125912,21.375720790051883,True,502995,48ad8fb231a76f636136254fd133dc2d637abad60d97723974d645277186a3fe,b121a07e525ea8c393c3e206af7e9f0c2c4e93fcc1a14a3f9e80cc7314ea0910,994189a139a7745a369c6f16d2789a3aedbd4ae1189225a3f49faca860e9dde2,0
2,3,4,3.0135116577148438,3.003929376602173,1.771302342414856,1.232627034187317,1.2422093152999878,0.0,0.0005326388202181285,0.8532300600953836,21.215506487563218,True,502995,48ad8fb231a76f636136254fd133dc2d637abad60d97723974d645277186a3fe,b121a07e525ea8c393c3e206af7e9f0c2c4e93fcc1a14a3f9e80cc7314ea0910,20d8a94a339f93b7804d9cd528337fa342251706c4c0fd237e44522db5c8ba60,0
2,3,5,3.0135116577148438,3.0640358924865723,1.8220943212509155,1.2419415712356567,1.1914173364639282,0.0,-0.0002124386006477638,0.9392432981447726,21.37333259072668,True,502995,48ad8fb231a76f636136254fd133dc2d637abad60d97723974d645277186a3fe,b121a07e525ea8c393c3e206af7e9f0c2c4e93fcc1a14a3f9e80cc7314ea0910,9c185c6ba8ea449ed78f205c5e96243b1c83247f66e8dacedeff3c110c923308,0
2,3,6,3.0135116577148438,3.0519790649414062,1.7262166738510132,1.325762391090393,1.2872949838638306,0.0,-0.0022013054407073376,1.0782858777548032,21.29767181811577,True,502995,48ad8fb231a76f636136254fd133dc2d637abad60d97723974d645277186a3fe,b121a07e525ea8c393c3e206af7e9f0c2c4e93fcc1a14a3f9e80cc7314ea0910,0f5f6501d9c28d16ae97102523798df194ae07eeba26e69179f9b8d6ebd99859,0
2,3,7,3.0135116577148438,3.01212477684021,1.7746068239212036,1.2375179529190063,1.2389048337936401,0.0,0.005741451592764384,0.8584126051478456,21.190421666761626,True,502995,48ad8fb231a76f636136254fd133dc2d637abad60d97723974d645277186a3fe,b121a07e525ea8c393c3e206af7e9f0c2c4e93fcc1a14a3f9e80cc7314ea0910,c5d02168b5569ef54a2393d4c4a761a12ba4f32375b9ae1282f7610b1f147847,0
2,3,8,3.0135116577148438,3.233076810836792,1.7822805643081665,1.4507962465286255,1.2312310934066772,0.0,-0.0017982965088064208,0.8194291992725773,21.389561083509737,True,502995,48ad8fb231a76f636136254fd133dc2d637abad60d97723974d645277186a3fe,b121a07e525ea8c393c3e206af7e9f0c2c4e93fcc1a14a3f9e80cc7314ea0910,8b15504779a65c23f78d99f5c2b8cbcac701a08c5b0c7f699ebc58dbac860b2e,0
2,3,9,3.0135116577148438,2.962892532348633,1.7586867809295654,1.2042057514190674,1.2548248767852783,0.0,0.0005226192075917777,1.1822984765052746,21.358231784998388,True,502995,48ad8fb231a76f636136254fd133dc2d637abad60d97723974d645277186a3fe,b121a07e525ea8c393c3e206af7e9f0c2c4e93fcc1a14a3f9e80cc7314ea0910,118c0715d9f61fe437d024dbba08dca36fc6d43e5f263fb013af95af5a7bd0de,0
3,95,0,2.6389143466949463,2.5913186073303223,1.6752092838287354,0.9161093235015869,0.9637050628662109,0.0,0.000677360125045739,1.187636649117791,20.814049206129653,True,694722,0bfc2d5771be7853f0b1e614fbff09f032d850e998f44e4bf6244b4f94e77fb9,b4dbb86f21099072586a75983b53fb63c86a4bdbb72c550a809183a406d4324d,79d81b2e27b72bd2a994a90ee63b5be8374a880f9420f2bc3b0c43bdb43f8a7f,0
3,95,1,2.6389143466949463,2.7552361488342285,1.640462875366211,1.1147732734680176,0.9984514713287354,0.0,-0.0045153878621880025,1.0812241336727324,20.613374430357535,True,694722,0bfc2d5771be7853f0b1e614fbff09f032d850e998f44e4bf6244b4f94e77fb9,b4dbb86f21099072586a75983b53fb63c86a4bdbb72c550a809183a406d4324d,633e7ecc8e48a89742a86c57fe52e0f3f919e621771672f682f38ba2c1297949,0
3,95,2,2.6389143466949463,2.6166155338287354,1.6890013217926025,0.9276142120361328,0.9499130249023438,0.0,-0.0057319826387690655,1.134353623636832,20.731670085303833,True,694722,0bfc2d5771be7853f0b1e614fbff09f032d850e998f44e4bf6244b4f94e77fb9,b4dbb86f21099072586a75983b53fb63c86a4bdbb72c550a809183a406d4324d,48bbb45862e19b6987905144c97d165dec0b2862e985a3fe3df3d44fd72d19bb,0
3,95,3,2.6389143466949463,2.572141647338867,1.7151999473571777,0.8569416999816895,0.9237143993377686,0.0,0.004376526570234933,1.091244239454737,20.71454105938272,True,694722,0bfc2d5771be7853f0b1e614fbff09f032d850e998f44e4bf6244b4f94e77fb9,b4dbb86f21099072586a75983b53fb63c86a4bdbb72c550a809183a406d4324d,15a2c202c42b928d31b54058079ce9ec4e9e027fba9d8cf539e74bb523b4e404,0
3,95,4,2.6389143466949463,2.6639821529388428,1.6839468479156494,0.9800353050231934,0.9549674987792969,0.0,-0.0012602497369822825,1.0685662267902951,20.697255924035886,True,694722,0bfc2d5771be7853f0b1e614fbff09f032d850e998f44e4bf6244b4f94e77fb9,b4dbb86f21099072586a75983b53fb63c86a4bdbb72c550a809183a406d4324d,6a8d1c27c6a8ef325692a612b01c2b5d2db3ebb40a38f6b2ed37a876ac0911af,0
3,95,5,2.6389143466949463,2.675424337387085,1.672202467918396,1.003221869468689,0.9667118787765503,0.0,0.0031102628395783677,1.0936536254238927,20.876677322359946,True,694722,0bfc2d5771be7853f0b1e614fbff09f032d850e998f44e4bf6244b4f94e77fb9,b4dbb86f21099072586a75983b53fb63c86a4bdbb72c550a809183a406d4324d,64cceee4f62d64796137e9ff6525e830449c6b59da80de263f7fc6d02b166ca8,0
3,95,6,2.6389143466949463,2.581834554672241,1.6956195831298828,0.8862149715423584,0.9432947635650635,0.0,0.0013436797968603188,1.086009046966965,20.736818402672288,True,694722,0bfc2d5771be7853f0b1e614fbff09f032d850e998f44e4bf6244b4f94e77fb9,b4dbb86f21099072586a75983b53fb63c86a4bdbb72c550a809183a406d4324d,ebf40758bc000a8d446217eab5095710bdc2d30950afd30f546fc3d66a14f72b,0
3,95,7,2.6389143466949463,2.5686261653900146,1.7428240776062012,0.8258020877838135,0.8960902690887451,0.0,0.002309682014420982,1.2682963239385696,20.771423206167793,True,694722,0bfc2d5771be7853f0b1e614fbff09f032d850e998f44e4bf6244b4f94e77fb9,b4dbb86f21099072586a75983b53fb63c86a4bdbb72c550a809183a406d4324d,ffee0e5cac9a7e63c31632c2a27365aface36642cf1be251dd14c0fb4189eaa7,0
3,95,8,2.6389143466949463,2.5610251426696777,1.7472174167633057,0.8138077259063721,0.8916969299316406,0.0,0.003040020491057046,1.5285838200004067,20.75244716822535,True,694722,0bfc2d5771be7853f0b1e614fbff09f032d850e998f44e4bf6244b4f94e77fb9,b4dbb86f21099072586a75983b53fb63c86a4bdbb72c550a809183a406d4324d,75077a073f8b9d78b0a77ccf0b0045e493f7e8b989bec94ff95f4e79ca4d34ac,0
3,95,9,2.6389143466949463,2.4777965545654297,1.6545964479446411,0.8232001066207886,0.9843178987503052,0.0,-0.0004099959856342183,1.085672065960657,20.74474853732853,True,694722,0bfc2d5771be7853f0b1e614fbff09f032d850e998f44e4bf6244b4f94e77fb9,b4dbb86f21099072586a75983b53fb63c86a4bdbb72c550a809183a406d4324d,4f328d17722d0a7f920c51a5b0d8f10774c2f10eb4fce9ae8a30af7cd4da9a9c,0
3,67,0,3.393251657485962,3.251034736633301,1.5896273851394653,1.6614073514938354,1.8036242723464966,0.0,9.495340291390098e-05,0.9637573104741214,20.814049206129653,True,666806,bc97744b94cd7973bd6e0dad267358102f98bf9c24e59777f0be87abdd752fa1,4255f6c71d4c3f7ca76246639a3cc1a52f5c0872335968d55583e4d555818fb6,79d81b2e27b72bd2a994a90ee63b5be8374a880f9420f2bc3b0c43bdb43f8a7f,0
3,67,1,3.393251657485962,3.4822704792022705,1.5563474893569946,1.9259229898452759,1.8369041681289673,0.0,0.002442909909143459,0.8746772032797588,20.613374430357535,True,666806,bc97744b94cd7973bd6e0dad267358102f98bf9c24e59777f0be87abdd752fa1,4255f6c71d4c3f7ca76246639a3cc1a52f5c0872335968d55583e4d555818fb6,633e7ecc8e48a89742a86c57fe52e0f3f919e621771672f682f38ba2c1297949,0
3,67,2,3.393251657485962,3.1877241134643555,1.5691378116607666,1.6185863018035889,1.8241138458251953,0.0,-0.0007510991532484897,1.0762669430710168,20.731670085303833,True,666806,bc97744b94cd7973bd6e0dad267358102f98bf9c24e59777f0be87abdd752fa1,4255f6c71d4c3f7ca76246639a3cc1a52f5c0872335968d55583e4d555818fb6,48bbb45862e19b6987905144c97d165dec0b2862e985a3fe3df3d44fd72d19bb,0
3,67,3,3.393251657485962,2.9461240768432617,1.581788182258606,1.3643358945846558,1.811463475227356,0.0,-0.0020438862406629023,0.8876160072741937,20.71454105938272,True,666806,bc97744b94cd7973bd6e0dad267358102f98bf9c24e59777f0be87abdd752fa1,4255f6c71d4c3f7ca76246639a3cc1a52f5c0872335968d55583e4d555818fb6,15a2c202c42b928d31b54058079ce9ec4e9e027fba9d8cf539e74bb523b4e404,0
3,67,4,3.393251657485962,3.444775104522705,1.565387487411499,1.879387617111206,1.827864170074463,0.0,0.0010154607332451741,0.8531821831955894,20.697255924035886,True,666806,bc97744b94cd7973bd6e0dad267358102f98bf9c24e59777f0be87abdd752fa1,4255f6c71d4c3f7ca76246639a3cc1a52f5c0872335968d55583e4d555818fb6,6a8d1c27c6a8ef325692a612b01c2b5d2db3ebb40a38f6b2ed37a876ac0911af,0
3,67,5,3.393251657485962,3.32351016998291,1.6286020278930664,1.6949081420898438,1.7646496295928955,0.0,-0.0015141130543848468,1.5523627297646327,20.876677322359946,True,666806,bc97744b94cd7973bd6e0dad267358102f98bf9c24e59777f0be87abdd752fa1,4255f6c71d4c3f7ca76246639a3cc1a52f5c0872335968d55583e4d555818fb6,64cceee4f62d64796137e9ff6525e830449c6b59da80de263f7fc6d02b166ca8,0
3,67,6,3.393251657485962,3.3000736236572266,1.5410041809082031,1.7590694427490234,1.8522474765777588,0.0,0.0015404716231959524,0.9613972594617995,20.736818402672288,True,666806,bc97744b94cd7973bd6e0dad267358102f98bf9c24e59777f0be87abdd752fa1,4255f6c71d4c3f7ca76246639a3cc1a52f5c0872335968d55583e4d555818fb6,ebf40758bc000a8d446217eab5095710bdc2d30950afd30f546fc3d66a14f72b,0
3,67,7,3.393251657485962,3.2996420860290527,1.6120288372039795,1.6876132488250732,1.7812228202819824,0.0,-0.002732541361354573,1.1196644441272714,20.771423206167793,True,666806,bc97744b94cd7973bd6e0dad267358102f98bf9c24e59777f0be87abdd752fa1,4255f6c71d4c3f7ca76246639a3cc1a52f5c0872335968d55583e4d555818fb6,ffee0e5cac9a7e63c31632c2a27365aface36642cf1be251dd14c0fb4189eaa7,0
3,67,8,3.393251657485962,3.187337875366211,1.6283199787139893,1.5590178966522217,1.7649316787719727,0.0,-0.0011344555177201139,1.0356560871737535,20.75244716822535,True,666806,bc97744b94cd7973bd6e0dad267358102f98bf9c24e59777f0be87abdd752fa1,4255f6c71d4c3f7ca76246639a3cc1a52f5c0872335968d55583e4d555818fb6,75077a073f8b9d78b0a77ccf0b0045e493f7e8b989bec94ff95f4e79ca4d34ac,0
3,67,9,3.393251657485962,3.1623919010162354,1.585083246231079,1.5773086547851562,1.8081684112548828,0.0,-0.0004528700115216135,0.8878646438274659,20.74474853732853,True,666806,bc97744b94cd7973bd6e0dad267358102f98bf9c24e59777f0be87abdd752fa1,4255f6c71d4c3f7ca76246639a3cc1a52f5c0872335968d55583e4d555818fb6,4f328d17722d0a7f920c51a5b0d8f10774c2f10eb4fce9ae8a30af7cd4da9a9c,0
3,96,0,1.7775468826293945,1.8492896556854248,1.6272470951080322,0.22204256057739258,0.1502997875213623,0.0,-0.0011974093616922926,0.8814227071024572,20.814049206129653,True,695719,f7abe6a887a7dd0c67a1dd7b529d0ba386c25a877434b7b8c96fc45f34651ea6,68ee4c04b07243e68c652f4d3c66727c1f442593e04640b7e84672a83e4b5736,79d81b2e27b72bd2a994a90ee63b5be8374a880f9420f2bc3b0c43bdb43f8a7f,0
3,96,1,1.7775468826293945,1.8160498142242432,1.6357532739639282,0.18029654026031494,0.1417936086654663,0.0,-0.0035001570979087265,0.8803639730390194,20.613374430357535,True,695719,f7abe6a887a7dd0c67a1dd7b529d0ba386c25a877434b7b8c96fc45f34651ea6,68ee4c04b07243e68c652f4d3c66727c1f442593e04640b7e84672a83e4b5736,633e7ecc8e48a89742a86c57fe52e0f3f919e621771672f682f38ba2c1297949,0
3,96,2,1.7775468826293945,1.7433017492294312,1.6342151165008545,0.10908663272857666,0.14333176612854004,0.0,1.4454331702706615e-05,0.9628450894135411,20.731670085303833,True,695719,f7abe6a887a7dd0c67a1dd7b529d0ba386c25a877434b7b8c96fc45f34651ea6,68ee4c04b07243e68c652f4d3c66727c1f442593e04640b7e84672a83e4b5736,48bbb45862e19b6987905144c97d165dec0b2862e985a3fe3df3d44fd72d19bb,0
3,96,3,1.7775468826293945,1.8659136295318604,1.6131720542907715,0.25274157524108887,0.16437482833862305,0.0,0.0007133313506582519,0.9999977231672834,20.71454105938272,True,695719,f7abe6a887a7dd0c67a1dd7b529d0ba386c25a877434b7b8c96fc45f34651ea6,68ee4c04b07243e68c652f4d3c66727c1f442593e04640b7e84672a83e4b5736,15a2c202c42b928d31b54058079ce9ec4e9e027fba9d8cf539e74bb523b4e404,0
3,96,4,1.7775468826293945,1.816450595855713,1.6236417293548584,0.1928088665008545,0.15390515327453613,0.0,-0.0006991413118843376,0.9745864742005426,20.697255924035886,True,695719,f7abe6a887a7dd0c67a1dd7b529d0ba386c25a877434b7b8c96fc45f34651ea6,68ee4c04b07243e68c652f4d3c66727c1f442593e04640b7e84672a83e4b5736,6a8d1c27c6a8ef325692a612b01c2b5d2db3ebb40a38f6b2ed37a876ac0911af,0
3,96,5,1.7775468826293945,1.9147100448608398,1.6384223699569702,0.27628767490386963,0.13912451267242432,0.0,-0.0022398498437888655,1.0540489669378055,20.876677322359946,True,695719,f7abe6a887a7dd0c67a1dd7b529d0ba386c25a877434b7b8c96fc45f34651ea6,68ee4c04b07243e68c652f4d3c66727c1f442593e04640b7e84672a83e4b5736,64cceee4f62d64796137e9ff6525e830449c6b59da80de263f7fc6d02b166ca8,0
3,96,6,1.7775468826293945,1.944083571434021,1.5957485437393188,0.34833502769470215,0.18179833889007568,0.0,-0.00039167524412057404,0.8888878162078676,20.736818402672288,True,695719,f7abe6a887a7dd0c67a1dd7b529d0ba386c25a877434b7b8c96fc45f34651ea6,68ee4c04b07243e68c652f4d3c66727c1f442593e04640b7e84672a83e4b5736,ebf40758bc000a8d446217eab5095710bdc2d30950afd30f546fc3d66a14f72b,0
3,96,7,1.7775468826293945,1.8525887727737427,1.6037765741348267,0.24881219863891602,0.17377030849456787,0.0,0.00023785895639941222,1.7331066199058822,20.771423206167793,True,695719,f7abe6a887a7dd0c67a1dd7b529d0ba386c25a877434b7b8c96fc45f34651ea6,68ee4c04b07243e68c652f4d3c66727c1f442593e04640b7e84672a83e4b5736,ffee0e5cac9a7e63c31632c2a27365aface36642cf1be251dd14c0fb4189eaa7,0
3,96,8,1.7775468826293945,1.9058804512023926,1.6068342924118042,0.2990461587905884,0.17071259021759033,0.0,-0.0018597290702335504,1.0044303280871811,20.75244716822535,True,695719,f7abe6a887a7dd0c67a1dd7b529d0ba386c25a877434b7b8c96fc45f34651ea6,68ee4c04b07243e68c652f4d3c66727c1f442593e04640b7e84672a83e4b5736,75077a073f8b9d78b0a77ccf0b0045e493f7e8b989bec94ff95f4e79ca4d34ac,0
3,96,9,1.7775468826293945,1.8059327602386475,1.614727258682251,0.19120550155639648,0.16281962394714355,0.0,0.0010647657849262502,1.0573604848809441,20.74474853732853,True,695719,f7abe6a887a7dd0c67a1dd7b529d0ba386c25a877434b7b8c96fc45f34651ea6,68ee4c04b07243e68c652f4d3c66727c1f442593e04640b7e84672a83e4b5736,4f328d17722d0a7f920c51a5b0d8f10774c2f10eb4fce9ae8a30af7cd4da9a9c,0
3,71,0,2.538914918899536,2.5222384929656982,1.8463765382766724,0.6758619546890259,0.6925383806228638,0.0,-0.00031535676582603365,1.0322978021762184,20.814049206129653,True,670794,e1a30a3def0d84b0a478ccb64c5b236629cf16029ffbaf88b6800389cb9dbbc7,2c6b8ba6218ade11bf63aec25eb03288dd05a540d9c43d2aaf4d51ac1e0cc353,79d81b2e27b72bd2a994a90ee63b5be8374a880f9420f2bc3b0c43bdb43f8a7f,0
3,71,1,2.538914918899536,2.6375246047973633,1.8175362348556519,0.8199883699417114,0.7213786840438843,0.0,0.003693659638194186,0.964379740825649,20.613374430357535,True,670794,e1a30a3def0d84b0a478ccb64c5b236629cf16029ffbaf88b6800389cb9dbbc7,2c6b8ba6218ade11bf63aec25eb03288dd05a540d9c43d2aaf4d51ac1e0cc353,633e7ecc8e48a89742a86c57fe52e0f3f919e621771672f682f38ba2c1297949,0
3,71,2,2.538914918899536,2.5330111980438232,1.824280023574829,0.7087311744689941,0.714634895324707,0.0,0.0006417437894225312,0.9022727736608661,20.731670085303833,True,670794,e1a30a3def0d84b0a478ccb64c5b236629cf16029ffbaf88b6800389cb9dbbc7,2c6b8ba6218ade11bf63aec25eb03288dd05a540d9c43d2aaf4d51ac1e0cc353,48bbb45862e19b6987905144c97d165dec0b2862e985a3fe3df3d44fd72d19bb,0
3,71,3,2.538914918899536,2.6630101203918457,1.85382878780365,0.8091813325881958,0.6850861310958862,0.0,-0.0010376240785576801,0.9369703165984367,20.71454105938272,True,670794,e1a30a3def0d84b0a478ccb64c5b236629cf16029ffbaf88b6800389cb9dbbc7,2c6b8ba6218ade11bf63aec25eb03288dd05a540d9c43d2aaf4d51ac1e0cc353,15a2c202c42b928d31b54058079ce9ec4e9e027fba9d8cf539e74bb523b4e404,0
3,71,4,2.538914918899536,2.6034255027770996,1.8672964572906494,0.7361290454864502,0.6716184616088867,0.0,0.00038007106157736446,0.9785578797493442,20.697255924035886,True,670794,e1a30a3def0d84b0a478ccb64c5b236629cf16029ffbaf88b6800389cb9dbbc7,2c6b8ba6218ade11bf63aec25eb03288dd05a540d9c43d2aaf4d51ac1e0cc353,6a8d1c27c6a8ef325692a612b01c2b5d2db3ebb40a38f6b2ed37a876ac0911af,0
3,71,5,2.538914918899536,2.714967966079712,1.8276914358139038,0.8872765302658081,0.7112234830856323,0.0,0.002753410792986372,0.9558142227902661,20.876677322359946,True,670794,e1a30a3def0d84b0a478ccb64c5b236629cf16029ffbaf88b6800389cb9dbbc7,2c6b8ba6218ade11bf63aec25eb03288dd05a540d9c43d2aaf4d51ac1e0cc353,64cceee4f62d64796137e9ff6525e830449c6b59da80de263f7fc6d02b166ca8,0
3,71,6,2.538914918899536,2.616966724395752,1.8415520191192627,0.7754147052764893,0.6973628997802734,0.0,3.726390812300623e-05,1.1249526627351338,20.736818402672288,True,670794,e1a30a3def0d84b0a478ccb64c5b236629cf16029ffbaf88b6800389cb9dbbc7,2c6b8ba6218ade11bf63aec25eb03288dd05a540d9c43d2aaf4d51ac1e0cc353,ebf40758bc000a8d446217eab5095710bdc2d30950afd30f546fc3d66a14f72b,0
3,71,7,2.538914918899536,2.4360194206237793,1.8648791313171387,0.5711402893066406,0.6740357875823975,0.0,0.0021254291744467295,1.3988238285536436,20.771423206167793,True,670794,e1a30a3def0d84b0a478ccb64c5b236629cf16029ffbaf88b6800389cb9dbbc7,2c6b8ba6218ade11bf63aec25eb03288dd05a540d9c43d2aaf4d51ac1e0cc353,ffee0e5cac9a7e63c31632c2a27365aface36642cf1be251dd14c0fb4189eaa7,0
3,71,8,2.538914918899536,2.5355710983276367,1.8187732696533203,0.7167978286743164,0.7201416492462158,0.0,0.00031119043726959324,1.019016016175831,20.75244716822535,True,670794,e1a30a3def0d84b0a478ccb64c5b236629cf16029ffbaf88b6800389cb9dbbc7,2c6b8ba6218ade11bf63aec25eb03288dd05a540d9c43d2aaf4d51ac1e0cc353,75077a073f8b9d78b0a77ccf0b0045e493f7e8b989bec94ff95f4e79ca4d34ac,0
3,71,9,2.538914918899536,2.5712132453918457,1.8194952011108398,0.7517180442810059,0.7194197177886963,0.0,0.0013241926095906632,0.9876515839647757,20.74474853732853,True,670794,e1a30a3def0d84b0a478ccb64c5b236629cf16029ffbaf88b6800389cb9dbbc7,2c6b8ba6218ade11bf63aec25eb03288dd05a540d9c43d2aaf4d51ac1e0cc353,4f328d17722d0a7f920c51a5b0d8f10774c2f10eb4fce9ae8a30af7cd4da9a9c,0
3,1,0,2.62884521484375,2.5620388984680176,1.5293785333633423,1.0326603651046753,1.0994666814804077,0.0,0.000761885703011113,1.2066964670904858,20.814049206129653,True,601004,1db6690d1f3c9dfa79e7f356e49fb51b68d92cf76cc3067c8fdc2324ba91b795,0b5c7d4a7fbab9ca9565b99c6fe7dab76b03b3c39aeeb7af5e176fedd999016d,79d81b2e27b72bd2a994a90ee63b5be8374a880f9420f2bc3b0c43bdb43f8a7f,0
3,1,1,2.62884521484375,3.0237107276916504,1.5506614446640015,1.473049283027649,1.0781837701797485,0.0,-0.0007289076555115231,1.0305643059974101,20.613374430357535,True,601004,1db6690d1f3c9dfa79e7f356e49fb51b68d92cf76cc3067c8fdc2324ba91b795,0b5c7d4a7fbab9ca9565b99c6fe7dab76b03b3c39aeeb7af5e176fedd999016d,633e7ecc8e48a89742a86c57fe52e0f3f919e621771672f682f38ba2c1297949,0
3,1,2,2.62884521484375,2.685189962387085,1.5651328563690186,1.1200571060180664,1.0637123584747314,0.0,0.001428476854664055,1.055741850834969,20.731670085303833,True,601004,1db6690d1f3c9dfa79e7f356e49fb51b68d92cf76cc3067c8fdc2324ba91b795,0b5c7d4a7fbab9ca9565b99c6fe7dab76b03b3c39aeeb7af5e176fedd999016d,48bbb45862e19b6987905144c97d165dec0b2862e985a3fe3df3d44fd72d19bb,0
3,1,3,2.62884521484375,2.48825740814209,1.5692657232284546,0.9189916849136353,1.0595794916152954,0.0,0.0025874874005597528,1.3753355304641215,20.71454105938272,True,601004,1db6690d1f3c9dfa79e7f356e49fb51b68d92cf76cc3067c8fdc2324ba91b795,0b5c7d4a7fbab9ca9565b99c6fe7dab76b03b3c39aeeb7af5e176fedd999016d,15a2c202c42b928d31b54058079ce9ec4e9e027fba9d8cf539e74bb523b4e404,0
3,1,4,2.62884521484375,2.891148567199707,1.6096580028533936,1.2814905643463135,1.0191872119903564,0.0,-0.00036209722974503384,0.9569263137254136,20.697255924035886,True,601004,1db6690d1f3c9dfa79e7f356e49fb51b68d92cf76cc3067c8fdc2324ba91b795,0b5c7d4a7fbab9ca9565b99c6fe7dab76b03b3c39aeeb7af5e176fedd999016d,6a8d1c27c6a8ef325692a612b01c2b5d2db3ebb40a38f6b2ed37a876ac0911af,0
3,1,5,2.62884521484375,2.5689759254455566,1.591539740562439,0.9774361848831177,1.037305474281311,0.0,0.005403690276077071,1.1432693635418092,20.876677322359946,True,601004,1db6690d1f3c9dfa79e7f356e49fb51b68d92cf76cc3067c8fdc2324ba91b795,0b5c7d4a7fbab9ca9565b99c6fe7dab76b03b3c39aeeb7af5e176fedd999016d,64cceee4f62d64796137e9ff6525e830449c6b59da80de263f7fc6d02b166ca8,0
3,1,6,2.62884521484375,2.5189802646636963,1.5987657308578491,0.9202145338058472,1.0300794839859009,0.0,0.0015527771007095054,1.1873064956776644,20.736818402672288,True,601004,1db6690d1f3c9dfa79e7f356e49fb51b68d92cf76cc3067c8fdc2324ba91b795,0b5c7d4a7fbab9ca9565b99c6fe7dab76b03b3c39aeeb7af5e176fedd999016d,ebf40758bc000a8d446217eab5095710bdc2d30950afd30f546fc3d66a14f72b,0
3,1,7,2.62884521484375,2.636505603790283,1.5891982316970825,1.0473073720932007,1.0396469831466675,0.0,0.0010851045972946759,1.9694661389520978,20.771423206167793,True,601004,1db6690d1f3c9dfa79e7f356e49fb51b68d92cf76cc3067c8fdc2324ba91b795,0b5c7d4a7fbab9ca9565b99c6fe7dab76b03b3c39aeeb7af5e176fedd999016d,ffee0e5cac9a7e63c31632c2a27365aface36642cf1be251dd14c0fb4189eaa7,0
3,1,8,2.62884521484375,2.631702184677124,1.6347682476043701,0.9969339370727539,0.9940769672393799,0.0,-0.0005123783818042487,1.1606335538432995,20.75244716822535,True,601004,1db6690d1f3c9dfa79e7f356e49fb51b68d92cf76cc3067c8fdc2324ba91b795,0b5c7d4a7fbab9ca9565b99c6fe7dab76b03b3c39aeeb7af5e176fedd999016d,75077a073f8b9d78b0a77ccf0b0045e493f7e8b989bec94ff95f4e79ca4d34ac,0
3,1,9,2.62884521484375,2.730865478515625,1.5898336172103882,1.1410318613052368,1.0390115976333618,0.0,0.0013522471440700452,1.011453156459216,20.74474853732853,True,601004,1db6690d1f3c9dfa79e7f356e49fb51b68d92cf76cc3067c8fdc2324ba91b795,0b5c7d4a7fbab9ca9565b99c6fe7dab76b03b3c39aeeb7af5e176fedd999016d,4f328d17722d0a7f920c51a5b0d8f10774c2f10eb4fce9ae8a30af7cd4da9a9c,0
3,80,0,2.2958617210388184,2.036478042602539,1.0078037977218628,1.0286742448806763,1.2880579233169556,0.0,0.007962249299279493,0.8220873434934837,20.814049206129653,True,679767,ea75193e05c88ff1e6a4852c5f18831b42337d50cd3880dac6eceae071291a39,815c13b6051510d3608c7ec1995db8d553b218e7a0ba48e1f9a4d41b944fe665,79d81b2e27b72bd2a994a90ee63b5be8374a880f9420f2bc3b0c43bdb43f8a7f,0
3,80,1,2.2958617210388184,2.2266457080841064,1.0762684345245361,1.1503772735595703,1.2195932865142822,0.0,0.003931000418198977,0.8134372204807269,20.613374430357535,True,679767,ea75193e05c88ff1e6a4852c5f18831b42337d50cd3880dac6eceae071291a39,815c13b6051510d3608c7ec1995db8d553b218e7a0ba48e1f9a4d41b944fe665,633e7ecc8e48a89742a86c57fe52e0f3f919e621771672f682f38ba2c1297949,0
3,80,2,2.2958617210388184,2.1053035259246826,1.1088345050811768,0.9964690208435059,1.1870272159576416,0.0,0.0029661219512425517,0.7722963937290823,20.731670085303833,True,679767,ea75193e05c88ff1e6a4852c5f18831b42337d50cd3880dac6eceae071291a39,815c13b6051510d3608c7ec1995db8d553b218e7a0ba48e1f9a4d41b944fe665,48bbb45862e19b6987905144c97d165dec0b2862e985a3fe3df3d44fd72d19bb,0
3,80,3,2.2958617210388184,2.1051278114318848,1.0616086721420288,1.043519139289856,1.2342530488967896,0.0,0.00261782745803085,0.8485041899230283,20.71454105938272,True,679767,ea75193e05c88ff1e6a4852c5f18831b42337d50cd3880dac6eceae071291a39,815c13b6051510d3608c7ec1995db8d553b218e7a0ba48e1f9a4d41b944fe665,15a2c202c42b928d31b54058079ce9ec4e9e027fba9d8cf539e74bb523b4e404,0
3,80,4,2.2958617210388184,2.2882864475250244,1.044762134552002,1.2435243129730225,1.2510995864868164,0.0,0.0021417083105601123,0.7865522335748605,20.697255924035886,True,679767,ea75193e05c88ff1e6a4852c5f18831b42337d50cd3880dac6eceae071291a39,815c13b6051510d3608c7ec1995db8d553b218e7a0ba48e1f9a4d41b944fe665,6a8d1c27c6a8ef325692a612b01c2b5d2db3ebb40a38f6b2ed37a876ac0911af,0
3,80,5,2.2958617210388184,2.1790664196014404,1.0488184690475464,1.130247950553894,1.247043251991272,0.0,0.004632385714303946,0.9361180516246143,20.876677322359946,True,679767,ea75193e05c88ff1e6a4852c5f18831b42337d50cd3880dac6eceae071291a39,815c13b6051510d3608c7ec1995db8d553b218e7a0ba48e1f9a4d41b944fe665,64cceee4f62d64796137e9ff6525e830449c6b59da80de263f7fc6d02b166ca8,0
3,80,6,2.2958617210388184,2.266601324081421,1.0548573732376099,1.211743950843811,1.2410043478012085,0.0,0.0005893499420800168,0.8251837753702079,20.736818402672288,True,679767,ea75193e05c88ff1e6a4852c5f18831b42337d50cd3880dac6eceae071291a39,815c13b6051510d3608c7ec1995db8d553b218e7a0ba48e1f9a4d41b944fe665,ebf40758bc000a8d446217eab5095710bdc2d30950afd30f546fc3d66a14f72b,0
3,80,7,2.2958617210388184,2.3171420097351074,1.0460469722747803,1.2710950374603271,1.249814748764038,0.0,0.005478994400890306,1.2099013510091665,20.771423206167793,True,679767,ea75193e05c88ff1e6a4852c5f18831b42337d50cd3880dac6eceae071291a39,815c13b6051510d3608c7ec1995db8d553b218e7a0ba48e1f9a4d41b944fe665,ffee0e5cac9a7e63c31632c2a27365aface36642cf1be251dd14c0fb4189eaa7,0
3,80,8,2.2958617210388184,2.182368040084839,1.121050238609314,1.061317801475525,1.1748114824295044,0.0,0.002442874693528874,0.8764536970096338,20.75244716822535,True,679767,ea75193e05c88ff1e6a4852c5f18831b42337d50cd3880dac6eceae071291a39,815c13b6051510d3608c7ec1995db8d553b218e7a0ba48e1f9a4d41b944fe665,75077a073f8b9d78b0a77ccf0b0045e493f7e8b989bec94ff95f4e79ca4d34ac,0
3,80,9,2.2958617210388184,1.9424635171890259,1.1114237308502197,0.8310397863388062,1.1844379901885986,0.0,0.0029769353274766057,0.8884954204228883,20.74474853732853,True,679767,ea75193e05c88ff1e6a4852c5f18831b42337d50cd3880dac6eceae071291a39,815c13b6051510d3608c7ec1995db8d553b218e7a0ba48e1f9a4d41b944fe665,4f328d17722d0a7f920c51a5b0d8f10774c2f10eb4fce9ae8a30af7cd4da9a9c,0
3,99,0,2.316199779510498,2.229818344116211,1.621420979499817,0.608397364616394,0.6947788000106812,0.0,0.003452118555850466,0.9214199058636784,20.814049206129653,True,698710,c2cebf4096e12a9e1db5be5490a49c8ca6e8a64e49cd881dc152a706cf7be83d,6cb0f3413feeaa204d8262b3c6a22223d8bc13af3caff3c43a05cb9f85df7d60,79d81b2e27b72bd2a994a90ee63b5be8374a880f9420f2bc3b0c43bdb43f8a7f,0
3,99,1,2.316199779510498,2.2593460083007812,1.6039820909500122,0.655363917350769,0.7122176885604858,0.0,-0.00010826637617473722,0.9457859399979499,20.613374430357535,True,698710,c2cebf4096e12a9e1db5be5490a49c8ca6e8a64e49cd881dc152a706cf7be83d,6cb0f3413feeaa204d8262b3c6a22223d8bc13af3caff3c43a05cb9f85df7d60,633e7ecc8e48a89742a86c57fe52e0f3f919e621771672f682f38ba2c1297949,0
3,99,2,2.316199779510498,2.2333850860595703,1.6392748355865479,0.5941102504730225,0.6769249439239502,0.0,0.0011667450735475975,1.6665113930471531,20.731670085303833,True,698710,c2cebf4096e12a9e1db5be5490a49c8ca6e8a64e49cd881dc152a706cf7be83d,6cb0f3413feeaa204d8262b3c6a22223d8bc13af3caff3c43a05cb9f85df7d60,48bbb45862e19b6987905144c97d165dec0b2862e985a3fe3df3d44fd72d19bb,0
3,99,3,2.316199779510498,2.1969668865203857,1.6534092426300049,0.5435576438903809,0.6627905368804932,0.0,0.0005500532036771598,1.201748013470124,20.71454105938272,True,698710,c2cebf4096e12a9e1db5be5490a49c8ca6e8a64e49cd881dc152a706cf7be83d,6cb0f3413feeaa204d8262b3c6a22223d8bc13af3caff3c43a05cb9f85df7d60,15a2c202c42b928d31b54058079ce9ec4e9e027fba9d8cf539e74bb523b4e404,0
3,99,4,2.316199779510498,2.3168253898620605,1.5601941347122192,0.7566312551498413,0.7560056447982788,0.0,-0.00030603650817137876,0.8886918708452921,20.697255924035886,True,698710,c2cebf4096e12a9e1db5be5490a49c8ca6e8a64e49cd881dc152a706cf7be83d,6cb0f3413feeaa204d8262b3c6a22223d8bc13af3caff3c43a05cb9f85df7d60,6a8d1c27c6a8ef325692a612b01c2b5d2db3ebb40a38f6b2ed37a876ac0911af,0
3,99,5,2.316199779510498,2.371910572052002,1.587314248085022,0.78459632396698,0.7288855314254761,0.0,0.000241783962618341,1.122773102894281,20.876677322359946,True,698710,c2cebf4096e12a9e1db5be5490a49c8ca6e8a64e49cd881dc152a706cf7be83d,6cb0f3413feeaa204d8262b3c6a22223d8bc13af3caff3c43a05cb9f85df7d60,64cceee4f62d64796137e9ff6525e830449c6b59da80de263f7fc6d02b166ca8,0
3,99,6,2.316199779510498,2.3470816612243652,1.6490544080734253,0.6980272531509399,0.6671453714370728,0.0,0.0007421996170027415,1.0814527836619987,20.736818402672288,True,698710,c2cebf4096e12a9e1db5be5490a49c8ca6e8a64e49cd881dc152a706cf7be83d,6cb0f3413feeaa204d8262b3c6a22223d8bc13af3caff3c43a05cb9f85df7d60,ebf40758bc000a8d446217eab5095710bdc2d30950afd30f546fc3d66a14f72b,0
3,99,7,2.316199779510498,2.3685619831085205,1.647352695465088,0.7212092876434326,0.6688470840454102,0.0,0.0013618990001609725,1.143516161378292,20.771423206167793,True,698710,c2cebf4096e12a9e1db5be5490a49c8ca6e8a64e49cd881dc152a706cf7be83d,6cb0f3413feeaa204d8262b3c6a22223d8bc13af3caff3c43a05cb9f85df7d60,ffee0e5cac9a7e63c31632c2a27365aface36642cf1be251dd14c0fb4189eaa7,0
3,99,8,2.316199779510498,2.1673524379730225,1.596105694770813,0.5712467432022095,0.7200940847396851,0.0,0.005734372317018622,1.0439302604579552,20.75244716822535,True,698710,c2cebf4096e12a9e1db5be5490a49c8ca6e8a64e49cd881dc152a706cf7be83d,6cb0f3413feeaa204d8262b3c6a22223d8bc13af3caff3c43a05cb9f85df7d60,75077a073f8b9d78b0a77ccf0b0045e493f7e8b989bec94ff95f4e79ca4d34ac,0
3,99,9,2.316199779510498,2.1531524658203125,1.5905463695526123,0.5626060962677002,0.7256534099578857,0.0,-0.0013922916648688541,0.9972602499023263,20.74474853732853,True,698710,c2cebf4096e12a9e1db5be5490a49c8ca6e8a64e49cd881dc152a706cf7be83d,6cb0f3413feeaa204d8262b3c6a22223d8bc13af3caff3c43a05cb9f85df7d60,4f328d17722d0a7f920c51a5b0d8f10774c2f10eb4fce9ae8a30af7cd4da9a9c,0
3,45,0,3.1183528900146484,3.0020358562469482,2.3892555236816406,0.6127803325653076,0.7290973663330078,0.0,0.0016835250326862814,1.0493050347053432,20.814049206129653,True,644872,e8edf5e5efa926cfce697475471adf9a1f2fb8c49d6d0717e3dcf55989a39d97,34dc4ac384a9511b729a3011557fd2c87480a28ce5ad1eb26ab39af92e466f3e,79d81b2e27b72bd2a994a90ee63b5be8374a880f9420f2bc3b0c43bdb43f8a7f,0
3,45,1,3.1183528900146484,3.1325976848602295,2.4363553524017334,0.6962423324584961,0.681997537612915,0.0,-0.0019570282517888346,0.9708662833145542,20.613374430357535,True,644872,e8edf5e5efa926cfce697475471adf9a1f2fb8c49d6d0717e3dcf55989a39d97,34dc4ac384a9511b729a3011557fd2c87480a28ce5ad1eb26ab39af92e466f3e,633e7ecc8e48a89742a86c57fe52e0f3f919e621771672f682f38ba2c1297949,0
3,45,2,3.1183528900146484,3.106886863708496,2.4450342655181885,0.6618525981903076,0.67331862449646,0.0,-0.0018367164244033323,0.9806464140838352,20.731670085303833,True,644872,e8edf5e5efa926cfce697475471adf9a1f2fb8c49d6d0717e3dcf55989a39d97,34dc4ac384a9511b729a3011557fd2c87480a28ce5ad1eb26ab39af92e466f3e,48bbb45862e19b6987905144c97d165dec0b2862e985a3fe3df3d44fd72d19bb,0
3,45,3,3.1183528900146484,3.1260550022125244,2.427889823913574,0.6981651782989502,0.6904630661010742,0.0,-0.004635254955024937,1.077069492950743,20.71454105938272,True,644872,e8edf5e5efa926cfce697475471adf9a1f2fb8c49d6d0717e3dcf55989a39d97,34dc4ac384a9511b729a3011557fd2c87480a28ce5ad1eb26ab39af92e466f3e,15a2c202c42b928d31b54058079ce9ec4e9e027fba9d8cf539e74bb523b4e404,0
3,45,4,3.1183528900146484,3.2321994304656982,2.406822681427002,0.8253767490386963,0.7115302085876465,0.0,0.0004460357194303958,0.9454569012192786,20.697255924035886,True,644872,e8edf5e5efa926cfce697475471adf9a1f2fb8c49d6d0717e3dcf55989a39d97,34dc4ac384a9511b729a3011557fd2c87480a28ce5ad1eb26ab39af92e466f3e,6a8d1c27c6a8ef325692a612b01c2b5d2db3ebb40a38f6b2ed37a876ac0911af,0
3,45,5,3.1183528900146484,2.994427442550659,2.489654302597046,0.5047731399536133,0.6286985874176025,0.0,-0.0024987190352694136,1.1456313677089196,20.876677322359946,True,644872,e8edf5e5efa926cfce697475471adf9a1f2fb8c49d6d0717e3dcf55989a39d97,34dc4ac384a9511b729a3011557fd2c87480a28ce5ad1eb26ab39af92e466f3e,64cceee4f62d64796137e9ff6525e830449c6b59da80de263f7fc6d02b166ca8,0
3,45,6,3.1183528900146484,3.1324961185455322,2.4639434814453125,0.6685526371002197,0.6544094085693359,0.0,-0.0011565277304263946,1.197403068970423,20.736818402672288,True,644872,e8edf5e5efa926cfce697475471adf9a1f2fb8c49d6d0717e3dcf55989a39d97,34dc4ac384a9511b729a3011557fd2c87480a28ce5ad1eb26ab39af92e466f3e,ebf40758bc000a8d446217eab5095710bdc2d30950afd30f546fc3d66a14f72b,0
3,45,7,3.1183528900146484,3.1111955642700195,2.486698865890503,0.6244966983795166,0.6316540241241455,0.0,-0.0013920467229412356,2.1178082658339696,20.771423206167793,True,644872,e8edf5e5efa926cfce697475471adf9a1f2fb8c49d6d0717e3dcf55989a39d97,34dc4ac384a9511b729a3011557fd2c87480a28ce5ad1eb26ab39af92e466f3e,ffee0e5cac9a7e63c31632c2a27365aface36642cf1be251dd14c0fb4189eaa7,0
3,45,8,3.1183528900146484,2.985961437225342,2.467963933944702,0.5179975032806396,0.6503889560699463,0.0,-0.0002356466810278475,0.9261301642395792,20.75244716822535,True,644872,e8edf5e5efa926cfce697475471adf9a1f2fb8c49d6d0717e3dcf55989a39d97,34dc4ac384a9511b729a3011557fd2c87480a28ce5ad1eb26ab39af92e466f3e,75077a073f8b9d78b0a77ccf0b0045e493f7e8b989bec94ff95f4e79ca4d34ac,0
3,45,9,3.1183528900146484,3.037456750869751,2.449108600616455,0.5883481502532959,0.6692442893981934,0.0,0.0025713146619516032,1.0493585217114398,20.74474853732853,True,644872,e8edf5e5efa926cfce697475471adf9a1f2fb8c49d6d0717e3dcf55989a39d97,34dc4ac384a9511b729a3011557fd2c87480a28ce5ad1eb26ab39af92e466f3e,4f328d17722d0a7f920c51a5b0d8f10774c2f10eb4fce9ae8a30af7cd4da9a9c,0
3,52,0,2.792297124862671,2.840968608856201,2.118565082550049,0.7224035263061523,0.6737320423126221,0.0,-0.0009534285223816335,0.8695024059448301,20.814049206129653,True,651851,c89bb42e218e6a1dc241618ff10af0c77a14f09b5bcd738767d67a28d266f59e,1cc92c86c1869fb01333f894544d5fefd05e65fca81150e940fee64ce47ad1e2,79d81b2e27b72bd2a994a90ee63b5be8374a880f9420f2bc3b0c43bdb43f8a7f,0
3,52,1,2.792297124862671,2.895700216293335,2.1363351345062256,0.7593650817871094,0.6559619903564453,0.0,0.0007171492669924508,1.0296734572528023,20.613374430357535,True,651851,c89bb42e218e6a1dc241618ff10af0c77a14f09b5bcd738767d67a28d266f59e,1cc92c86c1869fb01333f894544d5fefd05e65fca81150e940fee64ce47ad1e2,633e7ecc8e48a89742a86c57fe52e0f3f919e621771672f682f38ba2c1297949,0
3,52,2,2.792297124862671,3.0156991481781006,2.1176161766052246,0.898082971572876,0.6746809482574463,0.0,0.00024209497657731415,0.9556337221546681,20.731670085303833,True,651851,c89bb42e218e6a1dc241618ff10af0c77a14f09b5bcd738767d67a28d266f59e,1cc92c86c1869fb01333f894544d5fefd05e65fca81150e940fee64ce47ad1e2,48bbb45862e19b6987905144c97d165dec0b2862e985a3fe3df3d44fd72d19bb,0
3,52,3,2.792297124862671,3.033689022064209,2.1958706378936768,0.8378183841705322,0.5964264869689941,0.0,0.0016142108260859152,1.0404552535091771,20.71454105938272,True,651851,c89bb42e218e6a1dc241618ff10af0c77a14f09b5bcd738767d67a28d266f59e,1cc92c86c1869fb01333f894544d5fefd05e65fca81150e940fee64ce47ad1e2,15a2c202c42b928d31b54058079ce9ec4e9e027fba9d8cf539e74bb523b4e404,0
3,52,4,2.792297124862671,3.161405086517334,2.1657190322875977,0.9956860542297363,0.6265780925750732,0.0,0.0021456010790196103,0.8907154804583804,20.697255924035886,True,651851,c89bb42e218e6a1dc241618ff10af0c77a14f09b5bcd738767d67a28d266f59e,1cc92c86c1869fb01333f894544d5fefd05e65fca81150e940fee64ce47ad1e2,6a8d1c27c6a8ef325692a612b01c2b5d2db3ebb40a38f6b2ed37a876ac0911af,0
3,52,5,2.792297124862671,2.671741008758545,2.1294214725494385,0.5423195362091064,0.6628756523132324,0.0,0.0024909103450562863,1.1277922649134329,20.876677322359946,True,651851,c89bb42e218e6a1dc241618ff10af0c77a14f09b5bcd738767d67a28d266f59e,1cc92c86c1869fb01333f894544d5fefd05e65fca81150e940fee64ce47ad1e2,64cceee4f62d64796137e9ff6525e830449c6b59da80de263f7fc6d02b166ca8,0
3,52,6,2.792297124862671,2.8886935710906982,2.1164989471435547,0.7721946239471436,0.6757981777191162,0.0,-0.0020759720268609103,0.9825224876640334,20.736818402672288,True,651851,c89bb42e218e6a1dc241618ff10af0c77a14f09b5bcd738767d67a28d266f59e,1cc92c86c1869fb01333f894544d5fefd05e65fca81150e940fee64ce47ad1e2,ebf40758bc000a8d446217eab5095710bdc2d30950afd30f546fc3d66a14f72b,0
3,52,7,2.792297124862671,2.9672327041625977,2.1367292404174805,0.8305034637451172,0.6555678844451904,0.0,-0.002157109382164569,1.7338288778764324,20.771423206167793,True,651851,c89bb42e218e6a1dc241618ff10af0c77a14f09b5bcd738767d67a28d266f59e,1cc92c86c1869fb01333f894544d5fefd05e65fca81150e940fee64ce47ad1e2,ffee0e5cac9a7e63c31632c2a27365aface36642cf1be251dd14c0fb4189eaa7,0
3,52,8,2.792297124862671,2.7802746295928955,2.1203930377960205,0.659881591796875,0.6719040870666504,0.0,-0.004410821312439195,1.027385098304389,20.75244716822535,True,651851,c89bb42e218e6a1dc241618ff10af0c77a14f09b5bcd738767d67a28d266f59e,1cc92c86c1869fb01333f894544d5fefd05e65fca81150e940fee64ce47ad1e2,75077a073f8b9d78b0a77ccf0b0045e493f7e8b989bec94ff95f4e79ca4d34ac,0
3,52,9,2.792297124862671,2.9765002727508545,2.1400742530822754,0.8364260196685791,0.6522228717803955,0.0,0.0003753926841366843,1.1048723683461015,20.74474853732853,True,651851,c89bb42e218e6a1dc241618ff10af0c77a14f09b5bcd738767d67a28d266f59e,1cc92c86c1869fb01333f894544d5fefd05e65fca81150e940fee64ce47ad1e2,4f328d17722d0a7f920c51a5b0d8f10774c2f10eb4fce9ae8a30af7cd4da9a9c,0
3,27,0,2.313793420791626,2.156466245651245,1.0122792720794678,1.1441869735717773,1.3015141487121582,0.0,0.002341968590866463,0.8467337287549643,20.814049206129653,True,626926,ab19f3af07753a04013cc49ea7e4b1a22fbddcc78021caa6b8520a50e2d348ca,4e143966284844162670ab9a6525975aa67c816a5b53900369fec5f3ad319c54,79d81b2e27b72bd2a994a90ee63b5be8374a880f9420f2bc3b0c43bdb43f8a7f,0
3,27,1,2.313793420791626,2.5119073390960693,0.9312677383422852,1.5806396007537842,1.3825256824493408,0.0,0.00302622595441976,0.8568157248180335,20.613374430357535,True,626926,ab19f3af07753a04013cc49ea7e4b1a22fbddcc78021caa6b8520a50e2d348ca,4e143966284844162670ab9a6525975aa67c816a5b53900369fec5f3ad319c54,633e7ecc8e48a89742a86c57fe52e0f3f919e621771672f682f38ba2c1297949,0
3,27,2,2.313793420791626,2.503462076187134,1.0221989154815674,1.4812631607055664,1.2915945053100586,0.0,0.0034184094825058992,0.9103509935495344,20.731670085303833,True,626926,ab19f3af07753a04013cc49ea7e4b1a22fbddcc78021caa6b8520a50e2d348ca,4e143966284844162670ab9a6525975aa67c816a5b53900369fec5f3ad319c54,48bbb45862e19b6987905144c97d165dec0b2862e985a3fe3df3d44fd72d19bb,0
3,27,3,2.313793420791626,2.3378820419311523,0.9974449872970581,1.3404370546340942,1.3163484334945679,0.0,0.001973664692024406,0.8998221435876359,20.71454105938272,True,626926,ab19f3af07753a04013cc49ea7e4b1a22fbddcc78021caa6b8520a50e2d348ca,4e143966284844162670ab9a6525975aa67c816a5b53900369fec5f3ad319c54,15a2c202c42b928d31b54058079ce9ec4e9e027fba9d8cf539e74bb523b4e404,0
3,27,4,2.313793420791626,2.654085636138916,0.9722052812576294,1.6818803548812866,1.3415881395339966,0.0,0.00432389317990199,0.8453481355907552,20.697255924035886,True,626926,ab19f3af07753a04013cc49ea7e4b1a22fbddcc78021caa6b8520a50e2d348ca,4e143966284844162670ab9a6525975aa67c816a5b53900369fec5f3ad319c54,6a8d1c27c6a8ef325692a612b01c2b5d2db3ebb40a38f6b2ed37a876ac0911af,0
3,27,5,2.313793420791626,2.0883681774139404,1.0001261234283447,1.0882420539855957,1.3136672973632812,0.0,0.001745400696656617,0.9568569680855898,20.876677322359946,True,626926,ab19f3af07753a04013cc49ea7e4b1a22fbddcc78021caa6b8520a50e2d348ca,4e143966284844162670ab9a6525975aa67c816a5b53900369fec5f3ad319c54,64cceee4f62d64796137e9ff6525e830449c6b59da80de263f7fc6d02b166ca8,0
3,27,6,2.313793420791626,2.206184148788452,0.9923179745674133,1.2138661742210388,1.3214754462242126,0.0,-0.0009281270782182889,1.1417044313638995,20.736818402672288,True,626926,ab19f3af07753a04013cc49ea7e4b1a22fbddcc78021caa6b8520a50e2d348ca,4e143966284844162670ab9a6525975aa67c816a5b53900369fec5f3ad319c54,ebf40758bc000a8d446217eab5095710bdc2d30950afd30f546fc3d66a14f72b,0
3,27,7,2.313793420791626,2.5175247192382812,1.00877845287323,1.5087462663650513,1.305014967918396,0.0,0.0023223360541512112,1.627423301899163,20.771423206167793,True,626926,ab19f3af07753a04013cc49ea7e4b1a22fbddcc78021caa6b8520a50e2d348ca,4e143966284844162670ab9a6525975aa67c816a5b53900369fec5f3ad319c54,ffee0e5cac9a7e63c31632c2a27365aface36642cf1be251dd14c0fb4189eaa7,0
3,27,8,2.313793420791626,2.0448477268218994,0.934429943561554,1.1104177832603455,1.379363477230072,0.0,-0.00017727633907868416,1.0709861985294005,20.75244716822535,True,626926,ab19f3af07753a04013cc49ea7e4b1a22fbddcc78021caa6b8520a50e2d348ca,4e143966284844162670ab9a6525975aa67c816a5b53900369fec5f3ad319c54,75077a073f8b9d78b0a77ccf0b0045e493f7e8b989bec94ff95f4e79ca4d34ac,0
3,27,9,2.313793420791626,2.1549930572509766,0.979023814201355,1.1759692430496216,1.334769606590271,0.0,0.0011918375181499575,0.951520328458032,20.74474853732853,True,626926,ab19f3af07753a04013cc49ea7e4b1a22fbddcc78021caa6b8520a50e2d348ca,4e143966284844162670ab9a6525975aa67c816a5b53900369fec5f3ad319c54,4f328d17722d0a7f920c51a5b0d8f10774c2f10eb4fce9ae8a30af7cd4da9a9c,0
4,40,0,2.8471744060516357,2.7674508094787598,1.8155548572540283,0.9518959522247314,1.0316195487976074,0.0,-0.00027972661408588224,1.097324863481416,20.029957818096964,True,739890,9a564988cf0726904aeeb1fe815d19e73b2e1599872bf53a0a81ec47aec28d13,d0df75bfe2f96f64157854b98cce95f6ee5d934e67b58d2ae88807c628b7805d,658dccc415581b0ac1beb4e0b6236fd59adfddf18aaa973422d67f3c8b4b8c52,0
4,40,1,2.8471744060516357,2.725112199783325,1.8141214847564697,0.9109907150268555,1.033052921295166,0.0,-0.0008453973507363694,1.1617506877173172,19.9698670062457,True,739890,9a564988cf0726904aeeb1fe815d19e73b2e1599872bf53a0a81ec47aec28d13,d0df75bfe2f96f64157854b98cce95f6ee5d934e67b58d2ae88807c628b7805d,467e83b55e7e9c21ab28923b6284dc2c09e3e76c1777a3bc27bbc207b18de90b,0
4,40,2,2.8471744060516357,2.7812893390655518,1.738599181175232,1.0426901578903198,1.1085752248764038,0.0,-4.473601105825909e-05,1.1337868818250856,20.234189285943657,True,739890,9a564988cf0726904aeeb1fe815d19e73b2e1599872bf53a0a81ec47aec28d13,d0df75bfe2f96f64157854b98cce95f6ee5d934e67b58d2ae88807c628b7805d,bb6b4053dddd667c50af856b2077471934bdd090cd7f07cdafe23c3c6d6704e1,0
4,40,3,2.8471744060516357,2.891940116882324,1.8084731101989746,1.0834670066833496,1.0387012958526611,0.0,-0.0029453259361528713,1.0157767773709325,20.225484259957287,True,739890,9a564988cf0726904aeeb1fe815d19e73b2e1599872bf53a0a81ec47aec28d13,d0df75bfe2f96f64157854b98cce95f6ee5d934e67b58d2ae88807c628b7805d,955f759a41849a6fcc483a6412b3befa1cf6e275e4706e467fcf102dec73d7e4,0
4,40,4,2.8471744060516357,2.793231725692749,1.7637362480163574,1.0294954776763916,1.0834381580352783,0.0,-0.0013548823988400005,1.183191136610295,20.00413396049245,True,739890,9a564988cf0726904aeeb1fe815d19e73b2e1599872bf53a0a81ec47aec28d13,d0df75bfe2f96f64157854b98cce95f6ee5d934e67b58d2ae88807c628b7805d,f7eb4ba6836e75bd7e1aea457ef84dd10ecf7b1ba3f1acca5e18621947ff44b2,0
4,40,5,2.8471744060516357,2.7445547580718994,1.7529065608978271,0.9916481971740723,1.0942678451538086,0.0,-0.002091719280101852,1.3169791925918666,20.153827550955054,True,739890,9a564988cf0726904aeeb1fe815d19e73b2e1599872bf53a0a81ec47aec28d13,d0df75bfe2f96f64157854b98cce95f6ee5d934e67b58d2ae88807c628b7805d,3df25f0c1bc728162d73541add5be6bad096b66a51ea35deb3b486765749e309,0
4,40,6,2.8471744060516357,2.831418752670288,1.8093926906585693,1.0220260620117188,1.0377817153930664,0.0,0.0016052822025306942,1.721928909522765,19.951688267025045,True,739890,9a564988cf0726904aeeb1fe815d19e73b2e1599872bf53a0a81ec47aec28d13,d0df75bfe2f96f64157854b98cce95f6ee5d934e67b58d2ae88807c628b7805d,fbdc601402ac545aeb619cb8dfd7b723587cafe9ed6000308bd2f4283fa7aeba,0
4,40,7,2.8471744060516357,2.7102982997894287,1.781233549118042,0.9290647506713867,1.0659408569335938,0.0,0.004353548363147046,1.215522770623259,20.001779901178402,True,739890,9a564988cf0726904aeeb1fe815d19e73b2e1599872bf53a0a81ec47aec28d13,d0df75bfe2f96f64157854b98cce95f6ee5d934e67b58d2ae88807c628b7805d,5cb91daa8398fb043456085cdf4e7af0cef978bac1a9ef89a2b1eaadf14cec1c,0
4,40,8,2.8471744060516357,2.9218344688415527,1.7660322189331055,1.1558022499084473,1.0811421871185303,0.0,0.0008321668429734998,1.0410061126053487,20.007950282695123,True,739890,9a564988cf0726904aeeb1fe815d19e73b2e1599872bf53a0a81ec47aec28d13,d0df75bfe2f96f64157854b98cce95f6ee5d934e67b58d2ae88807c628b7805d,7b37e89115203d38d98a6f7ddbe95ce11ca2380eb5c09b3307c6a6213bbea5b7,0
4,40,9,2.8471744060516357,2.577298641204834,1.794623613357544,0.78267502784729,1.0525507926940918,0.0,-0.0022489951810567587,1.4570312670205914,20.107001163502705,True,739890,9a564988cf0726904aeeb1fe815d19e73b2e1599872bf53a0a81ec47aec28d13,d0df75bfe2f96f64157854b98cce95f6ee5d934e67b58d2ae88807c628b7805d,38af7f3d9cd74c6473ecfee58b287ed681958376df415ba713bc4f49aadf15cb,0
4,10,0,2.167025089263916,2.0471580028533936,1.116821050643921,0.9303369522094727,1.0502040386199951,0.0,-0.0004088964393364882,1.1299698168928538,20.029957818096964,True,709980,833efcdb74ae5550f3b4081e2a2d913c325248eb97f07adc86a1c4c682355c99,f3913d743f9609ab2c0cb90786c411a17709ebf8bd85f3bf7abada86e1e59125,658dccc415581b0ac1beb4e0b6236fd59adfddf18aaa973422d67f3c8b4b8c52,0
4,10,1,2.167025089263916,2.005979061126709,1.1142257452011108,0.8917533159255981,1.0527993440628052,0.0,-0.0005789036527529631,1.2005143056599856,19.9698670062457,True,709980,833efcdb74ae5550f3b4081e2a2d913c325248eb97f07adc86a1c4c682355c99,f3913d743f9609ab2c0cb90786c411a17709ebf8bd85f3bf7abada86e1e59125,467e83b55e7e9c21ab28923b6284dc2c09e3e76c1777a3bc27bbc207b18de90b,0
4,10,2,2.167025089263916,2.3150975704193115,1.1107540130615234,1.204343557357788,1.0562710762023926,0.0,0.0061024986375333755,1.1898725335697573,20.234189285943657,True,709980,833efcdb74ae5550f3b4081e2a2d913c325248eb97f07adc86a1c4c682355c99,f3913d743f9609ab2c0cb90786c411a17709ebf8bd85f3bf7abada86e1e59125,bb6b4053dddd667c50af856b2077471934bdd090cd7f07cdafe23c3c6d6704e1,0
4,10,3,2.167025089263916,2.1040642261505127,1.1406062841415405,0.9634579420089722,1.0264188051223755,0.0,0.003752356233838496,1.095288526109152,20.225484259957287,True,709980,833efcdb74ae5550f3b4081e2a2d913c325248eb97f07adc86a1c4c682355c99,f3913d743f9609ab2c0cb90786c411a17709ebf8bd85f3bf7abada86e1e59125,955f759a41849a6fcc483a6412b3befa1cf6e275e4706e467fcf102dec73d7e4,0
4,10,4,2.167025089263916,2.08225417137146,1.1421891450881958,0.9400650262832642,1.0248359441757202,0.0,0.0038236461039986894,1.2208135730869194,20.00413396049245,True,709980,833efcdb74ae5550f3b4081e2a2d913c325248eb97f07adc86a1c4c682355c99,f3913d743f9609ab2c0cb90786c411a17709ebf8bd85f3bf7abada86e1e59125,f7eb4ba6836e75bd7e1aea457ef84dd10ecf7b1ba3f1acca5e18621947ff44b2,0
4,10,5,2.167025089263916,2.0258126258850098,1.0812608003616333,0.9445518255233765,1.0857642889022827,0.0,0.0024557603203941942,1.5255568114485927,20.153827550955054,True,709980,833efcdb74ae5550f3b4081e2a2d913c325248eb97f07adc86a1c4c682355c99,f3913d743f9609ab2c0cb90786c411a17709ebf8bd85f3bf7abada86e1e59125,3df25f0c1bc728162d73541add5be6bad096b66a51ea35deb3b486765749e309,0
4,10,6,2.167025089263916,2.2846481800079346,1.198064923286438,1.0865832567214966,0.968960165977478,0.0,-0.0019873961232566785,1.408500583130689,19.951688267025045,True,709980,833efcdb74ae5550f3b4081e2a2d913c325248eb97f07adc86a1c4c682355c99,f3913d743f9609ab2c0cb90786c411a17709ebf8bd85f3bf7abada86e1e59125,fbdc601402ac545aeb619cb8dfd7b723587cafe9ed6000308bd2f4283fa7aeba,0
4,10,7,2.167025089263916,2.1502137184143066,1.1026328802108765,1.0475808382034302,1.0643922090530396,0.0,0.00029545898489213943,1.1634332391811475,20.001779901178402,True,709980,833efcdb74ae5550f3b4081e2a2d913c325248eb97f07adc86a1c4c682355c99,f3913d743f9609ab2c0cb90786c411a17709ebf8bd85f3bf7abada86e1e59125,5cb91daa8398fb043456085cdf4e7af0cef978bac1a9ef89a2b1eaadf14cec1c,0
4,10,8,2.167025089263916,2.0838565826416016,1.133245825767517,0.9506107568740845,1.033779263496399,0.0,0.004751397459179715,1.0759331182643543,20.007950282695123,True,709980,833efcdb74ae5550f3b4081e2a2d913c325248eb97f07adc86a1c4c682355c99,f3913d743f9609ab2c0cb90786c411a17709ebf8bd85f3bf7abada86e1e59125,7b37e89115203d38d98a6f7ddbe95ce11ca2380eb5c09b3307c6a6213bbea5b7,0
4,10,9,2.167025089263916,2.3557322025299072,1.1444857120513916,1.2112464904785156,1.0225393772125244,0.0,0.0017385136052869895,1.6578571966793667,20.107001163502705,True,709980,833efcdb74ae5550f3b4081e2a2d913c325248eb97f07adc86a1c4c682355c99,f3913d743f9609ab2c0cb90786c411a17709ebf8bd85f3bf7abada86e1e59125,38af7f3d9cd74c6473ecfee58b287ed681958376df415ba713bc4f49aadf15cb,0
4,96,0,1.7656826972961426,1.9548465013504028,1.7270337343215942,0.2278127670288086,0.03864896297454834,0.0,-0.005316502174812303,1.1403587303011542,20.029957818096964,True,795722,4304e5c93a483aff26455689b0f81eaa14e14b7fc7cd0d2b78d22e5ebeba2628,211cbb127ab7b6f2f5a425c2a69edb87a762754bdf99a14459ee76a00cf369a1,658dccc415581b0ac1beb4e0b6236fd59adfddf18aaa973422d67f3c8b4b8c52,0
4,96,1,1.7656826972961426,2.0772719383239746,1.719874382019043,0.35739755630493164,0.04580831527709961,0.0,0.00040380909313000667,1.1624744751976732,19.9698670062457,True,795722,4304e5c93a483aff26455689b0f81eaa14e14b7fc7cd0d2b78d22e5ebeba2628,211cbb127ab7b6f2f5a425c2a69edb87a762754bdf99a14459ee76a00cf369a1,467e83b55e7e9c21ab28923b6284dc2c09e3e76c1777a3bc27bbc207b18de90b,0
4,96,2,1.7656826972961426,1.813869833946228,1.7850432395935059,0.028826594352722168,-0.01936054229736328,0.01936054229736328,0.0014166834800887437,1.160637256646396,20.234189285943657,True,795722,4304e5c93a483aff26455689b0f81eaa14e14b7fc7cd0d2b78d22e5ebeba2628,211cbb127ab7b6f2f5a425c2a69edb87a762754bdf99a14459ee76a00cf369a1,bb6b4053dddd667c50af856b2077471934bdd090cd7f07cdafe23c3c6d6704e1,0
4,96,3,1.7656826972961426,1.866753101348877,1.7526050806045532,0.11414802074432373,0.013077616691589355,0.0,-0.0009470805273970219,1.1241662559718948,20.225484259957287,True,795722,4304e5c93a483aff26455689b0f81eaa14e14b7fc7cd0d2b78d22e5ebeba2628,211cbb127ab7b6f2f5a425c2a69edb87a762754bdf99a14459ee76a00cf369a1,955f759a41849a6fcc483a6412b3befa1cf6e275e4706e467fcf102dec73d7e4,0
4,96,4,1.7656826972961426,1.7392233610153198,1.7595250606536865,-0.0203016996383667,0.006157636642456055,0.0,-0.004625682504990439,1.0855173553563928,20.00413396049245,True,795722,4304e5c93a483aff26455689b0f81eaa14e14b7fc7cd0d2b78d22e5ebeba2628,211cbb127ab7b6f2f5a425c2a69edb87a762754bdf99a14459ee76a00cf369a1,f7eb4ba6836e75bd7e1aea457ef84dd10ecf7b1ba3f1acca5e18621947ff44b2,0
4,96,5,1.7656826972961426,1.9417946338653564,1.8338596820831299,0.10793495178222656,-0.0681769847869873,0.0681769847869873,-0.006860394606341197,1.5920457377193937,20.153827550955054,True,795722,4304e5c93a483aff26455689b0f81eaa14e14b7fc7cd0d2b78d22e5ebeba2628,211cbb127ab7b6f2f5a425c2a69edb87a762754bdf99a14459ee76a00cf369a1,3df25f0c1bc728162d73541add5be6bad096b66a51ea35deb3b486765749e309,0
4,96,6,1.7656826972961426,2.2133891582489014,1.815205454826355,0.3981837034225464,-0.0495227575302124,0.0495227575302124,0.0014286372024617266,2.2516639586080887,19.951688267025045,True,795722,4304e5c93a483aff26455689b0f81eaa14e14b7fc7cd0d2b78d22e5ebeba2628,211cbb127ab7b6f2f5a425c2a69edb87a762754bdf99a14459ee76a00cf369a1,fbdc601402ac545aeb619cb8dfd7b723587cafe9ed6000308bd2f4283fa7aeba,0
4,96,7,1.7656826972961426,1.9471689462661743,1.8007596731185913,0.146409273147583,-0.03507697582244873,0.03507697582244873,-0.005200839494254334,1.2016589190370275,20.001779901178402,True,795722,4304e5c93a483aff26455689b0f81eaa14e14b7fc7cd0d2b78d22e5ebeba2628,211cbb127ab7b6f2f5a425c2a69edb87a762754bdf99a14459ee76a00cf369a1,5cb91daa8398fb043456085cdf4e7af0cef978bac1a9ef89a2b1eaadf14cec1c,0
4,96,8,1.7656826972961426,1.9701595306396484,1.7547625303268433,0.21539700031280518,0.010920166969299316,0.0,-0.000903966621225387,1.1189957748404131,20.007950282695123,True,795722,4304e5c93a483aff26455689b0f81eaa14e14b7fc7cd0d2b78d22e5ebeba2628,211cbb127ab7b6f2f5a425c2a69edb87a762754bdf99a14459ee76a00cf369a1,7b37e89115203d38d98a6f7ddbe95ce11ca2380eb5c09b3307c6a6213bbea5b7,0
4,96,9,1.7656826972961426,1.9884283542633057,1.8033409118652344,0.1850874423980713,-0.0376582145690918,0.0376582145690918,-0.0011250633439759915,1.1238974392360441,20.107001163502705,True,795722,4304e5c93a483aff26455689b0f81eaa14e14b7fc7cd0d2b78d22e5ebeba2628,211cbb127ab7b6f2f5a425c2a69edb87a762754bdf99a14459ee76a00cf369a1,38af7f3d9cd74c6473ecfee58b287ed681958376df415ba713bc4f49aadf15cb,0
4,66,0,1.1919277906417847,1.5543395280838013,1.1792724132537842,0.3750671148300171,0.012655377388000488,0.0,-0.004617938418430928,0.9826667158805544,20.029957818096964,True,765812,22fdb162afc9d94223844dc4600b5f5d5829c7c1d99ecbd971b810dc5017c8dc,0b927d5ec8561eee62a1f76aaeb3d56e194c7724cffe9665f41119f0e555994d,658dccc415581b0ac1beb4e0b6236fd59adfddf18aaa973422d67f3c8b4b8c52,0
4,66,1,1.1919277906417847,1.7993264198303223,1.1997929811477661,0.5995334386825562,-0.007865190505981445,0.007865190505981445,-0.0010305271265063584,1.0645128004178728,19.9698670062457,True,765812,22fdb162afc9d94223844dc4600b5f5d5829c7c1d99ecbd971b810dc5017c8dc,0b927d5ec8561eee62a1f76aaeb3d56e194c7724cffe9665f41119f0e555994d,467e83b55e7e9c21ab28923b6284dc2c09e3e76c1777a3bc27bbc207b18de90b,0
4,66,2,1.1919277906417847,1.3305584192276,1.157082200050354,0.1734762191772461,0.034845590591430664,0.0,-0.0038267707022797202,0.9815510426345879,20.234189285943657,True,765812,22fdb162afc9d94223844dc4600b5f5d5829c7c1d99ecbd971b810dc5017c8dc,0b927d5ec8561eee62a1f76aaeb3d56e194c7724cffe9665f41119f0e555994d,bb6b4053dddd667c50af856b2077471934bdd090cd7f07cdafe23c3c6d6704e1,0
4,66,3,1.1919277906417847,1.421440839767456,1.1619549989700317,0.2594858407974243,0.02997279167175293,0.0,-0.0038801155173817424,1.0230683811877017,20.225484259957287,True,765812,22fdb162afc9d94223844dc4600b5f5d5829c7c1d99ecbd971b810dc5017c8dc,0b927d5ec8561eee62a1f76aaeb3d56e194c7724cffe9665f41119f0e555994d,955f759a41849a6fcc483a6412b3befa1cf6e275e4706e467fcf102dec73d7e4,0
4,66,4,1.1919277906417847,1.319259524345398,1.1830471754074097,0.13621234893798828,0.008880615234375,0.0,-0.0023015371373411937,0.9429810126978557,20.00413396049245,True,765812,22fdb162afc9d94223844dc4600b5f5d5829c7c1d99ecbd971b810dc5017c8dc,0b927d5ec8561eee62a1f76aaeb3d56e194c7724cffe9665f41119f0e555994d,f7eb4ba6836e75bd7e1aea457ef84dd10ecf7b1ba3f1acca5e18621947ff44b2,0
4,66,5,1.1919277906417847,1.419206142425537,1.166080355644226,0.25312578678131104,0.025847434997558594,0.0,-0.0005977131667230207,1.0058172895233453,20.153827550955054,True,765812,22fdb162afc9d94223844dc4600b5f5d5829c7c1d99ecbd971b810dc5017c8dc,0b927d5ec8561eee62a1f76aaeb3d56e194c7724cffe9665f41119f0e555994d,3df25f0c1bc728162d73541add5be6bad096b66a51ea35deb3b486765749e309,0
4,66,6,1.1919277906417847,1.4477335214614868,1.2512503862380981,0.19648313522338867,-0.05932259559631348,0.05932259559631348,0.002176409087553114,1.9938206219147019,19.951688267025045,True,765812,22fdb162afc9d94223844dc4600b5f5d5829c7c1d99ecbd971b810dc5017c8dc,0b927d5ec8561eee62a1f76aaeb3d56e194c7724cffe9665f41119f0e555994d,fbdc601402ac545aeb619cb8dfd7b723587cafe9ed6000308bd2f4283fa7aeba,0
4,66,7,1.1919277906417847,1.28290855884552,1.2426575422286987,0.04025101661682129,-0.05072975158691406,0.05072975158691406,-0.0019367478817405625,1.009767800107834,20.001779901178402,True,765812,22fdb162afc9d94223844dc4600b5f5d5829c7c1d99ecbd971b810dc5017c8dc,0b927d5ec8561eee62a1f76aaeb3d56e194c7724cffe9665f41119f0e555994d,5cb91daa8398fb043456085cdf4e7af0cef978bac1a9ef89a2b1eaadf14cec1c,0
4,66,8,1.1919277906417847,1.4107420444488525,1.1683471202850342,0.24239492416381836,0.02358067035675049,0.0,-0.002524750327994856,0.9581939484361441,20.007950282695123,True,765812,22fdb162afc9d94223844dc4600b5f5d5829c7c1d99ecbd971b810dc5017c8dc,0b927d5ec8561eee62a1f76aaeb3d56e194c7724cffe9665f41119f0e555994d,7b37e89115203d38d98a6f7ddbe95ce11ca2380eb5c09b3307c6a6213bbea5b7,0
4,66,9,1.1919277906417847,1.4780464172363281,1.1750237941741943,0.3030226230621338,0.016903996467590332,0.0,-0.002945733589391136,1.0146185138197479,20.107001163502705,True,765812,22fdb162afc9d94223844dc4600b5f5d5829c7c1d99ecbd971b810dc5017c8dc,0b927d5ec8561eee62a1f76aaeb3d56e194c7724cffe9665f41119f0e555994d,38af7f3d9cd74c6473ecfee58b287ed681958376df415ba713bc4f49aadf15cb,0
4,89,0,2.9481472969055176,2.9439003467559814,1.0943089723587036,1.8495913743972778,1.853838324546814,0.0,0.0006424255680759188,1.2407395803751218,20.029957818096964,True,788743,e5c4390b332e9734e0ec9b24f18c1ce82450e29a7c5d4028c008831a3198b6e4,5b3dea308bb1e1db047d80ffb17eda05663bebaf592f00c5665c5c6f0d7b77f8,658dccc415581b0ac1beb4e0b6236fd59adfddf18aaa973422d67f3c8b4b8c52,0
4,89,1,2.9481472969055176,2.8864142894744873,1.0713554620742798,1.8150588274002075,1.8767918348312378,0.0,-0.0002998883372977607,1.1016518183589525,19.9698670062457,True,788743,e5c4390b332e9734e0ec9b24f18c1ce82450e29a7c5d4028c008831a3198b6e4,5b3dea308bb1e1db047d80ffb17eda05663bebaf592f00c5665c5c6f0d7b77f8,467e83b55e7e9c21ab28923b6284dc2c09e3e76c1777a3bc27bbc207b18de90b,0
4,89,2,2.9481472969055176,2.926295757293701,1.1272778511047363,1.7990179061889648,1.8208694458007812,0.0,-0.003926946192193764,1.023831342083787,20.234189285943657,True,788743,e5c4390b332e9734e0ec9b24f18c1ce82450e29a7c5d4028c008831a3198b6e4,5b3dea308bb1e1db047d80ffb17eda05663bebaf592f00c5665c5c6f0d7b77f8,bb6b4053dddd667c50af856b2077471934bdd090cd7f07cdafe23c3c6d6704e1,0
4,89,3,2.9481472969055176,2.9754979610443115,1.0697559118270874,1.9057420492172241,1.8783913850784302,0.0,0.0010117170308857632,0.944749958384413,20.225484259957287,True,788743,e5c4390b332e9734e0ec9b24f18c1ce82450e29a7c5d4028c008831a3198b6e4,5b3dea308bb1e1db047d80ffb17eda05663bebaf592f00c5665c5c6f0d7b77f8,955f759a41849a6fcc483a6412b3befa1cf6e275e4706e467fcf102dec73d7e4,0
4,89,4,2.9481472969055176,2.7005157470703125,1.097063660621643,1.6034520864486694,1.8510836362838745,0.0,0.001064457958881427,1.0078712992176404,20.00413396049245,True,788743,e5c4390b332e9734e0ec9b24f18c1ce82450e29a7c5d4028c008831a3198b6e4,5b3dea308bb1e1db047d80ffb17eda05663bebaf592f00c5665c5c6f0d7b77f8,f7eb4ba6836e75bd7e1aea457ef84dd10ecf7b1ba3f1acca5e18621947ff44b2,0
4,89,5,2.9481472969055176,2.786841869354248,1.0866254568099976,1.7002164125442505,1.86152184009552,0.0,-0.0020158384295522664,1.4490634198915968,20.153827550955054,True,788743,e5c4390b332e9734e0ec9b24f18c1ce82450e29a7c5d4028c008831a3198b6e4,5b3dea308bb1e1db047d80ffb17eda05663bebaf592f00c5665c5c6f0d7b77f8,3df25f0c1bc728162d73541add5be6bad096b66a51ea35deb3b486765749e309,0
4,89,6,2.9481472969055176,2.9901087284088135,1.1538883447647095,1.836220383644104,1.794258952140808,0.0,-0.0009358575531424534,1.4884869339365947,19.951688267025045,True,788743,e5c4390b332e9734e0ec9b24f18c1ce82450e29a7c5d4028c008831a3198b6e4,5b3dea308bb1e1db047d80ffb17eda05663bebaf592f00c5665c5c6f0d7b77f8,fbdc601402ac545aeb619cb8dfd7b723587cafe9ed6000308bd2f4283fa7aeba,0
4,89,7,2.9481472969055176,2.7374942302703857,1.0678415298461914,1.6696527004241943,1.8803057670593262,0.0,-0.004331957230062822,1.0587795122259258,20.001779901178402,True,788743,e5c4390b332e9734e0ec9b24f18c1ce82450e29a7c5d4028c008831a3198b6e4,5b3dea308bb1e1db047d80ffb17eda05663bebaf592f00c5665c5c6f0d7b77f8,5cb91daa8398fb043456085cdf4e7af0cef978bac1a9ef89a2b1eaadf14cec1c,0
4,89,8,2.9481472969055176,3.0086634159088135,1.1193475723266602,1.8893158435821533,1.8287997245788574,0.0,-0.003929860107786402,1.019153155613325,20.007950282695123,True,788743,e5c4390b332e9734e0ec9b24f18c1ce82450e29a7c5d4028c008831a3198b6e4,5b3dea308bb1e1db047d80ffb17eda05663bebaf592f00c5665c5c6f0d7b77f8,7b37e89115203d38d98a6f7ddbe95ce11ca2380eb5c09b3307c6a6213bbea5b7,0
4,89,9,2.9481472969055176,2.605748176574707,1.0980472564697266,1.5077009201049805,1.850100040435791,0.0,0.0020188988041028285,1.0859331630662041,20.107001163502705,True,788743,e5c4390b332e9734e0ec9b24f18c1ce82450e29a7c5d4028c008831a3198b6e4,5b3dea308bb1e1db047d80ffb17eda05663bebaf592f00c5665c5c6f0d7b77f8,38af7f3d9cd74c6473ecfee58b287ed681958376df415ba713bc4f49aadf15cb,0
4,32,0,2.1792166233062744,2.333405017852783,1.8692033290863037,0.4642016887664795,0.3100132942199707,0.0,0.0009249692461891079,1.366643284591466,20.029957818096964,True,731914,772d5513c05c639db683a87a9cb75a33afd98f0fbea1beaa58b9255f68e4aed2,5bb259a39bcf9bf9f26706ddee9a40d28ae6f43740d4cabd498ca2af3fea9b53,658dccc415581b0ac1beb4e0b6236fd59adfddf18aaa973422d67f3c8b4b8c52,0
4,32,1,2.1792166233062744,2.284482002258301,1.9332215785980225,0.3512604236602783,0.24599504470825195,0.0,-0.0027570286205043566,1.2161275901424495,19.9698670062457,True,731914,772d5513c05c639db683a87a9cb75a33afd98f0fbea1beaa58b9255f68e4aed2,5bb259a39bcf9bf9f26706ddee9a40d28ae6f43740d4cabd498ca2af3fea9b53,467e83b55e7e9c21ab28923b6284dc2c09e3e76c1777a3bc27bbc207b18de90b,0
4,32,2,2.1792166233062744,2.0681283473968506,1.9375962018966675,0.1305321455001831,0.24162042140960693,0.0,-0.0030158888408731562,1.1456455558733356,20.234189285943657,True,731914,772d5513c05c639db683a87a9cb75a33afd98f0fbea1beaa58b9255f68e4aed2,5bb259a39bcf9bf9f26706ddee9a40d28ae6f43740d4cabd498ca2af3fea9b53,bb6b4053dddd667c50af856b2077471934bdd090cd7f07cdafe23c3c6d6704e1,0
4,32,3,2.1792166233062744,2.302055597305298,1.8757243156433105,0.4263312816619873,0.30349230766296387,0.0,-0.004620922224740092,1.0107809776745476,20.225484259957287,True,731914,772d5513c05c639db683a87a9cb75a33afd98f0fbea1beaa58b9255f68e4aed2,5bb259a39bcf9bf9f26706ddee9a40d28ae6f43740d4cabd498ca2af3fea9b53,955f759a41849a6fcc483a6412b3befa1cf6e275e4706e467fcf102dec73d7e4,0
4,32,4,2.1792166233062744,2.1162266731262207,1.9157180786132812,0.20050859451293945,0.26349854469299316,0.0,0.0018177274892133065,1.0205842744247524,20.00413396049245,True,731914,772d5513c05c639db683a87a9cb75a33afd98f0fbea1beaa58b9255f68e4aed2,5bb259a39bcf9bf9f26706ddee9a40d28ae6f43740d4cabd498ca2af3fea9b53,f7eb4ba6836e75bd7e1aea457ef84dd10ecf7b1ba3f1acca5e18621947ff44b2,0
4,32,5,2.1792166233062744,2.145582914352417,1.927490234375,0.218092679977417,0.2517263889312744,0.0,-0.0010198110594977986,1.2426456105721377,20.153827550955054,True,731914,772d5513c05c639db683a87a9cb75a33afd98f0fbea1beaa58b9255f68e4aed2,5bb259a39bcf9bf9f26706ddee9a40d28ae6f43740d4cabd498ca2af3fea9b53,3df25f0c1bc728162d73541add5be6bad096b66a51ea35deb3b486765749e309,0
4,32,6,2.1792166233062744,2.3543760776519775,2.018601417541504,0.33577466011047363,0.1606152057647705,0.0,0.0028322702689751607,1.22618372757243,19.951688267025045,True,731914,772d5513c05c639db683a87a9cb75a33afd98f0fbea1beaa58b9255f68e4aed2,5bb259a39bcf9bf9f26706ddee9a40d28ae6f43740d4cabd498ca2af3fea9b53,fbdc601402ac545aeb619cb8dfd7b723587cafe9ed6000308bd2f4283fa7aeba,0
4,32,7,2.1792166233062744,2.0960025787353516,1.9524458646774292,0.14355671405792236,0.22677075862884521,0.0,-0.003290829315399855,1.1191742984119053,20.001779901178402,True,731914,772d5513c05c639db683a87a9cb75a33afd98f0fbea1beaa58b9255f68e4aed2,5bb259a39bcf9bf9f26706ddee9a40d28ae6f43740d4cabd498ca2af3fea9b53,5cb91daa8398fb043456085cdf4e7af0cef978bac1a9ef89a2b1eaadf14cec1c,0
4,32,8,2.1792166233062744,2.259727954864502,1.9390150308609009,0.3207129240036011,0.24020159244537354,0.0,0.0007662463493862785,1.0601119040625337,20.007950282695123,True,731914,772d5513c05c639db683a87a9cb75a33afd98f0fbea1beaa58b9255f68e4aed2,5bb259a39bcf9bf9f26706ddee9a40d28ae6f43740d4cabd498ca2af3fea9b53,7b37e89115203d38d98a6f7ddbe95ce11ca2380eb5c09b3307c6a6213bbea5b7,0
4,32,9,2.1792166233062744,2.031980514526367,1.928048849105835,0.10393166542053223,0.25116777420043945,0.0,-0.001980753771472865,1.2542878071221126,20.107001163502705,True,731914,772d5513c05c639db683a87a9cb75a33afd98f0fbea1beaa58b9255f68e4aed2,5bb259a39bcf9bf9f26706ddee9a40d28ae6f43740d4cabd498ca2af3fea9b53,38af7f3d9cd74c6473ecfee58b287ed681958376df415ba713bc4f49aadf15cb,0
4,95,0,2.1953418254852295,2.0727076530456543,1.4895356893539429,0.5831719636917114,0.7058061361312866,0.0,-0.0010892575629713815,1.2065746938820208,20.029957818096964,True,794725,6825159df7d8ea43dc1893fb8c6bc2f673fe764b416b2f21e105e312324a26ed,c4e82f5b957ca16dd6b4ef26818de290478f921720e31a2407340baf62f5dc1f,658dccc415581b0ac1beb4e0b6236fd59adfddf18aaa973422d67f3c8b4b8c52,0
4,95,1,2.1953418254852295,2.131223201751709,1.41006600856781,0.7211571931838989,0.7852758169174194,0.0,0.0017722530398949098,1.1938848381884792,19.9698670062457,True,794725,6825159df7d8ea43dc1893fb8c6bc2f673fe764b416b2f21e105e312324a26ed,c4e82f5b957ca16dd6b4ef26818de290478f921720e31a2407340baf62f5dc1f,467e83b55e7e9c21ab28923b6284dc2c09e3e76c1777a3bc27bbc207b18de90b,0
4,95,2,2.1953418254852295,2.009566307067871,1.4584743976593018,0.5510919094085693,0.7368674278259277,0.0,-0.004004965094325559,1.0697842390063943,20.234189285943657,True,794725,6825159df7d8ea43dc1893fb8c6bc2f673fe764b416b2f21e105e312324a26ed,c4e82f5b957ca16dd6b4ef26818de290478f921720e31a2407340baf62f5dc1f,bb6b4053dddd667c50af856b2077471934bdd090cd7f07cdafe23c3c6d6704e1,0
4,95,3,2.1953418254852295,2.2274694442749023,1.3983856439590454,0.8290838003158569,0.7969561815261841,0.0,-0.0021961164349859293,1.154150749490829,20.225484259957287,True,794725,6825159df7d8ea43dc1893fb8c6bc2f673fe764b416b2f21e105e312324a26ed,c4e82f5b957ca16dd6b4ef26818de290478f921720e31a2407340baf62f5dc1f,955f759a41849a6fcc483a6412b3befa1cf6e275e4706e467fcf102dec73d7e4,0
4,95,4,2.1953418254852295,2.237551689147949,1.4412109851837158,0.7963407039642334,0.7541308403015137,0.0,0.0024197434299466454,1.1713107709332335,20.00413396049245,True,794725,6825159df7d8ea43dc1893fb8c6bc2f673fe764b416b2f21e105e312324a26ed,c4e82f5b957ca16dd6b4ef26818de290478f921720e31a2407340baf62f5dc1f,f7eb4ba6836e75bd7e1aea457ef84dd10ecf7b1ba3f1acca5e18621947ff44b2,0
4,95,5,2.1953418254852295,2.0335206985473633,1.4699040651321411,0.5636166334152222,0.7254377603530884,0.0,0.001589679194509882,1.5361376555748776,20.153827550955054,True,794725,6825159df7d8ea43dc1893fb8c6bc2f673fe764b416b2f21e105e312324a26ed,c4e82f5b957ca16dd6b4ef26818de290478f921720e31a2407340baf62f5dc1f,3df25f0c1bc728162d73541add5be6bad096b66a51ea35deb3b486765749e309,0
4,95,6,2.1953418254852295,2.2740440368652344,1.4396413564682007,0.8344026803970337,0.7557004690170288,0.0,0.0030223805238785684,1.4111011130352995,19.951688267025045,True,794725,6825159df7d8ea43dc1893fb8c6bc2f673fe764b416b2f21e105e312324a26ed,c4e82f5b957ca16dd6b4ef26818de290478f921720e31a2407340baf62f5dc1f,fbdc601402ac545aeb619cb8dfd7b723587cafe9ed6000308bd2f4283fa7aeba,0
4,95,7,2.1953418254852295,2.061577320098877,1.4334241151809692,0.6281532049179077,0.7619177103042603,0.0,0.0015329051248544761,1.2029461514778987,20.001779901178402,True,794725,6825159df7d8ea43dc1893fb8c6bc2f673fe764b416b2f21e105e312324a26ed,c4e82f5b957ca16dd6b4ef26818de290478f921720e31a2407340baf62f5dc1f,5cb91daa8398fb043456085cdf4e7af0cef978bac1a9ef89a2b1eaadf14cec1c,0
4,95,8,2.1953418254852295,2.411726474761963,1.4826011657714844,0.9291253089904785,0.7127406597137451,0.0,0.0016331556450468719,1.194575106834084,20.007950282695123,True,794725,6825159df7d8ea43dc1893fb8c6bc2f673fe764b416b2f21e105e312324a26ed,c4e82f5b957ca16dd6b4ef26818de290478f921720e31a2407340baf62f5dc1f,7b37e89115203d38d98a6f7ddbe95ce11ca2380eb5c09b3307c6a6213bbea5b7,0
4,95,9,2.1953418254852295,1.8216702938079834,1.5154067277908325,0.3062635660171509,0.679935097694397,0.0,-0.0025947511440572502,1.2883571219353267,20.107001163502705,True,794725,6825159df7d8ea43dc1893fb8c6bc2f673fe764b416b2f21e105e312324a26ed,c4e82f5b957ca16dd6b4ef26818de290478f921720e31a2407340baf62f5dc1f,38af7f3d9cd74c6473ecfee58b287ed681958376df415ba713bc4f49aadf15cb,0
4,55,0,2.737919569015503,2.6217355728149414,1.534686803817749,1.0870487689971924,1.203232765197754,0.0,0.0024099631686078527,1.1469000692688691,20.029957818096964,True,754845,a4c216f1bd436266ab9b885d94481f291e5ecb02958e7d99c2e00342d83006d5,b8427a24da6bb8275820d961eb629cf062cc0fbde382b9c0d07d1f8dd063fd54,658dccc415581b0ac1beb4e0b6236fd59adfddf18aaa973422d67f3c8b4b8c52,0
4,55,1,2.737919569015503,2.279247522354126,1.5642411708831787,0.7150063514709473,1.1736783981323242,0.0,0.0008908894647435442,1.09324209919394,19.9698670062457,True,754845,a4c216f1bd436266ab9b885d94481f291e5ecb02958e7d99c2e00342d83006d5,b8427a24da6bb8275820d961eb629cf062cc0fbde382b9c0d07d1f8dd063fd54,467e83b55e7e9c21ab28923b6284dc2c09e3e76c1777a3bc27bbc207b18de90b,0
4,55,2,2.737919569015503,2.263256788253784,1.567063570022583,0.6961932182312012,1.17085599899292,0.0,0.002350346511935213,1.2087514481324741,20.234189285943657,True,754845,a4c216f1bd436266ab9b885d94481f291e5ecb02958e7d99c2e00342d83006d5,b8427a24da6bb8275820d961eb629cf062cc0fbde382b9c0d07d1f8dd063fd54,bb6b4053dddd667c50af856b2077471934bdd090cd7f07cdafe23c3c6d6704e1,0
4,55,3,2.737919569015503,2.675621271133423,1.5009429454803467,1.1746783256530762,1.2369766235351562,0.0,0.0024721782238707637,1.0736419488952873,20.225484259957287,True,754845,a4c216f1bd436266ab9b885d94481f291e5ecb02958e7d99c2e00342d83006d5,b8427a24da6bb8275820d961eb629cf062cc0fbde382b9c0d07d1f8dd063fd54,955f759a41849a6fcc483a6412b3befa1cf6e275e4706e467fcf102dec73d7e4,0
4,55,4,2.737919569015503,2.8952205181121826,1.5183119773864746,1.376908540725708,1.2196075916290283,0.0,0.004363012686933151,1.1516682407170855,20.00413396049245,True,754845,a4c216f1bd436266ab9b885d94481f291e5ecb02958e7d99c2e00342d83006d5,b8427a24da6bb8275820d961eb629cf062cc0fbde382b9c0d07d1f8dd063fd54,f7eb4ba6836e75bd7e1aea457ef84dd10ecf7b1ba3f1acca5e18621947ff44b2,0
4,55,5,2.737919569015503,2.5950088500976562,1.5404908657073975,1.0545179843902588,1.1974287033081055,0.0,0.0007891056131954441,1.1724674734094331,20.153827550955054,True,754845,a4c216f1bd436266ab9b885d94481f291e5ecb02958e7d99c2e00342d83006d5,b8427a24da6bb8275820d961eb629cf062cc0fbde382b9c0d07d1f8dd063fd54,3df25f0c1bc728162d73541add5be6bad096b66a51ea35deb3b486765749e309,0
4,55,6,2.737919569015503,2.4143290519714355,1.5933219194412231,0.8210071325302124,1.1445976495742798,0.0,-0.0019021656397789433,1.314201188755387,19.951688267025045,True,754845,a4c216f1bd436266ab9b885d94481f291e5ecb02958e7d99c2e00342d83006d5,b8427a24da6bb8275820d961eb629cf062cc0fbde382b9c0d07d1f8dd063fd54,fbdc601402ac545aeb619cb8dfd7b723587cafe9ed6000308bd2f4283fa7aeba,0
4,55,7,2.737919569015503,2.4385502338409424,1.5857691764831543,0.8527810573577881,1.1521503925323486,0.0,-0.0024442794237585384,1.1968726294492393,20.001779901178402,True,754845,a4c216f1bd436266ab9b885d94481f291e5ecb02958e7d99c2e00342d83006d5,b8427a24da6bb8275820d961eb629cf062cc0fbde382b9c0d07d1f8dd063fd54,5cb91daa8398fb043456085cdf4e7af0cef978bac1a9ef89a2b1eaadf14cec1c,0
4,55,8,2.737919569015503,2.8426222801208496,1.4719125032424927,1.370709776878357,1.2660070657730103,0.0,0.0016386996771738042,1.0641287388847613,20.007950282695123,True,754845,a4c216f1bd436266ab9b885d94481f291e5ecb02958e7d99c2e00342d83006d5,b8427a24da6bb8275820d961eb629cf062cc0fbde382b9c0d07d1f8dd063fd54,7b37e89115203d38d98a6f7ddbe95ce11ca2380eb5c09b3307c6a6213bbea5b7,0
4,55,9,2.737919569015503,2.1402485370635986,1.532402753829956,0.6078457832336426,1.2055168151855469,0.0,-0.0037478268600101114,1.187228266233211,20.107001163502705,True,754845,a4c216f1bd436266ab9b885d94481f291e5ecb02958e7d99c2e00342d83006d5,b8427a24da6bb8275820d961eb629cf062cc0fbde382b9c0d07d1f8dd063fd54,38af7f3d9cd74c6473ecfee58b287ed681958376df415ba713bc4f49aadf15cb,0
4,25,0,2.3709473609924316,2.5474770069122314,2.321729898452759,0.22574710845947266,0.04921746253967285,0.0,0.0020181512715555273,1.1839466640286276,20.029957818096964,True,724935,87378d9a25a73ab0354dcf66f6fc1470a4346763196efc017ffeec12af0cdfeb,ec220d46a90e94b40349a429d6306df6bb980ca55f12e613c8034fc2f502142a,658dccc415581b0ac1beb4e0b6236fd59adfddf18aaa973422d67f3c8b4b8c52,0
4,25,1,2.3709473609924316,2.5931172370910645,2.464393377304077,0.1287238597869873,-0.09344601631164551,0.09344601631164551,-0.0025573943672662384,1.1876686722053902,19.9698670062457,True,724935,87378d9a25a73ab0354dcf66f6fc1470a4346763196efc017ffeec12af0cdfeb,ec220d46a90e94b40349a429d6306df6bb980ca55f12e613c8034fc2f502142a,467e83b55e7e9c21ab28923b6284dc2c09e3e76c1777a3bc27bbc207b18de90b,0
4,25,2,2.3709473609924316,2.399723529815674,2.396714210510254,0.003009319305419922,-0.025766849517822266,0.025766849517822266,-0.002979503535052579,1.2962041318295638,20.234189285943657,True,724935,87378d9a25a73ab0354dcf66f6fc1470a4346763196efc017ffeec12af0cdfeb,ec220d46a90e94b40349a429d6306df6bb980ca55f12e613c8034fc2f502142a,bb6b4053dddd667c50af856b2077471934bdd090cd7f07cdafe23c3c6d6704e1,0
4,25,3,2.3709473609924316,2.4593615531921387,2.413067579269409,0.04629397392272949,-0.04212021827697754,0.04212021827697754,-0.003421527800811041,1.0661384436753025,20.225484259957287,True,724935,87378d9a25a73ab0354dcf66f6fc1470a4346763196efc017ffeec12af0cdfeb,ec220d46a90e94b40349a429d6306df6bb980ca55f12e613c8034fc2f502142a,955f759a41849a6fcc483a6412b3befa1cf6e275e4706e467fcf102dec73d7e4,0
4,25,4,2.3709473609924316,2.3346951007843018,2.3558812141418457,-0.021186113357543945,0.015066146850585938,0.0,7.06452920343587e-05,1.4376308149969133,20.00413396049245,True,724935,87378d9a25a73ab0354dcf66f6fc1470a4346763196efc017ffeec12af0cdfeb,ec220d46a90e94b40349a429d6306df6bb980ca55f12e613c8034fc2f502142a,f7eb4ba6836e75bd7e1aea457ef84dd10ecf7b1ba3f1acca5e18621947ff44b2,0
4,25,5,2.3709473609924316,2.415494441986084,2.3914296627044678,0.02406477928161621,-0.020482301712036133,0.020482301712036133,-0.00616484572803082,1.3723764527195268,20.153827550955054,True,724935,87378d9a25a73ab0354dcf66f6fc1470a4346763196efc017ffeec12af0cdfeb,ec220d46a90e94b40349a429d6306df6bb980ca55f12e613c8034fc2f502142a,3df25f0c1bc728162d73541add5be6bad096b66a51ea35deb3b486765749e309,0
4,25,6,2.3709473609924316,2.5916500091552734,2.3932013511657715,0.19844865798950195,-0.022253990173339844,0.022253990173339844,0.004747552372652432,1.3107543468799356,19.951688267025045,True,724935,87378d9a25a73ab0354dcf66f6fc1470a4346763196efc017ffeec12af0cdfeb,ec220d46a90e94b40349a429d6306df6bb980ca55f12e613c8034fc2f502142a,fbdc601402ac545aeb619cb8dfd7b723587cafe9ed6000308bd2f4283fa7aeba,0
4,25,7,2.3709473609924316,2.3895554542541504,2.4365291595458984,-0.04697370529174805,-0.0655817985534668,0.0655817985534668,-0.0031555612277285815,1.4085042841102295,20.001779901178402,True,724935,87378d9a25a73ab0354dcf66f6fc1470a4346763196efc017ffeec12af0cdfeb,ec220d46a90e94b40349a429d6306df6bb980ca55f12e613c8034fc2f502142a,5cb91daa8398fb043456085cdf4e7af0cef978bac1a9ef89a2b1eaadf14cec1c,0
4,25,8,2.3709473609924316,2.353365182876587,2.4788577556610107,-0.12549257278442383,-0.1079103946685791,0.1079103946685791,-0.001148435735447451,1.1573428197633187,20.007950282695123,True,724935,87378d9a25a73ab0354dcf66f6fc1470a4346763196efc017ffeec12af0cdfeb,ec220d46a90e94b40349a429d6306df6bb980ca55f12e613c8034fc2f502142a,7b37e89115203d38d98a6f7ddbe95ce11ca2380eb5c09b3307c6a6213bbea5b7,0
4,25,9,2.3709473609924316,2.4658823013305664,2.3890891075134277,0.07679319381713867,-0.018141746520996094,0.018141746520996094,0.0004734307125475676,1.2018778435165018,20.107001163502705,True,724935,87378d9a25a73ab0354dcf66f6fc1470a4346763196efc017ffeec12af0cdfeb,ec220d46a90e94b40349a429d6306df6bb980ca55f12e613c8034fc2f502142a,38af7f3d9cd74c6473ecfee58b287ed681958376df415ba713bc4f49aadf15cb,0
4,5,0,2.690551280975342,2.9275963306427,1.4198698997497559,1.5077264308929443,1.270681381225586,0.0,0.0023469527202858802,1.4077052913134085,20.029957818096964,True,704995,0c7b59a860648a96f686ab03cbbb31676446179f4a898920326e28c41abca08f,1f0db79f245b599407333eb5a5eab991299bff92aada149a0ef4e5c331bc7f7c,658dccc415581b0ac1beb4e0b6236fd59adfddf18aaa973422d67f3c8b4b8c52,0
4,5,1,2.690551280975342,2.7908623218536377,1.4631321430206299,1.3277301788330078,1.227419137954712,0.0,-0.0016057059760553854,1.371810367393611,19.9698670062457,True,704995,0c7b59a860648a96f686ab03cbbb31676446179f4a898920326e28c41abca08f,1f0db79f245b599407333eb5a5eab991299bff92aada149a0ef4e5c331bc7f7c,467e83b55e7e9c21ab28923b6284dc2c09e3e76c1777a3bc27bbc207b18de90b,0
4,5,2,2.690551280975342,2.526430606842041,1.4588655233383179,1.0675650835037231,1.231685757637024,0.0,-0.004284893702028634,1.0761111832575108,20.234189285943657,True,704995,0c7b59a860648a96f686ab03cbbb31676446179f4a898920326e28c41abca08f,1f0db79f245b599407333eb5a5eab991299bff92aada149a0ef4e5c331bc7f7c,bb6b4053dddd667c50af856b2077471934bdd090cd7f07cdafe23c3c6d6704e1,0
4,5,3,2.690551280975342,2.9129791259765625,1.4658124446868896,1.4471666812896729,1.2247388362884521,0.0,-0.0036385941571173124,1.1357016881852018,20.225484259957287,True,704995,0c7b59a860648a96f686ab03cbbb31676446179f4a898920326e28c41abca08f,1f0db79f245b599407333eb5a5eab991299bff92aada149a0ef4e5c331bc7f7c,955f759a41849a6fcc483a6412b3befa1cf6e275e4706e467fcf102dec73d7e4,0
4,5,4,2.690551280975342,2.6834936141967773,1.4589717388153076,1.2245218753814697,1.2315795421600342,0.0,-0.0014721749839065512,1.0207117109278347,20.00413396049245,True,704995,0c7b59a860648a96f686ab03cbbb31676446179f4a898920326e28c41abca08f,1f0db79f245b599407333eb5a5eab991299bff92aada149a0ef4e5c331bc7f7c,f7eb4ba6836e75bd7e1aea457ef84dd10ecf7b1ba3f1acca5e18621947ff44b2,0
4,5,5,2.690551280975342,2.686224937438965,1.4703491926193237,1.2158757448196411,1.220202088356018,0.0,-0.004993665979163288,1.297319270957171,20.153827550955054,True,704995,0c7b59a860648a96f686ab03cbbb31676446179f4a898920326e28c41abca08f,1f0db79f245b599407333eb5a5eab991299bff92aada149a0ef4e5c331bc7f7c,3df25f0c1bc728162d73541add5be6bad096b66a51ea35deb3b486765749e309,0
4,5,6,2.690551280975342,2.839704751968384,1.501334309577942,1.338370442390442,1.1892169713974,0.0,0.0011860325625856734,2.0475450125146257,19.951688267025045,True,704995,0c7b59a860648a96f686ab03cbbb31676446179f4a898920326e28c41abca08f,1f0db79f245b599407333eb5a5eab991299bff92aada149a0ef4e5c331bc7f7c,fbdc601402ac545aeb619cb8dfd7b723587cafe9ed6000308bd2f4283fa7aeba,0
4,5,7,2.690551280975342,2.62872314453125,1.481633186340332,1.147089958190918,1.2089180946350098,0.0,-0.003550256689945661,1.1637573657910707,20.001779901178402,True,704995,0c7b59a860648a96f686ab03cbbb31676446179f4a898920326e28c41abca08f,1f0db79f245b599407333eb5a5eab991299bff92aada149a0ef4e5c331bc7f7c,5cb91daa8398fb043456085cdf4e7af0cef978bac1a9ef89a2b1eaadf14cec1c,0
4,5,8,2.690551280975342,2.686640977859497,1.4182422161102295,1.2683987617492676,1.2723090648651123,0.0,-0.0027359365294792057,1.1836217454257707,20.007950282695123,True,704995,0c7b59a860648a96f686ab03cbbb31676446179f4a898920326e28c41abca08f,1f0db79f245b599407333eb5a5eab991299bff92aada149a0ef4e5c331bc7f7c,7b37e89115203d38d98a6f7ddbe95ce11ca2380eb5c09b3307c6a6213bbea5b7,0
4,5,9,2.690551280975342,2.7144246101379395,1.4449023008346558,1.2695223093032837,1.245648980140686,0.0,-0.004198752674063006,1.3348058530005316,20.107001163502705,True,704995,0c7b59a860648a96f686ab03cbbb31676446179f4a898920326e28c41abca08f,1f0db79f245b599407333eb5a5eab991299bff92aada149a0ef4e5c331bc7f7c,38af7f3d9cd74c6473ecfee58b287ed681958376df415ba713bc4f49aadf15cb,0
5,89,0,2.9029347896575928,2.870295524597168,0.883213996887207,1.987081527709961,2.0197207927703857,0.0,0.0003490989082297635,1.4016792118343002,19.59419181581385,True,888746,303fc6794d0302b8b99befdfd236b17706558abd7d4545f3f3e0c3b4da22cae5,bae7a49d0dfca05169611169f70295cf0a40ba39d1bb9fbe553fe67dacef4154,40545e52ba07a57eef7bf510109698a67881769a26237a40830f9ca468fe8744,0
5,89,1,2.9029347896575928,2.7789053916931152,0.8596659898757935,1.9192394018173218,2.0432687997817993,0.0,0.0018943988357536265,1.3286444295167268,19.794202939161092,True,888746,303fc6794d0302b8b99befdfd236b17706558abd7d4545f3f3e0c3b4da22cae5,bae7a49d0dfca05169611169f70295cf0a40ba39d1bb9fbe553fe67dacef4154,0219de1e84c431e9937fbfeadd40f5634cc0cac8aaea5c97f070991b9d8d9dbd,0
5,89,2,2.9029347896575928,2.7828316688537598,0.8870673179626465,1.8957643508911133,2.0158674716949463,0.0,0.0010676624874743539,1.3056951409190054,19.52276310998649,True,888746,303fc6794d0302b8b99befdfd236b17706558abd7d4545f3f3e0c3b4da22cae5,bae7a49d0dfca05169611169f70295cf0a40ba39d1bb9fbe553fe67dacef4154,fe0206dffe54775e00e34d4f980975d795e01d683397b562d472e74a48cb8b95,0
5,89,3,2.9029347896575928,2.698676824569702,0.9541265368461609,1.7445502877235413,1.9488082528114319,0.0,-0.0022910307211619816,1.4114864267628946,19.640649023124393,True,888746,303fc6794d0302b8b99befdfd236b17706558abd7d4545f3f3e0c3b4da22cae5,bae7a49d0dfca05169611169f70295cf0a40ba39d1bb9fbe553fe67dacef4154,c9df10c90b86a669b617e308d98f9f2e6bbb26258dfcfa55e6b9e140a9da7445,0
5,89,4,2.9029347896575928,3.092688798904419,0.9212307929992676,2.1714580059051514,1.9817039966583252,0.0,-0.0004786340393513534,1.1203647623516553,19.68460654490801,True,888746,303fc6794d0302b8b99befdfd236b17706558abd7d4545f3f3e0c3b4da22cae5,bae7a49d0dfca05169611169f70295cf0a40ba39d1bb9fbe553fe67dacef4154,bfa73daf5532a53606a25755e29fdab676b14e6b5eb23a1bce627814dd8bf011,0
5,89,5,2.9029347896575928,2.8240413665771484,0.9664843082427979,1.8575570583343506,1.936450481414795,0.0,-0.0004546268131162769,1.2452410162863463,19.51401149984495,True,888746,303fc6794d0302b8b99befdfd236b17706558abd7d4545f3f3e0c3b4da22cae5,bae7a49d0dfca05169611169f70295cf0a40ba39d1bb9fbe553fe67dacef4154,4d8b5c8fa26ae77a002361d5f011bb9092a33293a6c9bf57e483c3e15c354b2d,0
5,89,6,2.9029347896575928,2.6502552032470703,0.8953616619110107,1.7548935413360596,2.007573127746582,0.0,-0.0005551543967600342,1.1432085749290226,19.610048037782178,True,888746,303fc6794d0302b8b99befdfd236b17706558abd7d4545f3f3e0c3b4da22cae5,bae7a49d0dfca05169611169f70295cf0a40ba39d1bb9fbe553fe67dacef4154,dc3fb9c2225d88f98c2e23a1bed0b703c10271e7fa647828ad5043efb67fbe55,0
5,89,7,2.9029347896575928,2.82037615776062,0.8740450143814087,1.9463311433792114,2.028889775276184,0.0,0.0033674755559100866,1.4292830379132793,19.504137938586577,True,888746,303fc6794d0302b8b99befdfd236b17706558abd7d4545f3f3e0c3b4da22cae5,bae7a49d0dfca05169611169f70295cf0a40ba39d1bb9fbe553fe67dacef4154,7028a7ca9faf699b6ac0bfe0247f74ecdad5a7a66f3941ce64771c7db00594dd,0
5,89,8,2.9029347896575928,2.506655693054199,0.9076820015907288,1.5989736914634705,1.995252788066864,0.0,-0.0004703034582938579,1.2191640077603774,19.525237561841966,True,888746,303fc6794d0302b8b99befdfd236b17706558abd7d4545f3f3e0c3b4da22cae5,bae7a49d0dfca05169611169f70295cf0a40ba39d1bb9fbe553fe67dacef4154,4ac8272a70beb7bf445b4d0208715d65e146af1ddebe9a683540001d0e8b0b2d,0
5,89,9,2.9029347896575928,2.618100643157959,0.8896284103393555,1.7284722328186035,2.0133063793182373,0.0,-0.0002246224028456272,1.1001330683312733,19.618109190389102,True,888746,303fc6794d0302b8b99befdfd236b17706558abd7d4545f3f3e0c3b4da22cae5,bae7a49d0dfca05169611169f70295cf0a40ba39d1bb9fbe553fe67dacef4154,a921eee50b8b668c0aff3e53754a055dbee7a54931c64c54a7c098bee1087cb0,0
5,99,0,2.8271210193634033,2.818401575088501,2.388286590576172,0.4301149845123291,0.43883442878723145,0.0,-4.6150357362126894e-05,1.5091006565495402,19.59419181581385,True,898716,72cab399dd47652e7f3c183662667c1826e8c4fc96c4afc358981f0f919f26f4,87b39ff6f92bcbae1e4773e4e2b9ca8da5ddcfaec364c687954fbb540765305b,40545e52ba07a57eef7bf510109698a67881769a26237a40830f9ca468fe8744,0
5,99,1,2.8271210193634033,2.9197614192962646,2.301666021347046,0.6180953979492188,0.5254549980163574,0.0,0.0036616152369758305,1.387559090048368,19.794202939161092,True,898716,72cab399dd47652e7f3c183662667c1826e8c4fc96c4afc358981f0f919f26f4,87b39ff6f92bcbae1e4773e4e2b9ca8da5ddcfaec364c687954fbb540765305b,0219de1e84c431e9937fbfeadd40f5634cc0cac8aaea5c97f070991b9d8d9dbd,0
5,99,2,2.8271210193634033,2.894472599029541,2.3933842182159424,0.5010883808135986,0.43373680114746094,0.0,0.005745003771655928,1.5886063202802725,19.52276310998649,True,898716,72cab399dd47652e7f3c183662667c1826e8c4fc96c4afc358981f0f919f26f4,87b39ff6f92bcbae1e4773e4e2b9ca8da5ddcfaec364c687954fbb540765305b,fe0206dffe54775e00e34d4f980975d795e01d683397b562d472e74a48cb8b95,0
5,99,3,2.8271210193634033,2.843430757522583,2.430919885635376,0.41251087188720703,0.39620113372802734,0.0,0.0024179646834695217,1.295894782869448,19.640649023124393,True,898716,72cab399dd47652e7f3c183662667c1826e8c4fc96c4afc358981f0f919f26f4,87b39ff6f92bcbae1e4773e4e2b9ca8da5ddcfaec364c687954fbb540765305b,c9df10c90b86a669b617e308d98f9f2e6bbb26258dfcfa55e6b9e140a9da7445,0
5,99,4,2.8271210193634033,3.025853395462036,2.3345048427581787,0.6913485527038574,0.4926161766052246,0.0,0.004772503146066458,1.353162818630067,19.68460654490801,True,898716,72cab399dd47652e7f3c183662667c1826e8c4fc96c4afc358981f0f919f26f4,87b39ff6f92bcbae1e4773e4e2b9ca8da5ddcfaec364c687954fbb540765305b,bfa73daf5532a53606a25755e29fdab676b14e6b5eb23a1bce627814dd8bf011,0
5,99,5,2.8271210193634033,3.0918209552764893,2.3914318084716797,0.7003891468048096,0.43568921089172363,0.0,0.004010244661755885,1.2691816861496845,19.51401149984495,True,898716,72cab399dd47652e7f3c183662667c1826e8c4fc96c4afc358981f0f919f26f4,87b39ff6f92bcbae1e4773e4e2b9ca8da5ddcfaec364c687954fbb540765305b,4d8b5c8fa26ae77a002361d5f011bb9092a33293a6c9bf57e483c3e15c354b2d,0
5,99,6,2.8271210193634033,2.766394853591919,2.346627950668335,0.419766902923584,0.48049306869506836,0.0,0.0036416041446013015,1.5177484018214373,19.610048037782178,True,898716,72cab399dd47652e7f3c183662667c1826e8c4fc96c4afc358981f0f919f26f4,87b39ff6f92bcbae1e4773e4e2b9ca8da5ddcfaec364c687954fbb540765305b,dc3fb9c2225d88f98c2e23a1bed0b703c10271e7fa647828ad5043efb67fbe55,0
5,99,7,2.8271210193634033,2.8221561908721924,2.3374826908111572,0.48467350006103516,0.4896383285522461,0.0,0.00205331895738459,1.2590436933632436,19.504137938586577,True,898716,72cab399dd47652e7f3c183662667c1826e8c4fc96c4afc358981f0f919f26f4,87b39ff6f92bcbae1e4773e4e2b9ca8da5ddcfaec364c687954fbb540765305b,7028a7ca9faf699b6ac0bfe0247f74ecdad5a7a66f3941ce64771c7db00594dd,0
5,99,8,2.8271210193634033,3.125613212585449,2.3046770095825195,0.8209362030029297,0.5224440097808838,0.0,0.004354000289150152,1.9243065360140652,19.525237561841966,True,898716,72cab399dd47652e7f3c183662667c1826e8c4fc96c4afc358981f0f919f26f4,87b39ff6f92bcbae1e4773e4e2b9ca8da5ddcfaec364c687954fbb540765305b,4ac8272a70beb7bf445b4d0208715d65e146af1ddebe9a683540001d0e8b0b2d,0
5,99,9,2.8271210193634033,3.123507022857666,2.239431858062744,0.8840751647949219,0.5876891613006592,0.0,0.0022587139709264407,1.2889849703759289,19.618109190389102,True,898716,72cab399dd47652e7f3c183662667c1826e8c4fc96c4afc358981f0f919f26f4,87b39ff6f92bcbae1e4773e4e2b9ca8da5ddcfaec364c687954fbb540765305b,a921eee50b8b668c0aff3e53754a055dbee7a54931c64c54a7c098bee1087cb0,0
5,45,0,3.5622828006744385,3.618645191192627,2.1985464096069336,1.4200987815856934,1.3637363910675049,0.0,-0.004268903699833655,1.4923167818304153,19.59419181581385,True,844878,476a5e40939ca15016a5b714da5927a6abbd0082beab3559818bb12c262b303f,53fb48ac432767f4f406bee29c5eaee8c194203aceeb437fe8129936052cf753,40545e52ba07a57eef7bf510109698a67881769a26237a40830f9ca468fe8744,0
5,45,1,3.5622828006744385,3.575878143310547,2.2464511394500732,1.3294270038604736,1.3158316612243652,0.0,0.001780550871780303,1.2431289697524688,19.794202939161092,True,844878,476a5e40939ca15016a5b714da5927a6abbd0082beab3559818bb12c262b303f,53fb48ac432767f4f406bee29c5eaee8c194203aceeb437fe8129936052cf753,0219de1e84c431e9937fbfeadd40f5634cc0cac8aaea5c97f070991b9d8d9dbd,0
5,45,2,3.5622828006744385,3.3139700889587402,2.164979934692383,1.1489901542663574,1.3973028659820557,0.0,-0.004289747906144231,2.12614815093493,19.52276310998649,True,844878,476a5e40939ca15016a5b714da5927a6abbd0082beab3559818bb12c262b303f,53fb48ac432767f4f406bee29c5eaee8c194203aceeb437fe8129936052cf753,fe0206dffe54775e00e34d4f980975d795e01d683397b562d472e74a48cb8b95,0
5,45,3,3.5622828006744385,3.837991237640381,2.2644541263580322,1.5735371112823486,1.2978286743164062,0.0,-0.0024710606212098563,2.8780023108749746,19.640649023124393,True,844878,476a5e40939ca15016a5b714da5927a6abbd0082beab3559818bb12c262b303f,53fb48ac432767f4f406bee29c5eaee8c194203aceeb437fe8129936052cf753,c9df10c90b86a669b617e308d98f9f2e6bbb26258dfcfa55e6b9e140a9da7445,0
5,45,4,3.5622828006744385,4.058238983154297,2.2280237674713135,1.8302152156829834,1.334259033203125,0.0,0.0034796807946373565,1.3964892606412809,19.68460654490801,True,844878,476a5e40939ca15016a5b714da5927a6abbd0082beab3559818bb12c262b303f,53fb48ac432767f4f406bee29c5eaee8c194203aceeb437fe8129936052cf753,bfa73daf5532a53606a25755e29fdab676b14e6b5eb23a1bce627814dd8bf011,0
5,45,5,3.5622828006744385,3.971374750137329,2.2600955963134766,1.7112791538238525,1.302187204360962,0.0,-0.0014812729088543165,1.368203119753996,19.51401149984495,True,844878,476a5e40939ca15016a5b714da5927a6abbd0082beab3559818bb12c262b303f,53fb48ac432767f4f406bee29c5eaee8c194203aceeb437fe8129936052cf753,4d8b5c8fa26ae77a002361d5f011bb9092a33293a6c9bf57e483c3e15c354b2d,0
5,45,6,3.5622828006744385,3.5979647636413574,2.1892788410186768,1.4086859226226807,1.3730039596557617,0.0,0.0013162536510723704,2.205825017789002,19.610048037782178,True,844878,476a5e40939ca15016a5b714da5927a6abbd0082beab3559818bb12c262b303f,53fb48ac432767f4f406bee29c5eaee8c194203aceeb437fe8129936052cf753,dc3fb9c2225d88f98c2e23a1bed0b703c10271e7fa647828ad5043efb67fbe55,0
5,45,7,3.5622828006744385,3.5767428874969482,2.184222936630249,1.3925199508666992,1.3780598640441895,0.0,0.0048653964093320476,1.2921420790209164,19.504137938586577,True,844878,476a5e40939ca15016a5b714da5927a6abbd0082beab3559818bb12c262b303f,53fb48ac432767f4f406bee29c5eaee8c194203aceeb437fe8129936052cf753,7028a7ca9faf699b6ac0bfe0247f74ecdad5a7a66f3941ce64771c7db00594dd,0
5,45,8,3.5622828006744385,3.6753196716308594,2.242861032485962,1.4324586391448975,1.3194217681884766,0.0,0.0008018523276114341,1.7204624579332524,19.525237561841966,True,844878,476a5e40939ca15016a5b714da5927a6abbd0082beab3559818bb12c262b303f,53fb48ac432767f4f406bee29c5eaee8c194203aceeb437fe8129936052cf753,4ac8272a70beb7bf445b4d0208715d65e146af1ddebe9a683540001d0e8b0b2d,0
5,45,9,3.5622828006744385,4.119121551513672,2.185962677001953,1.9331588745117188,1.3763201236724854,0.0,-0.0007677619422394967,1.3502086574487941,19.618109190389102,True,844878,476a5e40939ca15016a5b714da5927a6abbd0082beab3559818bb12c262b303f,53fb48ac432767f4f406bee29c5eaee8c194203aceeb437fe8129936052cf753,a921eee50b8b668c0aff3e53754a055dbee7a54931c64c54a7c098bee1087cb0,0
5,96,0,1.4242196083068848,1.4722694158554077,1.1219886541366577,0.35028076171875,0.30223095417022705,0.0,0.002153030943276638,1.388056292214671,19.59419181581385,True,895725,dd4ac7b6b7e9393aa291486473563e9dbd2aeab2148186b9537a085a41bf17d4,fb4bdd7f6445f7e9cd60324e2b24eb36ba4c853c5de9b123d30db04dbd4f4b6b,40545e52ba07a57eef7bf510109698a67881769a26237a40830f9ca468fe8744,0
5,96,1,1.4242196083068848,1.6007741689682007,1.1222587823867798,0.4785153865814209,0.301960825920105,0.0,0.0011395047716159605,1.268509260790973,19.794202939161092,True,895725,dd4ac7b6b7e9393aa291486473563e9dbd2aeab2148186b9537a085a41bf17d4,fb4bdd7f6445f7e9cd60324e2b24eb36ba4c853c5de9b123d30db04dbd4f4b6b,0219de1e84c431e9937fbfeadd40f5634cc0cac8aaea5c97f070991b9d8d9dbd,0
5,96,2,1.4242196083068848,1.6110432147979736,1.21675443649292,0.3942887783050537,0.20746517181396484,0.0,-0.0024658203981906663,1.3691183315931252,19.52276310998649,True,895725,dd4ac7b6b7e9393aa291486473563e9dbd2aeab2148186b9537a085a41bf17d4,fb4bdd7f6445f7e9cd60324e2b24eb36ba4c853c5de9b123d30db04dbd4f4b6b,fe0206dffe54775e00e34d4f980975d795e01d683397b562d472e74a48cb8b95,0
5,96,3,1.4242196083068848,1.6463885307312012,1.1566016674041748,0.48978686332702637,0.26761794090270996,0.0,0.0004246513219712874,1.4000233160657143,19.640649023124393,True,895725,dd4ac7b6b7e9393aa291486473563e9dbd2aeab2148186b9537a085a41bf17d4,fb4bdd7f6445f7e9cd60324e2b24eb36ba4c853c5de9b123d30db04dbd4f4b6b,c9df10c90b86a669b617e308d98f9f2e6bbb26258dfcfa55e6b9e140a9da7445,0
5,96,4,1.4242196083068848,1.7436546087265015,1.1965928077697754,0.5470618009567261,0.22762680053710938,0.0,0.004203186215178047,1.1482996282449602,19.68460654490801,True,895725,dd4ac7b6b7e9393aa291486473563e9dbd2aeab2148186b9537a085a41bf17d4,fb4bdd7f6445f7e9cd60324e2b24eb36ba4c853c5de9b123d30db04dbd4f4b6b,bfa73daf5532a53606a25755e29fdab676b14e6b5eb23a1bce627814dd8bf011,0
5,96,5,1.4242196083068848,1.7589623928070068,1.220668077468872,0.5382943153381348,0.2035515308380127,0.0,-0.003157169899832803,1.4311664242073987,19.51401149984495,True,895725,dd4ac7b6b7e9393aa291486473563e9dbd2aeab2148186b9537a085a41bf17d4,fb4bdd7f6445f7e9cd60324e2b24eb36ba4c853c5de9b123d30db04dbd4f4b6b,4d8b5c8fa26ae77a002361d5f011bb9092a33293a6c9bf57e483c3e15c354b2d,0
5,96,6,1.4242196083068848,1.592909574508667,1.1946876049041748,0.3982219696044922,0.22953200340270996,0.0,-0.00010816323729740395,1.4179404493829788,19.610048037782178,True,895725,dd4ac7b6b7e9393aa291486473563e9dbd2aeab2148186b9537a085a41bf17d4,fb4bdd7f6445f7e9cd60324e2b24eb36ba4c853c5de9b123d30db04dbd4f4b6b,dc3fb9c2225d88f98c2e23a1bed0b703c10271e7fa647828ad5043efb67fbe55,0
5,96,7,1.4242196083068848,1.5866707563400269,1.1110010147094727,0.4756697416305542,0.3132185935974121,0.0,-0.001386378075432086,1.216911338047845,19.504137938586577,True,895725,dd4ac7b6b7e9393aa291486473563e9dbd2aeab2148186b9537a085a41bf17d4,fb4bdd7f6445f7e9cd60324e2b24eb36ba4c853c5de9b123d30db04dbd4f4b6b,7028a7ca9faf699b6ac0bfe0247f74ecdad5a7a66f3941ce64771c7db00594dd,0
5,96,8,1.4242196083068848,1.7754367589950562,1.1821430921554565,0.5932936668395996,0.24207651615142822,0.0,-0.00038392883692902143,1.64085577929843,19.525237561841966,True,895725,dd4ac7b6b7e9393aa291486473563e9dbd2aeab2148186b9537a085a41bf17d4,fb4bdd7f6445f7e9cd60324e2b24eb36ba4c853c5de9b123d30db04dbd4f4b6b,4ac8272a70beb7bf445b4d0208715d65e146af1ddebe9a683540001d0e8b0b2d,0
5,96,9,1.4242196083068848,1.8577800989151,1.174176812171936,0.6836032867431641,0.25004279613494873,0.0,-0.0019358776912943773,1.2702864185787615,19.618109190389102,True,895725,dd4ac7b6b7e9393aa291486473563e9dbd2aeab2148186b9537a085a41bf17d4,fb4bdd7f6445f7e9cd60324e2b24eb36ba4c853c5de9b123d30db04dbd4f4b6b,a921eee50b8b668c0aff3e53754a055dbee7a54931c64c54a7c098bee1087cb0,0
5,72,0,3.242499351501465,2.730724334716797,1.274072289466858,1.456652045249939,1.968427062034607,0.0,-0.0025958649725996113,1.4170619153700479,19.59419181581385,True,871797,96c67ba0a508cb91f47955bbd0be324255260499b60c4958670985d39e28bfcc,21348cb1ea2552c4de07879cd6244909f291de4731765153f95df11b9954a057,40545e52ba07a57eef7bf510109698a67881769a26237a40830f9ca468fe8744,0
5,72,1,3.242499351501465,3.4669833183288574,1.2156367301940918,2.2513465881347656,2.026862621307373,0.0,-0.0011502032403961561,1.1977782329616842,19.794202939161092,True,871797,96c67ba0a508cb91f47955bbd0be324255260499b60c4958670985d39e28bfcc,21348cb1ea2552c4de07879cd6244909f291de4731765153f95df11b9954a057,0219de1e84c431e9937fbfeadd40f5634cc0cac8aaea5c97f070991b9d8d9dbd,0
5,72,2,3.242499351501465,2.91038179397583,1.2355306148529053,1.6748511791229248,2.0069687366485596,0.0,-0.003037165804688309,2.145631949565226,19.52276310998649,True,871797,96c67ba0a508cb91f47955bbd0be324255260499b60c4958670985d39e28bfcc,21348cb1ea2552c4de07879cd6244909f291de4731765153f95df11b9954a057,fe0206dffe54775e00e34d4f980975d795e01d683397b562d472e74a48cb8b95,0
5,72,3,3.242499351501465,2.1957147121429443,1.4254096746444702,0.7703050374984741,1.8170896768569946,0.0,0.004705244449744994,1.725671230737781,19.640649023124393,True,871797,96c67ba0a508cb91f47955bbd0be324255260499b60c4958670985d39e28bfcc,21348cb1ea2552c4de07879cd6244909f291de4731765153f95df11b9954a057,c9df10c90b86a669b617e308d98f9f2e6bbb26258dfcfa55e6b9e140a9da7445,0
5,72,4,3.242499351501465,3.819079875946045,1.2614027261734009,2.557677149772644,1.981096625328064,0.0,0.0012636968975882202,1.189681241719655,19.68460654490801,True,871797,96c67ba0a508cb91f47955bbd0be324255260499b60c4958670985d39e28bfcc,21348cb1ea2552c4de07879cd6244909f291de4731765153f95df11b9954a057,bfa73daf5532a53606a25755e29fdab676b14e6b5eb23a1bce627814dd8bf011,0
5,72,5,3.242499351501465,3.454263210296631,1.3002421855926514,2.1540210247039795,1.9422571659088135,0.0,-0.00044254999035477793,1.1206562320532818,19.51401149984495,True,871797,96c67ba0a508cb91f47955bbd0be324255260499b60c4958670985d39e28bfcc,21348cb1ea2552c4de07879cd6244909f291de4731765153f95df11b9954a057,4d8b5c8fa26ae77a002361d5f011bb9092a33293a6c9bf57e483c3e15c354b2d,0
5,72,6,3.242499351501465,3.27510404586792,1.3366669416427612,1.9384371042251587,1.9058324098587036,0.0,0.0015246172056729698,1.15469004553079,19.610048037782178,True,871797,96c67ba0a508cb91f47955bbd0be324255260499b60c4958670985d39e28bfcc,21348cb1ea2552c4de07879cd6244909f291de4731765153f95df11b9954a057,dc3fb9c2225d88f98c2e23a1bed0b703c10271e7fa647828ad5043efb67fbe55,0
5,72,7,3.242499351501465,3.340439796447754,1.302122712135315,2.038317084312439,1.94037663936615,0.0,-0.0003553566809026275,1.1479735211150832,19.504137938586577,True,871797,96c67ba0a508cb91f47955bbd0be324255260499b60c4958670985d39e28bfcc,21348cb1ea2552c4de07879cd6244909f291de4731765153f95df11b9954a057,7028a7ca9faf699b6ac0bfe0247f74ecdad5a7a66f3941ce64771c7db00594dd,0
5,72,8,3.242499351501465,3.2622766494750977,1.3261319398880005,1.9361447095870972,1.9163674116134644,0.0,0.003096350137330652,1.5658592551036914,19.525237561841966,True,871797,96c67ba0a508cb91f47955bbd0be324255260499b60c4958670985d39e28bfcc,21348cb1ea2552c4de07879cd6244909f291de4731765153f95df11b9954a057,4ac8272a70beb7bf445b4d0208715d65e146af1ddebe9a683540001d0e8b0b2d,0
5,72,9,3.242499351501465,3.7420713901519775,1.2673094272613525,2.474761962890625,1.9751899242401123,0.0,0.0010847910297829312,1.0658734113077186,19.618109190389102,True,871797,96c67ba0a508cb91f47955bbd0be324255260499b60c4958670985d39e28bfcc,21348cb1ea2552c4de07879cd6244909f291de4731765153f95df11b9954a057,a921eee50b8b668c0aff3e53754a055dbee7a54931c64c54a7c098bee1087cb0,0
5,9,0,2.22707462310791,1.8468513488769531,1.2162940502166748,0.6305572986602783,1.0107805728912354,0.0,-0.0022545292655610895,1.223504674597891,19.59419181581385,True,808986,afaf1e8e2dc668bddd1b06fb44830915e94412150c31065d0cf9c11c78d170c5,e942470c0c9170606313b3fde19c5b23d2a9a13242a7e127aedd4af87e626a2c,40545e52ba07a57eef7bf510109698a67881769a26237a40830f9ca468fe8744,0
5,9,1,2.22707462310791,2.261544704437256,1.1967601776123047,1.0647845268249512,1.0303144454956055,0.0,-0.0008838507727481773,1.0637888651436664,19.794202939161092,True,808986,afaf1e8e2dc668bddd1b06fb44830915e94412150c31065d0cf9c11c78d170c5,e942470c0c9170606313b3fde19c5b23d2a9a13242a7e127aedd4af87e626a2c,0219de1e84c431e9937fbfeadd40f5634cc0cac8aaea5c97f070991b9d8d9dbd,0
5,9,2,2.22707462310791,1.8955940008163452,1.202749490737915,0.6928445100784302,1.0243251323699951,0.0,0.0020778446911773256,0.9952292625857615,19.52276310998649,True,808986,afaf1e8e2dc668bddd1b06fb44830915e94412150c31065d0cf9c11c78d170c5,e942470c0c9170606313b3fde19c5b23d2a9a13242a7e127aedd4af87e626a2c,fe0206dffe54775e00e34d4f980975d795e01d683397b562d472e74a48cb8b95,0
5,9,3,2.22707462310791,1.8320828676223755,1.234852910041809,0.5972299575805664,0.9922217130661011,0.0,-0.00193473638947088,1.250896257524904,19.640649023124393,True,808986,afaf1e8e2dc668bddd1b06fb44830915e94412150c31065d0cf9c11c78d170c5,e942470c0c9170606313b3fde19c5b23d2a9a13242a7e127aedd4af87e626a2c,c9df10c90b86a669b617e308d98f9f2e6bbb26258dfcfa55e6b9e140a9da7445,0
5,9,4,2.22707462310791,2.3218069076538086,1.1615827083587646,1.160224199295044,1.0654919147491455,0.0,0.0022354749906841886,1.0532355417268235,19.68460654490801,True,808986,afaf1e8e2dc668bddd1b06fb44830915e94412150c31065d0cf9c11c78d170c5,e942470c0c9170606313b3fde19c5b23d2a9a13242a7e127aedd4af87e626a2c,bfa73daf5532a53606a25755e29fdab676b14e6b5eb23a1bce627814dd8bf011,0
5,9,5,2.22707462310791,2.2836151123046875,1.2242887020111084,1.059326410293579,1.0027859210968018,0.0,0.0012741008261595368,1.16541550408803,19.51401149984495,True,808986,afaf1e8e2dc668bddd1b06fb44830915e94412150c31065d0cf9c11c78d170c5,e942470c0c9170606313b3fde19c5b23d2a9a13242a7e127aedd4af87e626a2c,4d8b5c8fa26ae77a002361d5f011bb9092a33293a6c9bf57e483c3e15c354b2d,0
5,9,6,2.22707462310791,2.1380131244659424,1.182149052619934,0.9558640718460083,1.044925570487976,0.0,0.0025167169969851156,1.1141404699575035,19.610048037782178,True,808986,afaf1e8e2dc668bddd1b06fb44830915e94412150c31065d0cf9c11c78d170c5,e942470c0c9170606313b3fde19c5b23d2a9a13242a7e127aedd4af87e626a2c,dc3fb9c2225d88f98c2e23a1bed0b703c10271e7fa647828ad5043efb67fbe55,0
5,9,7,2.22707462310791,1.9734190702438354,1.2177339792251587,0.7556850910186768,1.0093406438827515,0.0,0.0017084008242209687,1.0784040249951568,19.504137938586577,True,808986,afaf1e8e2dc668bddd1b06fb44830915e94412150c31065d0cf9c11c78d170c5,e942470c0c9170606313b3fde19c5b23d2a9a13242a7e127aedd4af87e626a2c,7028a7ca9faf699b6ac0bfe0247f74ecdad5a7a66f3941ce64771c7db00594dd,0
5,9,8,2.22707462310791,1.870048999786377,1.1642042398452759,0.7058447599411011,1.0628703832626343,0.0,4.9855171097189e-05,1.1669771830584907,19.525237561841966,True,808986,afaf1e8e2dc668bddd1b06fb44830915e94412150c31065d0cf9c11c78d170c5,e942470c0c9170606313b3fde19c5b23d2a9a13242a7e127aedd4af87e626a2c,4ac8272a70beb7bf445b4d0208715d65e146af1ddebe9a683540001d0e8b0b2d,0
5,9,9,2.22707462310791,1.9152239561080933,1.1795960664749146,0.7356278896331787,1.0474785566329956,0.0,0.00015224515358830393,1.0965266608766717,19.618109190389102,True,808986,afaf1e8e2dc668bddd1b06fb44830915e94412150c31065d0cf9c11c78d170c5,e942470c0c9170606313b3fde19c5b23d2a9a13242a7e127aedd4af87e626a2c,a921eee50b8b668c0aff3e53754a055dbee7a54931c64c54a7c098bee1087cb0,0
5,74,0,3.3600122928619385,3.099658727645874,1.9602007865905762,1.1394579410552979,1.3998115062713623,0.0,-0.0017856215341108424,1.3301522672993125,19.59419181581385,True,873791,93a1ff04104c6da2634ef50aac9d79d751470093639ba5b80f2d33e4d9271476,620d7d988c56f83224aee36f6d6d337277c71c11f98d8787d70c28d1fee93d45,40545e52ba07a57eef7bf510109698a67881769a26237a40830f9ca468fe8744,0
5,74,1,3.3600122928619385,3.529818058013916,1.9956846237182617,1.5341334342956543,1.3643276691436768,0.0,0.0021822017120239714,1.2187031920850762,19.794202939161092,True,873791,93a1ff04104c6da2634ef50aac9d79d751470093639ba5b80f2d33e4d9271476,620d7d988c56f83224aee36f6d6d337277c71c11f98d8787d70c28d1fee93d45,0219de1e84c431e9937fbfeadd40f5634cc0cac8aaea5c97f070991b9d8d9dbd,0
5,74,2,3.3600122928619385,3.160357713699341,1.8966532945632935,1.2637044191360474,1.463358998298645,0.0,0.004025974549411123,1.885546228047333,19.52276310998649,True,873791,93a1ff04104c6da2634ef50aac9d79d751470093639ba5b80f2d33e4d9271476,620d7d988c56f83224aee36f6d6d337277c71c11f98d8787d70c28d1fee93d45,fe0206dffe54775e00e34d4f980975d795e01d683397b562d472e74a48cb8b95,0
5,74,3,3.3600122928619385,2.5734033584594727,1.931581974029541,0.6418213844299316,1.4284303188323975,0.0,-0.0035279556514576835,1.6179909248388382,19.640649023124393,True,873791,93a1ff04104c6da2634ef50aac9d79d751470093639ba5b80f2d33e4d9271476,620d7d988c56f83224aee36f6d6d337277c71c11f98d8787d70c28d1fee93d45,c9df10c90b86a669b617e308d98f9f2e6bbb26258dfcfa55e6b9e140a9da7445,0
5,74,4,3.3600122928619385,3.8318378925323486,1.920675277709961,1.9111626148223877,1.4393370151519775,0.0,0.005392168727180622,1.3122745137566096,19.68460654490801,True,873791,93a1ff04104c6da2634ef50aac9d79d751470093639ba5b80f2d33e4d9271476,620d7d988c56f83224aee36f6d6d337277c71c11f98d8787d70c28d1fee93d45,bfa73daf5532a53606a25755e29fdab676b14e6b5eb23a1bce627814dd8bf011,0
5,74,5,3.3600122928619385,3.6808300018310547,1.9068937301635742,1.7739362716674805,1.4531185626983643,0.0,0.0037004021534543553,1.465856258002983,19.51401149984495,True,873791,93a1ff04104c6da2634ef50aac9d79d751470093639ba5b80f2d33e4d9271476,620d7d988c56f83224aee36f6d6d337277c71c11f98d8787d70c28d1fee93d45,4d8b5c8fa26ae77a002361d5f011bb9092a33293a6c9bf57e483c3e15c354b2d,0
5,74,6,3.3600122928619385,3.4594528675079346,1.943503499031067,1.5159493684768677,1.4165087938308716,0.0,0.002245953995320392,1.2886283869989592,19.610048037782178,True,873791,93a1ff04104c6da2634ef50aac9d79d751470093639ba5b80f2d33e4d9271476,620d7d988c56f83224aee36f6d6d337277c71c11f98d8787d70c28d1fee93d45,dc3fb9c2225d88f98c2e23a1bed0b703c10271e7fa647828ad5043efb67fbe55,0
5,74,7,3.3600122928619385,3.3423078060150146,2.0002665519714355,1.342041254043579,1.359745740890503,0.0,0.004415816721533039,1.306313946962864,19.504137938586577,True,873791,93a1ff04104c6da2634ef50aac9d79d751470093639ba5b80f2d33e4d9271476,620d7d988c56f83224aee36f6d6d337277c71c11f98d8787d70c28d1fee93d45,7028a7ca9faf699b6ac0bfe0247f74ecdad5a7a66f3941ce64771c7db00594dd,0
5,74,8,3.3600122928619385,3.422389268875122,1.90230131149292,1.5200879573822021,1.4577109813690186,0.0,0.0011956610003409696,1.591001047588058,19.525237561841966,True,873791,93a1ff04104c6da2634ef50aac9d79d751470093639ba5b80f2d33e4d9271476,620d7d988c56f83224aee36f6d6d337277c71c11f98d8787d70c28d1fee93d45,4ac8272a70beb7bf445b4d0208715d65e146af1ddebe9a683540001d0e8b0b2d,0
5,74,9,3.3600122928619385,3.547318696975708,1.9628926515579224,1.5844260454177856,1.3971196413040161,0.0,-0.0012292226702874847,1.319017489116675,19.618109190389102,True,873791,93a1ff04104c6da2634ef50aac9d79d751470093639ba5b80f2d33e4d9271476,620d7d988c56f83224aee36f6d6d337277c71c11f98d8787d70c28d1fee93d45,a921eee50b8b668c0aff3e53754a055dbee7a54931c64c54a7c098bee1087cb0,0
5,88,0,2.533997058868408,2.5865278244018555,1.4538240432739258,1.1327037811279297,1.0801730155944824,0.0,0.004888423105814923,1.4708311971481531,19.59419181581385,True,887749,0fb80e8947305c74be701430967d8823e12bfbdb8fe2a2d205de968cde497928,a3de69899573d2c5166face6939af7037c4064c111a380414532e223a0425cd6,40545e52ba07a57eef7bf510109698a67881769a26237a40830f9ca468fe8744,0
5,88,1,2.533997058868408,2.662776470184326,1.5052978992462158,1.1574785709381104,1.0286991596221924,0.0,-0.0005678547048272758,1.4975454314656005,19.794202939161092,True,887749,0fb80e8947305c74be701430967d8823e12bfbdb8fe2a2d205de968cde497928,a3de69899573d2c5166face6939af7037c4064c111a380414532e223a0425cd6,0219de1e84c431e9937fbfeadd40f5634cc0cac8aaea5c97f070991b9d8d9dbd,0
5,88,2,2.533997058868408,2.7165496349334717,1.523390531539917,1.1931591033935547,1.0106065273284912,0.0,0.0019117457579448142,1.6527447283835364,19.52276310998649,True,887749,0fb80e8947305c74be701430967d8823e12bfbdb8fe2a2d205de968cde497928,a3de69899573d2c5166face6939af7037c4064c111a380414532e223a0425cd6,fe0206dffe54775e00e34d4f980975d795e01d683397b562d472e74a48cb8b95,0
5,88,3,2.533997058868408,2.7527217864990234,1.486082673072815,1.2666391134262085,1.0479143857955933,0.0,0.0004896723883414053,1.3360459752066045,19.640649023124393,True,887749,0fb80e8947305c74be701430967d8823e12bfbdb8fe2a2d205de968cde497928,a3de69899573d2c5166face6939af7037c4064c111a380414532e223a0425cd6,c9df10c90b86a669b617e308d98f9f2e6bbb26258dfcfa55e6b9e140a9da7445,0
5,88,4,2.533997058868408,2.706080675125122,1.5088961124420166,1.1971845626831055,1.0251009464263916,0.0,0.005691560169909862,1.3778610886418556,19.68460654490801,True,887749,0fb80e8947305c74be701430967d8823e12bfbdb8fe2a2d205de968cde497928,a3de69899573d2c5166face6939af7037c4064c111a380414532e223a0425cd6,bfa73daf5532a53606a25755e29fdab676b14e6b5eb23a1bce627814dd8bf011,0
5,88,5,2.533997058868408,2.8716979026794434,1.5155646800994873,1.356133222579956,1.018432378768921,0.0,0.005093084031834334,1.3257325646249873,19.51401149984495,True,887749,0fb80e8947305c74be701430967d8823e12bfbdb8fe2a2d205de968cde497928,a3de69899573d2c5166face6939af7037c4064c111a380414532e223a0425cd6,4d8b5c8fa26ae77a002361d5f011bb9092a33293a6c9bf57e483c3e15c354b2d,0
5,88,6,2.533997058868408,2.5060136318206787,1.5272085666656494,0.9788050651550293,1.0067884922027588,0.0,-0.0005247150439827822,1.2339016827955158,19.610048037782178,True,887749,0fb80e8947305c74be701430967d8823e12bfbdb8fe2a2d205de968cde497928,a3de69899573d2c5166face6939af7037c4064c111a380414532e223a0425cd6,dc3fb9c2225d88f98c2e23a1bed0b703c10271e7fa647828ad5043efb67fbe55,0
5,88,7,2.533997058868408,2.604877471923828,1.5210800170898438,1.0837974548339844,1.0129170417785645,0.0,-0.0006410403533255649,1.5296411862804222,19.504137938586577,True,887749,0fb80e8947305c74be701430967d8823e12bfbdb8fe2a2d205de968cde497928,a3de69899573d2c5166face6939af7037c4064c111a380414532e223a0425cd6,7028a7ca9faf699b6ac0bfe0247f74ecdad5a7a66f3941ce64771c7db00594dd,0
5,88,8,2.533997058868408,2.932631492614746,1.4962317943572998,1.4363996982574463,1.0377652645111084,0.0,0.0026249286915981077,1.3719003408693076,19.525237561841966,True,887749,0fb80e8947305c74be701430967d8823e12bfbdb8fe2a2d205de968cde497928,a3de69899573d2c5166face6939af7037c4064c111a380414532e223a0425cd6,4ac8272a70beb7bf445b4d0208715d65e146af1ddebe9a683540001d0e8b0b2d,0
5,88,9,2.533997058868408,3.0468971729278564,1.5042691230773926,1.5426280498504639,1.0297279357910156,0.0,0.00544983986970337,1.2932340677001046,19.618109190389102,True,887749,0fb80e8947305c74be701430967d8823e12bfbdb8fe2a2d205de968cde497928,a3de69899573d2c5166face6939af7037c4064c111a380414532e223a0425cd6,a921eee50b8b668c0aff3e53754a055dbee7a54931c64c54a7c098bee1087cb0,0
5,1,0,3.0855414867401123,3.079720973968506,1.7779306173324585,1.3017903566360474,1.3076108694076538,0.0,0.001743283510280515,1.4140472627613003,19.59419181581385,True,801010,4f0c15e24a6adddbe863919a30bdaf802206ac291922b63c4896664d038869f4,0ddb825af1d4ab1acb7da0baf91c2c91b22c72c4293b80e1a8135841028e9269,40545e52ba07a57eef7bf510109698a67881769a26237a40830f9ca468fe8744,0
5,1,1,3.0855414867401123,3.3346405029296875,1.6619279384613037,1.6727125644683838,1.4236135482788086,0.0,0.005398168930593872,1.4940327113542318,19.794202939161092,True,801010,4f0c15e24a6adddbe863919a30bdaf802206ac291922b63c4896664d038869f4,0ddb825af1d4ab1acb7da0baf91c2c91b22c72c4293b80e1a8135841028e9269,0219de1e84c431e9937fbfeadd40f5634cc0cac8aaea5c97f070991b9d8d9dbd,0
5,1,2,3.0855414867401123,3.099438428878784,1.7588953971862793,1.3405430316925049,1.326646089553833,0.0,0.000793297293721451,1.5437015740215743,19.52276310998649,True,801010,4f0c15e24a6adddbe863919a30bdaf802206ac291922b63c4896664d038869f4,0ddb825af1d4ab1acb7da0baf91c2c91b22c72c4293b80e1a8135841028e9269,fe0206dffe54775e00e34d4f980975d795e01d683397b562d472e74a48cb8b95,0
5,1,3,3.0855414867401123,2.995814800262451,1.8052566051483154,1.1905581951141357,1.2802848815917969,0.0,0.005393868118698782,3.974978289584838,19.640649023124393,True,801010,4f0c15e24a6adddbe863919a30bdaf802206ac291922b63c4896664d038869f4,0ddb825af1d4ab1acb7da0baf91c2c91b22c72c4293b80e1a8135841028e9269,c9df10c90b86a669b617e308d98f9f2e6bbb26258dfcfa55e6b9e140a9da7445,0
5,1,4,3.0855414867401123,3.460603952407837,1.8155176639556885,1.6450862884521484,1.2700238227844238,0.0,0.00275018502682151,1.5748303066817373,19.68460654490801,True,801010,4f0c15e24a6adddbe863919a30bdaf802206ac291922b63c4896664d038869f4,0ddb825af1d4ab1acb7da0baf91c2c91b22c72c4293b80e1a8135841028e9269,bfa73daf5532a53606a25755e29fdab676b14e6b5eb23a1bce627814dd8bf011,0
5,1,5,3.0855414867401123,3.4788215160369873,1.8191611766815186,1.6596603393554688,1.2663803100585938,0.0,0.0040369614928798545,1.4405440915974481,19.51401149984495,True,801010,4f0c15e24a6adddbe863919a30bdaf802206ac291922b63c4896664d038869f4,0ddb825af1d4ab1acb7da0baf91c2c91b22c72c4293b80e1a8135841028e9269,4d8b5c8fa26ae77a002361d5f011bb9092a33293a6c9bf57e483c3e15c354b2d,0
5,1,6,3.0855414867401123,3.1709201335906982,1.7676488161087036,1.4032713174819946,1.3178926706314087,0.0,0.0021054145533724675,1.296901691124287,19.610048037782178,True,801010,4f0c15e24a6adddbe863919a30bdaf802206ac291922b63c4896664d038869f4,0ddb825af1d4ab1acb7da0baf91c2c91b22c72c4293b80e1a8135841028e9269,dc3fb9c2225d88f98c2e23a1bed0b703c10271e7fa647828ad5043efb67fbe55,0
5,1,7,3.0855414867401123,3.1738908290863037,1.690990686416626,1.4829001426696777,1.3945508003234863,0.0,-0.0004556689030331529,1.4967056589004117,19.504137938586577,True,801010,4f0c15e24a6adddbe863919a30bdaf802206ac291922b63c4896664d038869f4,0ddb825af1d4ab1acb7da0baf91c2c91b22c72c4293b80e1a8135841028e9269,7028a7ca9faf699b6ac0bfe0247f74ecdad5a7a66f3941ce64771c7db00594dd,0
5,1,8,3.0855414867401123,3.4182698726654053,1.8392497301101685,1.5790201425552368,1.2462917566299438,0.0,0.0038959079408609106,1.245137836885399,19.525237561841966,True,801010,4f0c15e24a6adddbe863919a30bdaf802206ac291922b63c4896664d038869f4,0ddb825af1d4ab1acb7da0baf91c2c91b22c72c4293b80e1a8135841028e9269,4ac8272a70beb7bf445b4d0208715d65e146af1ddebe9a683540001d0e8b0b2d,0
5,1,9,3.0855414867401123,3.795360803604126,1.7328153848648071,2.062545418739319,1.3527261018753052,0.0,0.007400224244540027,1.264410723660428,19.618109190389102,True,801010,4f0c15e24a6adddbe863919a30bdaf802206ac291922b63c4896664d038869f4,0ddb825af1d4ab1acb7da0baf91c2c91b22c72c4293b80e1a8135841028e9269,a921eee50b8b668c0aff3e53754a055dbee7a54931c64c54a7c098bee1087cb0,0
5,38,0,2.1928398609161377,1.8210053443908691,1.0526734590530396,0.7683318853378296,1.1401664018630981,0.0,0.0020426656445145337,1.4708191858061976,19.59419181581385,True,837899,a9424dd69900656770eb67dbee6518fcc84c0a6fac3417e3193921b5561aa2d9,077061efca1402b80e04080f77084a7ed6e96b73c2bdcfc707ffcba187fe1451,40545e52ba07a57eef7bf510109698a67881769a26237a40830f9ca468fe8744,0
5,38,1,2.1928398609161377,2.3042590618133545,1.1110970973968506,1.193161964416504,1.081742763519287,0.0,0.003539964417581937,1.2721532738451846,19.794202939161092,True,837899,a9424dd69900656770eb67dbee6518fcc84c0a6fac3417e3193921b5561aa2d9,077061efca1402b80e04080f77084a7ed6e96b73c2bdcfc707ffcba187fe1451,0219de1e84c431e9937fbfeadd40f5634cc0cac8aaea5c97f070991b9d8d9dbd,0
5,38,2,2.1928398609161377,1.8649427890777588,1.087807297706604,0.7771354913711548,1.1050325632095337,0.0,0.00715490283627569,2.60823393355429,19.52276310998649,True,837899,a9424dd69900656770eb67dbee6518fcc84c0a6fac3417e3193921b5561aa2d9,077061efca1402b80e04080f77084a7ed6e96b73c2bdcfc707ffcba187fe1451,fe0206dffe54775e00e34d4f980975d795e01d683397b562d472e74a48cb8b95,0
5,38,3,2.1928398609161377,1.7004039287567139,1.1689190864562988,0.531484842300415,1.0239207744598389,0.0,1.430183129784001e-05,1.6603572757760134,19.640649023124393,True,837899,a9424dd69900656770eb67dbee6518fcc84c0a6fac3417e3193921b5561aa2d9,077061efca1402b80e04080f77084a7ed6e96b73c2bdcfc707ffcba187fe1451,c9df10c90b86a669b617e308d98f9f2e6bbb26258dfcfa55e6b9e140a9da7445,0
5,38,4,2.1928398609161377,2.517810821533203,1.0907492637634277,1.4270615577697754,1.10209059715271,0.0,0.004490851012288535,1.3994540029322895,19.68460654490801,True,837899,a9424dd69900656770eb67dbee6518fcc84c0a6fac3417e3193921b5561aa2d9,077061efca1402b80e04080f77084a7ed6e96b73c2bdcfc707ffcba187fe1451,bfa73daf5532a53606a25755e29fdab676b14e6b5eb23a1bce627814dd8bf011,0
5,38,5,2.1928398609161377,2.390796661376953,1.1567275524139404,1.2340691089630127,1.0361123085021973,0.0,-0.000515944273742572,1.4139218837396998,19.51401149984495,True,837899,a9424dd69900656770eb67dbee6518fcc84c0a6fac3417e3193921b5561aa2d9,077061efca1402b80e04080f77084a7ed6e96b73c2bdcfc707ffcba187fe1451,4d8b5c8fa26ae77a002361d5f011bb9092a33293a6c9bf57e483c3e15c354b2d,0
5,38,6,2.1928398609161377,2.280888795852661,1.1577659845352173,1.1231228113174438,1.0350738763809204,0.0,0.0024480396740486085,1.2872284506224028,19.610048037782178,True,837899,a9424dd69900656770eb67dbee6518fcc84c0a6fac3417e3193921b5561aa2d9,077061efca1402b80e04080f77084a7ed6e96b73c2bdcfc707ffcba187fe1451,dc3fb9c2225d88f98c2e23a1bed0b703c10271e7fa647828ad5043efb67fbe55,0
5,38,7,2.1928398609161377,2.047950029373169,1.18626868724823,0.861681342124939,1.0065711736679077,0.0,0.0029301890590600495,1.2938272385598322,19.504137938586577,True,837899,a9424dd69900656770eb67dbee6518fcc84c0a6fac3417e3193921b5561aa2d9,077061efca1402b80e04080f77084a7ed6e96b73c2bdcfc707ffcba187fe1451,7028a7ca9faf699b6ac0bfe0247f74ecdad5a7a66f3941ce64771c7db00594dd,0
5,38,8,2.1928398609161377,1.870898723602295,1.1291162967681885,0.7417824268341064,1.0637235641479492,0.0,0.0037479126738673356,1.3286999420907672,19.525237561841966,True,837899,a9424dd69900656770eb67dbee6518fcc84c0a6fac3417e3193921b5561aa2d9,077061efca1402b80e04080f77084a7ed6e96b73c2bdcfc707ffcba187fe1451,4ac8272a70beb7bf445b4d0208715d65e146af1ddebe9a683540001d0e8b0b2d,0
5,38,9,2.1928398609161377,2.1612136363983154,1.1829177141189575,0.9782959222793579,1.0099221467971802,0.0,0.0038362095783833518,1.4091059145854055,19.618109190389102,True,837899,a9424dd69900656770eb67dbee6518fcc84c0a6fac3417e3193921b5561aa2d9,077061efca1402b80e04080f77084a7ed6e96b73c2bdcfc707ffcba187fe1451,a921eee50b8b668c0aff3e53754a055dbee7a54931c64c54a7c098bee1087cb0,0
