round,client_id,task_id,global_loss,reset_loss,adapted_loss,G,A,D,C,gradient_norm,delta_norm,alignment_valid,probe_seed,support_hash,query_hash,task_hash,probe_replicate
1,80,0,3.106905460357666,3.0760581493377686,3.1431756019592285,-0.06711745262145996,-0.0362701416015625,0.0362701416015625,0.002205686680493693,3.186175971502148,15.431840963869103,True,479761,861c9947801c9772b536e56a66dbd092fa4e006a5bb424e5be819d94dfce378d,4719b46364da14e1d70736be0b9b9feaa37af45c99e41ef07a4b706e522c271b,5819d85e27ce2802c70d1dc05aae1e784069455873808840b7a934502697bbfb,0
1,80,1,3.106905460357666,3.1060054302215576,3.3899526596069336,-0.283947229385376,-0.2830471992492676,0.2830471992492676,0.002861656938818481,2.5788033677178657,15.485883121904656,True,479761,861c9947801c9772b536e56a66dbd092fa4e006a5bb424e5be819d94dfce378d,4719b46364da14e1d70736be0b9b9feaa37af45c99e41ef07a4b706e522c271b,b6d52bd716389341b3d3a9928d0df713465678fdd6d1a08766a188c1144849ce,0
1,80,2,3.106905460357666,2.9108352661132812,3.1882951259613037,-0.27745985984802246,-0.0813896656036377,0.0813896656036377,-0.00033947759866154766,3.491661733292551,15.447643380784278,True,479761,861c9947801c9772b536e56a66dbd092fa4e006a5bb424e5be819d94dfce378d,4719b46364da14e1d70736be0b9b9feaa37af45c99e41ef07a4b706e522c271b,9cff9fd285f061891d5b1cb6616ad7826bbefde42baabf0c7cea16f3ef9bac60,0
1,80,3,3.106905460357666,3.191737174987793,3.2889468669891357,-0.09720969200134277,-0.18204140663146973,0.18204140663146973,0.0023237265330908878,3.839275977668962,15.50540600059142,True,479761,861c9947801c9772b536e56a66dbd092fa4e006a5bb424e5be819d94dfce378d,4719b46364da14e1d70736be0b9b9feaa37af45c99e41ef07a4b706e522c271b,089d03cd634d83644fbb15b717e244be71cf87b754c4de7d6efb3d86eaa7634e,0
1,80,4,3.106905460357666,3.103957414627075,3.2598633766174316,-0.15590596199035645,-0.15295791625976562,0.15295791625976562,0.0006292091890834881,3.3646963253867384,15.497548981500348,True,479761,861c9947801c9772b536e56a66dbd092fa4e006a5bb424e5be819d94dfce378d,4719b46364da14e1d70736be0b9b9feaa37af45c99e41ef07a4b706e522c271b,a0f3f6b183a723a18a280e0ad66a0d239e142f34450cde1a5afd4a76d43af12a,0
1,80,5,3.106905460357666,3.293125629425049,3.237119197845459,0.056006431579589844,-0.13021373748779297,0.13021373748779297,0.0018804965976081587,3.8657403318992216,15.499367001430587,True,479761,861c9947801c9772b536e56a66dbd092fa4e006a5bb424e5be819d94dfce378d,4719b46364da14e1d70736be0b9b9feaa37af45c99e41ef07a4b706e522c271b,dfea0a90d0d7a2ac0b82246d18940c994176c77080ac06044f8dca5edc07d60d,0
1,80,6,3.106905460357666,2.9689555168151855,3.4894673824310303,-0.5205118656158447,-0.38256192207336426,0.38256192207336426,0.0016674519426270991,2.907328485683939,15.498380570393822,True,479761,861c9947801c9772b536e56a66dbd092fa4e006a5bb424e5be819d94dfce378d,4719b46364da14e1d70736be0b9b9feaa37af45c99e41ef07a4b706e522c271b,12058dcc015cf096a0022f54a0dc66f1418a485962094c544a80b65e1cdd5086,0
1,80,7,3.106905460357666,3.0835633277893066,3.0926804542541504,-0.00911712646484375,0.014225006103515625,0.0,0.0031897520307921164,3.1547230317787456,15.484318718719047,True,479761,861c9947801c9772b536e56a66dbd092fa4e006a5bb424e5be819d94dfce378d,4719b46364da14e1d70736be0b9b9feaa37af45c99e41ef07a4b706e522c271b,b41cbc62c853919fde9a0a7a37bd397e259e2d4c7266da47a3e935ca6566f707,0
1,80,8,3.106905460357666,3.418020248413086,2.911351203918457,0.5066690444946289,0.19555425643920898,0.0,0.007450517747444503,3.6594060159517063,15.486274941177498,True,479761,861c9947801c9772b536e56a66dbd092fa4e006a5bb424e5be819d94dfce378d,4719b46364da14e1d70736be0b9b9feaa37af45c99e41ef07a4b706e522c271b,a530b357ad08f0fa98a8d1a2afa85495c38feccdc2619abb6c26829b78a9a9ec,0
1,80,9,3.106905460357666,3.210404872894287,3.350564479827881,-0.14015960693359375,-0.24365901947021484,0.24365901947021484,0.005659133843187354,4.162793364176188,15.453828986564561,True,479761,861c9947801c9772b536e56a66dbd092fa4e006a5bb424e5be819d94dfce378d,4719b46364da14e1d70736be0b9b9feaa37af45c99e41ef07a4b706e522c271b,06d7f844f996f0066d7cbc9ea324dc63d62782c0ec201c6fcc11ccb60879a6f9,0
1,84,0,2.5970804691314697,2.642426013946533,1.6371595859527588,1.0052664279937744,0.9599208831787109,0.0,0.005260686195405507,1.7282732002944527,15.431840963869103,True,483749,67f1af47db74edf3e96a01993c07d32d9ce91b2c61b825d3cce364fe36f886c1,b8bfa13fa0c04797fe298808f6c3a26365acbe10b76becd8752524af78080e68,5819d85e27ce2802c70d1dc05aae1e784069455873808840b7a934502697bbfb,0
1,84,1,2.5970804691314697,2.647189140319824,1.668445348739624,0.9787437915802002,0.9286351203918457,0.0,0.00392984406541812,1.7384490205857908,15.485883121904656,True,483749,67f1af47db74edf3e96a01993c07d32d9ce91b2c61b825d3cce364fe36f886c1,b8bfa13fa0c04797fe298808f6c3a26365acbe10b76becd8752524af78080e68,b6d52bd716389341b3d3a9928d0df713465678fdd6d1a08766a188c1144849ce,0
1,84,2,2.5970804691314697,2.6058969497680664,1.6069042682647705,0.9989926815032959,0.9901762008666992,0.0,0.00238434637179498,2.534547503274396,15.447643380784278,True,483749,67f1af47db74edf3e96a01993c07d32d9ce91b2c61b825d3cce364fe36f886c1,b8bfa13fa0c04797fe298808f6c3a26365acbe10b76becd8752524af78080e68,9cff9fd285f061891d5b1cb6616ad7826bbefde42baabf0c7cea16f3ef9bac60,0
1,84,3,2.5970804691314697,2.674534797668457,1.6685333251953125,1.0060014724731445,0.9285471439361572,0.0,0.0028785926198499445,2.3451196448426783,15.50540600059142,True,483749,67f1af47db74edf3e96a01993c07d32d9ce91b2c61b825d3cce364fe36f886c1,b8bfa13fa0c04797fe298808f6c3a26365acbe10b76becd8752524af78080e68,089d03cd634d83644fbb15b717e244be71cf87b754c4de7d6efb3d86eaa7634e,0
1,84,4,2.5970804691314697,2.600982189178467,1.5026631355285645,1.0983190536499023,1.0944173336029053,0.0,0.0035717655011821255,2.0073820041741066,15.497548981500348,True,483749,67f1af47db74edf3e96a01993c07d32d9ce91b2c61b825d3cce364fe36f886c1,b8bfa13fa0c04797fe298808f6c3a26365acbe10b76becd8752524af78080e68,a0f3f6b183a723a18a280e0ad66a0d239e142f34450cde1a5afd4a76d43af12a,0
1,84,5,2.5970804691314697,2.5864500999450684,1.493949055671692,1.0925010442733765,1.1031314134597778,0.0,0.0002529940766630905,2.4316698530624645,15.499367001430587,True,483749,67f1af47db74edf3e96a01993c07d32d9ce91b2c61b825d3cce364fe36f886c1,b8bfa13fa0c04797fe298808f6c3a26365acbe10b76becd8752524af78080e68,dfea0a90d0d7a2ac0b82246d18940c994176c77080ac06044f8dca5edc07d60d,0
1,84,6,2.5970804691314697,2.5246033668518066,1.699118733406067,0.8254846334457397,0.8979617357254028,0.0,0.004309131726213693,1.3531162104972603,15.498380570393822,True,483749,67f1af47db74edf3e96a01993c07d32d9ce91b2c61b825d3cce364fe36f886c1,b8bfa13fa0c04797fe298808f6c3a26365acbe10b76becd8752524af78080e68,12058dcc015cf096a0022f54a0dc66f1418a485962094c544a80b65e1cdd5086,0
1,84,7,2.5970804691314697,2.6976470947265625,1.574876070022583,1.1227710247039795,1.0222043991088867,0.0,0.00681793040800899,2.176515890056493,15.484318718719047,True,483749,67f1af47db74edf3e96a01993c07d32d9ce91b2c61b825d3cce364fe36f886c1,b8bfa13fa0c04797fe298808f6c3a26365acbe10b76becd8752524af78080e68,b41cbc62c853919fde9a0a7a37bd397e259e2d4c7266da47a3e935ca6566f707,0
1,84,8,2.5970804691314697,2.751335620880127,1.621662974357605,1.129672646522522,0.9754174947738647,0.0,0.010411337968840301,2.3198529618234756,15.486274941177498,True,483749,67f1af47db74edf3e96a01993c07d32d9ce91b2c61b825d3cce364fe36f886c1,b8bfa13fa0c04797fe298808f6c3a26365acbe10b76becd8752524af78080e68,a530b357ad08f0fa98a8d1a2afa85495c38feccdc2619abb6c26829b78a9a9ec,0
1,84,9,2.5970804691314697,2.690441608428955,1.7289936542510986,0.9614479541778564,0.8680868148803711,0.0,0.005253222788344863,2.964384720811021,15.453828986564561,True,483749,67f1af47db74edf3e96a01993c07d32d9ce91b2c61b825d3cce364fe36f886c1,b8bfa13fa0c04797fe298808f6c3a26365acbe10b76becd8752524af78080e68,06d7f844f996f0066d7cbc9ea324dc63d62782c0ec201c6fcc11ccb60879a6f9,0
1,33,0,2.632310390472412,2.6540603637695312,1.259905219078064,1.3941551446914673,1.3724051713943481,0.0,0.0011244165871192966,2.3885131269363167,15.431840963869103,True,432902,3632127460c607da6e6f72374966278e2e1ce115f73ff5269a96ce01a8db800c,2d9b5d19ef21bf04eb900dfcf42daeef41bd556aab6bebef9806affae02dcc7f,5819d85e27ce2802c70d1dc05aae1e784069455873808840b7a934502697bbfb,0
1,33,1,2.632310390472412,2.6234993934631348,1.32879638671875,1.2947030067443848,1.303514003753662,0.0,-0.00024968387641931283,2.263308995736779,15.485883121904656,True,432902,3632127460c607da6e6f72374966278e2e1ce115f73ff5269a96ce01a8db800c,2d9b5d19ef21bf04eb900dfcf42daeef41bd556aab6bebef9806affae02dcc7f,b6d52bd716389341b3d3a9928d0df713465678fdd6d1a08766a188c1144849ce,0
1,33,2,2.632310390472412,2.6570749282836914,1.2080247402191162,1.4490501880645752,1.424285650253296,0.0,0.0030220239482944495,2.6906973707127824,15.447643380784278,True,432902,3632127460c607da6e6f72374966278e2e1ce115f73ff5269a96ce01a8db800c,2d9b5d19ef21bf04eb900dfcf42daeef41bd556aab6bebef9806affae02dcc7f,9cff9fd285f061891d5b1cb6616ad7826bbefde42baabf0c7cea16f3ef9bac60,0
1,33,3,2.632310390472412,2.651191234588623,1.3173514604568481,1.333839774131775,1.314958930015564,0.0,0.0017269325136880077,2.029682497498456,15.50540600059142,True,432902,3632127460c607da6e6f72374966278e2e1ce115f73ff5269a96ce01a8db800c,2d9b5d19ef21bf04eb900dfcf42daeef41bd556aab6bebef9806affae02dcc7f,089d03cd634d83644fbb15b717e244be71cf87b754c4de7d6efb3d86eaa7634e,0
1,33,4,2.632310390472412,2.723017692565918,1.319390892982483,1.403626799583435,1.3129194974899292,0.0,0.006572768966923612,2.0230469604512615,15.497548981500348,True,432902,3632127460c607da6e6f72374966278e2e1ce115f73ff5269a96ce01a8db800c,2d9b5d19ef21bf04eb900dfcf42daeef41bd556aab6bebef9806affae02dcc7f,a0f3f6b183a723a18a280e0ad66a0d239e142f34450cde1a5afd4a76d43af12a,0
1,33,5,2.632310390472412,2.7762291431427,1.312960147857666,1.4632689952850342,1.319350242614746,0.0,0.003802062864686937,2.148834492791731,15.499367001430587,True,432902,3632127460c607da6e6f72374966278e2e1ce115f73ff5269a96ce01a8db800c,2d9b5d19ef21bf04eb900dfcf42daeef41bd556aab6bebef9806affae02dcc7f,dfea0a90d0d7a2ac0b82246d18940c994176c77080ac06044f8dca5edc07d60d,0
1,33,6,2.632310390472412,2.7136638164520264,1.2580244541168213,1.455639362335205,1.3742859363555908,0.0,0.004600329873524127,1.6916381458051823,15.498380570393822,True,432902,3632127460c607da6e6f72374966278e2e1ce115f73ff5269a96ce01a8db800c,2d9b5d19ef21bf04eb900dfcf42daeef41bd556aab6bebef9806affae02dcc7f,12058dcc015cf096a0022f54a0dc66f1418a485962094c544a80b65e1cdd5086,0
1,33,7,2.632310390472412,2.6578617095947266,1.331187129020691,1.3266745805740356,1.3011232614517212,0.0,0.0028896484198574213,2.805675607243196,15.484318718719047,True,432902,3632127460c607da6e6f72374966278e2e1ce115f73ff5269a96ce01a8db800c,2d9b5d19ef21bf04eb900dfcf42daeef41bd556aab6bebef9806affae02dcc7f,b41cbc62c853919fde9a0a7a37bd397e259e2d4c7266da47a3e935ca6566f707,0
1,33,8,2.632310390472412,2.844179630279541,1.351675033569336,1.492504596710205,1.2806353569030762,0.0,0.006614065590792618,2.9612324360460733,15.486274941177498,True,432902,3632127460c607da6e6f72374966278e2e1ce115f73ff5269a96ce01a8db800c,2d9b5d19ef21bf04eb900dfcf42daeef41bd556aab6bebef9806affae02dcc7f,a530b357ad08f0fa98a8d1a2afa85495c38feccdc2619abb6c26829b78a9a9ec,0
1,33,9,2.632310390472412,2.6433615684509277,1.3759410381317139,1.2674205303192139,1.2563693523406982,0.0,0.004905690406496906,2.5171491806746444,15.453828986564561,True,432902,3632127460c607da6e6f72374966278e2e1ce115f73ff5269a96ce01a8db800c,2d9b5d19ef21bf04eb900dfcf42daeef41bd556aab6bebef9806affae02dcc7f,06d7f844f996f0066d7cbc9ea324dc63d62782c0ec201c6fcc11ccb60879a6f9,0
1,81,0,2.5435831546783447,2.522017478942871,2.222564697265625,0.2994527816772461,0.3210184574127197,0.0,2.3926174827064664e-05,2.266153590762135,15.431840963869103,True,480758,2e7cb2a6b5ea261a32c8cd3f5d5656654ae357fd4143176f61f78e9a9b1d8e7d,80998d439c44813e51c71d629c0cf52105f07c1cf0d589c9edf0a4f990a8a178,5819d85e27ce2802c70d1dc05aae1e784069455873808840b7a934502697bbfb,0
1,81,1,2.5435831546783447,2.5608010292053223,2.3355417251586914,0.22525930404663086,0.20804142951965332,0.0,0.0006443270367194729,2.1712646220705447,15.485883121904656,True,480758,2e7cb2a6b5ea261a32c8cd3f5d5656654ae357fd4143176f61f78e9a9b1d8e7d,80998d439c44813e51c71d629c0cf52105f07c1cf0d589c9edf0a4f990a8a178,b6d52bd716389341b3d3a9928d0df713465678fdd6d1a08766a188c1144849ce,0
1,81,2,2.5435831546783447,2.444624423980713,2.183866024017334,0.2607583999633789,0.35971713066101074,0.0,-0.0008823162639532709,2.2394889262028994,15.447643380784278,True,480758,2e7cb2a6b5ea261a32c8cd3f5d5656654ae357fd4143176f61f78e9a9b1d8e7d,80998d439c44813e51c71d629c0cf52105f07c1cf0d589c9edf0a4f990a8a178,9cff9fd285f061891d5b1cb6616ad7826bbefde42baabf0c7cea16f3ef9bac60,0
1,81,3,2.5435831546783447,2.565951347351074,2.291029214859009,0.27492213249206543,0.25255393981933594,0.0,0.0014176696785342259,2.414971350039279,15.50540600059142,True,480758,2e7cb2a6b5ea261a32c8cd3f5d5656654ae357fd4143176f61f78e9a9b1d8e7d,80998d439c44813e51c71d629c0cf52105f07c1cf0d589c9edf0a4f990a8a178,089d03cd634d83644fbb15b717e244be71cf87b754c4de7d6efb3d86eaa7634e,0
1,81,4,2.5435831546783447,2.492093086242676,2.2040815353393555,0.2880115509033203,0.33950161933898926,0.0,0.0019825577084035487,2.2089812867788217,15.497548981500348,True,480758,2e7cb2a6b5ea261a32c8cd3f5d5656654ae357fd4143176f61f78e9a9b1d8e7d,80998d439c44813e51c71d629c0cf52105f07c1cf0d589c9edf0a4f990a8a178,a0f3f6b183a723a18a280e0ad66a0d239e142f34450cde1a5afd4a76d43af12a,0
1,81,5,2.5435831546783447,2.6308887004852295,2.2368011474609375,0.394087553024292,0.3067820072174072,0.0,0.004714190704400164,2.3920553692812563,15.499367001430587,True,480758,2e7cb2a6b5ea261a32c8cd3f5d5656654ae357fd4143176f61f78e9a9b1d8e7d,80998d439c44813e51c71d629c0cf52105f07c1cf0d589c9edf0a4f990a8a178,dfea0a90d0d7a2ac0b82246d18940c994176c77080ac06044f8dca5edc07d60d,0
1,81,6,2.5435831546783447,2.5762948989868164,2.198484182357788,0.3778107166290283,0.34509897232055664,0.0,0.005109002371420381,2.1942320469128895,15.498380570393822,True,480758,2e7cb2a6b5ea261a32c8cd3f5d5656654ae357fd4143176f61f78e9a9b1d8e7d,80998d439c44813e51c71d629c0cf52105f07c1cf0d589c9edf0a4f990a8a178,12058dcc015cf096a0022f54a0dc66f1418a485962094c544a80b65e1cdd5086,0
1,81,7,2.5435831546783447,2.47285532951355,2.1640303134918213,0.3088250160217285,0.37955284118652344,0.0,0.0010038992019310545,2.294776696520279,15.484318718719047,True,480758,2e7cb2a6b5ea261a32c8cd3f5d5656654ae357fd4143176f61f78e9a9b1d8e7d,80998d439c44813e51c71d629c0cf52105f07c1cf0d589c9edf0a4f990a8a178,b41cbc62c853919fde9a0a7a37bd397e259e2d4c7266da47a3e935ca6566f707,0
1,81,8,2.5435831546783447,2.5336036682128906,2.1965296268463135,0.33707404136657715,0.34705352783203125,0.0,0.0069377175370306165,2.191440929318903,15.486274941177498,True,480758,2e7cb2a6b5ea261a32c8cd3f5d5656654ae357fd4143176f61f78e9a9b1d8e7d,80998d439c44813e51c71d629c0cf52105f07c1cf0d589c9edf0a4f990a8a178,a530b357ad08f0fa98a8d1a2afa85495c38feccdc2619abb6c26829b78a9a9ec,0
1,81,9,2.5435831546783447,2.495731830596924,2.4633073806762695,0.0324244499206543,0.0802757740020752,0.0,-0.0004673673893509411,2.5043429862713293,15.453828986564561,True,480758,2e7cb2a6b5ea261a32c8cd3f5d5656654ae357fd4143176f61f78e9a9b1d8e7d,80998d439c44813e51c71d629c0cf52105f07c1cf0d589c9edf0a4f990a8a178,06d7f844f996f0066d7cbc9ea324dc63d62782c0ec201c6fcc11ccb60879a6f9,0
1,93,0,2.702329158782959,2.6766223907470703,2.243424892425537,0.4331974983215332,0.4589042663574219,0.0,0.00024036950034413344,2.540494341103152,15.431840963869103,True,492722,7845ab5381f3ff09aa3f167fa9783cf70e31c80f66417e4de82bf555b15caba4,cb509a9737560435ec504cea7214123579ac7945d41ced57136b2eb2a336ac1a,5819d85e27ce2802c70d1dc05aae1e784069455873808840b7a934502697bbfb,0
1,93,1,2.702329158782959,2.698040246963501,2.4210543632507324,0.27698588371276855,0.28127479553222656,0.0,-0.0009406090581666578,2.3045625845678392,15.485883121904656,True,492722,7845ab5381f3ff09aa3f167fa9783cf70e31c80f66417e4de82bf555b15caba4,cb509a9737560435ec504cea7214123579ac7945d41ced57136b2eb2a336ac1a,b6d52bd716389341b3d3a9928d0df713465678fdd6d1a08766a188c1144849ce,0
1,93,2,2.702329158782959,2.59120512008667,2.2690072059631348,0.32219791412353516,0.4333219528198242,0.0,0.00035988851727052377,2.5768390753864336,15.447643380784278,True,492722,7845ab5381f3ff09aa3f167fa9783cf70e31c80f66417e4de82bf555b15caba4,cb509a9737560435ec504cea7214123579ac7945d41ced57136b2eb2a336ac1a,9cff9fd285f061891d5b1cb6616ad7826bbefde42baabf0c7cea16f3ef9bac60,0
1,93,3,2.702329158782959,2.717878580093384,2.2723608016967773,0.44551777839660645,0.42996835708618164,0.0,0.0014265004398895287,2.0989971631882267,15.50540600059142,True,492722,7845ab5381f3ff09aa3f167fa9783cf70e31c80f66417e4de82bf555b15caba4,cb509a9737560435ec504cea7214123579ac7945d41ced57136b2eb2a336ac1a,089d03cd634d83644fbb15b717e244be71cf87b754c4de7d6efb3d86eaa7634e,0
1,93,4,2.702329158782959,2.686586380004883,2.145812511444092,0.540773868560791,0.5565166473388672,0.0,0.00495009884710569,2.152875148710004,15.497548981500348,True,492722,7845ab5381f3ff09aa3f167fa9783cf70e31c80f66417e4de82bf555b15caba4,cb509a9737560435ec504cea7214123579ac7945d41ced57136b2eb2a336ac1a,a0f3f6b183a723a18a280e0ad66a0d239e142f34450cde1a5afd4a76d43af12a,0
1,93,5,2.702329158782959,2.794428825378418,2.2986831665039062,0.4957456588745117,0.40364599227905273,0.0,0.004748366232307731,2.4407938776777716,15.499367001430587,True,492722,7845ab5381f3ff09aa3f167fa9783cf70e31c80f66417e4de82bf555b15caba4,cb509a9737560435ec504cea7214123579ac7945d41ced57136b2eb2a336ac1a,dfea0a90d0d7a2ac0b82246d18940c994176c77080ac06044f8dca5edc07d60d,0
1,93,6,2.702329158782959,2.726562023162842,2.191188335418701,0.5353736877441406,0.5111408233642578,0.0,0.004922480813896726,2.244411141804141,15.498380570393822,True,492722,7845ab5381f3ff09aa3f167fa9783cf70e31c80f66417e4de82bf555b15caba4,cb509a9737560435ec504cea7214123579ac7945d41ced57136b2eb2a336ac1a,12058dcc015cf096a0022f54a0dc66f1418a485962094c544a80b65e1cdd5086,0
1,93,7,2.702329158782959,2.6343860626220703,2.2984986305236816,0.33588743209838867,0.40383052825927734,0.0,0.002321783990007973,2.018934469213475,15.484318718719047,True,492722,7845ab5381f3ff09aa3f167fa9783cf70e31c80f66417e4de82bf555b15caba4,cb509a9737560435ec504cea7214123579ac7945d41ced57136b2eb2a336ac1a,b41cbc62c853919fde9a0a7a37bd397e259e2d4c7266da47a3e935ca6566f707,0
1,93,8,2.702329158782959,2.7402873039245605,2.2323498725891113,0.5079374313354492,0.46997928619384766,0.0,0.007311714601202013,2.307528189765037,15.486274941177498,True,492722,7845ab5381f3ff09aa3f167fa9783cf70e31c80f66417e4de82bf555b15caba4,cb509a9737560435ec504cea7214123579ac7945d41ced57136b2eb2a336ac1a,a530b357ad08f0fa98a8d1a2afa85495c38feccdc2619abb6c26829b78a9a9ec,0
1,93,9,2.702329158782959,2.6545395851135254,2.461763620376587,0.19277596473693848,0.24056553840637207,0.0,0.0024999271453455276,2.488854160350825,15.453828986564561,True,492722,7845ab5381f3ff09aa3f167fa9783cf70e31c80f66417e4de82bf555b15caba4,cb509a9737560435ec504cea7214123579ac7945d41ced57136b2eb2a336ac1a,06d7f844f996f0066d7cbc9ea324dc63d62782c0ec201c6fcc11ccb60879a6f9,0
1,17,0,1.7962355613708496,1.788405418395996,4.531737327575684,-2.7433319091796875,-2.735501766204834,2.735501766204834,-0.0025068043523708305,2.015425179012339,15.431840963869103,True,416950,9669216c7dc70922e788747d4bb188e1e4051ecd23bf9a0c0be0a5177df2d387,7d11fde3aaaa63a6a1ec25fbd768e1df3a8b1e5e7dfa5a657e219c6cbba33815,5819d85e27ce2802c70d1dc05aae1e784069455873808840b7a934502697bbfb,0
1,17,1,1.7962355613708496,1.787923812866211,5.238463878631592,-3.450540065765381,-3.442228317260742,3.442228317260742,0.0007092327358218775,1.7628509762480278,15.485883121904656,True,416950,9669216c7dc70922e788747d4bb188e1e4051ecd23bf9a0c0be0a5177df2d387,7d11fde3aaaa63a6a1ec25fbd768e1df3a8b1e5e7dfa5a657e219c6cbba33815,b6d52bd716389341b3d3a9928d0df713465678fdd6d1a08766a188c1144849ce,0
1,17,2,1.7962355613708496,1.9137377738952637,4.466882705688477,-2.553144931793213,-2.670647144317627,2.670647144317627,0.0011285024484807263,2.845709240856232,15.447643380784278,True,416950,9669216c7dc70922e788747d4bb188e1e4051ecd23bf9a0c0be0a5177df2d387,7d11fde3aaaa63a6a1ec25fbd768e1df3a8b1e5e7dfa5a657e219c6cbba33815,9cff9fd285f061891d5b1cb6616ad7826bbefde42baabf0c7cea16f3ef9bac60,0
1,17,3,1.7962355613708496,1.8055431842803955,5.057285308837891,-3.251742124557495,-3.261049747467041,3.261049747467041,-0.0007216628954596223,2.18400227440157,15.50540600059142,True,416950,9669216c7dc70922e788747d4bb188e1e4051ecd23bf9a0c0be0a5177df2d387,7d11fde3aaaa63a6a1ec25fbd768e1df3a8b1e5e7dfa5a657e219c6cbba33815,089d03cd634d83644fbb15b717e244be71cf87b754c4de7d6efb3d86eaa7634e,0
1,17,4,1.7962355613708496,1.8198808431625366,4.510058403015137,-2.6901775598526,-2.713822841644287,2.713822841644287,-0.0016063630658688488,2.3653427325034535,15.497548981500348,True,416950,9669216c7dc70922e788747d4bb188e1e4051ecd23bf9a0c0be0a5177df2d387,7d11fde3aaaa63a6a1ec25fbd768e1df3a8b1e5e7dfa5a657e219c6cbba33815,a0f3f6b183a723a18a280e0ad66a0d239e142f34450cde1a5afd4a76d43af12a,0
1,17,5,1.7962355613708496,1.8129055500030518,4.513266086578369,-2.7003605365753174,-2.7170305252075195,2.7170305252075195,-0.0023475378913282493,2.0446891599379837,15.499367001430587,True,416950,9669216c7dc70922e788747d4bb188e1e4051ecd23bf9a0c0be0a5177df2d387,7d11fde3aaaa63a6a1ec25fbd768e1df3a8b1e5e7dfa5a657e219c6cbba33815,dfea0a90d0d7a2ac0b82246d18940c994176c77080ac06044f8dca5edc07d60d,0
1,17,6,1.7962355613708496,1.8610854148864746,4.47962760925293,-2.618542194366455,-2.68339204788208,2.68339204788208,-0.00368856572495426,2.013933114169743,15.498380570393822,True,416950,9669216c7dc70922e788747d4bb188e1e4051ecd23bf9a0c0be0a5177df2d387,7d11fde3aaaa63a6a1ec25fbd768e1df3a8b1e5e7dfa5a657e219c6cbba33815,12058dcc015cf096a0022f54a0dc66f1418a485962094c544a80b65e1cdd5086,0
1,17,7,1.7962355613708496,1.8425352573394775,5.166944980621338,-3.3244097232818604,-3.3707094192504883,3.3707094192504883,-0.0038927340727225117,2.044668355431835,15.484318718719047,True,416950,9669216c7dc70922e788747d4bb188e1e4051ecd23bf9a0c0be0a5177df2d387,7d11fde3aaaa63a6a1ec25fbd768e1df3a8b1e5e7dfa5a657e219c6cbba33815,b41cbc62c853919fde9a0a7a37bd397e259e2d4c7266da47a3e935ca6566f707,0
1,17,8,1.7962355613708496,1.8150274753570557,4.707372188568115,-2.8923447132110596,-2.9111366271972656,2.9111366271972656,-0.004962172636947717,2.2234906054660235,15.486274941177498,True,416950,9669216c7dc70922e788747d4bb188e1e4051ecd23bf9a0c0be0a5177df2d387,7d11fde3aaaa63a6a1ec25fbd768e1df3a8b1e5e7dfa5a657e219c6cbba33815,a530b357ad08f0fa98a8d1a2afa85495c38feccdc2619abb6c26829b78a9a9ec,0
1,17,9,1.7962355613708496,1.7454893589019775,5.392417907714844,-3.646928548812866,-3.596182346343994,3.596182346343994,-0.0037562478090768675,2.4925780868739538,15.453828986564561,True,416950,9669216c7dc70922e788747d4bb188e1e4051ecd23bf9a0c0be0a5177df2d387,7d11fde3aaaa63a6a1ec25fbd768e1df3a8b1e5e7dfa5a657e219c6cbba33815,06d7f844f996f0066d7cbc9ea324dc63d62782c0ec201c6fcc11ccb60879a6f9,0
1,36,0,2.5401244163513184,2.540224075317383,2.053023338317871,0.4872007369995117,0.48710107803344727,0.0,0.00018276084468229968,2.751424971643147,15.431840963869103,True,435893,816980dac4d179db07669e38e414c37eb35f1b4481130f701d68350c5dcfc630,2cb175139d76c23b2540bd4c0e021074f4799e95b1b8d9e13c1c560d313da911,5819d85e27ce2802c70d1dc05aae1e784069455873808840b7a934502697bbfb,0
1,36,1,2.5401244163513184,2.503750801086426,2.1413440704345703,0.36240673065185547,0.39878034591674805,0.0,0.00010547266138581604,2.1848578533395635,15.485883121904656,True,435893,816980dac4d179db07669e38e414c37eb35f1b4481130f701d68350c5dcfc630,2cb175139d76c23b2540bd4c0e021074f4799e95b1b8d9e13c1c560d313da911,b6d52bd716389341b3d3a9928d0df713465678fdd6d1a08766a188c1144849ce,0
1,36,2,2.5401244163513184,2.4616880416870117,2.0736281871795654,0.3880598545074463,0.46649622917175293,0.0,0.0006371518708230405,2.7402882275752236,15.447643380784278,True,435893,816980dac4d179db07669e38e414c37eb35f1b4481130f701d68350c5dcfc630,2cb175139d76c23b2540bd4c0e021074f4799e95b1b8d9e13c1c560d313da911,9cff9fd285f061891d5b1cb6616ad7826bbefde42baabf0c7cea16f3ef9bac60,0
1,36,3,2.5401244163513184,2.5898311138153076,2.106052875518799,0.4837782382965088,0.43407154083251953,0.0,0.0008567076168155047,2.5020571988889757,15.50540600059142,True,435893,816980dac4d179db07669e38e414c37eb35f1b4481130f701d68350c5dcfc630,2cb175139d76c23b2540bd4c0e021074f4799e95b1b8d9e13c1c560d313da911,089d03cd634d83644fbb15b717e244be71cf87b754c4de7d6efb3d86eaa7634e,0
1,36,4,2.5401244163513184,2.524681568145752,1.9814114570617676,0.5432701110839844,0.5587129592895508,0.0,0.003661020751474174,2.2749377165451237,15.497548981500348,True,435893,816980dac4d179db07669e38e414c37eb35f1b4481130f701d68350c5dcfc630,2cb175139d76c23b2540bd4c0e021074f4799e95b1b8d9e13c1c560d313da911,a0f3f6b183a723a18a280e0ad66a0d239e142f34450cde1a5afd4a76d43af12a,0
1,36,5,2.5401244163513184,2.6534390449523926,2.108492851257324,0.5449461936950684,0.43163156509399414,0.0,0.004477979478526601,2.2133519534360584,15.499367001430587,True,435893,816980dac4d179db07669e38e414c37eb35f1b4481130f701d68350c5dcfc630,2cb175139d76c23b2540bd4c0e021074f4799e95b1b8d9e13c1c560d313da911,dfea0a90d0d7a2ac0b82246d18940c994176c77080ac06044f8dca5edc07d60d,0
1,36,6,2.5401244163513184,2.5793886184692383,2.0155186653137207,0.5638699531555176,0.5246057510375977,0.0,0.004236416567144977,2.5574320731478335,15.498380570393822,True,435893,816980dac4d179db07669e38e414c37eb35f1b4481130f701d68350c5dcfc630,2cb175139d76c23b2540bd4c0e021074f4799e95b1b8d9e13c1c560d313da911,12058dcc015cf096a0022f54a0dc66f1418a485962094c544a80b65e1cdd5086,0
1,36,7,2.5401244163513184,2.4888358116149902,2.0141584873199463,0.47467732429504395,0.5259659290313721,0.0,0.0030077060817782927,1.9659093586151772,15.484318718719047,True,435893,816980dac4d179db07669e38e414c37eb35f1b4481130f701d68350c5dcfc630,2cb175139d76c23b2540bd4c0e021074f4799e95b1b8d9e13c1c560d313da911,b41cbc62c853919fde9a0a7a37bd397e259e2d4c7266da47a3e935ca6566f707,0
1,36,8,2.5401244163513184,2.5846502780914307,1.999263882637024,0.5853863954544067,0.5408605337142944,0.0,0.0064465430893182905,2.187588538550934,15.486274941177498,True,435893,816980dac4d179db07669e38e414c37eb35f1b4481130f701d68350c5dcfc630,2cb175139d76c23b2540bd4c0e021074f4799e95b1b8d9e13c1c560d313da911,a530b357ad08f0fa98a8d1a2afa85495c38feccdc2619abb6c26829b78a9a9ec,0
1,36,9,2.5401244163513184,2.5179450511932373,2.3238306045532227,0.19411444664001465,0.2162938117980957,0.0,0.0017716592183346796,2.840024033715259,15.453828986564561,True,435893,816980dac4d179db07669e38e414c37eb35f1b4481130f701d68350c5dcfc630,2cb175139d76c23b2540bd4c0e021074f4799e95b1b8d9e13c1c560d313da911,06d7f844f996f0066d7cbc9ea324dc63d62782c0ec201c6fcc11ccb60879a6f9,0
1,82,0,2.4472227096557617,2.4835357666015625,2.2333483695983887,0.25018739700317383,0.21387434005737305,0.0,0.0007503794643939515,1.8845547840863912,15.431840963869103,True,481755,e2d5397b31a0fb0a397e032a37ed822ee7292b25f89b09d2a915f5d4cacb2592,9f7f1ba5d55059b15de276632a8eddbe8b159d1cc6e6a8a92ef757ff70b146cf,5819d85e27ce2802c70d1dc05aae1e784069455873808840b7a934502697bbfb,0
1,82,1,2.4472227096557617,2.496257781982422,2.372718334197998,0.12353944778442383,0.07450437545776367,0.0,0.001343576562413008,1.4907578343940238,15.485883121904656,True,481755,e2d5397b31a0fb0a397e032a37ed822ee7292b25f89b09d2a915f5d4cacb2592,9f7f1ba5d55059b15de276632a8eddbe8b159d1cc6e6a8a92ef757ff70b146cf,b6d52bd716389341b3d3a9928d0df713465678fdd6d1a08766a188c1144849ce,0
1,82,2,2.4472227096557617,2.4962735176086426,2.028482437133789,0.4677910804748535,0.41874027252197266,0.0,0.003257792247865826,1.9075273005782836,15.447643380784278,True,481755,e2d5397b31a0fb0a397e032a37ed822ee7292b25f89b09d2a915f5d4cacb2592,9f7f1ba5d55059b15de276632a8eddbe8b159d1cc6e6a8a92ef757ff70b146cf,9cff9fd285f061891d5b1cb6616ad7826bbefde42baabf0c7cea16f3ef9bac60,0
1,82,3,2.4472227096557617,2.426337718963623,2.503075361251831,-0.07673764228820801,-0.055852651596069336,0.055852651596069336,0.0014433164722683384,1.6049255343779747,15.50540600059142,True,481755,e2d5397b31a0fb0a397e032a37ed822ee7292b25f89b09d2a915f5d4cacb2592,9f7f1ba5d55059b15de276632a8eddbe8b159d1cc6e6a8a92ef757ff70b146cf,089d03cd634d83644fbb15b717e244be71cf87b754c4de7d6efb3d86eaa7634e,0
1,82,4,2.4472227096557617,2.5220069885253906,2.168710470199585,0.35329651832580566,0.27851223945617676,0.0,0.005161117215189076,1.6658467007170183,15.497548981500348,True,481755,e2d5397b31a0fb0a397e032a37ed822ee7292b25f89b09d2a915f5d4cacb2592,9f7f1ba5d55059b15de276632a8eddbe8b159d1cc6e6a8a92ef757ff70b146cf,a0f3f6b183a723a18a280e0ad66a0d239e142f34450cde1a5afd4a76d43af12a,0
1,82,5,2.4472227096557617,2.4703240394592285,2.6029138565063477,-0.13258981704711914,-0.15569114685058594,0.15569114685058594,0.0056012094716572135,1.811830294061957,15.499367001430587,True,481755,e2d5397b31a0fb0a397e032a37ed822ee7292b25f89b09d2a915f5d4cacb2592,9f7f1ba5d55059b15de276632a8eddbe8b159d1cc6e6a8a92ef757ff70b146cf,dfea0a90d0d7a2ac0b82246d18940c994176c77080ac06044f8dca5edc07d60d,0
1,82,6,2.4472227096557617,2.5376949310302734,2.0293283462524414,0.508366584777832,0.4178943634033203,0.0,0.003932006950291035,1.4196873227373048,15.498380570393822,True,481755,e2d5397b31a0fb0a397e032a37ed822ee7292b25f89b09d2a915f5d4cacb2592,9f7f1ba5d55059b15de276632a8eddbe8b159d1cc6e6a8a92ef757ff70b146cf,12058dcc015cf096a0022f54a0dc66f1418a485962094c544a80b65e1cdd5086,0
1,82,7,2.4472227096557617,2.3822388648986816,2.6356983184814453,-0.25345945358276367,-0.1884756088256836,0.1884756088256836,-0.0008816914226909422,1.7101131172825166,15.484318718719047,True,481755,e2d5397b31a0fb0a397e032a37ed822ee7292b25f89b09d2a915f5d4cacb2592,9f7f1ba5d55059b15de276632a8eddbe8b159d1cc6e6a8a92ef757ff70b146cf,b41cbc62c853919fde9a0a7a37bd397e259e2d4c7266da47a3e935ca6566f707,0
1,82,8,2.4472227096557617,2.536463499069214,2.486621856689453,0.04984164237976074,-0.039399147033691406,0.039399147033691406,0.006569434696157791,1.571919503920946,15.486274941177498,True,481755,e2d5397b31a0fb0a397e032a37ed822ee7292b25f89b09d2a915f5d4cacb2592,9f7f1ba5d55059b15de276632a8eddbe8b159d1cc6e6a8a92ef757ff70b146cf,a530b357ad08f0fa98a8d1a2afa85495c38feccdc2619abb6c26829b78a9a9ec,0
1,82,9,2.4472227096557617,2.44589900970459,2.790694236755371,-0.34479522705078125,-0.3434715270996094,0.3434715270996094,0.003946840686720335,2.0735453170357205,15.453828986564561,True,481755,e2d5397b31a0fb0a397e032a37ed822ee7292b25f89b09d2a915f5d4cacb2592,9f7f1ba5d55059b15de276632a8eddbe8b159d1cc6e6a8a92ef757ff70b146cf,06d7f844f996f0066d7cbc9ea324dc63d62782c0ec201c6fcc11ccb60879a6f9,0
1,69,0,2.891421318054199,2.8726954460144043,2.490560531616211,0.38213491439819336,0.4008607864379883,0.0,0.0002479494196029335,2.4627520403480343,15.431840963869103,True,468794,acb3fb2693df602b454c2f216f90302cf657f379e806b76f9bdc195179a7f56d,7dd96c95ea2867ea84a004fb43c42c1bf26e0259bca94f7ccd8f3e9683844b8c,5819d85e27ce2802c70d1dc05aae1e784069455873808840b7a934502697bbfb,0
1,69,1,2.891421318054199,2.8409476280212402,2.5959348678588867,0.24501276016235352,0.2954864501953125,0.0,0.0012312962428186807,2.083918524479676,15.485883121904656,True,468794,acb3fb2693df602b454c2f216f90302cf657f379e806b76f9bdc195179a7f56d,7dd96c95ea2867ea84a004fb43c42c1bf26e0259bca94f7ccd8f3e9683844b8c,b6d52bd716389341b3d3a9928d0df713465678fdd6d1a08766a188c1144849ce,0
1,69,2,2.891421318054199,2.758211612701416,2.4552230834960938,0.30298852920532227,0.43619823455810547,0.0,-0.0009278121801296344,3.2448092359753424,15.447643380784278,True,468794,acb3fb2693df602b454c2f216f90302cf657f379e806b76f9bdc195179a7f56d,7dd96c95ea2867ea84a004fb43c42c1bf26e0259bca94f7ccd8f3e9683844b8c,9cff9fd285f061891d5b1cb6616ad7826bbefde42baabf0c7cea16f3ef9bac60,0
1,69,3,2.891421318054199,2.915904998779297,2.6083250045776367,0.30757999420166016,0.2830963134765625,0.0,0.001759663850149969,2.995127542596954,15.50540600059142,True,468794,acb3fb2693df602b454c2f216f90302cf657f379e806b76f9bdc195179a7f56d,7dd96c95ea2867ea84a004fb43c42c1bf26e0259bca94f7ccd8f3e9683844b8c,089d03cd634d83644fbb15b717e244be71cf87b754c4de7d6efb3d86eaa7634e,0
1,69,4,2.891421318054199,2.980940341949463,2.444448471069336,0.536491870880127,0.4469728469848633,0.0,0.007898786339789497,2.3812929043909468,15.497548981500348,True,468794,acb3fb2693df602b454c2f216f90302cf657f379e806b76f9bdc195179a7f56d,7dd96c95ea2867ea84a004fb43c42c1bf26e0259bca94f7ccd8f3e9683844b8c,a0f3f6b183a723a18a280e0ad66a0d239e142f34450cde1a5afd4a76d43af12a,0
1,69,5,2.891421318054199,2.9485371112823486,2.4613232612609863,0.4872138500213623,0.4300980567932129,0.0,0.0009720287450506747,2.508537793637485,15.499367001430587,True,468794,acb3fb2693df602b454c2f216f90302cf657f379e806b76f9bdc195179a7f56d,7dd96c95ea2867ea84a004fb43c42c1bf26e0259bca94f7ccd8f3e9683844b8c,dfea0a90d0d7a2ac0b82246d18940c994176c77080ac06044f8dca5edc07d60d,0
1,69,6,2.891421318054199,2.779386520385742,2.586721420288086,0.19266510009765625,0.3046998977661133,0.0,0.004956032870362312,1.8910437372040532,15.498380570393822,True,468794,acb3fb2693df602b454c2f216f90302cf657f379e806b76f9bdc195179a7f56d,7dd96c95ea2867ea84a004fb43c42c1bf26e0259bca94f7ccd8f3e9683844b8c,12058dcc015cf096a0022f54a0dc66f1418a485962094c544a80b65e1cdd5086,0
1,69,7,2.891421318054199,2.9638566970825195,2.3946406841278076,0.5692160129547119,0.4967806339263916,0.0,0.007107347320375438,2.5747952246905528,15.484318718719047,True,468794,acb3fb2693df602b454c2f216f90302cf657f379e806b76f9bdc195179a7f56d,7dd96c95ea2867ea84a004fb43c42c1bf26e0259bca94f7ccd8f3e9683844b8c,b41cbc62c853919fde9a0a7a37bd397e259e2d4c7266da47a3e935ca6566f707,0
1,69,8,2.891421318054199,3.1638238430023193,2.342726230621338,0.8210976123809814,0.5486950874328613,0.0,0.00848007995732778,3.8600255674211943,15.486274941177498,True,468794,acb3fb2693df602b454c2f216f90302cf657f379e806b76f9bdc195179a7f56d,7dd96c95ea2867ea84a004fb43c42c1bf26e0259bca94f7ccd8f3e9683844b8c,a530b357ad08f0fa98a8d1a2afa85495c38feccdc2619abb6c26829b78a9a9ec,0
1,69,9,2.891421318054199,3.059027671813965,2.517300605773926,0.5417270660400391,0.37412071228027344,0.0,0.008721635496409528,3.4400828199118374,15.453828986564561,True,468794,acb3fb2693df602b454c2f216f90302cf657f379e806b76f9bdc195179a7f56d,7dd96c95ea2867ea84a004fb43c42c1bf26e0259bca94f7ccd8f3e9683844b8c,06d7f844f996f0066d7cbc9ea324dc63d62782c0ec201c6fcc11ccb60879a6f9,0
1,65,0,3.018801689147949,3.034355640411377,2.070925712585449,0.9634299278259277,0.9478759765625,0.0,0.0014054306095779502,2.5080209636639115,15.431840963869103,True,464806,52133a661108db36fed37023c5660460344caf449a7039d95665bad873a7906c,4cd0a56eee55638153813fe170fa9cbf982f18a9045ec6d0db3a2c840d113995,5819d85e27ce2802c70d1dc05aae1e784069455873808840b7a934502697bbfb,0
1,65,1,3.018801689147949,3.0133726596832275,2.1178503036499023,0.8955223560333252,0.9009513854980469,0.0,0.001536701667370757,1.66315567430104,15.485883121904656,True,464806,52133a661108db36fed37023c5660460344caf449a7039d95665bad873a7906c,4cd0a56eee55638153813fe170fa9cbf982f18a9045ec6d0db3a2c840d113995,b6d52bd716389341b3d3a9928d0df713465678fdd6d1a08766a188c1144849ce,0
1,65,2,3.018801689147949,2.915823459625244,1.9976425170898438,0.9181809425354004,1.0211591720581055,0.0,0.002735639026529067,2.568236107739283,15.447643380784278,True,464806,52133a661108db36fed37023c5660460344caf449a7039d95665bad873a7906c,4cd0a56eee55638153813fe170fa9cbf982f18a9045ec6d0db3a2c840d113995,9cff9fd285f061891d5b1cb6616ad7826bbefde42baabf0c7cea16f3ef9bac60,0
1,65,3,3.018801689147949,2.99993896484375,2.0959362983703613,0.9040026664733887,0.9228653907775879,0.0,0.0007797593782969319,1.9446042651232047,15.50540600059142,True,464806,52133a661108db36fed37023c5660460344caf449a7039d95665bad873a7906c,4cd0a56eee55638153813fe170fa9cbf982f18a9045ec6d0db3a2c840d113995,089d03cd634d83644fbb15b717e244be71cf87b754c4de7d6efb3d86eaa7634e,0
1,65,4,3.018801689147949,3.133878707885742,1.9615870714187622,1.17229163646698,1.057214617729187,0.0,0.009800982315641455,1.8015640667764354,15.497548981500348,True,464806,52133a661108db36fed37023c5660460344caf449a7039d95665bad873a7906c,4cd0a56eee55638153813fe170fa9cbf982f18a9045ec6d0db3a2c840d113995,a0f3f6b183a723a18a280e0ad66a0d239e142f34450cde1a5afd4a76d43af12a,0
1,65,5,3.018801689147949,3.071995735168457,2.076796293258667,0.99519944190979,0.9420053958892822,0.0,0.005248374845164068,2.3369551994007978,15.499367001430587,True,464806,52133a661108db36fed37023c5660460344caf449a7039d95665bad873a7906c,4cd0a56eee55638153813fe170fa9cbf982f18a9045ec6d0db3a2c840d113995,dfea0a90d0d7a2ac0b82246d18940c994176c77080ac06044f8dca5edc07d60d,0
1,65,6,3.018801689147949,3.0190165042877197,2.111046314239502,0.9079701900482178,0.9077553749084473,0.0,0.007046325230553718,1.5913310427544485,15.498380570393822,True,464806,52133a661108db36fed37023c5660460344caf449a7039d95665bad873a7906c,4cd0a56eee55638153813fe170fa9cbf982f18a9045ec6d0db3a2c840d113995,12058dcc015cf096a0022f54a0dc66f1418a485962094c544a80b65e1cdd5086,0
1,65,7,3.018801689147949,3.005361795425415,2.120466709136963,0.8848950862884521,0.8983349800109863,0.0,0.004627872556027332,2.3457106518732993,15.484318718719047,True,464806,52133a661108db36fed37023c5660460344caf449a7039d95665bad873a7906c,4cd0a56eee55638153813fe170fa9cbf982f18a9045ec6d0db3a2c840d113995,b41cbc62c853919fde9a0a7a37bd397e259e2d4c7266da47a3e935ca6566f707,0
1,65,8,3.018801689147949,3.2287516593933105,1.9999548196792603,1.2287968397140503,1.018846869468689,0.0,0.00802061841661854,2.920714834164675,15.486274941177498,True,464806,52133a661108db36fed37023c5660460344caf449a7039d95665bad873a7906c,4cd0a56eee55638153813fe170fa9cbf982f18a9045ec6d0db3a2c840d113995,a530b357ad08f0fa98a8d1a2afa85495c38feccdc2619abb6c26829b78a9a9ec,0
1,65,9,3.018801689147949,3.076592445373535,2.1558303833007812,0.9207620620727539,0.862971305847168,0.0,0.009278280001683804,2.3644974763855493,15.453828986564561,True,464806,52133a661108db36fed37023c5660460344caf449a7039d95665bad873a7906c,4cd0a56eee55638153813fe170fa9cbf982f18a9045ec6d0db3a2c840d113995,06d7f844f996f0066d7cbc9ea324dc63d62782c0ec201c6fcc11ccb60879a6f9,0
1,80,0,3.104660749435425,3.0805110931396484,2.388610601425171,0.6919004917144775,0.7160501480102539,0.0,0.0024622962618053973,3.1410791213909537,15.431840963869103,True,16065624,0600ead0841aa1b78bce8015d94914ae28f7071ea6471f96bd0eef7ccd0797e0,00f36b4756e5297404eda6fa48d503698b7a82c69e3f2a5fa696c9c5a075f952,5819d85e27ce2802c70d1dc05aae1e784069455873808840b7a934502697bbfb,1
1,80,1,3.104660749435425,3.1318469047546387,2.6798946857452393,0.4519522190093994,0.42476606369018555,0.0,0.002497230835606521,2.5578979248272105,15.485883121904656,True,16065624,0600ead0841aa1b78bce8015d94914ae28f7071ea6471f96bd0eef7ccd0797e0,00f36b4756e5297404eda6fa48d503698b7a82c69e3f2a5fa696c9c5a075f952,b6d52bd716389341b3d3a9928d0df713465678fdd6d1a08766a188c1144849ce,1
1,80,2,3.104660749435425,2.962064266204834,2.467283010482788,0.4947812557220459,0.6373777389526367,0.0,-0.00012335981853559425,3.124319184023943,15.447643380784278,True,16065624,0600ead0841aa1b78bce8015d94914ae28f7071ea6471f96bd0eef7ccd0797e0,00f36b4756e5297404eda6fa48d503698b7a82c69e3f2a5fa696c9c5a075f952,9cff9fd285f061891d5b1cb6616ad7826bbefde42baabf0c7cea16f3ef9bac60,1
1,80,3,3.104660749435425,3.18264102935791,2.557520866394043,0.6251201629638672,0.5471398830413818,0.0,0.0029669481512817784,3.90772148495544,15.50540600059142,True,16065624,0600ead0841aa1b78bce8015d94914ae28f7071ea6471f96bd0eef7ccd0797e0,00f36b4756e5297404eda6fa48d503698b7a82c69e3f2a5fa696c9c5a075f952,089d03cd634d83644fbb15b717e244be71cf87b754c4de7d6efb3d86eaa7634e,1
1,80,4,3.104660749435425,3.0889220237731934,2.568201780319214,0.5207202434539795,0.5364589691162109,0.0,0.0016422908566090019,3.361628874313345,15.497548981500348,True,16065624,0600ead0841aa1b78bce8015d94914ae28f7071ea6471f96bd0eef7ccd0797e0,00f36b4756e5297404eda6fa48d503698b7a82c69e3f2a5fa696c9c5a075f952,a0f3f6b183a723a18a280e0ad66a0d239e142f34450cde1a5afd4a76d43af12a,1
1,80,5,3.104660749435425,3.3034441471099854,2.451005458831787,0.8524386882781982,0.6536552906036377,0.0,0.0025173496149828493,3.801791398671946,15.499367001430587,True,16065624,0600ead0841aa1b78bce8015d94914ae28f7071ea6471f96bd0eef7ccd0797e0,00f36b4756e5297404eda6fa48d503698b7a82c69e3f2a5fa696c9c5a075f952,dfea0a90d0d7a2ac0b82246d18940c994176c77080ac06044f8dca5edc07d60d,1
1,80,6,3.104660749435425,2.976362943649292,2.7422547340393066,0.23410820960998535,0.36240601539611816,0.0,0.0021936644333273854,2.882666672032621,15.498380570393822,True,16065624,0600ead0841aa1b78bce8015d94914ae28f7071ea6471f96bd0eef7ccd0797e0,00f36b4756e5297404eda6fa48d503698b7a82c69e3f2a5fa696c9c5a075f952,12058dcc015cf096a0022f54a0dc66f1418a485962094c544a80b65e1cdd5086,1
1,80,7,3.104660749435425,3.1285789012908936,2.459221839904785,0.6693570613861084,0.6454389095306396,0.0,0.0031475045449905295,3.164477931828785,15.484318718719047,True,16065624,0600ead0841aa1b78bce8015d94914ae28f7071ea6471f96bd0eef7ccd0797e0,00f36b4756e5297404eda6fa48d503698b7a82c69e3f2a5fa696c9c5a075f952,b41cbc62c853919fde9a0a7a37bd397e259e2d4c7266da47a3e935ca6566f707,1
1,80,8,3.104660749435425,3.447289228439331,2.3191659450531006,1.1281232833862305,0.7854948043823242,0.0,0.00817527271252375,3.7891412473629984,15.486274941177498,True,16065624,0600ead0841aa1b78bce8015d94914ae28f7071ea6471f96bd0eef7ccd0797e0,00f36b4756e5297404eda6fa48d503698b7a82c69e3f2a5fa696c9c5a075f952,a530b357ad08f0fa98a8d1a2afa85495c38feccdc2619abb6c26829b78a9a9ec,1
1,80,9,3.104660749435425,3.189697504043579,2.706268072128296,0.4834294319152832,0.3983926773071289,0.0,0.005312646842288708,4.410079090764827,15.453828986564561,True,16065624,0600ead0841aa1b78bce8015d94914ae28f7071ea6471f96bd0eef7ccd0797e0,00f36b4756e5297404eda6fa48d503698b7a82c69e3f2a5fa696c9c5a075f952,06d7f844f996f0066d7cbc9ea324dc63d62782c0ec201c6fcc11ccb60879a6f9,1
1,84,0,2.3341071605682373,2.383660078048706,2.309927463531494,0.07373261451721191,0.024179697036743164,0.0,0.003745387902549724,2.2355945852644745,15.431840963869103,True,16069612,14c7f4b45954e42d7ba2f17c04440d854b6ea178d2bd4738754685d9dd262c98,d9163aadbaeb9aef0f00302502cef2bfbd1b08bcf9f12a6feed433322c7aa073,5819d85e27ce2802c70d1dc05aae1e784069455873808840b7a934502697bbfb,1
1,84,1,2.3341071605682373,2.387521266937256,2.6218888759613037,-0.23436760902404785,-0.2877817153930664,0.2877817153930664,0.005197959409163175,2.074543241835546,15.485883121904656,True,16069612,14c7f4b45954e42d7ba2f17c04440d854b6ea178d2bd4738754685d9dd262c98,d9163aadbaeb9aef0f00302502cef2bfbd1b08bcf9f12a6feed433322c7aa073,b6d52bd716389341b3d3a9928d0df713465678fdd6d1a08766a188c1144849ce,1
1,84,2,2.3341071605682373,2.3785171508789062,2.345264434814453,0.033252716064453125,-0.01115727424621582,0.01115727424621582,0.002163382471008943,2.9893107724181074,15.447643380784278,True,16069612,14c7f4b45954e42d7ba2f17c04440d854b6ea178d2bd4738754685d9dd262c98,d9163aadbaeb9aef0f00302502cef2bfbd1b08bcf9f12a6feed433322c7aa073,9cff9fd285f061891d5b1cb6616ad7826bbefde42baabf0c7cea16f3ef9bac60,1
1,84,3,2.3341071605682373,2.4123270511627197,2.424497365951538,-0.01217031478881836,-0.09039020538330078,0.09039020538330078,0.0024097517286683517,2.5970225467506616,15.50540600059142,True,16069612,14c7f4b45954e42d7ba2f17c04440d854b6ea178d2bd4738754685d9dd262c98,d9163aadbaeb9aef0f00302502cef2bfbd1b08bcf9f12a6feed433322c7aa073,089d03cd634d83644fbb15b717e244be71cf87b754c4de7d6efb3d86eaa7634e,1
1,84,4,2.3341071605682373,2.3096818923950195,2.7245168685913086,-0.41483497619628906,-0.3904097080230713,0.3904097080230713,0.006058286954341043,2.3459262290507845,15.497548981500348,True,16069612,14c7f4b45954e42d7ba2f17c04440d854b6ea178d2bd4738754685d9dd262c98,d9163aadbaeb9aef0f00302502cef2bfbd1b08bcf9f12a6feed433322c7aa073,a0f3f6b183a723a18a280e0ad66a0d239e142f34450cde1a5afd4a76d43af12a,1
1,84,5,2.3341071605682373,2.3105618953704834,2.611001491546631,-0.30043959617614746,-0.27689433097839355,0.27689433097839355,0.0017927571063041604,2.809653987851307,15.499367001430587,True,16069612,14c7f4b45954e42d7ba2f17c04440d854b6ea178d2bd4738754685d9dd262c98,d9163aadbaeb9aef0f00302502cef2bfbd1b08bcf9f12a6feed433322c7aa073,dfea0a90d0d7a2ac0b82246d18940c994176c77080ac06044f8dca5edc07d60d,1
1,84,6,2.3341071605682373,2.2804365158081055,2.642768383026123,-0.3623318672180176,-0.30866122245788574,0.30866122245788574,0.005224028402928925,1.9695468830891112,15.498380570393822,True,16069612,14c7f4b45954e42d7ba2f17c04440d854b6ea178d2bd4738754685d9dd262c98,d9163aadbaeb9aef0f00302502cef2bfbd1b08bcf9f12a6feed433322c7aa073,12058dcc015cf096a0022f54a0dc66f1418a485962094c544a80b65e1cdd5086,1
1,84,7,2.3341071605682373,2.3889498710632324,2.3608083724975586,0.028141498565673828,-0.02670121192932129,0.02670121192932129,0.009039946689006172,2.8007020173161497,15.484318718719047,True,16069612,14c7f4b45954e42d7ba2f17c04440d854b6ea178d2bd4738754685d9dd262c98,d9163aadbaeb9aef0f00302502cef2bfbd1b08bcf9f12a6feed433322c7aa073,b41cbc62c853919fde9a0a7a37bd397e259e2d4c7266da47a3e935ca6566f707,1
1,84,8,2.3341071605682373,2.453458309173584,2.227691888809204,0.22576642036437988,0.1064152717590332,0.0,0.01042423808483906,2.826675226490544,15.486274941177498,True,16069612,14c7f4b45954e42d7ba2f17c04440d854b6ea178d2bd4738754685d9dd262c98,d9163aadbaeb9aef0f00302502cef2bfbd1b08bcf9f12a6feed433322c7aa073,a530b357ad08f0fa98a8d1a2afa85495c38feccdc2619abb6c26829b78a9a9ec,1
1,84,9,2.3341071605682373,2.4680252075195312,2.6024296283721924,-0.13440442085266113,-0.2683224678039551,0.2683224678039551,0.005431173055211325,3.2386436933109874,15.453828986564561,True,16069612,14c7f4b45954e42d7ba2f17c04440d854b6ea178d2bd4738754685d9dd262c98,d9163aadbaeb9aef0f00302502cef2bfbd1b08bcf9f12a6feed433322c7aa073,06d7f844f996f0066d7cbc9ea324dc63d62782c0ec201c6fcc11ccb60879a6f9,1
1,33,0,2.4906485080718994,2.497687816619873,1.3463349342346191,1.151352882385254,1.1443135738372803,0.0,0.001255369656633365,2.7048769326779514,15.431840963869103,True,16018765,706dc7eb0c0ad2816cf98ccb96193430596b079a1d226080115f582af7af160c,bea7baa2c59b89d75b571d601fca3b2247e32b6ad39b1c43e5713387e97b8a5b,5819d85e27ce2802c70d1dc05aae1e784069455873808840b7a934502697bbfb,1
1,33,1,2.4906485080718994,2.4644668102264404,1.4827992916107178,0.9816675186157227,1.0078492164611816,0.0,-0.000725511198595303,2.8288685261197264,15.485883121904656,True,16018765,706dc7eb0c0ad2816cf98ccb96193430596b079a1d226080115f582af7af160c,bea7baa2c59b89d75b571d601fca3b2247e32b6ad39b1c43e5713387e97b8a5b,b6d52bd716389341b3d3a9928d0df713465678fdd6d1a08766a188c1144849ce,1
1,33,2,2.4906485080718994,2.509890556335449,1.260263442993164,1.2496271133422852,1.2303850650787354,0.0,0.0024151314753919993,3.1430804028921506,15.447643380784278,True,16018765,706dc7eb0c0ad2816cf98ccb96193430596b079a1d226080115f582af7af160c,bea7baa2c59b89d75b571d601fca3b2247e32b6ad39b1c43e5713387e97b8a5b,9cff9fd285f061891d5b1cb6616ad7826bbefde42baabf0c7cea16f3ef9bac60,1
1,33,3,2.4906485080718994,2.5359749794006348,1.4796526432037354,1.0563223361968994,1.010995864868164,0.0,0.0004862976512068303,2.6113220889298296,15.50540600059142,True,16018765,706dc7eb0c0ad2816cf98ccb96193430596b079a1d226080115f582af7af160c,bea7baa2c59b89d75b571d601fca3b2247e32b6ad39b1c43e5713387e97b8a5b,089d03cd634d83644fbb15b717e244be71cf87b754c4de7d6efb3d86eaa7634e,1
1,33,4,2.4906485080718994,2.5543150901794434,1.4357435703277588,1.1185715198516846,1.0549049377441406,0.0,0.005360365007753078,2.6243687788053576,15.497548981500348,True,16018765,706dc7eb0c0ad2816cf98ccb96193430596b079a1d226080115f582af7af160c,bea7baa2c59b89d75b571d601fca3b2247e32b6ad39b1c43e5713387e97b8a5b,a0f3f6b183a723a18a280e0ad66a0d239e142f34450cde1a5afd4a76d43af12a,1
1,33,5,2.4906485080718994,2.666810989379883,1.4116110801696777,1.255199909210205,1.0790374279022217,0.0,0.0033669230137552933,2.7065754636036066,15.499367001430587,True,16018765,706dc7eb0c0ad2816cf98ccb96193430596b079a1d226080115f582af7af160c,bea7baa2c59b89d75b571d601fca3b2247e32b6ad39b1c43e5713387e97b8a5b,dfea0a90d0d7a2ac0b82246d18940c994176c77080ac06044f8dca5edc07d60d,1
1,33,6,2.4906485080718994,2.5489859580993652,1.374730110168457,1.1742558479309082,1.1159183979034424,0.0,0.003076356043414251,2.116541368820809,15.498380570393822,True,16018765,706dc7eb0c0ad2816cf98ccb96193430596b079a1d226080115f582af7af160c,bea7baa2c59b89d75b571d601fca3b2247e32b6ad39b1c43e5713387e97b8a5b,12058dcc015cf096a0022f54a0dc66f1418a485962094c544a80b65e1cdd5086,1
1,33,7,2.4906485080718994,2.570049285888672,1.4277788400650024,1.1422704458236694,1.062869668006897,0.0,0.00244134223724937,3.2404840579496397,15.484318718719047,True,16018765,706dc7eb0c0ad2816cf98ccb96193430596b079a1d226080115f582af7af160c,bea7baa2c59b89d75b571d601fca3b2247e32b6ad39b1c43e5713387e97b8a5b,b41cbc62c853919fde9a0a7a37bd397e259e2d4c7266da47a3e935ca6566f707,1
1,33,8,2.4906485080718994,2.7135660648345947,1.503415584564209,1.2101504802703857,0.9872329235076904,0.0,0.006993567803291862,3.6916714304412253,15.486274941177498,True,16018765,706dc7eb0c0ad2816cf98ccb96193430596b079a1d226080115f582af7af160c,bea7baa2c59b89d75b571d601fca3b2247e32b6ad39b1c43e5713387e97b8a5b,a530b357ad08f0fa98a8d1a2afa85495c38feccdc2619abb6c26829b78a9a9ec,1
1,33,9,2.4906485080718994,2.508615016937256,1.571864128112793,0.9367508888244629,0.9187843799591064,0.0,0.003914433928136466,3.0661387577242047,15.453828986564561,True,16018765,706dc7eb0c0ad2816cf98ccb96193430596b079a1d226080115f582af7af160c,bea7baa2c59b89d75b571d601fca3b2247e32b6ad39b1c43e5713387e97b8a5b,06d7f844f996f0066d7cbc9ea324dc63d62782c0ec201c6fcc11ccb60879a6f9,1
1,81,0,2.4654488563537598,2.4437294006347656,1.9609489440917969,0.48278045654296875,0.5044999122619629,0.0,0.0007329490574629787,2.3949886733240735,15.431840963869103,True,16066621,bc7643047d7ec84accd0f010bddbf5043cb40322cec3c45de9dc31b412dccbcf,5f3bf71a285c7ead235a0405aff91bb358c23a5647185dc5f4063b660f2bc098,5819d85e27ce2802c70d1dc05aae1e784069455873808840b7a934502697bbfb,1
1,81,1,2.4654488563537598,2.477285385131836,2.0152692794799805,0.46201610565185547,0.4501795768737793,0.0,0.0011422226409787794,2.144963041995463,15.485883121904656,True,16066621,bc7643047d7ec84accd0f010bddbf5043cb40322cec3c45de9dc31b412dccbcf,5f3bf71a285c7ead235a0405aff91bb358c23a5647185dc5f4063b660f2bc098,b6d52bd716389341b3d3a9928d0df713465678fdd6d1a08766a188c1144849ce,1
1,81,2,2.4654488563537598,2.364872932434082,1.9367009401321411,0.4281719923019409,0.5287479162216187,0.0,-0.000740451414218093,2.3457167029978003,15.447643380784278,True,16066621,bc7643047d7ec84accd0f010bddbf5043cb40322cec3c45de9dc31b412dccbcf,5f3bf71a285c7ead235a0405aff91bb358c23a5647185dc5f4063b660f2bc098,9cff9fd285f061891d5b1cb6616ad7826bbefde42baabf0c7cea16f3ef9bac60,1
1,81,3,2.4654488563537598,2.5010271072387695,1.9978981018066406,0.5031290054321289,0.46755075454711914,0.0,0.0013656756575919243,2.2822222655084974,15.50540600059142,True,16066621,bc7643047d7ec84accd0f010bddbf5043cb40322cec3c45de9dc31b412dccbcf,5f3bf71a285c7ead235a0405aff91bb358c23a5647185dc5f4063b660f2bc098,089d03cd634d83644fbb15b717e244be71cf87b754c4de7d6efb3d86eaa7634e,1
1,81,4,2.4654488563537598,2.417529344558716,1.9087668657302856,0.5087624788284302,0.5566819906234741,0.0,0.0020338417237214905,2.170233184068804,15.497548981500348,True,16066621,bc7643047d7ec84accd0f010bddbf5043cb40322cec3c45de9dc31b412dccbcf,5f3bf71a285c7ead235a0405aff91bb358c23a5647185dc5f4063b660f2bc098,a0f3f6b183a723a18a280e0ad66a0d239e142f34450cde1a5afd4a76d43af12a,1
1,81,5,2.4654488563537598,2.5801408290863037,1.9093332290649414,0.6708076000213623,0.5561156272888184,0.0,0.005382203229134823,2.4504356009993336,15.499367001430587,True,16066621,bc7643047d7ec84accd0f010bddbf5043cb40322cec3c45de9dc31b412dccbcf,5f3bf71a285c7ead235a0405aff91bb358c23a5647185dc5f4063b660f2bc098,dfea0a90d0d7a2ac0b82246d18940c994176c77080ac06044f8dca5edc07d60d,1
1,81,6,2.4654488563537598,2.4760608673095703,1.8979967832565308,0.5780640840530396,0.567452073097229,0.0,0.004456433254274062,2.2222600910893915,15.498380570393822,True,16066621,bc7643047d7ec84accd0f010bddbf5043cb40322cec3c45de9dc31b412dccbcf,5f3bf71a285c7ead235a0405aff91bb358c23a5647185dc5f4063b660f2bc098,12058dcc015cf096a0022f54a0dc66f1418a485962094c544a80b65e1cdd5086,1
1,81,7,2.4654488563537598,2.4208812713623047,1.9103598594665527,0.510521411895752,0.555088996887207,0.0,0.0021542328578863994,2.1911131374630077,15.484318718719047,True,16066621,bc7643047d7ec84accd0f010bddbf5043cb40322cec3c45de9dc31b412dccbcf,5f3bf71a285c7ead235a0405aff91bb358c23a5647185dc5f4063b660f2bc098,b41cbc62c853919fde9a0a7a37bd397e259e2d4c7266da47a3e935ca6566f707,1
1,81,8,2.4654488563537598,2.477602243423462,1.8609482049942017,0.6166540384292603,0.6045006513595581,0.0,0.0068217416581810185,2.3334848149381004,15.486274941177498,True,16066621,bc7643047d7ec84accd0f010bddbf5043cb40322cec3c45de9dc31b412dccbcf,5f3bf71a285c7ead235a0405aff91bb358c23a5647185dc5f4063b660f2bc098,a530b357ad08f0fa98a8d1a2afa85495c38feccdc2619abb6c26829b78a9a9ec,1
1,81,9,2.4654488563537598,2.4363203048706055,2.1026270389556885,0.333693265914917,0.3628218173980713,0.0,0.0008965168879401667,2.4145894853412955,15.453828986564561,True,16066621,bc7643047d7ec84accd0f010bddbf5043cb40322cec3c45de9dc31b412dccbcf,5f3bf71a285c7ead235a0405aff91bb358c23a5647185dc5f4063b660f2bc098,06d7f844f996f0066d7cbc9ea324dc63d62782c0ec201c6fcc11ccb60879a6f9,1
1,93,0,2.6541473865509033,2.6390490531921387,2.875952959060669,-0.23690390586853027,-0.22180557250976562,0.22180557250976562,-7.835983113943878e-05,2.6617699605861436,15.431840963869103,True,16078585,5075962af4365a4553061305a47ad9f98699d7d7250ca7853829fe64cfb577e9,33df327258e785c12a3eab05480b01a13fe9ee4058a31ece9b0769d249e7285a,5819d85e27ce2802c70d1dc05aae1e784069455873808840b7a934502697bbfb,1
1,93,1,2.6541473865509033,2.6684913635253906,3.1365904808044434,-0.46809911727905273,-0.48244309425354004,0.48244309425354004,-0.0009435417216440934,2.3035320598394233,15.485883121904656,True,16078585,5075962af4365a4553061305a47ad9f98699d7d7250ca7853829fe64cfb577e9,33df327258e785c12a3eab05480b01a13fe9ee4058a31ece9b0769d249e7285a,b6d52bd716389341b3d3a9928d0df713465678fdd6d1a08766a188c1144849ce,1
1,93,2,2.6541473865509033,2.5331273078918457,2.7866084575653076,-0.2534811496734619,-0.1324610710144043,0.1324610710144043,0.0008896382138676575,2.679732234128923,15.447643380784278,True,16078585,5075962af4365a4553061305a47ad9f98699d7d7250ca7853829fe64cfb577e9,33df327258e785c12a3eab05480b01a13fe9ee4058a31ece9b0769d249e7285a,9cff9fd285f061891d5b1cb6616ad7826bbefde42baabf0c7cea16f3ef9bac60,1
1,93,3,2.6541473865509033,2.6583807468414307,2.9229822158813477,-0.264601469039917,-0.26883482933044434,0.26883482933044434,0.0015102790371750799,2.335546414055536,15.50540600059142,True,16078585,5075962af4365a4553061305a47ad9f98699d7d7250ca7853829fe64cfb577e9,33df327258e785c12a3eab05480b01a13fe9ee4058a31ece9b0769d249e7285a,089d03cd634d83644fbb15b717e244be71cf87b754c4de7d6efb3d86eaa7634e,1
1,93,4,2.6541473865509033,2.6217756271362305,2.7458088397979736,-0.12403321266174316,-0.09166145324707031,0.09166145324707031,0.003050792994206399,2.2317058717484044,15.497548981500348,True,16078585,5075962af4365a4553061305a47ad9f98699d7d7250ca7853829fe64cfb577e9,33df327258e785c12a3eab05480b01a13fe9ee4058a31ece9b0769d249e7285a,a0f3f6b183a723a18a280e0ad66a0d239e142f34450cde1a5afd4a76d43af12a,1
1,93,5,2.6541473865509033,2.752519369125366,2.82781720161438,-0.07529783248901367,-0.17366981506347656,0.17366981506347656,0.005032049471652541,2.3521684889910044,15.499367001430587,True,16078585,5075962af4365a4553061305a47ad9f98699d7d7250ca7853829fe64cfb577e9,33df327258e785c12a3eab05480b01a13fe9ee4058a31ece9b0769d249e7285a,dfea0a90d0d7a2ac0b82246d18940c994176c77080ac06044f8dca5edc07d60d,1
1,93,6,2.6541473865509033,2.6831960678100586,2.7706751823425293,-0.0874791145324707,-0.11652779579162598,0.11652779579162598,0.003989140168327249,2.443195586259934,15.498380570393822,True,16078585,5075962af4365a4553061305a47ad9f98699d7d7250ca7853829fe64cfb577e9,33df327258e785c12a3eab05480b01a13fe9ee4058a31ece9b0769d249e7285a,12058dcc015cf096a0022f54a0dc66f1418a485962094c544a80b65e1cdd5086,1
1,93,7,2.6541473865509033,2.5849087238311768,2.8994557857513428,-0.314547061920166,-0.24530839920043945,0.24530839920043945,0.0006017169092697056,2.0677572471281755,15.484318718719047,True,16078585,5075962af4365a4553061305a47ad9f98699d7d7250ca7853829fe64cfb577e9,33df327258e785c12a3eab05480b01a13fe9ee4058a31ece9b0769d249e7285a,b41cbc62c853919fde9a0a7a37bd397e259e2d4c7266da47a3e935ca6566f707,1
1,93,8,2.6541473865509033,2.6717708110809326,2.9489998817443848,-0.27722907066345215,-0.29485249519348145,0.29485249519348145,0.006728880753447966,2.2098596440601734,15.486274941177498,True,16078585,5075962af4365a4553061305a47ad9f98699d7d7250ca7853829fe64cfb577e9,33df327258e785c12a3eab05480b01a13fe9ee4058a31ece9b0769d249e7285a,a530b357ad08f0fa98a8d1a2afa85495c38feccdc2619abb6c26829b78a9a9ec,1
1,93,9,2.6541473865509033,2.608586311340332,3.280674934387207,-0.672088623046875,-0.6265275478363037,0.6265275478363037,0.0016925019016597578,2.634702115453237,15.453828986564561,True,16078585,5075962af4365a4553061305a47ad9f98699d7d7250ca7853829fe64cfb577e9,33df327258e785c12a3eab05480b01a13fe9ee4058a31ece9b0769d249e7285a,06d7f844f996f0066d7cbc9ea324dc63d62782c0ec201c6fcc11ccb60879a6f9,1
1,17,0,1.7834584712982178,1.7685661315917969,1.4660043716430664,0.30256175994873047,0.31745409965515137,0.0,-0.0010857658242629598,1.8333879516920335,15.431840963869103,True,16002813,9fe17bc023098ff0793e16e48052f40746aafc63f52e6cee20cb972a38ca6cec,862e261bfb780022635b055d60017cdcdbd42c2add92c08dac933eecbe5a98a9,5819d85e27ce2802c70d1dc05aae1e784069455873808840b7a934502697bbfb,1
1,17,1,1.7834584712982178,1.7829022407531738,1.5326156616210938,0.2502865791320801,0.250842809677124,0.0,-0.00017349518701391677,1.5225760554230874,15.485883121904656,True,16002813,9fe17bc023098ff0793e16e48052f40746aafc63f52e6cee20cb972a38ca6cec,862e261bfb780022635b055d60017cdcdbd42c2add92c08dac933eecbe5a98a9,b6d52bd716389341b3d3a9928d0df713465678fdd6d1a08766a188c1144849ce,1
1,17,2,1.7834584712982178,1.8839370012283325,1.5572521686553955,0.326684832572937,0.22620630264282227,0.0,0.002155006595246136,2.3882582064684,15.447643380784278,True,16002813,9fe17bc023098ff0793e16e48052f40746aafc63f52e6cee20cb972a38ca6cec,862e261bfb780022635b055d60017cdcdbd42c2add92c08dac933eecbe5a98a9,9cff9fd285f061891d5b1cb6616ad7826bbefde42baabf0c7cea16f3ef9bac60,1
1,17,3,1.7834584712982178,1.7822203636169434,1.4191386699676514,0.363081693649292,0.3643198013305664,0.0,0.0003310403181172774,1.8496362208926278,15.50540600059142,True,16002813,9fe17bc023098ff0793e16e48052f40746aafc63f52e6cee20cb972a38ca6cec,862e261bfb780022635b055d60017cdcdbd42c2add92c08dac933eecbe5a98a9,089d03cd634d83644fbb15b717e244be71cf87b754c4de7d6efb3d86eaa7634e,1
1,17,4,1.7834584712982178,1.802910327911377,1.4275068044662476,0.3754035234451294,0.3559516668319702,0.0,-5.523789492843256e-05,2.223197951686451,15.497548981500348,True,16002813,9fe17bc023098ff0793e16e48052f40746aafc63f52e6cee20cb972a38ca6cec,862e261bfb780022635b055d60017cdcdbd42c2add92c08dac933eecbe5a98a9,a0f3f6b183a723a18a280e0ad66a0d239e142f34450cde1a5afd4a76d43af12a,1
1,17,5,1.7834584712982178,1.8124451637268066,1.4691020250320435,0.3433431386947632,0.3143564462661743,0.0,-0.0006931355538424162,1.8604315258597763,15.499367001430587,True,16002813,9fe17bc023098ff0793e16e48052f40746aafc63f52e6cee20cb972a38ca6cec,862e261bfb780022635b055d60017cdcdbd42c2add92c08dac933eecbe5a98a9,dfea0a90d0d7a2ac0b82246d18940c994176c77080ac06044f8dca5edc07d60d,1
1,17,6,1.7834584712982178,1.8744598627090454,1.5348180532455444,0.339641809463501,0.24864041805267334,0.0,-0.00249290238634363,1.613287859333594,15.498380570393822,True,16002813,9fe17bc023098ff0793e16e48052f40746aafc63f52e6cee20cb972a38ca6cec,862e261bfb780022635b055d60017cdcdbd42c2add92c08dac933eecbe5a98a9,12058dcc015cf096a0022f54a0dc66f1418a485962094c544a80b65e1cdd5086,1
1,17,7,1.7834584712982178,1.8401602506637573,1.4026862382888794,0.43747401237487793,0.3807722330093384,0.0,-0.0004348402081849809,1.7532441809560868,15.484318718719047,True,16002813,9fe17bc023098ff0793e16e48052f40746aafc63f52e6cee20cb972a38ca6cec,862e261bfb780022635b055d60017cdcdbd42c2add92c08dac933eecbe5a98a9,b41cbc62c853919fde9a0a7a37bd397e259e2d4c7266da47a3e935ca6566f707,1
1,17,8,1.7834584712982178,1.771589756011963,1.5482879877090454,0.22330176830291748,0.23517048358917236,0.0,0.00035916149737051737,1.6555773145444819,15.486274941177498,True,16002813,9fe17bc023098ff0793e16e48052f40746aafc63f52e6cee20cb972a38ca6cec,862e261bfb780022635b055d60017cdcdbd42c2add92c08dac933eecbe5a98a9,a530b357ad08f0fa98a8d1a2afa85495c38feccdc2619abb6c26829b78a9a9ec,1
1,17,9,1.7834584712982178,1.7215659618377686,1.4625791311264038,0.25898683071136475,0.32087934017181396,0.0,-0.0022023579630282035,1.992133707399446,15.453828986564561,True,16002813,9fe17bc023098ff0793e16e48052f40746aafc63f52e6cee20cb972a38ca6cec,862e261bfb780022635b055d60017cdcdbd42c2add92c08dac933eecbe5a98a9,06d7f844f996f0066d7cbc9ea324dc63d62782c0ec201c6fcc11ccb60879a6f9,1
1,36,0,2.7179980278015137,2.712099313735962,2.085444450378418,0.626654863357544,0.6325535774230957,0.0,7.605287886410261e-05,2.703045780358396,15.431840963869103,True,16021756,a29edca7064814bd617ce73665f5d099a919c80d76113450bb2fd6459d1b9e3f,32ea5d81a6f5dd4d6a08e961493c8470dda0603c3419166b0cabbe970beb18c8,5819d85e27ce2802c70d1dc05aae1e784069455873808840b7a934502697bbfb,1
1,36,1,2.7179980278015137,2.7356526851654053,2.2274723052978516,0.5081803798675537,0.4905257225036621,0.0,-1.4685502573036665e-05,2.0627356236280554,15.485883121904656,True,16021756,a29edca7064814bd617ce73665f5d099a919c80d76113450bb2fd6459d1b9e3f,32ea5d81a6f5dd4d6a08e961493c8470dda0603c3419166b0cabbe970beb18c8,b6d52bd716389341b3d3a9928d0df713465678fdd6d1a08766a188c1144849ce,1
1,36,2,2.7179980278015137,2.6290411949157715,2.0852489471435547,0.5437922477722168,0.632749080657959,0.0,0.0009752800094398752,2.811349453448792,15.447643380784278,True,16021756,a29edca7064814bd617ce73665f5d099a919c80d76113450bb2fd6459d1b9e3f,32ea5d81a6f5dd4d6a08e961493c8470dda0603c3419166b0cabbe970beb18c8,9cff9fd285f061891d5b1cb6616ad7826bbefde42baabf0c7cea16f3ef9bac60,1
1,36,3,2.7179980278015137,2.747990846633911,2.1250624656677246,0.6229283809661865,0.5929355621337891,0.0,0.0011127798498386757,2.5506881298867916,15.50540600059142,True,16021756,a29edca7064814bd617ce73665f5d099a919c80d76113450bb2fd6459d1b9e3f,32ea5d81a6f5dd4d6a08e961493c8470dda0603c3419166b0cabbe970beb18c8,089d03cd634d83644fbb15b717e244be71cf87b754c4de7d6efb3d86eaa7634e,1
1,36,4,2.7179980278015137,2.73508358001709,2.0560457706451416,0.6790378093719482,0.6619522571563721,0.0,0.0035358822175166715,2.4556324305710038,15.497548981500348,True,16021756,a29edca7064814bd617ce73665f5d099a919c80d76113450bb2fd6459d1b9e3f,32ea5d81a6f5dd4d6a08e961493c8470dda0603c3419166b0cabbe970beb18c8,a0f3f6b183a723a18a280e0ad66a0d239e142f34450cde1a5afd4a76d43af12a,1
1,36,5,2.7179980278015137,2.7945504188537598,2.1296372413635254,0.6649131774902344,0.5883607864379883,0.0,0.0037527040450218885,2.187874576939803,15.499367001430587,True,16021756,a29edca7064814bd617ce73665f5d099a919c80d76113450bb2fd6459d1b9e3f,32ea5d81a6f5dd4d6a08e961493c8470dda0603c3419166b0cabbe970beb18c8,dfea0a90d0d7a2ac0b82246d18940c994176c77080ac06044f8dca5edc07d60d,1
1,36,6,2.7179980278015137,2.7409017086029053,2.1513805389404297,0.5895211696624756,0.566617488861084,0.0,0.0037552271721955155,2.572863633520979,15.498380570393822,True,16021756,a29edca7064814bd617ce73665f5d099a919c80d76113450bb2fd6459d1b9e3f,32ea5d81a6f5dd4d6a08e961493c8470dda0603c3419166b0cabbe970beb18c8,12058dcc015cf096a0022f54a0dc66f1418a485962094c544a80b65e1cdd5086,1
1,36,7,2.7179980278015137,2.7039167881011963,2.0666725635528564,0.6372442245483398,0.6513254642486572,0.0,0.004441524008245519,2.0594756179697886,15.484318718719047,True,16021756,a29edca7064814bd617ce73665f5d099a919c80d76113450bb2fd6459d1b9e3f,32ea5d81a6f5dd4d6a08e961493c8470dda0603c3419166b0cabbe970beb18c8,b41cbc62c853919fde9a0a7a37bd397e259e2d4c7266da47a3e935ca6566f707,1
1,36,8,2.7179980278015137,2.7873239517211914,2.1175923347473145,0.669731616973877,0.6004056930541992,0.0,0.006034338327695018,2.1790909401176717,15.486274941177498,True,16021756,a29edca7064814bd617ce73665f5d099a919c80d76113450bb2fd6459d1b9e3f,32ea5d81a6f5dd4d6a08e961493c8470dda0603c3419166b0cabbe970beb18c8,a530b357ad08f0fa98a8d1a2afa85495c38feccdc2619abb6c26829b78a9a9ec,1
1,36,9,2.7179980278015137,2.712454319000244,2.3222312927246094,0.39022302627563477,0.3957667350769043,0.0,0.002222605834400988,2.720063219048808,15.453828986564561,True,16021756,a29edca7064814bd617ce73665f5d099a919c80d76113450bb2fd6459d1b9e3f,32ea5d81a6f5dd4d6a08e961493c8470dda0603c3419166b0cabbe970beb18c8,06d7f844f996f0066d7cbc9ea324dc63d62782c0ec201c6fcc11ccb60879a6f9,1
1,82,0,2.3491296768188477,2.382479667663574,3.195638656616211,-0.8131589889526367,-0.8465089797973633,0.8465089797973633,0.0011528484765637506,3.024421529109281,15.431840963869103,True,16067618,daa17823ffa1818e128ba13c5c9259b1f82fc49a70f8858ad59cb56cb085ed23,85f7a9bcc86063fc50665be779e5a3621c4b580a2cc028c5884a9af0fc50df2c,5819d85e27ce2802c70d1dc05aae1e784069455873808840b7a934502697bbfb,1
1,82,1,2.3491296768188477,2.3977530002593994,3.3734092712402344,-0.975656270980835,-1.0242795944213867,1.0242795944213867,0.0007432911116496044,2.481078089354556,15.485883121904656,True,16067618,daa17823ffa1818e128ba13c5c9259b1f82fc49a70f8858ad59cb56cb085ed23,85f7a9bcc86063fc50665be779e5a3621c4b580a2cc028c5884a9af0fc50df2c,b6d52bd716389341b3d3a9928d0df713465678fdd6d1a08766a188c1144849ce,1
1,82,2,2.3491296768188477,2.4006471633911133,2.795283079147339,-0.3946359157562256,-0.4461534023284912,0.4461534023284912,0.0029849559974243966,2.907281382250874,15.447643380784278,True,16067618,daa17823ffa1818e128ba13c5c9259b1f82fc49a70f8858ad59cb56cb085ed23,85f7a9bcc86063fc50665be779e5a3621c4b580a2cc028c5884a9af0fc50df2c,9cff9fd285f061891d5b1cb6616ad7826bbefde42baabf0c7cea16f3ef9bac60,1
1,82,3,2.3491296768188477,2.3297483921051025,3.547363519668579,-1.2176151275634766,-1.1982338428497314,1.1982338428497314,0.0010574363947560175,2.199236779715206,15.50540600059142,True,16067618,daa17823ffa1818e128ba13c5c9259b1f82fc49a70f8858ad59cb56cb085ed23,85f7a9bcc86063fc50665be779e5a3621c4b580a2cc028c5884a9af0fc50df2c,089d03cd634d83644fbb15b717e244be71cf87b754c4de7d6efb3d86eaa7634e,1
1,82,4,2.3491296768188477,2.445500612258911,2.9887731075286865,-0.5432724952697754,-0.6396434307098389,0.6396434307098389,0.005604558884564626,2.257831468946006,15.497548981500348,True,16067618,daa17823ffa1818e128ba13c5c9259b1f82fc49a70f8858ad59cb56cb085ed23,85f7a9bcc86063fc50665be779e5a3621c4b580a2cc028c5884a9af0fc50df2c,a0f3f6b183a723a18a280e0ad66a0d239e142f34450cde1a5afd4a76d43af12a,1
1,82,5,2.3491296768188477,2.3526864051818848,3.6094586849212646,-1.2567722797393799,-1.260329008102417,1.260329008102417,0.005530895391620386,2.7169262184382785,15.499367001430587,True,16067618,daa17823ffa1818e128ba13c5c9259b1f82fc49a70f8858ad59cb56cb085ed23,85f7a9bcc86063fc50665be779e5a3621c4b580a2cc028c5884a9af0fc50df2c,dfea0a90d0d7a2ac0b82246d18940c994176c77080ac06044f8dca5edc07d60d,1
1,82,6,2.3491296768188477,2.4601645469665527,3.0632944107055664,-0.6031298637390137,-0.7141647338867188,0.7141647338867188,0.004719031585796168,1.9789495085090236,15.498380570393822,True,16067618,daa17823ffa1818e128ba13c5c9259b1f82fc49a70f8858ad59cb56cb085ed23,85f7a9bcc86063fc50665be779e5a3621c4b580a2cc028c5884a9af0fc50df2c,12058dcc015cf096a0022f54a0dc66f1418a485962094c544a80b65e1cdd5086,1
1,82,7,2.3491296768188477,2.26141095161438,3.8128888607025146,-1.5514779090881348,-1.463759183883667,1.463759183883667,0.0004105491523208556,2.8299450816768865,15.484318718719047,True,16067618,daa17823ffa1818e128ba13c5c9259b1f82fc49a70f8858ad59cb56cb085ed23,85f7a9bcc86063fc50665be779e5a3621c4b580a2cc028c5884a9af0fc50df2c,b41cbc62c853919fde9a0a7a37bd397e259e2d4c7266da47a3e935ca6566f707,1
1,82,8,2.3491296768188477,2.410220146179199,3.2957639694213867,-0.8855438232421875,-0.9466342926025391,0.9466342926025391,0.00625828959592015,3.059371112156516,15.486274941177498,True,16067618,daa17823ffa1818e128ba13c5c9259b1f82fc49a70f8858ad59cb56cb085ed23,85f7a9bcc86063fc50665be779e5a3621c4b580a2cc028c5884a9af0fc50df2c,a530b357ad08f0fa98a8d1a2afa85495c38feccdc2619abb6c26829b78a9a9ec,1
1,82,9,2.3491296768188477,2.3529162406921387,3.8164501190185547,-1.463533878326416,-1.467320442199707,1.467320442199707,0.00657120034996356,2.974901435292162,15.453828986564561,True,16067618,daa17823ffa1818e128ba13c5c9259b1f82fc49a70f8858ad59cb56cb085ed23,85f7a9bcc86063fc50665be779e5a3621c4b580a2cc028c5884a9af0fc50df2c,06d7f844f996f0066d7cbc9ea324dc63d62782c0ec201c6fcc11ccb60879a6f9,1
1,69,0,3.012016773223877,2.954667806625366,1.4413838386535645,1.5132839679718018,1.5706329345703125,0.0,0.0016030930829506601,1.904861105513712,15.431840963869103,True,16054657,f2fc67a7b9115acb35be0183358e14b18b91f2da141677122cc69b4afd1a1379,ca0dfd12095583f77556adbe27acdb5d9c60c828e6ecd8546f08d5ad04c4fa17,5819d85e27ce2802c70d1dc05aae1e784069455873808840b7a934502697bbfb,1
1,69,1,3.012016773223877,2.938833236694336,1.473713755607605,1.465119481086731,1.538303017616272,0.0,0.0006621510637732508,1.6869132326749776,15.485883121904656,True,16054657,f2fc67a7b9115acb35be0183358e14b18b91f2da141677122cc69b4afd1a1379,ca0dfd12095583f77556adbe27acdb5d9c60c828e6ecd8546f08d5ad04c4fa17,b6d52bd716389341b3d3a9928d0df713465678fdd6d1a08766a188c1144849ce,1
1,69,2,3.012016773223877,2.868772268295288,1.3950490951538086,1.4737231731414795,1.6169676780700684,0.0,0.00041011036230830883,2.5762444841149303,15.447643380784278,True,16054657,f2fc67a7b9115acb35be0183358e14b18b91f2da141677122cc69b4afd1a1379,ca0dfd12095583f77556adbe27acdb5d9c60c828e6ecd8546f08d5ad04c4fa17,9cff9fd285f061891d5b1cb6616ad7826bbefde42baabf0c7cea16f3ef9bac60,1
1,69,3,3.012016773223877,3.0139763355255127,1.4413357973098755,1.5726405382156372,1.5706809759140015,0.0,0.0019238224790922077,2.457505643691536,15.50540600059142,True,16054657,f2fc67a7b9115acb35be0183358e14b18b91f2da141677122cc69b4afd1a1379,ca0dfd12095583f77556adbe27acdb5d9c60c828e6ecd8546f08d5ad04c4fa17,089d03cd634d83644fbb15b717e244be71cf87b754c4de7d6efb3d86eaa7634e,1
1,69,4,3.012016773223877,3.1110799312591553,1.4633944034576416,1.6476855278015137,1.5486223697662354,0.0,0.006930377292547989,1.9962110634248804,15.497548981500348,True,16054657,f2fc67a7b9115acb35be0183358e14b18b91f2da141677122cc69b4afd1a1379,ca0dfd12095583f77556adbe27acdb5d9c60c828e6ecd8546f08d5ad04c4fa17,a0f3f6b183a723a18a280e0ad66a0d239e142f34450cde1a5afd4a76d43af12a,1
1,69,5,3.012016773223877,3.0879361629486084,1.4405533075332642,1.6473828554153442,1.5714634656906128,0.0,0.00029474299120004464,2.014213607446666,15.499367001430587,True,16054657,f2fc67a7b9115acb35be0183358e14b18b91f2da141677122cc69b4afd1a1379,ca0dfd12095583f77556adbe27acdb5d9c60c828e6ecd8546f08d5ad04c4fa17,dfea0a90d0d7a2ac0b82246d18940c994176c77080ac06044f8dca5edc07d60d,1
1,69,6,3.012016773223877,2.89817476272583,1.4949780702590942,1.4031966924667358,1.5170387029647827,0.0,0.005307258153603317,1.4421632659871604,15.498380570393822,True,16054657,f2fc67a7b9115acb35be0183358e14b18b91f2da141677122cc69b4afd1a1379,ca0dfd12095583f77556adbe27acdb5d9c60c828e6ecd8546f08d5ad04c4fa17,12058dcc015cf096a0022f54a0dc66f1418a485962094c544a80b65e1cdd5086,1
1,69,7,3.012016773223877,3.098601818084717,1.4343832731246948,1.664218544960022,1.5776335000991821,0.0,0.006950236856764183,1.9885775361790445,15.484318718719047,True,16054657,f2fc67a7b9115acb35be0183358e14b18b91f2da141677122cc69b4afd1a1379,ca0dfd12095583f77556adbe27acdb5d9c60c828e6ecd8546f08d5ad04c4fa17,b41cbc62c853919fde9a0a7a37bd397e259e2d4c7266da47a3e935ca6566f707,1
1,69,8,3.012016773223877,3.3312017917633057,1.4090641736984253,1.9221376180648804,1.6029525995254517,0.0,0.008638216647551204,3.2492109748742943,15.486274941177498,True,16054657,f2fc67a7b9115acb35be0183358e14b18b91f2da141677122cc69b4afd1a1379,ca0dfd12095583f77556adbe27acdb5d9c60c828e6ecd8546f08d5ad04c4fa17,a530b357ad08f0fa98a8d1a2afa85495c38feccdc2619abb6c26829b78a9a9ec,1
1,69,9,3.012016773223877,3.2127957344055176,1.4497575759887695,1.763038158416748,1.5622591972351074,0.0,0.008966308385271316,2.9229663490051,15.453828986564561,True,16054657,f2fc67a7b9115acb35be0183358e14b18b91f2da141677122cc69b4afd1a1379,ca0dfd12095583f77556adbe27acdb5d9c60c828e6ecd8546f08d5ad04c4fa17,06d7f844f996f0066d7cbc9ea324dc63d62782c0ec201c6fcc11ccb60879a6f9,1
1,65,0,2.960231304168701,2.989358901977539,1.4909318685531616,1.4984270334243774,1.4692994356155396,0.0,0.0006586273392005648,2.583420203161793,15.431840963869103,True,16050669,74094ad211f591e2bd6ad273bafc95cd422220ae9cb256489b72909611e19403,b7823afc7c6c70e03c9b565a54a7165195291e88355c24dcf5a0950c333fd135,5819d85e27ce2802c70d1dc05aae1e784069455873808840b7a934502697bbfb,1
1,65,1,2.960231304168701,2.937302589416504,1.4800374507904053,1.4572651386260986,1.480193853378296,0.0,-0.0007086623396325388,1.708098765642528,15.485883121904656,True,16050669,74094ad211f591e2bd6ad273bafc95cd422220ae9cb256489b72909611e19403,b7823afc7c6c70e03c9b565a54a7165195291e88355c24dcf5a0950c333fd135,b6d52bd716389341b3d3a9928d0df713465678fdd6d1a08766a188c1144849ce,1
1,65,2,2.960231304168701,2.898021697998047,1.4810690879821777,1.4169526100158691,1.4791622161865234,0.0,0.0010072370519494684,2.700478824616262,15.447643380784278,True,16050669,74094ad211f591e2bd6ad273bafc95cd422220ae9cb256489b72909611e19403,b7823afc7c6c70e03c9b565a54a7165195291e88355c24dcf5a0950c333fd135,9cff9fd285f061891d5b1cb6616ad7826bbefde42baabf0c7cea16f3ef9bac60,1
1,65,3,2.960231304168701,2.9268879890441895,1.4791076183319092,1.4477803707122803,1.481123685836792,0.0,0.0008702055094037113,2.062856779212965,15.50540600059142,True,16050669,74094ad211f591e2bd6ad273bafc95cd422220ae9cb256489b72909611e19403,b7823afc7c6c70e03c9b565a54a7165195291e88355c24dcf5a0950c333fd135,089d03cd634d83644fbb15b717e244be71cf87b754c4de7d6efb3d86eaa7634e,1
1,65,4,2.960231304168701,3.1061902046203613,1.4924867153167725,1.6137034893035889,1.4677445888519287,0.0,0.010023156371587178,2.0480988730858316,15.497548981500348,True,16050669,74094ad211f591e2bd6ad273bafc95cd422220ae9cb256489b72909611e19403,b7823afc7c6c70e03c9b565a54a7165195291e88355c24dcf5a0950c333fd135,a0f3f6b183a723a18a280e0ad66a0d239e142f34450cde1a5afd4a76d43af12a,1
1,65,5,2.960231304168701,3.038670539855957,1.4763600826263428,1.5623104572296143,1.4838712215423584,0.0,0.003937249417419485,2.3937095293664514,15.499367001430587,True,16050669,74094ad211f591e2bd6ad273bafc95cd422220ae9cb256489b72909611e19403,b7823afc7c6c70e03c9b565a54a7165195291e88355c24dcf5a0950c333fd135,dfea0a90d0d7a2ac0b82246d18940c994176c77080ac06044f8dca5edc07d60d,1
1,65,6,2.960231304168701,2.9641590118408203,1.5015040636062622,1.462654948234558,1.458727240562439,0.0,0.0067417379210713245,1.7796986603160927,15.498380570393822,True,16050669,74094ad211f591e2bd6ad273bafc95cd422220ae9cb256489b72909611e19403,b7823afc7c6c70e03c9b565a54a7165195291e88355c24dcf5a0950c333fd135,12058dcc015cf096a0022f54a0dc66f1418a485962094c544a80b65e1cdd5086,1
1,65,7,2.960231304168701,2.960150718688965,1.4737772941589355,1.4863734245300293,1.4864540100097656,0.0,0.004988084436312503,2.5873787834420097,15.484318718719047,True,16050669,74094ad211f591e2bd6ad273bafc95cd422220ae9cb256489b72909611e19403,b7823afc7c6c70e03c9b565a54a7165195291e88355c24dcf5a0950c333fd135,b41cbc62c853919fde9a0a7a37bd397e259e2d4c7266da47a3e935ca6566f707,1
1,65,8,2.960231304168701,3.2010581493377686,1.4996274709701538,1.7014306783676147,1.4606038331985474,0.0,0.007998762098047858,3.5589563240726845,15.486274941177498,True,16050669,74094ad211f591e2bd6ad273bafc95cd422220ae9cb256489b72909611e19403,b7823afc7c6c70e03c9b565a54a7165195291e88355c24dcf5a0950c333fd135,a530b357ad08f0fa98a8d1a2afa85495c38feccdc2619abb6c26829b78a9a9ec,1
1,65,9,2.960231304168701,3.0678157806396484,1.475102186203003,1.5927135944366455,1.4851291179656982,0.0,0.009104667662513131,2.6407749412615575,15.453828986564561,True,16050669,74094ad211f591e2bd6ad273bafc95cd422220ae9cb256489b72909611e19403,b7823afc7c6c70e03c9b565a54a7165195291e88355c24dcf5a0950c333fd135,06d7f844f996f0066d7cbc9ea324dc63d62782c0ec201c6fcc11ccb60879a6f9,1
1,80,0,3.1280550956726074,3.0655593872070312,2.159942626953125,0.9056167602539062,0.9681124687194824,0.0,0.002300273147626812,4.066854816370099,15.431840963869103,True,31551487,518d4762ba181710ef1f4eb0fe992af6b6f3578b627ccbfefc7026a83dbf7daf,75ee2cebfcfed9007217d0ac6163b016b53e5598fe901d5a59404fb292f4ea5e,5819d85e27ce2802c70d1dc05aae1e784069455873808840b7a934502697bbfb,2
1,80,1,3.1280550956726074,3.152095317840576,2.4572699069976807,0.6948254108428955,0.6707851886749268,0.0,0.0018396506109713403,3.06194272529608,15.485883121904656,True,31551487,518d4762ba181710ef1f4eb0fe992af6b6f3578b627ccbfefc7026a83dbf7daf,75ee2cebfcfed9007217d0ac6163b016b53e5598fe901d5a59404fb292f4ea5e,b6d52bd716389341b3d3a9928d0df713465678fdd6d1a08766a188c1144849ce,2
1,80,2,3.1280550956726074,2.942349910736084,2.378979206085205,0.5633707046508789,0.7490758895874023,0.0,-0.0002899865946343081,4.213375334099761,15.447643380784278,True,31551487,518d4762ba181710ef1f4eb0fe992af6b6f3578b627ccbfefc7026a83dbf7daf,75ee2cebfcfed9007217d0ac6163b016b53e5598fe901d5a59404fb292f4ea5e,9cff9fd285f061891d5b1cb6616ad7826bbefde42baabf0c7cea16f3ef9bac60,2
1,80,3,3.1280550956726074,3.2060275077819824,2.383361339569092,0.8226661682128906,0.7446937561035156,0.0,0.003254441248102901,4.8847763607276855,15.50540600059142,True,31551487,518d4762ba181710ef1f4eb0fe992af6b6f3578b627ccbfefc7026a83dbf7daf,75ee2cebfcfed9007217d0ac6163b016b53e5598fe901d5a59404fb292f4ea5e,089d03cd634d83644fbb15b717e244be71cf87b754c4de7d6efb3d86eaa7634e,2
1,80,4,3.1280550956726074,3.1060380935668945,2.3246889114379883,0.7813491821289062,0.8033661842346191,0.0,0.0018580960767420353,4.006094452985139,15.497548981500348,True,31551487,518d4762ba181710ef1f4eb0fe992af6b6f3578b627ccbfefc7026a83dbf7daf,75ee2cebfcfed9007217d0ac6163b016b53e5598fe901d5a59404fb292f4ea5e,a0f3f6b183a723a18a280e0ad66a0d239e142f34450cde1a5afd4a76d43af12a,2
1,80,5,3.1280550956726074,3.3351192474365234,2.3391594886779785,0.9959597587585449,0.7888956069946289,0.0,0.002568919845045139,4.811125147045868,15.499367001430587,True,31551487,518d4762ba181710ef1f4eb0fe992af6b6f3578b627ccbfefc7026a83dbf7daf,75ee2cebfcfed9007217d0ac6163b016b53e5598fe901d5a59404fb292f4ea5e,dfea0a90d0d7a2ac0b82246d18940c994176c77080ac06044f8dca5edc07d60d,2
1,80,6,3.1280550956726074,3.005077838897705,2.576413154602051,0.4286646842956543,0.5516419410705566,0.0,0.001748744716264078,3.4794455790695533,15.498380570393822,True,31551487,518d4762ba181710ef1f4eb0fe992af6b6f3578b627ccbfefc7026a83dbf7daf,75ee2cebfcfed9007217d0ac6163b016b53e5598fe901d5a59404fb292f4ea5e,12058dcc015cf096a0022f54a0dc66f1418a485962094c544a80b65e1cdd5086,2
1,80,7,3.1280550956726074,3.1487739086151123,2.299307107925415,0.8494668006896973,0.8287479877471924,0.0,0.003718031436530508,3.9392860135309173,15.484318718719047,True,31551487,518d4762ba181710ef1f4eb0fe992af6b6f3578b627ccbfefc7026a83dbf7daf,75ee2cebfcfed9007217d0ac6163b016b53e5598fe901d5a59404fb292f4ea5e,b41cbc62c853919fde9a0a7a37bd397e259e2d4c7266da47a3e935ca6566f707,2
1,80,8,3.1280550956726074,3.4825856685638428,2.1174066066741943,1.3651790618896484,1.010648488998413,0.0,0.007830062975473425,4.700885937876952,15.486274941177498,True,31551487,518d4762ba181710ef1f4eb0fe992af6b6f3578b627ccbfefc7026a83dbf7daf,75ee2cebfcfed9007217d0ac6163b016b53e5598fe901d5a59404fb292f4ea5e,a530b357ad08f0fa98a8d1a2afa85495c38feccdc2619abb6c26829b78a9a9ec,2
1,80,9,3.1280550956726074,3.2322475910186768,2.477482318878174,0.7547652721405029,0.6505727767944336,0.0,0.005158084297555441,5.10777308041539,15.453828986564561,True,31551487,518d4762ba181710ef1f4eb0fe992af6b6f3578b627ccbfefc7026a83dbf7daf,75ee2cebfcfed9007217d0ac6163b016b53e5598fe901d5a59404fb292f4ea5e,06d7f844f996f0066d7cbc9ea324dc63d62782c0ec201c6fcc11ccb60879a6f9,2
1,84,0,2.2863121032714844,2.3270421028137207,2.1326065063476562,0.19443559646606445,0.15370559692382812,0.0,0.004743813511775316,1.7917335237982512,15.431840963869103,True,31555475,22b8b36ca08920386bb8d886ed297bc06f8cf6f4f7ab6c3902f1542af256cf12,079c83efed8317ede5465ea45bd3ed871ae030849caa79493d220d2652b94d80,5819d85e27ce2802c70d1dc05aae1e784069455873808840b7a934502697bbfb,2
1,84,1,2.2863121032714844,2.3328661918640137,2.247699737548828,0.08516645431518555,0.03861236572265625,0.0,0.0027504230443386713,1.8755790160293848,15.485883121904656,True,31555475,22b8b36ca08920386bb8d886ed297bc06f8cf6f4f7ab6c3902f1542af256cf12,079c83efed8317ede5465ea45bd3ed871ae030849caa79493d220d2652b94d80,b6d52bd716389341b3d3a9928d0df713465678fdd6d1a08766a188c1144849ce,2
1,84,2,2.2863121032714844,2.3210268020629883,1.9711984395980835,0.3498283624649048,0.3151136636734009,0.0,0.0007397451856320365,2.4596203548716673,15.447643380784278,True,31555475,22b8b36ca08920386bb8d886ed297bc06f8cf6f4f7ab6c3902f1542af256cf12,079c83efed8317ede5465ea45bd3ed871ae030849caa79493d220d2652b94d80,9cff9fd285f061891d5b1cb6616ad7826bbefde42baabf0c7cea16f3ef9bac60,2
1,84,3,2.2863121032714844,2.3758866786956787,2.2603397369384766,0.11554694175720215,0.025972366333007812,0.0,0.0015278682541574578,2.355527296616905,15.50540600059142,True,31555475,22b8b36ca08920386bb8d886ed297bc06f8cf6f4f7ab6c3902f1542af256cf12,079c83efed8317ede5465ea45bd3ed871ae030849caa79493d220d2652b94d80,089d03cd634d83644fbb15b717e244be71cf87b754c4de7d6efb3d86eaa7634e,2
1,84,4,2.2863121032714844,2.2490861415863037,2.2129786014556885,0.036107540130615234,0.0733335018157959,0.0,0.0009418883719647486,2.166403154562188,15.497548981500348,True,31555475,22b8b36ca08920386bb8d886ed297bc06f8cf6f4f7ab6c3902f1542af256cf12,079c83efed8317ede5465ea45bd3ed871ae030849caa79493d220d2652b94d80,a0f3f6b183a723a18a280e0ad66a0d239e142f34450cde1a5afd4a76d43af12a,2
1,84,5,2.2863121032714844,2.2421483993530273,2.074633836746216,0.16751456260681152,0.21167826652526855,0.0,-0.001535474262585191,2.3459218328921154,15.499367001430587,True,31555475,22b8b36ca08920386bb8d886ed297bc06f8cf6f4f7ab6c3902f1542af256cf12,079c83efed8317ede5465ea45bd3ed871ae030849caa79493d220d2652b94d80,dfea0a90d0d7a2ac0b82246d18940c994176c77080ac06044f8dca5edc07d60d,2
1,84,6,2.2863121032714844,2.2221250534057617,2.2088613510131836,0.013263702392578125,0.07745075225830078,0.0,0.003222135689177795,1.3504021024836077,15.498380570393822,True,31555475,22b8b36ca08920386bb8d886ed297bc06f8cf6f4f7ab6c3902f1542af256cf12,079c83efed8317ede5465ea45bd3ed871ae030849caa79493d220d2652b94d80,12058dcc015cf096a0022f54a0dc66f1418a485962094c544a80b65e1cdd5086,2
1,84,7,2.2863121032714844,2.3463754653930664,2.106309175491333,0.2400662899017334,0.18000292778015137,0.0,0.0050789273098940475,2.1587486216627156,15.484318718719047,True,31555475,22b8b36ca08920386bb8d886ed297bc06f8cf6f4f7ab6c3902f1542af256cf12,079c83efed8317ede5465ea45bd3ed871ae030849caa79493d220d2652b94d80,b41cbc62c853919fde9a0a7a37bd397e259e2d4c7266da47a3e935ca6566f707,2
1,84,8,2.2863121032714844,2.4195375442504883,2.22990345954895,0.18963408470153809,0.05640864372253418,0.0,0.007436723593930272,2.0187868938927136,15.486274941177498,True,31555475,22b8b36ca08920386bb8d886ed297bc06f8cf6f4f7ab6c3902f1542af256cf12,079c83efed8317ede5465ea45bd3ed871ae030849caa79493d220d2652b94d80,a530b357ad08f0fa98a8d1a2afa85495c38feccdc2619abb6c26829b78a9a9ec,2
1,84,9,2.2863121032714844,2.428579807281494,2.2463631629943848,0.18221664428710938,0.03994894027709961,0.0,0.004120060283212086,2.9059658590978326,15.453828986564561,True,31555475,22b8b36ca08920386bb8d886ed297bc06f8cf6f4f7ab6c3902f1542af256cf12,079c83efed8317ede5465ea45bd3ed871ae030849caa79493d220d2652b94d80,06d7f844f996f0066d7cbc9ea324dc63d62782c0ec201c6fcc11ccb60879a6f9,2
1,33,0,2.5560708045959473,2.5854439735412598,1.4837265014648438,1.101717472076416,1.0723443031311035,0.0,0.001389381014279525,2.353098548544485,15.431840963869103,True,31504628,a70f1eb3c22af4e1ebd10acc943c7f95cc93ebf9bd67c90508801a0196f41b39,24168b211e22277d2f594e1f0cd255180c35deccbf1122ce26aa9fc0ee102e7c,5819d85e27ce2802c70d1dc05aae1e784069455873808840b7a934502697bbfb,2
1,33,1,2.5560708045959473,2.5650527477264404,1.4984519481658936,1.0666007995605469,1.0576188564300537,0.0,9.210897314951236e-05,2.264746172996077,15.485883121904656,True,31504628,a70f1eb3c22af4e1ebd10acc943c7f95cc93ebf9bd67c90508801a0196f41b39,24168b211e22277d2f594e1f0cd255180c35deccbf1122ce26aa9fc0ee102e7c,b6d52bd716389341b3d3a9928d0df713465678fdd6d1a08766a188c1144849ce,2
1,33,2,2.5560708045959473,2.57572865486145,1.3912240266799927,1.1845046281814575,1.1648467779159546,0.0,0.0035597496014988196,2.715831529858082,15.447643380784278,True,31504628,a70f1eb3c22af4e1ebd10acc943c7f95cc93ebf9bd67c90508801a0196f41b39,24168b211e22277d2f594e1f0cd255180c35deccbf1122ce26aa9fc0ee102e7c,9cff9fd285f061891d5b1cb6616ad7826bbefde42baabf0c7cea16f3ef9bac60,2
1,33,3,2.5560708045959473,2.5738656520843506,1.473726511001587,1.1001391410827637,1.0823442935943604,0.0,0.000777667118660915,2.006995799913126,15.50540600059142,True,31504628,a70f1eb3c22af4e1ebd10acc943c7f95cc93ebf9bd67c90508801a0196f41b39,24168b211e22277d2f594e1f0cd255180c35deccbf1122ce26aa9fc0ee102e7c,089d03cd634d83644fbb15b717e244be71cf87b754c4de7d6efb3d86eaa7634e,2
1,33,4,2.5560708045959473,2.6570165157318115,1.4298522472381592,1.2271642684936523,1.126218557357788,0.0,0.006349140281432763,1.9382523601363773,15.497548981500348,True,31504628,a70f1eb3c22af4e1ebd10acc943c7f95cc93ebf9bd67c90508801a0196f41b39,24168b211e22277d2f594e1f0cd255180c35deccbf1122ce26aa9fc0ee102e7c,a0f3f6b183a723a18a280e0ad66a0d239e142f34450cde1a5afd4a76d43af12a,2
1,33,5,2.5560708045959473,2.664078712463379,1.4774214029312134,1.1866573095321655,1.0786494016647339,0.0,0.0041919952170649585,2.2122039248484024,15.499367001430587,True,31504628,a70f1eb3c22af4e1ebd10acc943c7f95cc93ebf9bd67c90508801a0196f41b39,24168b211e22277d2f594e1f0cd255180c35deccbf1122ce26aa9fc0ee102e7c,dfea0a90d0d7a2ac0b82246d18940c994176c77080ac06044f8dca5edc07d60d,2
1,33,6,2.5560708045959473,2.631080150604248,1.412964940071106,1.218115210533142,1.1431058645248413,0.0,0.005544528300915128,1.745554599892421,15.498380570393822,True,31504628,a70f1eb3c22af4e1ebd10acc943c7f95cc93ebf9bd67c90508801a0196f41b39,24168b211e22277d2f594e1f0cd255180c35deccbf1122ce26aa9fc0ee102e7c,12058dcc015cf096a0022f54a0dc66f1418a485962094c544a80b65e1cdd5086,2
1,33,7,2.5560708045959473,2.5807743072509766,1.5571359395980835,1.023638367652893,0.9989348649978638,0.0,0.0019504999139066768,2.7735772682382533,15.484318718719047,True,31504628,a70f1eb3c22af4e1ebd10acc943c7f95cc93ebf9bd67c90508801a0196f41b39,24168b211e22277d2f594e1f0cd255180c35deccbf1122ce26aa9fc0ee102e7c,b41cbc62c853919fde9a0a7a37bd397e259e2d4c7266da47a3e935ca6566f707,2
1,33,8,2.5560708045959473,2.738436698913574,1.4625543355941772,1.275882363319397,1.09351646900177,0.0,0.006676805117107966,3.02138281724228,15.486274941177498,True,31504628,a70f1eb3c22af4e1ebd10acc943c7f95cc93ebf9bd67c90508801a0196f41b39,24168b211e22277d2f594e1f0cd255180c35deccbf1122ce26aa9fc0ee102e7c,a530b357ad08f0fa98a8d1a2afa85495c38feccdc2619abb6c26829b78a9a9ec,2
1,33,9,2.5560708045959473,2.5775537490844727,1.550048589706421,1.0275051593780518,1.0060222148895264,0.0,0.00594195531243581,2.540480823548109,15.453828986564561,True,31504628,a70f1eb3c22af4e1ebd10acc943c7f95cc93ebf9bd67c90508801a0196f41b39,24168b211e22277d2f594e1f0cd255180c35deccbf1122ce26aa9fc0ee102e7c,06d7f844f996f0066d7cbc9ea324dc63d62782c0ec201c6fcc11ccb60879a6f9,2
1,81,0,2.5513856410980225,2.547001361846924,3.4872677326202393,-0.9402663707733154,-0.9358820915222168,0.9358820915222168,-0.00019922853506464157,2.811892599221506,15.431840963869103,True,31552484,01707fccafaa5113a40af1c3e05d0f52bf6bd4b663b27fb17c4dd96fe09db154,e23ffd5f38bbfdf410b9401688152b1a14ca42b6520e14a66cd516e16ef8e6b7,5819d85e27ce2802c70d1dc05aae1e784069455873808840b7a934502697bbfb,2
1,81,1,2.5513856410980225,2.595743179321289,3.5475926399230957,-0.9518494606018066,-0.9962069988250732,0.9962069988250732,8.78682107634798e-05,2.6044114252246686,15.485883121904656,True,31552484,01707fccafaa5113a40af1c3e05d0f52bf6bd4b663b27fb17c4dd96fe09db154,e23ffd5f38bbfdf410b9401688152b1a14ca42b6520e14a66cd516e16ef8e6b7,b6d52bd716389341b3d3a9928d0df713465678fdd6d1a08766a188c1144849ce,2
1,81,2,2.5513856410980225,2.4557273387908936,3.4255592823028564,-0.9698319435119629,-0.874173641204834,0.874173641204834,-0.0010945835068758895,2.790490626163088,15.447643380784278,True,31552484,01707fccafaa5113a40af1c3e05d0f52bf6bd4b663b27fb17c4dd96fe09db154,e23ffd5f38bbfdf410b9401688152b1a14ca42b6520e14a66cd516e16ef8e6b7,9cff9fd285f061891d5b1cb6616ad7826bbefde42baabf0c7cea16f3ef9bac60,2
1,81,3,2.5513856410980225,2.595550298690796,3.5419089794158936,-0.9463586807250977,-0.9905233383178711,0.9905233383178711,0.0007160252280279583,2.8067386739196394,15.50540600059142,True,31552484,01707fccafaa5113a40af1c3e05d0f52bf6bd4b663b27fb17c4dd96fe09db154,e23ffd5f38bbfdf410b9401688152b1a14ca42b6520e14a66cd516e16ef8e6b7,089d03cd634d83644fbb15b717e244be71cf87b754c4de7d6efb3d86eaa7634e,2
1,81,4,2.5513856410980225,2.4891037940979004,3.343109369277954,-0.8540055751800537,-0.7917237281799316,0.7917237281799316,0.0015700412616687905,2.6539931125802108,15.497548981500348,True,31552484,01707fccafaa5113a40af1c3e05d0f52bf6bd4b663b27fb17c4dd96fe09db154,e23ffd5f38bbfdf410b9401688152b1a14ca42b6520e14a66cd516e16ef8e6b7,a0f3f6b183a723a18a280e0ad66a0d239e142f34450cde1a5afd4a76d43af12a,2
1,81,5,2.5513856410980225,2.6727309226989746,3.426205635070801,-0.7534747123718262,-0.8748199939727783,0.8748199939727783,0.0048189766460881665,2.742197452074245,15.499367001430587,True,31552484,01707fccafaa5113a40af1c3e05d0f52bf6bd4b663b27fb17c4dd96fe09db154,e23ffd5f38bbfdf410b9401688152b1a14ca42b6520e14a66cd516e16ef8e6b7,dfea0a90d0d7a2ac0b82246d18940c994176c77080ac06044f8dca5edc07d60d,2
1,81,6,2.5513856410980225,2.532027006149292,3.1484663486480713,-0.6164393424987793,-0.5970807075500488,0.5970807075500488,0.004416605394869039,2.491073099980736,15.498380570393822,True,31552484,01707fccafaa5113a40af1c3e05d0f52bf6bd4b663b27fb17c4dd96fe09db154,e23ffd5f38bbfdf410b9401688152b1a14ca42b6520e14a66cd516e16ef8e6b7,12058dcc015cf096a0022f54a0dc66f1418a485962094c544a80b65e1cdd5086,2
1,81,7,2.5513856410980225,2.5512993335723877,3.417630672454834,-0.8663313388824463,-0.8662450313568115,0.8662450313568115,0.0007765398815660427,2.5934269587409395,15.484318718719047,True,31552484,01707fccafaa5113a40af1c3e05d0f52bf6bd4b663b27fb17c4dd96fe09db154,e23ffd5f38bbfdf410b9401688152b1a14ca42b6520e14a66cd516e16ef8e6b7,b41cbc62c853919fde9a0a7a37bd397e259e2d4c7266da47a3e935ca6566f707,2
1,81,8,2.5513856410980225,2.614675521850586,3.6645889282226562,-1.0499134063720703,-1.1132032871246338,1.1132032871246338,0.004966940702574826,2.496550038531722,15.486274941177498,True,31552484,01707fccafaa5113a40af1c3e05d0f52bf6bd4b663b27fb17c4dd96fe09db154,e23ffd5f38bbfdf410b9401688152b1a14ca42b6520e14a66cd516e16ef8e6b7,a530b357ad08f0fa98a8d1a2afa85495c38feccdc2619abb6c26829b78a9a9ec,2
1,81,9,2.5513856410980225,2.5347790718078613,3.950497627258301,-1.4157185554504395,-1.3991119861602783,1.3991119861602783,-0.0017123852412930145,2.9113355313832234,15.453828986564561,True,31552484,01707fccafaa5113a40af1c3e05d0f52bf6bd4b663b27fb17c4dd96fe09db154,e23ffd5f38bbfdf410b9401688152b1a14ca42b6520e14a66cd516e16ef8e6b7,06d7f844f996f0066d7cbc9ea324dc63d62782c0ec201c6fcc11ccb60879a6f9,2
1,93,0,2.5148489475250244,2.5044026374816895,1.3316574096679688,1.1727452278137207,1.1831915378570557,0.0,0.002180507720831582,2.438892625604366,15.431840963869103,True,31564448,f87dab24106956706a1ed160d24e8217053912d072ef2ae23bcc34efb8a3fe8e,d0e3ab383207cd5360021248ada41f0e9909d2774d4a190bb14ed6ef3937da07,5819d85e27ce2802c70d1dc05aae1e784069455873808840b7a934502697bbfb,2
1,93,1,2.5148489475250244,2.506861448287964,1.323197841644287,1.1836636066436768,1.1916511058807373,0.0,0.0016183283442412011,2.033096514594278,15.485883121904656,True,31564448,f87dab24106956706a1ed160d24e8217053912d072ef2ae23bcc34efb8a3fe8e,d0e3ab383207cd5360021248ada41f0e9909d2774d4a190bb14ed6ef3937da07,b6d52bd716389341b3d3a9928d0df713465678fdd6d1a08766a188c1144849ce,2
1,93,2,2.5148489475250244,2.4498279094696045,1.3360424041748047,1.1137855052947998,1.1788065433502197,0.0,0.002746393575682985,2.5495699926960356,15.447643380784278,True,31564448,f87dab24106956706a1ed160d24e8217053912d072ef2ae23bcc34efb8a3fe8e,d0e3ab383207cd5360021248ada41f0e9909d2774d4a190bb14ed6ef3937da07,9cff9fd285f061891d5b1cb6616ad7826bbefde42baabf0c7cea16f3ef9bac60,2
1,93,3,2.5148489475250244,2.5371904373168945,1.3219006061553955,1.215289831161499,1.192948341369629,0.0,0.0027539136067100158,1.8589586158283171,15.50540600059142,True,31564448,f87dab24106956706a1ed160d24e8217053912d072ef2ae23bcc34efb8a3fe8e,d0e3ab383207cd5360021248ada41f0e9909d2774d4a190bb14ed6ef3937da07,089d03cd634d83644fbb15b717e244be71cf87b754c4de7d6efb3d86eaa7634e,2
1,93,4,2.5148489475250244,2.5025603771209717,1.3359639644622803,1.1665964126586914,1.1788849830627441,0.0,0.006075798375495764,2.1882807347876865,15.497548981500348,True,31564448,f87dab24106956706a1ed160d24e8217053912d072ef2ae23bcc34efb8a3fe8e,d0e3ab383207cd5360021248ada41f0e9909d2774d4a190bb14ed6ef3937da07,a0f3f6b183a723a18a280e0ad66a0d239e142f34450cde1a5afd4a76d43af12a,2
1,93,5,2.5148489475250244,2.6185548305511475,1.3390271663665771,1.2795276641845703,1.1758217811584473,0.0,0.006909710313226676,2.431753011727388,15.499367001430587,True,31564448,f87dab24106956706a1ed160d24e8217053912d072ef2ae23bcc34efb8a3fe8e,d0e3ab383207cd5360021248ada41f0e9909d2774d4a190bb14ed6ef3937da07,dfea0a90d0d7a2ac0b82246d18940c994176c77080ac06044f8dca5edc07d60d,2
1,93,6,2.5148489475250244,2.576035499572754,1.3298101425170898,1.246225357055664,1.1850388050079346,0.0,0.00601338314472041,1.9965089909476057,15.498380570393822,True,31564448,f87dab24106956706a1ed160d24e8217053912d072ef2ae23bcc34efb8a3fe8e,d0e3ab383207cd5360021248ada41f0e9909d2774d4a190bb14ed6ef3937da07,12058dcc015cf096a0022f54a0dc66f1418a485962094c544a80b65e1cdd5086,2
1,93,7,2.5148489475250244,2.440431594848633,1.3263564109802246,1.1140751838684082,1.1884925365447998,0.0,0.004989331969279494,1.9501226354186447,15.484318718719047,True,31564448,f87dab24106956706a1ed160d24e8217053912d072ef2ae23bcc34efb8a3fe8e,d0e3ab383207cd5360021248ada41f0e9909d2774d4a190bb14ed6ef3937da07,b41cbc62c853919fde9a0a7a37bd397e259e2d4c7266da47a3e935ca6566f707,2
1,93,8,2.5148489475250244,2.54171085357666,1.335875153541565,1.2058357000350952,1.1789737939834595,0.0,0.008677048466783662,2.583273611376631,15.486274941177498,True,31564448,f87dab24106956706a1ed160d24e8217053912d072ef2ae23bcc34efb8a3fe8e,d0e3ab383207cd5360021248ada41f0e9909d2774d4a190bb14ed6ef3937da07,a530b357ad08f0fa98a8d1a2afa85495c38feccdc2619abb6c26829b78a9a9ec,2
1,93,9,2.5148489475250244,2.483280658721924,1.303057074546814,1.1802235841751099,1.2117918729782104,0.0,0.003824188911029715,2.2997072198232344,15.453828986564561,True,31564448,f87dab24106956706a1ed160d24e8217053912d072ef2ae23bcc34efb8a3fe8e,d0e3ab383207cd5360021248ada41f0e9909d2774d4a190bb14ed6ef3937da07,06d7f844f996f0066d7cbc9ea324dc63d62782c0ec201c6fcc11ccb60879a6f9,2
1,17,0,1.8198168277740479,1.7979130744934082,0.9390320181846619,0.8588810563087463,0.880784809589386,0.0,-0.0024135117167660876,1.615980570661968,15.431840963869103,True,31488676,c43af6dba7c5fbe90aabeec365386416105953d32c56be8625e108f5dde83e5b,95c528c52d7a70a6bacd1731e53f55bf56c44b74c56befa9bbd204e384fc05cd,5819d85e27ce2802c70d1dc05aae1e784069455873808840b7a934502697bbfb,2
1,17,1,1.8198168277740479,1.820177435874939,1.0841102600097656,0.7360671758651733,0.7357065677642822,0.0,-0.0005048745189208155,1.3651888268076036,15.485883121904656,True,31488676,c43af6dba7c5fbe90aabeec365386416105953d32c56be8625e108f5dde83e5b,95c528c52d7a70a6bacd1731e53f55bf56c44b74c56befa9bbd204e384fc05cd,b6d52bd716389341b3d3a9928d0df713465678fdd6d1a08766a188c1144849ce,2
1,17,2,1.8198168277740479,1.9205620288848877,1.094077467918396,0.8264845609664917,0.7257393598556519,0.0,0.0015355234051026142,2.1432723287285,15.447643380784278,True,31488676,c43af6dba7c5fbe90aabeec365386416105953d32c56be8625e108f5dde83e5b,95c528c52d7a70a6bacd1731e53f55bf56c44b74c56befa9bbd204e384fc05cd,9cff9fd285f061891d5b1cb6616ad7826bbefde42baabf0c7cea16f3ef9bac60,2
1,17,3,1.8198168277740479,1.8289542198181152,0.8813073039054871,0.9476469159126282,0.9385095238685608,0.0,0.0006295859929645272,1.6621194673000106,15.50540600059142,True,31488676,c43af6dba7c5fbe90aabeec365386416105953d32c56be8625e108f5dde83e5b,95c528c52d7a70a6bacd1731e53f55bf56c44b74c56befa9bbd204e384fc05cd,089d03cd634d83644fbb15b717e244be71cf87b754c4de7d6efb3d86eaa7634e,2
1,17,4,1.8198168277740479,1.847693920135498,0.9455548524856567,0.9021390676498413,0.8742619752883911,0.0,-0.0006797670795368693,1.9317662515205747,15.497548981500348,True,31488676,c43af6dba7c5fbe90aabeec365386416105953d32c56be8625e108f5dde83e5b,95c528c52d7a70a6bacd1731e53f55bf56c44b74c56befa9bbd204e384fc05cd,a0f3f6b183a723a18a280e0ad66a0d239e142f34450cde1a5afd4a76d43af12a,2
1,17,5,1.8198168277740479,1.8320564031600952,0.8982934355735779,0.9337629675865173,0.92152339220047,0.0,-0.0008968282412087951,1.6130568608192886,15.499367001430587,True,31488676,c43af6dba7c5fbe90aabeec365386416105953d32c56be8625e108f5dde83e5b,95c528c52d7a70a6bacd1731e53f55bf56c44b74c56befa9bbd204e384fc05cd,dfea0a90d0d7a2ac0b82246d18940c994176c77080ac06044f8dca5edc07d60d,2
1,17,6,1.8198168277740479,1.883768081665039,1.0733048915863037,0.8104631900787354,0.7465119361877441,0.0,-0.002833456045182689,1.412708310725465,15.498380570393822,True,31488676,c43af6dba7c5fbe90aabeec365386416105953d32c56be8625e108f5dde83e5b,95c528c52d7a70a6bacd1731e53f55bf56c44b74c56befa9bbd204e384fc05cd,12058dcc015cf096a0022f54a0dc66f1418a485962094c544a80b65e1cdd5086,2
1,17,7,1.8198168277740479,1.8885514736175537,0.9031911492347717,0.985360324382782,0.9166256785392761,0.0,-0.0010819723448780892,1.534698156239839,15.484318718719047,True,31488676,c43af6dba7c5fbe90aabeec365386416105953d32c56be8625e108f5dde83e5b,95c528c52d7a70a6bacd1731e53f55bf56c44b74c56befa9bbd204e384fc05cd,b41cbc62c853919fde9a0a7a37bd397e259e2d4c7266da47a3e935ca6566f707,2
1,17,8,1.8198168277740479,1.8394168615341187,0.9486789107322693,0.8907379508018494,0.8711379170417786,0.0,-0.0011223609859154504,1.376493521124191,15.486274941177498,True,31488676,c43af6dba7c5fbe90aabeec365386416105953d32c56be8625e108f5dde83e5b,95c528c52d7a70a6bacd1731e53f55bf56c44b74c56befa9bbd204e384fc05cd,a530b357ad08f0fa98a8d1a2afa85495c38feccdc2619abb6c26829b78a9a9ec,2
1,17,9,1.8198168277740479,1.7635862827301025,0.8632537722587585,0.900332510471344,0.9565630555152893,0.0,-0.002278126426106815,1.663067805533787,15.453828986564561,True,31488676,c43af6dba7c5fbe90aabeec365386416105953d32c56be8625e108f5dde83e5b,95c528c52d7a70a6bacd1731e53f55bf56c44b74c56befa9bbd204e384fc05cd,06d7f844f996f0066d7cbc9ea324dc63d62782c0ec201c6fcc11ccb60879a6f9,2
1,36,0,2.641876220703125,2.6250414848327637,2.634769916534424,-0.009728431701660156,0.007106304168701172,0.0,-0.0007122572922586947,2.6432328785452923,15.431840963869103,True,31507619,c0d94b9387181973545bc0041bb9408ece1e121cb621a918516ec5aad471170e,87bf2aebae2fc608a73a6e53644a1f2b41b71558795a17f6af26ccdeb3526dcf,5819d85e27ce2802c70d1dc05aae1e784069455873808840b7a934502697bbfb,2
1,36,1,2.641876220703125,2.603069305419922,2.691404342651367,-0.08833503723144531,-0.04952812194824219,0.04952812194824219,-0.0007344047870096338,2.3102194556570246,15.485883121904656,True,31507619,c0d94b9387181973545bc0041bb9408ece1e121cb621a918516ec5aad471170e,87bf2aebae2fc608a73a6e53644a1f2b41b71558795a17f6af26ccdeb3526dcf,b6d52bd716389341b3d3a9928d0df713465678fdd6d1a08766a188c1144849ce,2
1,36,2,2.641876220703125,2.525439500808716,2.5987348556518555,-0.07329535484313965,0.04314136505126953,0.0,3.449448452110963e-05,2.7206603789565835,15.447643380784278,True,31507619,c0d94b9387181973545bc0041bb9408ece1e121cb621a918516ec5aad471170e,87bf2aebae2fc608a73a6e53644a1f2b41b71558795a17f6af26ccdeb3526dcf,9cff9fd285f061891d5b1cb6616ad7826bbefde42baabf0c7cea16f3ef9bac60,2
1,36,3,2.641876220703125,2.659688949584961,2.6523375511169434,0.007351398468017578,-0.01046133041381836,0.01046133041381836,0.000943773529397725,2.482955890640421,15.50540600059142,True,31507619,c0d94b9387181973545bc0041bb9408ece1e121cb621a918516ec5aad471170e,87bf2aebae2fc608a73a6e53644a1f2b41b71558795a17f6af26ccdeb3526dcf,089d03cd634d83644fbb15b717e244be71cf87b754c4de7d6efb3d86eaa7634e,2
1,36,4,2.641876220703125,2.6118040084838867,2.4153409004211426,0.19646310806274414,0.22653532028198242,0.0,0.0034060558945939587,2.3201181755363613,15.497548981500348,True,31507619,c0d94b9387181973545bc0041bb9408ece1e121cb621a918516ec5aad471170e,87bf2aebae2fc608a73a6e53644a1f2b41b71558795a17f6af26ccdeb3526dcf,a0f3f6b183a723a18a280e0ad66a0d239e142f34450cde1a5afd4a76d43af12a,2
1,36,5,2.641876220703125,2.7273240089416504,2.5513463020324707,0.1759777069091797,0.0905299186706543,0.0,0.004453995107556344,2.366934165690657,15.499367001430587,True,31507619,c0d94b9387181973545bc0041bb9408ece1e121cb621a918516ec5aad471170e,87bf2aebae2fc608a73a6e53644a1f2b41b71558795a17f6af26ccdeb3526dcf,dfea0a90d0d7a2ac0b82246d18940c994176c77080ac06044f8dca5edc07d60d,2
1,36,6,2.641876220703125,2.6447649002075195,2.390957832336426,0.25380706787109375,0.2509183883666992,0.0,0.004137569843646348,2.556429747816522,15.498380570393822,True,31507619,c0d94b9387181973545bc0041bb9408ece1e121cb621a918516ec5aad471170e,87bf2aebae2fc608a73a6e53644a1f2b41b71558795a17f6af26ccdeb3526dcf,12058dcc015cf096a0022f54a0dc66f1418a485962094c544a80b65e1cdd5086,2
1,36,7,2.641876220703125,2.5907535552978516,2.6156320571899414,-0.024878501892089844,0.026244163513183594,0.0,0.0007872300552406411,2.0896654030582416,15.484318718719047,True,31507619,c0d94b9387181973545bc0041bb9408ece1e121cb621a918516ec5aad471170e,87bf2aebae2fc608a73a6e53644a1f2b41b71558795a17f6af26ccdeb3526dcf,b41cbc62c853919fde9a0a7a37bd397e259e2d4c7266da47a3e935ca6566f707,2
1,36,8,2.641876220703125,2.6784796714782715,2.643726348876953,0.03475332260131836,-0.001850128173828125,0.001850128173828125,0.004116826038052095,2.0919534729970977,15.486274941177498,True,31507619,c0d94b9387181973545bc0041bb9408ece1e121cb621a918516ec5aad471170e,87bf2aebae2fc608a73a6e53644a1f2b41b71558795a17f6af26ccdeb3526dcf,a530b357ad08f0fa98a8d1a2afa85495c38feccdc2619abb6c26829b78a9a9ec,2
1,36,9,2.641876220703125,2.6113152503967285,2.874800205230713,-0.2634849548339844,-0.2329239845275879,0.2329239845275879,0.0019428385591366754,2.7181438655380563,15.453828986564561,True,31507619,c0d94b9387181973545bc0041bb9408ece1e121cb621a918516ec5aad471170e,87bf2aebae2fc608a73a6e53644a1f2b41b71558795a17f6af26ccdeb3526dcf,06d7f844f996f0066d7cbc9ea324dc63d62782c0ec201c6fcc11ccb60879a6f9,2
1,82,0,2.650239944458008,2.6917803287506104,2.2192115783691406,0.4725687503814697,0.4310283660888672,0.0,-0.0007792570818518884,1.6446568317993138,15.431840963869103,True,31553481,a04259f602d3fa8b4bfa07bb70814beafa92e8b12c46bf9b6374644e526ce587,25e04bba60e81cc0f05ea93a6b1c7380a98671717d0d29f3a7dac8ec77502850,5819d85e27ce2802c70d1dc05aae1e784069455873808840b7a934502697bbfb,2
1,82,1,2.650239944458008,2.6616570949554443,2.328599452972412,0.3330576419830322,0.3216404914855957,0.0,0.0008612518479178666,1.4137577538154324,15.485883121904656,True,31553481,a04259f602d3fa8b4bfa07bb70814beafa92e8b12c46bf9b6374644e526ce587,25e04bba60e81cc0f05ea93a6b1c7380a98671717d0d29f3a7dac8ec77502850,b6d52bd716389341b3d3a9928d0df713465678fdd6d1a08766a188c1144849ce,2
1,82,2,2.650239944458008,2.6546003818511963,2.420198917388916,0.23440146446228027,0.2300410270690918,0.0,0.0037730401157756977,1.9972429676779377,15.447643380784278,True,31553481,a04259f602d3fa8b4bfa07bb70814beafa92e8b12c46bf9b6374644e526ce587,25e04bba60e81cc0f05ea93a6b1c7380a98671717d0d29f3a7dac8ec77502850,9cff9fd285f061891d5b1cb6616ad7826bbefde42baabf0c7cea16f3ef9bac60,2
1,82,3,2.650239944458008,2.636713743209839,2.2177200317382812,0.4189937114715576,0.43251991271972656,0.0,0.0008078752586074836,1.7586110368647196,15.50540600059142,True,31553481,a04259f602d3fa8b4bfa07bb70814beafa92e8b12c46bf9b6374644e526ce587,25e04bba60e81cc0f05ea93a6b1c7380a98671717d0d29f3a7dac8ec77502850,089d03cd634d83644fbb15b717e244be71cf87b754c4de7d6efb3d86eaa7634e,2
1,82,4,2.650239944458008,2.7462944984436035,2.2087087631225586,0.5375857353210449,0.4415311813354492,0.0,0.0030909280439702052,1.6860905577497278,15.497548981500348,True,31553481,a04259f602d3fa8b4bfa07bb70814beafa92e8b12c46bf9b6374644e526ce587,25e04bba60e81cc0f05ea93a6b1c7380a98671717d0d29f3a7dac8ec77502850,a0f3f6b183a723a18a280e0ad66a0d239e142f34450cde1a5afd4a76d43af12a,2
1,82,5,2.650239944458008,2.7352240085601807,2.030158519744873,0.7050654888153076,0.6200814247131348,0.0,0.002796954585070697,1.6418484580492407,15.499367001430587,True,31553481,a04259f602d3fa8b4bfa07bb70814beafa92e8b12c46bf9b6374644e526ce587,25e04bba60e81cc0f05ea93a6b1c7380a98671717d0d29f3a7dac8ec77502850,dfea0a90d0d7a2ac0b82246d18940c994176c77080ac06044f8dca5edc07d60d,2
1,82,6,2.650239944458008,2.755983829498291,2.313629150390625,0.442354679107666,0.3366107940673828,0.0,0.002456992190111229,1.4781899419038786,15.498380570393822,True,31553481,a04259f602d3fa8b4bfa07bb70814beafa92e8b12c46bf9b6374644e526ce587,25e04bba60e81cc0f05ea93a6b1c7380a98671717d0d29f3a7dac8ec77502850,12058dcc015cf096a0022f54a0dc66f1418a485962094c544a80b65e1cdd5086,2
1,82,7,2.650239944458008,2.555311679840088,2.306075096130371,0.2492365837097168,0.3441648483276367,0.0,-0.0027858829213574807,1.5771960946599306,15.484318718719047,True,31553481,a04259f602d3fa8b4bfa07bb70814beafa92e8b12c46bf9b6374644e526ce587,25e04bba60e81cc0f05ea93a6b1c7380a98671717d0d29f3a7dac8ec77502850,b41cbc62c853919fde9a0a7a37bd397e259e2d4c7266da47a3e935ca6566f707,2
1,82,8,2.650239944458008,2.7787675857543945,2.066807508468628,0.7119600772857666,0.5834324359893799,0.0,0.001977653069440615,1.3161997523763416,15.486274941177498,True,31553481,a04259f602d3fa8b4bfa07bb70814beafa92e8b12c46bf9b6374644e526ce587,25e04bba60e81cc0f05ea93a6b1c7380a98671717d0d29f3a7dac8ec77502850,a530b357ad08f0fa98a8d1a2afa85495c38feccdc2619abb6c26829b78a9a9ec,2
1,82,9,2.650239944458008,2.667497396469116,2.2631545066833496,0.4043428897857666,0.3870854377746582,0.0,0.0028494418342900328,2.127165714627051,15.453828986564561,True,31553481,a04259f602d3fa8b4bfa07bb70814beafa92e8b12c46bf9b6374644e526ce587,25e04bba60e81cc0f05ea93a6b1c7380a98671717d0d29f3a7dac8ec77502850,06d7f844f996f0066d7cbc9ea324dc63d62782c0ec201c6fcc11ccb60879a6f9,2
1,69,0,3.0112338066101074,2.9856116771698,3.4395463466644287,-0.4539346694946289,-0.4283125400543213,0.4283125400543213,-0.0005491961470002063,2.868797374206107,15.431840963869103,True,31540520,a512925634bfe8502d1d56efacf2fe0a42dfc56b34889205feec984e61b753d8,c9e3d712f65ae2be945752a7d1dca8ec789cd0cca5f710ba7c8e14741dcdf136,5819d85e27ce2802c70d1dc05aae1e784069455873808840b7a934502697bbfb,2
1,69,1,3.0112338066101074,2.965470314025879,3.6646981239318848,-0.6992278099060059,-0.6534643173217773,0.6534643173217773,-0.0013141807404309152,2.596412765467365,15.485883121904656,True,31540520,a512925634bfe8502d1d56efacf2fe0a42dfc56b34889205feec984e61b753d8,c9e3d712f65ae2be945752a7d1dca8ec789cd0cca5f710ba7c8e14741dcdf136,b6d52bd716389341b3d3a9928d0df713465678fdd6d1a08766a188c1144849ce,2
1,69,2,3.0112338066101074,2.884857654571533,3.410463571548462,-0.5256059169769287,-0.3992297649383545,0.3992297649383545,-0.0014061162803509421,3.6682973197056996,15.447643380784278,True,31540520,a512925634bfe8502d1d56efacf2fe0a42dfc56b34889205feec984e61b753d8,c9e3d712f65ae2be945752a7d1dca8ec789cd0cca5f710ba7c8e14741dcdf136,9cff9fd285f061891d5b1cb6616ad7826bbefde42baabf0c7cea16f3ef9bac60,2
1,69,3,3.0112338066101074,3.027484178543091,3.5638647079467773,-0.5363805294036865,-0.5526309013366699,0.5526309013366699,0.0005519512725353708,3.340791051224933,15.50540600059142,True,31540520,a512925634bfe8502d1d56efacf2fe0a42dfc56b34889205feec984e61b753d8,c9e3d712f65ae2be945752a7d1dca8ec789cd0cca5f710ba7c8e14741dcdf136,089d03cd634d83644fbb15b717e244be71cf87b754c4de7d6efb3d86eaa7634e,2
1,69,4,3.0112338066101074,3.105931282043457,3.2303876876831055,-0.12445640563964844,-0.21915388107299805,0.21915388107299805,0.007862613829308729,2.74912368099386,15.497548981500348,True,31540520,a512925634bfe8502d1d56efacf2fe0a42dfc56b34889205feec984e61b753d8,c9e3d712f65ae2be945752a7d1dca8ec789cd0cca5f710ba7c8e14741dcdf136,a0f3f6b183a723a18a280e0ad66a0d239e142f34450cde1a5afd4a76d43af12a,2
1,69,5,3.0112338066101074,3.082212448120117,3.377161979675293,-0.2949495315551758,-0.36592817306518555,0.36592817306518555,-0.0004670623496490089,2.7015097319590256,15.499367001430587,True,31540520,a512925634bfe8502d1d56efacf2fe0a42dfc56b34889205feec984e61b753d8,c9e3d712f65ae2be945752a7d1dca8ec789cd0cca5f710ba7c8e14741dcdf136,dfea0a90d0d7a2ac0b82246d18940c994176c77080ac06044f8dca5edc07d60d,2
1,69,6,3.0112338066101074,2.885948896408081,3.6145524978637695,-0.7286036014556885,-0.6033186912536621,0.6033186912536621,0.004075147153770769,2.385833703225707,15.498380570393822,True,31540520,a512925634bfe8502d1d56efacf2fe0a42dfc56b34889205feec984e61b753d8,c9e3d712f65ae2be945752a7d1dca8ec789cd0cca5f710ba7c8e14741dcdf136,12058dcc015cf096a0022f54a0dc66f1418a485962094c544a80b65e1cdd5086,2
1,69,7,3.0112338066101074,3.132744312286377,3.226079225540161,-0.09333491325378418,-0.2148454189300537,0.2148454189300537,0.005327399947052914,2.9771772693038545,15.484318718719047,True,31540520,a512925634bfe8502d1d56efacf2fe0a42dfc56b34889205feec984e61b753d8,c9e3d712f65ae2be945752a7d1dca8ec789cd0cca5f710ba7c8e14741dcdf136,b41cbc62c853919fde9a0a7a37bd397e259e2d4c7266da47a3e935ca6566f707,2
1,69,8,3.0112338066101074,3.335301399230957,3.0527231693267822,0.2825782299041748,-0.041489362716674805,0.041489362716674805,0.007252535773569573,4.234573170899523,15.486274941177498,True,31540520,a512925634bfe8502d1d56efacf2fe0a42dfc56b34889205feec984e61b753d8,c9e3d712f65ae2be945752a7d1dca8ec789cd0cca5f710ba7c8e14741dcdf136,a530b357ad08f0fa98a8d1a2afa85495c38feccdc2619abb6c26829b78a9a9ec,2
1,69,9,3.0112338066101074,3.192934036254883,3.480027437210083,-0.2870934009552002,-0.4687936305999756,0.4687936305999756,0.00835044499381358,3.70620880366285,15.453828986564561,True,31540520,a512925634bfe8502d1d56efacf2fe0a42dfc56b34889205feec984e61b753d8,c9e3d712f65ae2be945752a7d1dca8ec789cd0cca5f710ba7c8e14741dcdf136,06d7f844f996f0066d7cbc9ea324dc63d62782c0ec201c6fcc11ccb60879a6f9,2
1,65,0,3.076714515686035,3.041774272918701,2.055582046508789,0.9861922264099121,1.021132469177246,0.0,0.0011486660175027143,2.554102932280496,15.431840963869103,True,31536532,93282ad0a08d679e849ae7b2ac6dd3448faa09483be1904046f69acdc7412060,980256ba421b86654b3d5c4f0ca69dbab4c519dabcb8950b3f57c0539fc02106,5819d85e27ce2802c70d1dc05aae1e784069455873808840b7a934502697bbfb,2
1,65,1,3.076714515686035,3.080090045928955,2.0970518589019775,0.9830381870269775,0.9796626567840576,0.0,0.0012206978565408061,1.6257857488639724,15.485883121904656,True,31536532,93282ad0a08d679e849ae7b2ac6dd3448faa09483be1904046f69acdc7412060,980256ba421b86654b3d5c4f0ca69dbab4c519dabcb8950b3f57c0539fc02106,b6d52bd716389341b3d3a9928d0df713465678fdd6d1a08766a188c1144849ce,2
1,65,2,3.076714515686035,2.968947410583496,2.0311496257781982,0.9377977848052979,1.045564889907837,0.0,0.002428149211240944,2.6922495064372556,15.447643380784278,True,31536532,93282ad0a08d679e849ae7b2ac6dd3448faa09483be1904046f69acdc7412060,980256ba421b86654b3d5c4f0ca69dbab4c519dabcb8950b3f57c0539fc02106,9cff9fd285f061891d5b1cb6616ad7826bbefde42baabf0c7cea16f3ef9bac60,2
1,65,3,3.076714515686035,3.030792713165283,2.039684772491455,0.9911079406738281,1.03702974319458,0.0,0.0014426917497936923,2.061248627484042,15.50540600059142,True,31536532,93282ad0a08d679e849ae7b2ac6dd3448faa09483be1904046f69acdc7412060,980256ba421b86654b3d5c4f0ca69dbab4c519dabcb8950b3f57c0539fc02106,089d03cd634d83644fbb15b717e244be71cf87b754c4de7d6efb3d86eaa7634e,2
1,65,4,3.076714515686035,3.1683247089385986,1.9751931428909302,1.1931315660476685,1.101521372795105,0.0,0.00968508511304532,1.933154692268222,15.497548981500348,True,31536532,93282ad0a08d679e849ae7b2ac6dd3448faa09483be1904046f69acdc7412060,980256ba421b86654b3d5c4f0ca69dbab4c519dabcb8950b3f57c0539fc02106,a0f3f6b183a723a18a280e0ad66a0d239e142f34450cde1a5afd4a76d43af12a,2
1,65,5,3.076714515686035,3.109005928039551,2.042335033416748,1.0666708946228027,1.034379482269287,0.0,0.00410476301914512,2.263835713809395,15.499367001430587,True,31536532,93282ad0a08d679e849ae7b2ac6dd3448faa09483be1904046f69acdc7412060,980256ba421b86654b3d5c4f0ca69dbab4c519dabcb8950b3f57c0539fc02106,dfea0a90d0d7a2ac0b82246d18940c994176c77080ac06044f8dca5edc07d60d,2
1,65,6,3.076714515686035,3.065124273300171,2.0734503269195557,0.9916739463806152,1.0032641887664795,0.0,0.007171259978699771,1.6869511346928168,15.498380570393822,True,31536532,93282ad0a08d679e849ae7b2ac6dd3448faa09483be1904046f69acdc7412060,980256ba421b86654b3d5c4f0ca69dbab4c519dabcb8950b3f57c0539fc02106,12058dcc015cf096a0022f54a0dc66f1418a485962094c544a80b65e1cdd5086,2
1,65,7,3.076714515686035,3.0940909385681152,2.0403287410736084,1.0537621974945068,1.0363857746124268,0.0,0.004935656099713474,2.555526066377493,15.484318718719047,True,31536532,93282ad0a08d679e849ae7b2ac6dd3448faa09483be1904046f69acdc7412060,980256ba421b86654b3d5c4f0ca69dbab4c519dabcb8950b3f57c0539fc02106,b41cbc62c853919fde9a0a7a37bd397e259e2d4c7266da47a3e935ca6566f707,2
1,65,8,3.076714515686035,3.285046100616455,1.961416482925415,1.32362961769104,1.1152980327606201,0.0,0.008647882056040373,3.1993172111178434,15.486274941177498,True,31536532,93282ad0a08d679e849ae7b2ac6dd3448faa09483be1904046f69acdc7412060,980256ba421b86654b3d5c4f0ca69dbab4c519dabcb8950b3f57c0539fc02106,a530b357ad08f0fa98a8d1a2afa85495c38feccdc2619abb6c26829b78a9a9ec,2
1,65,9,3.076714515686035,3.136955976486206,2.076700210571289,1.060255765914917,1.000014305114746,0.0,0.01015787971846255,2.4030000509273917,15.453828986564561,True,31536532,93282ad0a08d679e849ae7b2ac6dd3448faa09483be1904046f69acdc7412060,980256ba421b86654b3d5c4f0ca69dbab4c519dabcb8950b3f57c0539fc02106,06d7f844f996f0066d7cbc9ea324dc63d62782c0ec201c6fcc11ccb60879a6f9,2
5,89,0,2.824080228805542,3.159318447113037,8.395530700683594,-5.236212253570557,-5.571450471878052,5.571450471878052,-0.005112775197490423,3.810884717175289,14.723880889430001,True,888746,af09498e34a8a037485c1b918906b0e0b14e5f4b08a475832731ce47b6085c87,291ef2f489e5d8ef969fe6813da0e8e7ed050f644a1708aaacd6ba0be8a771dd,d7edd4797dacf7c2bf788bdfb2aa0b764923ac24575487178147efe22dc7d2b7,0
5,89,1,2.824080228805542,2.7563514709472656,12.266426086425781,-9.510074615478516,-9.44234585762024,9.44234585762024,-0.013615746925362562,3.844035883666548,14.649522416531742,True,888746,af09498e34a8a037485c1b918906b0e0b14e5f4b08a475832731ce47b6085c87,291ef2f489e5d8ef969fe6813da0e8e7ed050f644a1708aaacd6ba0be8a771dd,9d9510fb4adbec486e2bb4c5bb590b86aa36412c157c3c2f898dfa788d0469dc,0
5,89,2,2.824080228805542,2.536313056945801,6.659067153930664,-4.122754096984863,-3.834986925125122,3.834986925125122,-0.010686758025947799,3.4962728240316374,14.542108567357927,True,888746,af09498e34a8a037485c1b918906b0e0b14e5f4b08a475832731ce47b6085c87,291ef2f489e5d8ef969fe6813da0e8e7ed050f644a1708aaacd6ba0be8a771dd,fc72b7dd359724efd44f261680f45ca1bf11b170248648774ede3183a624b9a2,0
5,89,3,2.824080228805542,2.4053778648376465,22.879011154174805,-20.473633289337158,-20.054930925369263,20.054930925369263,-0.012522318943061236,5.034943447430463,14.730352594315557,True,888746,af09498e34a8a037485c1b918906b0e0b14e5f4b08a475832731ce47b6085c87,291ef2f489e5d8ef969fe6813da0e8e7ed050f644a1708aaacd6ba0be8a771dd,d7438b0090d085732573f55bfb1669a24c3aff8213f2d3a28b26d89596930d1f,0
5,89,4,2.824080228805542,2.7456893920898438,28.213586807250977,-25.467897415161133,-25.389506578445435,25.389506578445435,-0.004561885759638978,4.1686192770876715,14.56284257408153,True,888746,af09498e34a8a037485c1b918906b0e0b14e5f4b08a475832731ce47b6085c87,291ef2f489e5d8ef969fe6813da0e8e7ed050f644a1708aaacd6ba0be8a771dd,27455497eb31068c4b1c07c5b335ad441caf28df71bbd02806370507f9a6031a,0
5,89,5,2.824080228805542,2.5077099800109863,14.085564613342285,-11.577854633331299,-11.261484384536743,11.261484384536743,-0.01115425773786913,4.523646596107609,14.673134239163439,True,888746,af09498e34a8a037485c1b918906b0e0b14e5f4b08a475832731ce47b6085c87,291ef2f489e5d8ef969fe6813da0e8e7ed050f644a1708aaacd6ba0be8a771dd,de8bb47f0cb52422ccb24b3382585fac5b4443d3159a24e84434174f74a083d4,0
5,89,6,2.824080228805542,2.639946222305298,10.590818405151367,-7.950872182846069,-7.766738176345825,7.766738176345825,-0.012682300438237202,3.7243665393948917,14.666959765001913,True,888746,af09498e34a8a037485c1b918906b0e0b14e5f4b08a475832731ce47b6085c87,291ef2f489e5d8ef969fe6813da0e8e7ed050f644a1708aaacd6ba0be8a771dd,0d622536bc3088a277a29a5545e03951346d46f7c725e1ff2a77068025eea651,0
5,89,7,2.824080228805542,2.8941469192504883,10.514787673950195,-7.620640754699707,-7.690707445144653,7.690707445144653,-0.004302699161818353,3.6484474403053864,14.513983320691317,True,888746,af09498e34a8a037485c1b918906b0e0b14e5f4b08a475832731ce47b6085c87,291ef2f489e5d8ef969fe6813da0e8e7ed050f644a1708aaacd6ba0be8a771dd,2b92b5dd188fc98d295e60cdd66ec4bca345a3bbb9809f386b15762a55909e84,0
5,89,8,2.824080228805542,2.6655349731445312,24.48160171508789,-21.81606674194336,-21.65752148628235,21.65752148628235,-0.011079364623289498,5.231724191929376,14.594459731712076,True,888746,af09498e34a8a037485c1b918906b0e0b14e5f4b08a475832731ce47b6085c87,291ef2f489e5d8ef969fe6813da0e8e7ed050f644a1708aaacd6ba0be8a771dd,c8997d5832a9e3a6a958c860fac7c419f3e0307f1499eabd388c5fcb30c64d7d,0
5,89,9,2.824080228805542,2.95538067817688,8.661726951599121,-5.706346273422241,-5.837646722793579,5.837646722793579,-0.0022585582059981148,4.00065732910474,14.762689805369932,True,888746,af09498e34a8a037485c1b918906b0e0b14e5f4b08a475832731ce47b6085c87,291ef2f489e5d8ef969fe6813da0e8e7ed050f644a1708aaacd6ba0be8a771dd,a839e924af0c9496dec101dfb1a29365ff43d947d9070f7f58d8b14762ec8c99,0
5,99,0,2.2147421836853027,2.0135812759399414,58.73377227783203,-56.72019100189209,-56.51903009414673,56.51903009414673,-0.01582994613899264,3.767714660870387,14.723880889430001,True,898716,ceab9cdb5ac900ce44869e843aec6ee60869410c916f1593bdfd9570c397fd67,0d69bedab3207d8eae052a918508d7951b911f1007136cc32a6a3b83d2f41e03,d7edd4797dacf7c2bf788bdfb2aa0b764923ac24575487178147efe22dc7d2b7,0
5,99,1,2.2147421836853027,2.399230718612671,74.72505187988281,-72.32582116127014,-72.51030969619751,72.51030969619751,-0.002424366947206842,5.471820103055216,14.649522416531742,True,898716,ceab9cdb5ac900ce44869e843aec6ee60869410c916f1593bdfd9570c397fd67,0d69bedab3207d8eae052a918508d7951b911f1007136cc32a6a3b83d2f41e03,9d9510fb4adbec486e2bb4c5bb590b86aa36412c157c3c2f898dfa788d0469dc,0
5,99,2,2.2147421836853027,2.2959392070770264,65.76139831542969,-63.46545910835266,-63.546656131744385,63.546656131744385,-0.0030387791281613397,4.066456013781493,14.542108567357927,True,898716,ceab9cdb5ac900ce44869e843aec6ee60869410c916f1593bdfd9570c397fd67,0d69bedab3207d8eae052a918508d7951b911f1007136cc32a6a3b83d2f41e03,fc72b7dd359724efd44f261680f45ca1bf11b170248648774ede3183a624b9a2,0
5,99,3,2.2147421836853027,1.7930912971496582,92.35984802246094,-90.56675672531128,-90.14510583877563,90.14510583877563,-0.00864513989457789,5.6422995575143275,14.730352594315557,True,898716,ceab9cdb5ac900ce44869e843aec6ee60869410c916f1593bdfd9570c397fd67,0d69bedab3207d8eae052a918508d7951b911f1007136cc32a6a3b83d2f41e03,d7438b0090d085732573f55bfb1669a24c3aff8213f2d3a28b26d89596930d1f,0
5,99,4,2.2147421836853027,2.1683478355407715,94.60855865478516,-92.44021081924438,-92.39381647109985,92.39381647109985,-0.008239582451337291,3.350171551770677,14.56284257408153,True,898716,ceab9cdb5ac900ce44869e843aec6ee60869410c916f1593bdfd9570c397fd67,0d69bedab3207d8eae052a918508d7951b911f1007136cc32a6a3b83d2f41e03,27455497eb31068c4b1c07c5b335ad441caf28df71bbd02806370507f9a6031a,0
5,99,5,2.2147421836853027,1.8065382242202759,56.3973388671875,-54.590800642967224,-54.1825966835022,54.1825966835022,-0.009625620813979344,4.878227602927871,14.673134239163439,True,898716,ceab9cdb5ac900ce44869e843aec6ee60869410c916f1593bdfd9570c397fd67,0d69bedab3207d8eae052a918508d7951b911f1007136cc32a6a3b83d2f41e03,de8bb47f0cb52422ccb24b3382585fac5b4443d3159a24e84434174f74a083d4,0
5,99,6,2.2147421836853027,2.2451577186584473,66.42723083496094,-64.18207311630249,-64.21248865127563,64.21248865127563,-0.005184413862014931,5.220099420862444,14.666959765001913,True,898716,ceab9cdb5ac900ce44869e843aec6ee60869410c916f1593bdfd9570c397fd67,0d69bedab3207d8eae052a918508d7951b911f1007136cc32a6a3b83d2f41e03,0d622536bc3088a277a29a5545e03951346d46f7c725e1ff2a77068025eea651,0
5,99,7,2.2147421836853027,2.620880126953125,56.332054138183594,-53.71117401123047,-54.11731195449829,54.11731195449829,0.004563383626282559,4.182227352613268,14.513983320691317,True,898716,ceab9cdb5ac900ce44869e843aec6ee60869410c916f1593bdfd9570c397fd67,0d69bedab3207d8eae052a918508d7951b911f1007136cc32a6a3b83d2f41e03,2b92b5dd188fc98d295e60cdd66ec4bca345a3bbb9809f386b15762a55909e84,0
5,99,8,2.2147421836853027,2.290843963623047,102.62285614013672,-100.33201217651367,-100.40811395645142,100.40811395645142,-0.006378331683084798,4.84709986835597,14.594459731712076,True,898716,ceab9cdb5ac900ce44869e843aec6ee60869410c916f1593bdfd9570c397fd67,0d69bedab3207d8eae052a918508d7951b911f1007136cc32a6a3b83d2f41e03,c8997d5832a9e3a6a958c860fac7c419f3e0307f1499eabd388c5fcb30c64d7d,0
5,99,9,2.2147421836853027,2.1929283142089844,51.74107360839844,-49.54814529418945,-49.526331424713135,49.526331424713135,-0.008440567984276138,3.3481043599605314,14.762689805369932,True,898716,ceab9cdb5ac900ce44869e843aec6ee60869410c916f1593bdfd9570c397fd67,0d69bedab3207d8eae052a918508d7951b911f1007136cc32a6a3b83d2f41e03,a839e924af0c9496dec101dfb1a29365ff43d947d9070f7f58d8b14762ec8c99,0
5,45,0,3.345280170440674,3.1435298919677734,2.5845203399658203,0.5590095520019531,0.7607598304748535,0.0,0.011307022415239964,3.1421873333491077,14.723880889430001,True,844878,fd511c3696ac2608332dce4556dfc73564a2f9417cd65118d8e70100f5ccb718,41cf98cdc6a533f2d7b20ed12b90a365776af399b7cf7d70311583ed8a925d9a,d7edd4797dacf7c2bf788bdfb2aa0b764923ac24575487178147efe22dc7d2b7,0
5,45,1,3.345280170440674,3.488861083984375,12.110652923583984,-8.62179183959961,-8.76537275314331,8.76537275314331,0.00876323160892392,4.283602771429416,14.649522416531742,True,844878,fd511c3696ac2608332dce4556dfc73564a2f9417cd65118d8e70100f5ccb718,41cf98cdc6a533f2d7b20ed12b90a365776af399b7cf7d70311583ed8a925d9a,9d9510fb4adbec486e2bb4c5bb590b86aa36412c157c3c2f898dfa788d0469dc,0
5,45,2,3.345280170440674,3.592693328857422,16.20562744140625,-12.612934112548828,-12.860347270965576,12.860347270965576,0.01085917699712027,5.037176908089322,14.542108567357927,True,844878,fd511c3696ac2608332dce4556dfc73564a2f9417cd65118d8e70100f5ccb718,41cf98cdc6a533f2d7b20ed12b90a365776af399b7cf7d70311583ed8a925d9a,fc72b7dd359724efd44f261680f45ca1bf11b170248648774ede3183a624b9a2,0
5,45,3,3.345280170440674,3.1471242904663086,3.8101134300231934,-0.6629891395568848,-0.46483325958251953,0.46483325958251953,0.005184982678443809,3.1851699181922415,14.730352594315557,True,844878,fd511c3696ac2608332dce4556dfc73564a2f9417cd65118d8e70100f5ccb718,41cf98cdc6a533f2d7b20ed12b90a365776af399b7cf7d70311583ed8a925d9a,d7438b0090d085732573f55bfb1669a24c3aff8213f2d3a28b26d89596930d1f,0
5,45,4,3.345280170440674,3.4624691009521484,10.173713684082031,-6.711244583129883,-6.828433513641357,6.828433513641357,0.007184431703695746,3.053333381419563,14.56284257408153,True,844878,fd511c3696ac2608332dce4556dfc73564a2f9417cd65118d8e70100f5ccb718,41cf98cdc6a533f2d7b20ed12b90a365776af399b7cf7d70311583ed8a925d9a,27455497eb31068c4b1c07c5b335ad441caf28df71bbd02806370507f9a6031a,0
5,45,5,3.345280170440674,3.0737295150756836,5.076973915100098,-2.003244400024414,-1.7316937446594238,1.7316937446594238,0.0017882729995453003,2.4911700049751144,14.673134239163439,True,844878,fd511c3696ac2608332dce4556dfc73564a2f9417cd65118d8e70100f5ccb718,41cf98cdc6a533f2d7b20ed12b90a365776af399b7cf7d70311583ed8a925d9a,de8bb47f0cb52422ccb24b3382585fac5b4443d3159a24e84434174f74a083d4,0
5,45,6,3.345280170440674,3.160220146179199,6.786044597625732,-3.625824451446533,-3.4407644271850586,3.4407644271850586,-0.004196235496296302,3.3855540821437486,14.666959765001913,True,844878,fd511c3696ac2608332dce4556dfc73564a2f9417cd65118d8e70100f5ccb718,41cf98cdc6a533f2d7b20ed12b90a365776af399b7cf7d70311583ed8a925d9a,0d622536bc3088a277a29a5545e03951346d46f7c725e1ff2a77068025eea651,0
5,45,7,3.345280170440674,3.5629525184631348,14.033971786499023,-10.471019268035889,-10.68869161605835,10.68869161605835,0.005882529517429665,3.316200587006642,14.513983320691317,True,844878,fd511c3696ac2608332dce4556dfc73564a2f9417cd65118d8e70100f5ccb718,41cf98cdc6a533f2d7b20ed12b90a365776af399b7cf7d70311583ed8a925d9a,2b92b5dd188fc98d295e60cdd66ec4bca345a3bbb9809f386b15762a55909e84,0
5,45,8,3.345280170440674,3.5208382606506348,13.410848617553711,-9.890010356903076,-10.065568447113037,10.065568447113037,0.003715143743060453,3.2952137302383258,14.594459731712076,True,844878,fd511c3696ac2608332dce4556dfc73564a2f9417cd65118d8e70100f5ccb718,41cf98cdc6a533f2d7b20ed12b90a365776af399b7cf7d70311583ed8a925d9a,c8997d5832a9e3a6a958c860fac7c419f3e0307f1499eabd388c5fcb30c64d7d,0
5,45,9,3.345280170440674,3.3728766441345215,11.315898895263672,-7.94302225112915,-7.970618724822998,7.970618724822998,-0.00037700146805020923,2.446795171658627,14.762689805369932,True,844878,fd511c3696ac2608332dce4556dfc73564a2f9417cd65118d8e70100f5ccb718,41cf98cdc6a533f2d7b20ed12b90a365776af399b7cf7d70311583ed8a925d9a,a839e924af0c9496dec101dfb1a29365ff43d947d9070f7f58d8b14762ec8c99,0
5,96,0,2.031489610671997,2.0614585876464844,2.408665180206299,-0.34720659255981445,-0.37717556953430176,0.37717556953430176,0.002677384083252194,3.1247960249762103,14.723880889430001,True,895725,84d1302ebc471854bfd989fa51b2b3b88ad43834f29dd4c2e0def5c4c785662a,9be1ee726e7ad1fb7f9935a9c72c05ac333063706cc8751bc56339b10f34fd45,d7edd4797dacf7c2bf788bdfb2aa0b764923ac24575487178147efe22dc7d2b7,0
5,96,1,2.031489610671997,2.1702640056610107,2.2136950492858887,-0.04343104362487793,-0.1822054386138916,0.1822054386138916,0.007072912554435956,2.264228506409562,14.649522416531742,True,895725,84d1302ebc471854bfd989fa51b2b3b88ad43834f29dd4c2e0def5c4c785662a,9be1ee726e7ad1fb7f9935a9c72c05ac333063706cc8751bc56339b10f34fd45,9d9510fb4adbec486e2bb4c5bb590b86aa36412c157c3c2f898dfa788d0469dc,0
5,96,2,2.031489610671997,2.0298285484313965,1.8783663511276245,0.15146219730377197,0.15312325954437256,0.0,0.005712001513661284,1.4295834531944398,14.542108567357927,True,895725,84d1302ebc471854bfd989fa51b2b3b88ad43834f29dd4c2e0def5c4c785662a,9be1ee726e7ad1fb7f9935a9c72c05ac333063706cc8751bc56339b10f34fd45,fc72b7dd359724efd44f261680f45ca1bf11b170248648774ede3183a624b9a2,0
5,96,3,2.031489610671997,1.9376648664474487,2.2312440872192383,-0.29357922077178955,-0.1997544765472412,0.1997544765472412,0.004706439612939456,2.32820344861207,14.730352594315557,True,895725,84d1302ebc471854bfd989fa51b2b3b88ad43834f29dd4c2e0def5c4c785662a,9be1ee726e7ad1fb7f9935a9c72c05ac333063706cc8751bc56339b10f34fd45,d7438b0090d085732573f55bfb1669a24c3aff8213f2d3a28b26d89596930d1f,0
5,96,4,2.031489610671997,2.0782063007354736,1.6187735795974731,0.4594327211380005,0.4127160310745239,0.0,-0.00032379036799210626,2.3927788607797886,14.56284257408153,True,895725,84d1302ebc471854bfd989fa51b2b3b88ad43834f29dd4c2e0def5c4c785662a,9be1ee726e7ad1fb7f9935a9c72c05ac333063706cc8751bc56339b10f34fd45,27455497eb31068c4b1c07c5b335ad441caf28df71bbd02806370507f9a6031a,0
5,96,5,2.031489610671997,1.9572572708129883,2.166999340057373,-0.20974206924438477,-0.13550972938537598,0.13550972938537598,0.010991665881341232,1.7045845155039043,14.673134239163439,True,895725,84d1302ebc471854bfd989fa51b2b3b88ad43834f29dd4c2e0def5c4c785662a,9be1ee726e7ad1fb7f9935a9c72c05ac333063706cc8751bc56339b10f34fd45,de8bb47f0cb52422ccb24b3382585fac5b4443d3159a24e84434174f74a083d4,0
5,96,6,2.031489610671997,1.9776661396026611,1.9100390672683716,0.06762707233428955,0.12145054340362549,0.0,0.0030134527562315624,1.7531845666829953,14.666959765001913,True,895725,84d1302ebc471854bfd989fa51b2b3b88ad43834f29dd4c2e0def5c4c785662a,9be1ee726e7ad1fb7f9935a9c72c05ac333063706cc8751bc56339b10f34fd45,0d622536bc3088a277a29a5545e03951346d46f7c725e1ff2a77068025eea651,0
5,96,7,2.031489610671997,2.042677640914917,1.7867449522018433,0.25593268871307373,0.2447446584701538,0.0,-0.0028333768421422273,2.136395115530009,14.513983320691317,True,895725,84d1302ebc471854bfd989fa51b2b3b88ad43834f29dd4c2e0def5c4c785662a,9be1ee726e7ad1fb7f9935a9c72c05ac333063706cc8751bc56339b10f34fd45,2b92b5dd188fc98d295e60cdd66ec4bca345a3bbb9809f386b15762a55909e84,0
5,96,8,2.031489610671997,2.1259188652038574,1.8323547840118408,0.2935640811920166,0.19913482666015625,0.0,-0.0008961156383165804,2.0046541802421696,14.594459731712076,True,895725,84d1302ebc471854bfd989fa51b2b3b88ad43834f29dd4c2e0def5c4c785662a,9be1ee726e7ad1fb7f9935a9c72c05ac333063706cc8751bc56339b10f34fd45,c8997d5832a9e3a6a958c860fac7c419f3e0307f1499eabd388c5fcb30c64d7d,0
5,96,9,2.031489610671997,2.116208791732788,1.8443902730941772,0.27181851863861084,0.18709933757781982,0.0,0.008501019403109088,1.8611700912039664,14.762689805369932,True,895725,84d1302ebc471854bfd989fa51b2b3b88ad43834f29dd4c2e0def5c4c785662a,9be1ee726e7ad1fb7f9935a9c72c05ac333063706cc8751bc56339b10f34fd45,a839e924af0c9496dec101dfb1a29365ff43d947d9070f7f58d8b14762ec8c99,0
5,72,0,2.293769121170044,1.3966064453125,148.89529418945312,-147.49868774414062,-146.60152506828308,146.60152506828308,-0.017792452354932875,6.708839163589183,14.723880889430001,True,871797,05a2574e6428bd3e462a58076170f355029b00beb955dd76d2a4fb0d3779a8ea,bdfe09c08516f927ce0eaba53651f37fd438495c598edf81cc660a03c34d83a1,d7edd4797dacf7c2bf788bdfb2aa0b764923ac24575487178147efe22dc7d2b7,0
5,72,1,2.293769121170044,2.2476930618286133,216.52056884765625,-214.27287578582764,-214.2267997264862,214.2267997264862,-0.009124540002264462,8.765468187858735,14.649522416531742,True,871797,05a2574e6428bd3e462a58076170f355029b00beb955dd76d2a4fb0d3779a8ea,bdfe09c08516f927ce0eaba53651f37fd438495c598edf81cc660a03c34d83a1,9d9510fb4adbec486e2bb4c5bb590b86aa36412c157c3c2f898dfa788d0469dc,0
5,72,2,2.293769121170044,2.9236111640930176,129.65347290039062,-126.72986173629761,-127.35970377922058,127.35970377922058,-0.0016989027769406483,5.890934485966078,14.542108567357927,True,871797,05a2574e6428bd3e462a58076170f355029b00beb955dd76d2a4fb0d3779a8ea,bdfe09c08516f927ce0eaba53651f37fd438495c598edf81cc660a03c34d83a1,fc72b7dd359724efd44f261680f45ca1bf11b170248648774ede3183a624b9a2,0
5,72,3,2.293769121170044,1.6700379848480225,157.54824829101562,-155.8782103061676,-155.25447916984558,155.25447916984558,-0.012837994594658283,9.299119053894138,14.730352594315557,True,871797,05a2574e6428bd3e462a58076170f355029b00beb955dd76d2a4fb0d3779a8ea,bdfe09c08516f927ce0eaba53651f37fd438495c598edf81cc660a03c34d83a1,d7438b0090d085732573f55bfb1669a24c3aff8213f2d3a28b26d89596930d1f,0
5,72,4,2.293769121170044,2.319934844970703,180.24822998046875,-177.92829513549805,-177.9544608592987,177.9544608592987,-0.00942638203081088,5.935649060803777,14.56284257408153,True,871797,05a2574e6428bd3e462a58076170f355029b00beb955dd76d2a4fb0d3779a8ea,bdfe09c08516f927ce0eaba53651f37fd438495c598edf81cc660a03c34d83a1,27455497eb31068c4b1c07c5b335ad441caf28df71bbd02806370507f9a6031a,0
5,72,5,2.293769121170044,1.6046581268310547,136.30503845214844,-134.70038032531738,-134.0112693309784,134.0112693309784,-0.01202237882347383,8.47558096911605,14.673134239163439,True,871797,05a2574e6428bd3e462a58076170f355029b00beb955dd76d2a4fb0d3779a8ea,bdfe09c08516f927ce0eaba53651f37fd438495c598edf81cc660a03c34d83a1,de8bb47f0cb52422ccb24b3382585fac5b4443d3159a24e84434174f74a083d4,0
5,72,6,2.293769121170044,2.0231831073760986,183.76400756835938,-181.74082446098328,-181.47023844718933,181.47023844718933,-0.007113679912443116,9.84684823513584,14.666959765001913,True,871797,05a2574e6428bd3e462a58076170f355029b00beb955dd76d2a4fb0d3779a8ea,bdfe09c08516f927ce0eaba53651f37fd438495c598edf81cc660a03c34d83a1,0d622536bc3088a277a29a5545e03951346d46f7c725e1ff2a77068025eea651,0
5,72,7,2.293769121170044,2.7471137046813965,191.48574829101562,-188.73863458633423,-189.19197916984558,189.19197916984558,0.003391625713887737,7.015677301736303,14.513983320691317,True,871797,05a2574e6428bd3e462a58076170f355029b00beb955dd76d2a4fb0d3779a8ea,bdfe09c08516f927ce0eaba53651f37fd438495c598edf81cc660a03c34d83a1,2b92b5dd188fc98d295e60cdd66ec4bca345a3bbb9809f386b15762a55909e84,0
5,72,8,2.293769121170044,2.481499671936035,254.56341552734375,-252.08191585540771,-252.2696464061737,252.2696464061737,-0.003776931659586891,8.904347166292762,14.594459731712076,True,871797,05a2574e6428bd3e462a58076170f355029b00beb955dd76d2a4fb0d3779a8ea,bdfe09c08516f927ce0eaba53651f37fd438495c598edf81cc660a03c34d83a1,c8997d5832a9e3a6a958c860fac7c419f3e0307f1499eabd388c5fcb30c64d7d,0
5,72,9,2.293769121170044,2.2869677543640137,119.76040649414062,-117.47343873977661,-117.46663737297058,117.46663737297058,-0.01238527118198338,6.867833590999036,14.762689805369932,True,871797,05a2574e6428bd3e462a58076170f355029b00beb955dd76d2a4fb0d3779a8ea,bdfe09c08516f927ce0eaba53651f37fd438495c598edf81cc660a03c34d83a1,a839e924af0c9496dec101dfb1a29365ff43d947d9070f7f58d8b14762ec8c99,0
5,9,0,2.4484381675720215,2.341735601425171,5.487238883972168,-3.145503282546997,-3.0388007164001465,3.0388007164001465,-0.01422079912419087,3.8432511215042524,14.723880889430001,True,808986,e8ee991dce2c9cbad06c36eedd134a4228dcebfa8d9812d468f6f903225e64b7,20a37b3001bfa8c8df5ba98cd47c4a31df137790c585dbf2ab6eb1089d4000b5,d7edd4797dacf7c2bf788bdfb2aa0b764923ac24575487178147efe22dc7d2b7,0
5,9,1,2.4484381675720215,2.2268686294555664,8.18729019165039,-5.960421562194824,-5.738852024078369,5.738852024078369,-0.019131278546813537,2.6603813400617162,14.649522416531742,True,808986,e8ee991dce2c9cbad06c36eedd134a4228dcebfa8d9812d468f6f903225e64b7,20a37b3001bfa8c8df5ba98cd47c4a31df137790c585dbf2ab6eb1089d4000b5,9d9510fb4adbec486e2bb4c5bb590b86aa36412c157c3c2f898dfa788d0469dc,0
5,9,2,2.4484381675720215,2.1252965927124023,6.729880332946777,-4.604583740234375,-4.281442165374756,4.281442165374756,-0.011889662028120931,3.0481349023370368,14.542108567357927,True,808986,e8ee991dce2c9cbad06c36eedd134a4228dcebfa8d9812d468f6f903225e64b7,20a37b3001bfa8c8df5ba98cd47c4a31df137790c585dbf2ab6eb1089d4000b5,fc72b7dd359724efd44f261680f45ca1bf11b170248648774ede3183a624b9a2,0
5,9,3,2.4484381675720215,2.0168771743774414,14.520244598388672,-12.50336742401123,-12.07180643081665,12.07180643081665,-0.013852161786897058,3.5952914722545635,14.730352594315557,True,808986,e8ee991dce2c9cbad06c36eedd134a4228dcebfa8d9812d468f6f903225e64b7,20a37b3001bfa8c8df5ba98cd47c4a31df137790c585dbf2ab6eb1089d4000b5,d7438b0090d085732573f55bfb1669a24c3aff8213f2d3a28b26d89596930d1f,0
5,9,4,2.4484381675720215,2.281674861907959,13.404257774353027,-11.122582912445068,-10.955819606781006,10.955819606781006,-0.012724142745700658,2.997948718994649,14.56284257408153,True,808986,e8ee991dce2c9cbad06c36eedd134a4228dcebfa8d9812d468f6f903225e64b7,20a37b3001bfa8c8df5ba98cd47c4a31df137790c585dbf2ab6eb1089d4000b5,27455497eb31068c4b1c07c5b335ad441caf28df71bbd02806370507f9a6031a,0
5,9,5,2.4484381675720215,1.9328309297561646,11.801774978637695,-9.86894404888153,-9.353336811065674,9.353336811065674,-0.01443955121532741,4.2307462335562205,14.673134239163439,True,808986,e8ee991dce2c9cbad06c36eedd134a4228dcebfa8d9812d468f6f903225e64b7,20a37b3001bfa8c8df5ba98cd47c4a31df137790c585dbf2ab6eb1089d4000b5,de8bb47f0cb52422ccb24b3382585fac5b4443d3159a24e84434174f74a083d4,0
5,9,6,2.4484381675720215,2.1649458408355713,6.226319313049316,-4.061373472213745,-3.777881145477295,3.777881145477295,-0.010472311945165274,4.336791329369856,14.666959765001913,True,808986,e8ee991dce2c9cbad06c36eedd134a4228dcebfa8d9812d468f6f903225e64b7,20a37b3001bfa8c8df5ba98cd47c4a31df137790c585dbf2ab6eb1089d4000b5,0d622536bc3088a277a29a5545e03951346d46f7c725e1ff2a77068025eea651,0
5,9,7,2.4484381675720215,2.4712300300598145,4.50904655456543,-2.0378165245056152,-2.060608386993408,2.060608386993408,-0.008225631621131827,3.2004884631356503,14.513983320691317,True,808986,e8ee991dce2c9cbad06c36eedd134a4228dcebfa8d9812d468f6f903225e64b7,20a37b3001bfa8c8df5ba98cd47c4a31df137790c585dbf2ab6eb1089d4000b5,2b92b5dd188fc98d295e60cdd66ec4bca345a3bbb9809f386b15762a55909e84,0
5,9,8,2.4484381675720215,2.520970344543457,11.873228073120117,-9.35225772857666,-9.424789905548096,9.424789905548096,-0.009831694204373733,4.065403116094303,14.594459731712076,True,808986,e8ee991dce2c9cbad06c36eedd134a4228dcebfa8d9812d468f6f903225e64b7,20a37b3001bfa8c8df5ba98cd47c4a31df137790c585dbf2ab6eb1089d4000b5,c8997d5832a9e3a6a958c860fac7c419f3e0307f1499eabd388c5fcb30c64d7d,0
5,9,9,2.4484381675720215,2.2368507385253906,11.394218444824219,-9.157367706298828,-8.945780277252197,8.945780277252197,-0.014711023949697323,3.6868536685225606,14.762689805369932,True,808986,e8ee991dce2c9cbad06c36eedd134a4228dcebfa8d9812d468f6f903225e64b7,20a37b3001bfa8c8df5ba98cd47c4a31df137790c585dbf2ab6eb1089d4000b5,a839e924af0c9496dec101dfb1a29365ff43d947d9070f7f58d8b14762ec8c99,0
5,74,0,2.3734021186828613,1.9568850994110107,90.32075500488281,-88.3638699054718,-87.94735288619995,87.94735288619995,-0.017531117561523323,4.7348983765515325,14.723880889430001,True,873791,679bdfa4292615fd01570582fd1bc4c3fe9cff4175215e02e082c85416e96165,a3e96ca7ded60df2fb3c7d8baa97b385b90ac980070bdfa30ea7c7a455a7b760,d7edd4797dacf7c2bf788bdfb2aa0b764923ac24575487178147efe22dc7d2b7,0
5,74,1,2.3734021186828613,2.5732855796813965,167.6399383544922,-165.0666527748108,-165.26653623580933,165.26653623580933,-0.004951094981730838,7.315498967465391,14.649522416531742,True,873791,679bdfa4292615fd01570582fd1bc4c3fe9cff4175215e02e082c85416e96165,a3e96ca7ded60df2fb3c7d8baa97b385b90ac980070bdfa30ea7c7a455a7b760,9d9510fb4adbec486e2bb4c5bb590b86aa36412c157c3c2f898dfa788d0469dc,0
5,74,2,2.3734021186828613,2.705799102783203,171.45816040039062,-168.75236129760742,-169.08475828170776,169.08475828170776,0.0009938176666596471,6.10514666746225,14.542108567357927,True,873791,679bdfa4292615fd01570582fd1bc4c3fe9cff4175215e02e082c85416e96165,a3e96ca7ded60df2fb3c7d8baa97b385b90ac980070bdfa30ea7c7a455a7b760,fc72b7dd359724efd44f261680f45ca1bf11b170248648774ede3183a624b9a2,0
5,74,3,2.3734021186828613,1.8067021369934082,98.30841064453125,-96.50170850753784,-95.93500852584839,95.93500852584839,-0.011023202435845125,6.501690821201797,14.730352594315557,True,873791,679bdfa4292615fd01570582fd1bc4c3fe9cff4175215e02e082c85416e96165,a3e96ca7ded60df2fb3c7d8baa97b385b90ac980070bdfa30ea7c7a455a7b760,d7438b0090d085732573f55bfb1669a24c3aff8213f2d3a28b26d89596930d1f,0
5,74,4,2.3734021186828613,2.4588871002197266,165.98789978027344,-163.5290126800537,-163.61449766159058,163.61449766159058,-0.005345500018172564,4.7760322660992545,14.56284257408153,True,873791,679bdfa4292615fd01570582fd1bc4c3fe9cff4175215e02e082c85416e96165,a3e96ca7ded60df2fb3c7d8baa97b385b90ac980070bdfa30ea7c7a455a7b760,27455497eb31068c4b1c07c5b335ad441caf28df71bbd02806370507f9a6031a,0
5,74,5,2.3734021186828613,2.024108409881592,70.1136245727539,-68.08951616287231,-67.74022245407104,67.74022245407104,-0.011129846888765777,5.472545842570894,14.673134239163439,True,873791,679bdfa4292615fd01570582fd1bc4c3fe9cff4175215e02e082c85416e96165,a3e96ca7ded60df2fb3c7d8baa97b385b90ac980070bdfa30ea7c7a455a7b760,de8bb47f0cb52422ccb24b3382585fac5b4443d3159a24e84434174f74a083d4,0
5,74,6,2.3734021186828613,2.189908266067505,143.857421875,-141.6675136089325,-141.48401975631714,141.48401975631714,-0.005703363007640032,7.401754279628522,14.666959765001913,True,873791,679bdfa4292615fd01570582fd1bc4c3fe9cff4175215e02e082c85416e96165,a3e96ca7ded60df2fb3c7d8baa97b385b90ac980070bdfa30ea7c7a455a7b760,0d622536bc3088a277a29a5545e03951346d46f7c725e1ff2a77068025eea651,0
5,74,7,2.3734021186828613,2.7365546226501465,138.96987915039062,-136.23332452774048,-136.59647703170776,136.59647703170776,0.0033633034820882302,5.470416615472142,14.513983320691317,True,873791,679bdfa4292615fd01570582fd1bc4c3fe9cff4175215e02e082c85416e96165,a3e96ca7ded60df2fb3c7d8baa97b385b90ac980070bdfa30ea7c7a455a7b760,2b92b5dd188fc98d295e60cdd66ec4bca345a3bbb9809f386b15762a55909e84,0
5,74,8,2.3734021186828613,2.537870168685913,249.99276733398438,-247.45489716529846,-247.6193652153015,247.6193652153015,-0.003479673782699176,7.595013460324351,14.594459731712076,True,873791,679bdfa4292615fd01570582fd1bc4c3fe9cff4175215e02e082c85416e96165,a3e96ca7ded60df2fb3c7d8baa97b385b90ac980070bdfa30ea7c7a455a7b760,c8997d5832a9e3a6a958c860fac7c419f3e0307f1499eabd388c5fcb30c64d7d,0
5,74,9,2.3734021186828613,2.4861178398132324,145.57852172851562,-143.0924038887024,-143.20511960983276,143.20511960983276,-0.013080804111933271,5.931825349889471,14.762689805369932,True,873791,679bdfa4292615fd01570582fd1bc4c3fe9cff4175215e02e082c85416e96165,a3e96ca7ded60df2fb3c7d8baa97b385b90ac980070bdfa30ea7c7a455a7b760,a839e924af0c9496dec101dfb1a29365ff43d947d9070f7f58d8b14762ec8c99,0
5,88,0,2.7530202865600586,2.751737117767334,24.21578025817871,-21.464043140411377,-21.462759971618652,21.462759971618652,-0.009085876352209261,3.383829913896371,14.723880889430001,True,887749,9fac6c2d62834d581b9567951e8c6668a02834e15a17eadab6143168c2c885f1,635256085f55e6a45c5cac1c35d8635aa635f11e58c5742815ae2aab509fbbd5,d7edd4797dacf7c2bf788bdfb2aa0b764923ac24575487178147efe22dc7d2b7,0
5,88,1,2.7530202865600586,2.7911295890808105,40.706729888916016,-37.915600299835205,-37.95370960235596,37.95370960235596,-0.004866842069518465,4.0192994018314225,14.649522416531742,True,887749,9fac6c2d62834d581b9567951e8c6668a02834e15a17eadab6143168c2c885f1,635256085f55e6a45c5cac1c35d8635aa635f11e58c5742815ae2aab509fbbd5,9d9510fb4adbec486e2bb4c5bb590b86aa36412c157c3c2f898dfa788d0469dc,0
5,88,2,2.7530202865600586,2.848125457763672,25.816946029663086,-22.968820571899414,-23.063925743103027,23.063925743103027,-0.0013083210794048975,2.649253329250278,14.542108567357927,True,887749,9fac6c2d62834d581b9567951e8c6668a02834e15a17eadab6143168c2c885f1,635256085f55e6a45c5cac1c35d8635aa635f11e58c5742815ae2aab509fbbd5,fc72b7dd359724efd44f261680f45ca1bf11b170248648774ede3183a624b9a2,0
5,88,3,2.7530202865600586,2.398970603942871,51.816280364990234,-49.41730976104736,-49.063260078430176,49.063260078430176,-0.009071805993746235,3.8496811894438716,14.730352594315557,True,887749,9fac6c2d62834d581b9567951e8c6668a02834e15a17eadab6143168c2c885f1,635256085f55e6a45c5cac1c35d8635aa635f11e58c5742815ae2aab509fbbd5,d7438b0090d085732573f55bfb1669a24c3aff8213f2d3a28b26d89596930d1f,0
5,88,4,2.7530202865600586,2.823469400405884,46.190887451171875,-43.36741805076599,-43.437867164611816,43.437867164611816,-0.0052303403975090725,2.6524068458205576,14.56284257408153,True,887749,9fac6c2d62834d581b9567951e8c6668a02834e15a17eadab6143168c2c885f1,635256085f55e6a45c5cac1c35d8635aa635f11e58c5742815ae2aab509fbbd5,27455497eb31068c4b1c07c5b335ad441caf28df71bbd02806370507f9a6031a,0
5,88,5,2.7530202865600586,2.470353364944458,34.564613342285156,-32.0942599773407,-31.811593055725098,31.811593055725098,-0.007594482640533423,4.111720185629786,14.673134239163439,True,887749,9fac6c2d62834d581b9567951e8c6668a02834e15a17eadab6143168c2c885f1,635256085f55e6a45c5cac1c35d8635aa635f11e58c5742815ae2aab509fbbd5,de8bb47f0cb52422ccb24b3382585fac5b4443d3159a24e84434174f74a083d4,0
5,88,6,2.7530202865600586,2.72495174407959,35.057159423828125,-32.332207679748535,-32.304139137268066,32.304139137268066,-0.005402024394972104,4.354936117711801,14.666959765001913,True,887749,9fac6c2d62834d581b9567951e8c6668a02834e15a17eadab6143168c2c885f1,635256085f55e6a45c5cac1c35d8635aa635f11e58c5742815ae2aab509fbbd5,0d622536bc3088a277a29a5545e03951346d46f7c725e1ff2a77068025eea651,0
5,88,7,2.7530202865600586,2.971219539642334,24.499305725097656,-21.528086185455322,-21.746285438537598,21.746285438537598,0.0012849550813470694,3.634423625455723,14.513983320691317,True,887749,9fac6c2d62834d581b9567951e8c6668a02834e15a17eadab6143168c2c885f1,635256085f55e6a45c5cac1c35d8635aa635f11e58c5742815ae2aab509fbbd5,2b92b5dd188fc98d295e60cdd66ec4bca345a3bbb9809f386b15762a55909e84,0
5,88,8,2.7530202865600586,2.7272403240203857,51.536800384521484,-48.8095600605011,-48.783780097961426,48.783780097961426,-0.007558190927496125,3.8110881546536337,14.594459731712076,True,887749,9fac6c2d62834d581b9567951e8c6668a02834e15a17eadab6143168c2c885f1,635256085f55e6a45c5cac1c35d8635aa635f11e58c5742815ae2aab509fbbd5,c8997d5832a9e3a6a958c860fac7c419f3e0307f1499eabd388c5fcb30c64d7d,0
5,88,9,2.7530202865600586,2.5800130367279053,30.057641983032227,-27.47762894630432,-27.304621696472168,27.304621696472168,-0.014190170518091048,3.2028746780458066,14.762689805369932,True,887749,9fac6c2d62834d581b9567951e8c6668a02834e15a17eadab6143168c2c885f1,635256085f55e6a45c5cac1c35d8635aa635f11e58c5742815ae2aab509fbbd5,a839e924af0c9496dec101dfb1a29365ff43d947d9070f7f58d8b14762ec8c99,0
5,1,0,3.0906951427459717,3.0287117958068848,6.725612640380859,-3.6969008445739746,-3.6349174976348877,3.6349174976348877,-0.0019664858672550386,3.1353984355785425,14.723880889430001,True,801010,a2f8b60a055be73a85efeadaf3755a6d3cc173f1f7dcff9dff1c386fef29fc86,345bfc18e930d39908f0bb7e4e81d9a14df1f1ae38bc80a46722720853d5f9d5,d7edd4797dacf7c2bf788bdfb2aa0b764923ac24575487178147efe22dc7d2b7,0
5,1,1,3.0906951427459717,3.333925485610962,22.82046890258789,-19.48654341697693,-19.72977375984192,19.72977375984192,0.005839887343755473,4.681172102089252,14.649522416531742,True,801010,a2f8b60a055be73a85efeadaf3755a6d3cc173f1f7dcff9dff1c386fef29fc86,345bfc18e930d39908f0bb7e4e81d9a14df1f1ae38bc80a46722720853d5f9d5,9d9510fb4adbec486e2bb4c5bb590b86aa36412c157c3c2f898dfa788d0469dc,0
5,1,2,3.0906951427459717,3.3392491340637207,21.504615783691406,-18.165366649627686,-18.413920640945435,18.413920640945435,0.007355874420519446,4.227103706979453,14.542108567357927,True,801010,a2f8b60a055be73a85efeadaf3755a6d3cc173f1f7dcff9dff1c386fef29fc86,345bfc18e930d39908f0bb7e4e81d9a14df1f1ae38bc80a46722720853d5f9d5,fc72b7dd359724efd44f261680f45ca1bf11b170248648774ede3183a624b9a2,0
5,1,3,3.0906951427459717,2.892104148864746,13.987881660461426,-11.09577751159668,-10.897186517715454,10.897186517715454,-0.003416336477769174,4.138565210020167,14.730352594315557,True,801010,a2f8b60a055be73a85efeadaf3755a6d3cc173f1f7dcff9dff1c386fef29fc86,345bfc18e930d39908f0bb7e4e81d9a14df1f1ae38bc80a46722720853d5f9d5,d7438b0090d085732573f55bfb1669a24c3aff8213f2d3a28b26d89596930d1f,0
5,1,4,3.0906951427459717,3.330982208251953,35.8259391784668,-32.494956970214844,-32.735244035720825,32.735244035720825,0.0004553570145586468,4.245144051277265,14.56284257408153,True,801010,a2f8b60a055be73a85efeadaf3755a6d3cc173f1f7dcff9dff1c386fef29fc86,345bfc18e930d39908f0bb7e4e81d9a14df1f1ae38bc80a46722720853d5f9d5,27455497eb31068c4b1c07c5b335ad441caf28df71bbd02806370507f9a6031a,0
5,1,5,3.0906951427459717,2.8873400688171387,13.819684982299805,-10.932344913482666,-10.728989839553833,10.728989839553833,-0.008959800797568527,4.4667520498523015,14.673134239163439,True,801010,a2f8b60a055be73a85efeadaf3755a6d3cc173f1f7dcff9dff1c386fef29fc86,345bfc18e930d39908f0bb7e4e81d9a14df1f1ae38bc80a46722720853d5f9d5,de8bb47f0cb52422ccb24b3382585fac5b4443d3159a24e84434174f74a083d4,0
5,1,6,3.0906951427459717,3.0593912601470947,16.627988815307617,-13.568597555160522,-13.537293672561646,13.537293672561646,-0.005603840389677796,4.765744764203283,14.666959765001913,True,801010,a2f8b60a055be73a85efeadaf3755a6d3cc173f1f7dcff9dff1c386fef29fc86,345bfc18e930d39908f0bb7e4e81d9a14df1f1ae38bc80a46722720853d5f9d5,0d622536bc3088a277a29a5545e03951346d46f7c725e1ff2a77068025eea651,0
5,1,7,3.0906951427459717,3.5572762489318848,23.54861068725586,-19.991334438323975,-20.457915544509888,20.457915544509888,0.006496221311478454,4.13839126851708,14.513983320691317,True,801010,a2f8b60a055be73a85efeadaf3755a6d3cc173f1f7dcff9dff1c386fef29fc86,345bfc18e930d39908f0bb7e4e81d9a14df1f1ae38bc80a46722720853d5f9d5,2b92b5dd188fc98d295e60cdd66ec4bca345a3bbb9809f386b15762a55909e84,0
5,1,8,3.0906951427459717,3.2266628742218018,42.70269012451172,-39.47602725028992,-39.61199498176575,39.61199498176575,-0.003371973043414261,5.012725925103836,14.594459731712076,True,801010,a2f8b60a055be73a85efeadaf3755a6d3cc173f1f7dcff9dff1c386fef29fc86,345bfc18e930d39908f0bb7e4e81d9a14df1f1ae38bc80a46722720853d5f9d5,c8997d5832a9e3a6a958c860fac7c419f3e0307f1499eabd388c5fcb30c64d7d,0
5,1,9,3.0906951427459717,3.253574848175049,20.131736755371094,-16.878161907196045,-17.041041612625122,17.041041612625122,0.00019361941539670685,2.7768399307356804,14.762689805369932,True,801010,a2f8b60a055be73a85efeadaf3755a6d3cc173f1f7dcff9dff1c386fef29fc86,345bfc18e930d39908f0bb7e4e81d9a14df1f1ae38bc80a46722720853d5f9d5,a839e924af0c9496dec101dfb1a29365ff43d947d9070f7f58d8b14762ec8c99,0
5,38,0,1.8385670185089111,1.3556735515594482,14.564010620117188,-13.20833706855774,-12.725443601608276,12.725443601608276,-0.014566921197907543,2.9479073361257595,14.723880889430001,True,837899,558a30d58527f90a9ad4d42e26791249b44f0aad4a7b8ce2bd90d801ec7d8ef9,89b4aefe60099dac65aa11afa09bb744c1754b26dbc7c68624e71b608efb4219,d7edd4797dacf7c2bf788bdfb2aa0b764923ac24575487178147efe22dc7d2b7,0
5,38,1,1.8385670185089111,1.7131154537200928,52.97776794433594,-51.264652490615845,-51.139200925827026,51.139200925827026,-0.011920900086569753,4.27930960781777,14.649522416531742,True,837899,558a30d58527f90a9ad4d42e26791249b44f0aad4a7b8ce2bd90d801ec7d8ef9,89b4aefe60099dac65aa11afa09bb744c1754b26dbc7c68624e71b608efb4219,9d9510fb4adbec486e2bb4c5bb590b86aa36412c157c3c2f898dfa788d0469dc,0
5,38,2,1.8385670185089111,1.9311647415161133,38.06438446044922,-36.133219718933105,-36.22581744194031,36.22581744194031,-0.0013900220703308118,3.0537266012352533,14.542108567357927,True,837899,558a30d58527f90a9ad4d42e26791249b44f0aad4a7b8ce2bd90d801ec7d8ef9,89b4aefe60099dac65aa11afa09bb744c1754b26dbc7c68624e71b608efb4219,fc72b7dd359724efd44f261680f45ca1bf11b170248648774ede3183a624b9a2,0
5,38,3,1.8385670185089111,1.265041470527649,29.19752311706543,-27.93248164653778,-27.35895609855652,27.35895609855652,-0.013138943207222467,3.5013612500597784,14.730352594315557,True,837899,558a30d58527f90a9ad4d42e26791249b44f0aad4a7b8ce2bd90d801ec7d8ef9,89b4aefe60099dac65aa11afa09bb744c1754b26dbc7c68624e71b608efb4219,d7438b0090d085732573f55bfb1669a24c3aff8213f2d3a28b26d89596930d1f,0
5,38,4,1.8385670185089111,1.7018625736236572,45.74109649658203,-44.039233922958374,-43.90252947807312,43.90252947807312,-0.004573614158037987,3.256233683847785,14.56284257408153,True,837899,558a30d58527f90a9ad4d42e26791249b44f0aad4a7b8ce2bd90d801ec7d8ef9,89b4aefe60099dac65aa11afa09bb744c1754b26dbc7c68624e71b608efb4219,27455497eb31068c4b1c07c5b335ad441caf28df71bbd02806370507f9a6031a,0
5,38,5,1.8385670185089111,1.2232224941253662,20.402206420898438,-19.17898392677307,-18.563639402389526,18.563639402389526,-0.010329909277935414,3.5859073043236798,14.673134239163439,True,837899,558a30d58527f90a9ad4d42e26791249b44f0aad4a7b8ce2bd90d801ec7d8ef9,89b4aefe60099dac65aa11afa09bb744c1754b26dbc7c68624e71b608efb4219,de8bb47f0cb52422ccb24b3382585fac5b4443d3159a24e84434174f74a083d4,0
5,38,6,1.8385670185089111,1.580169916152954,36.29175567626953,-34.71158576011658,-34.45318865776062,34.45318865776062,-0.009481615705910273,4.973074496564916,14.666959765001913,True,837899,558a30d58527f90a9ad4d42e26791249b44f0aad4a7b8ce2bd90d801ec7d8ef9,89b4aefe60099dac65aa11afa09bb744c1754b26dbc7c68624e71b608efb4219,0d622536bc3088a277a29a5545e03951346d46f7c725e1ff2a77068025eea651,0
5,38,7,1.8385670185089111,1.991356372833252,38.34832000732422,-36.35696363449097,-36.50975298881531,36.50975298881531,-0.003192810058178068,3.1511691988296606,14.513983320691317,True,837899,558a30d58527f90a9ad4d42e26791249b44f0aad4a7b8ce2bd90d801ec7d8ef9,89b4aefe60099dac65aa11afa09bb744c1754b26dbc7c68624e71b608efb4219,2b92b5dd188fc98d295e60cdd66ec4bca345a3bbb9809f386b15762a55909e84,0
5,38,8,1.8385670185089111,2.044717788696289,62.96803283691406,-60.92331504821777,-61.12946581840515,61.12946581840515,-0.00425018174325137,4.182440575221219,14.594459731712076,True,837899,558a30d58527f90a9ad4d42e26791249b44f0aad4a7b8ce2bd90d801ec7d8ef9,89b4aefe60099dac65aa11afa09bb744c1754b26dbc7c68624e71b608efb4219,c8997d5832a9e3a6a958c860fac7c419f3e0307f1499eabd388c5fcb30c64d7d,0
5,38,9,1.8385670185089111,1.8954212665557861,42.15422058105469,-40.2587993144989,-40.315653562545776,40.315653562545776,-0.016734210214046932,3.978026769823776,14.762689805369932,True,837899,558a30d58527f90a9ad4d42e26791249b44f0aad4a7b8ce2bd90d801ec7d8ef9,89b4aefe60099dac65aa11afa09bb744c1754b26dbc7c68624e71b608efb4219,a839e924af0c9496dec101dfb1a29365ff43d947d9070f7f58d8b14762ec8c99,0
5,89,0,2.748293399810791,2.856389284133911,3.01396107673645,-0.15757179260253906,-0.2656676769256592,0.2656676769256592,0.0008194933425520394,4.120277738253218,14.723880889430001,True,16474609,b9af3f2124a8ffa4266d7ec2d2caaa0875650f342f7c6bdcb1bc4b61ec944b63,f1e9e697fbb2ae883dcf6807e41b7a3c8337b39dd70735d3ec58ddcb9683edd0,d7edd4797dacf7c2bf788bdfb2aa0b764923ac24575487178147efe22dc7d2b7,1
5,89,1,2.748293399810791,2.7005157470703125,2.5985190868377686,0.10199666023254395,0.14977431297302246,0.0,-0.005809167142285848,3.9409444418526443,14.649522416531742,True,16474609,b9af3f2124a8ffa4266d7ec2d2caaa0875650f342f7c6bdcb1bc4b61ec944b63,f1e9e697fbb2ae883dcf6807e41b7a3c8337b39dd70735d3ec58ddcb9683edd0,9d9510fb4adbec486e2bb4c5bb590b86aa36412c157c3c2f898dfa788d0469dc,1
5,89,2,2.748293399810791,2.446730136871338,5.439404487609863,-2.9926743507385254,-2.6911110877990723,2.6911110877990723,-0.011924767473750247,4.31127308362094,14.542108567357927,True,16474609,b9af3f2124a8ffa4266d7ec2d2caaa0875650f342f7c6bdcb1bc4b61ec944b63,f1e9e697fbb2ae883dcf6807e41b7a3c8337b39dd70735d3ec58ddcb9683edd0,fc72b7dd359724efd44f261680f45ca1bf11b170248648774ede3183a624b9a2,1
5,89,3,2.748293399810791,2.255141496658325,3.886734962463379,-1.6315934658050537,-1.138441562652588,1.138441562652588,-0.006327594057429292,4.718772900100044,14.730352594315557,True,16474609,b9af3f2124a8ffa4266d7ec2d2caaa0875650f342f7c6bdcb1bc4b61ec944b63,f1e9e697fbb2ae883dcf6807e41b7a3c8337b39dd70735d3ec58ddcb9683edd0,d7438b0090d085732573f55bfb1669a24c3aff8213f2d3a28b26d89596930d1f,1
5,89,4,2.748293399810791,2.6882612705230713,3.469381093978882,-0.7811198234558105,-0.7210876941680908,0.7210876941680908,-0.0027060006359843855,4.697518307292848,14.56284257408153,True,16474609,b9af3f2124a8ffa4266d7ec2d2caaa0875650f342f7c6bdcb1bc4b61ec944b63,f1e9e697fbb2ae883dcf6807e41b7a3c8337b39dd70735d3ec58ddcb9683edd0,27455497eb31068c4b1c07c5b335ad441caf28df71bbd02806370507f9a6031a,1
5,89,5,2.748293399810791,2.2418999671936035,3.241140365600586,-0.9992403984069824,-0.4928469657897949,0.4928469657897949,-0.008732833683710682,4.327281372463196,14.673134239163439,True,16474609,b9af3f2124a8ffa4266d7ec2d2caaa0875650f342f7c6bdcb1bc4b61ec944b63,f1e9e697fbb2ae883dcf6807e41b7a3c8337b39dd70735d3ec58ddcb9683edd0,de8bb47f0cb52422ccb24b3382585fac5b4443d3159a24e84434174f74a083d4,1
5,89,6,2.748293399810791,2.5795226097106934,3.617159366607666,-1.0376367568969727,-0.868865966796875,0.868865966796875,-0.006256176190410289,3.1259980302403054,14.666959765001913,True,16474609,b9af3f2124a8ffa4266d7ec2d2caaa0875650f342f7c6bdcb1bc4b61ec944b63,f1e9e697fbb2ae883dcf6807e41b7a3c8337b39dd70735d3ec58ddcb9683edd0,0d622536bc3088a277a29a5545e03951346d46f7c725e1ff2a77068025eea651,1
5,89,7,2.748293399810791,2.874347686767578,2.7527894973754883,0.12155818939208984,-0.004496097564697266,0.004496097564697266,-0.0031847647225527785,3.9688381670907527,14.513983320691317,True,16474609,b9af3f2124a8ffa4266d7ec2d2caaa0875650f342f7c6bdcb1bc4b61ec944b63,f1e9e697fbb2ae883dcf6807e41b7a3c8337b39dd70735d3ec58ddcb9683edd0,2b92b5dd188fc98d295e60cdd66ec4bca345a3bbb9809f386b15762a55909e84,1
5,89,8,2.748293399810791,2.6186728477478027,3.7527694702148438,-1.134096622467041,-1.0044760704040527,1.0044760704040527,-0.010953401923695812,5.181541451394603,14.594459731712076,True,16474609,b9af3f2124a8ffa4266d7ec2d2caaa0875650f342f7c6bdcb1bc4b61ec944b63,f1e9e697fbb2ae883dcf6807e41b7a3c8337b39dd70735d3ec58ddcb9683edd0,c8997d5832a9e3a6a958c860fac7c419f3e0307f1499eabd388c5fcb30c64d7d,1
5,89,9,2.748293399810791,2.7109322547912598,3.9448695182800293,-1.2339372634887695,-1.1965761184692383,1.1965761184692383,0.001089726662393338,4.620209693878716,14.762689805369932,True,16474609,b9af3f2124a8ffa4266d7ec2d2caaa0875650f342f7c6bdcb1bc4b61ec944b63,f1e9e697fbb2ae883dcf6807e41b7a3c8337b39dd70735d3ec58ddcb9683edd0,a839e924af0c9496dec101dfb1a29365ff43d947d9070f7f58d8b14762ec8c99,1
5,99,0,2.602804183959961,2.232523202896118,16.902753829956055,-14.670230627059937,-14.299949645996094,14.299949645996094,-0.008879487892752237,3.533362739247792,14.723880889430001,True,16484579,637daafb5664d798fa8803f436ce649c46b787546378079cbdc5cd3b669d37e9,2c2654bc25c9439d41885d784824e6f2ba4835c74ab71f4bc4db8f11be3c9b4e,d7edd4797dacf7c2bf788bdfb2aa0b764923ac24575487178147efe22dc7d2b7,1
5,99,1,2.602804183959961,2.6388416290283203,19.038206100463867,-16.399364471435547,-16.435401916503906,16.435401916503906,0.0018137298921278135,3.8123883454811174,14.649522416531742,True,16484579,637daafb5664d798fa8803f436ce649c46b787546378079cbdc5cd3b669d37e9,2c2654bc25c9439d41885d784824e6f2ba4835c74ab71f4bc4db8f11be3c9b4e,9d9510fb4adbec486e2bb4c5bb590b86aa36412c157c3c2f898dfa788d0469dc,1
5,99,2,2.602804183959961,2.708679676055908,20.687047958374023,-17.978368282318115,-18.084243774414062,18.084243774414062,-0.0009118705980621756,3.3769026564568985,14.542108567357927,True,16484579,637daafb5664d798fa8803f436ce649c46b787546378079cbdc5cd3b669d37e9,2c2654bc25c9439d41885d784824e6f2ba4835c74ab71f4bc4db8f11be3c9b4e,fc72b7dd359724efd44f261680f45ca1bf11b170248648774ede3183a624b9a2,1
5,99,3,2.602804183959961,2.087517261505127,26.634868621826172,-24.547351360321045,-24.03206443786621,24.03206443786621,-0.008845679397102311,3.980301428675291,14.730352594315557,True,16484579,637daafb5664d798fa8803f436ce649c46b787546378079cbdc5cd3b669d37e9,2c2654bc25c9439d41885d784824e6f2ba4835c74ab71f4bc4db8f11be3c9b4e,d7438b0090d085732573f55bfb1669a24c3aff8213f2d3a28b26d89596930d1f,1
5,99,4,2.602804183959961,2.5147438049316406,27.069034576416016,-24.554290771484375,-24.466230392456055,24.466230392456055,-0.006112641370831251,3.0404862424008043,14.56284257408153,True,16484579,637daafb5664d798fa8803f436ce649c46b787546378079cbdc5cd3b669d37e9,2c2654bc25c9439d41885d784824e6f2ba4835c74ab71f4bc4db8f11be3c9b4e,27455497eb31068c4b1c07c5b335ad441caf28df71bbd02806370507f9a6031a,1
5,99,5,2.602804183959961,2.0017147064208984,17.174564361572266,-15.172849655151367,-14.571760177612305,14.571760177612305,-0.0056529026502521364,3.8270633603580095,14.673134239163439,True,16484579,637daafb5664d798fa8803f436ce649c46b787546378079cbdc5cd3b669d37e9,2c2654bc25c9439d41885d784824e6f2ba4835c74ab71f4bc4db8f11be3c9b4e,de8bb47f0cb52422ccb24b3382585fac5b4443d3159a24e84434174f74a083d4,1
5,99,6,2.602804183959961,2.468601703643799,18.196788787841797,-15.728187084197998,-15.593984603881836,15.593984603881836,-0.003266358573640074,3.830203990931624,14.666959765001913,True,16484579,637daafb5664d798fa8803f436ce649c46b787546378079cbdc5cd3b669d37e9,2c2654bc25c9439d41885d784824e6f2ba4835c74ab71f4bc4db8f11be3c9b4e,0d622536bc3088a277a29a5545e03951346d46f7c725e1ff2a77068025eea651,1
5,99,7,2.602804183959961,2.984833240509033,16.241676330566406,-13.256843090057373,-13.638872146606445,13.638872146606445,0.002257538150166121,2.858810389623956,14.513983320691317,True,16484579,637daafb5664d798fa8803f436ce649c46b787546378079cbdc5cd3b669d37e9,2c2654bc25c9439d41885d784824e6f2ba4835c74ab71f4bc4db8f11be3c9b4e,2b92b5dd188fc98d295e60cdd66ec4bca345a3bbb9809f386b15762a55909e84,1
5,99,8,2.602804183959961,2.624932050704956,30.650737762451172,-28.025805711746216,-28.04793357849121,28.04793357849121,-0.00606349442946169,3.8605933950219313,14.594459731712076,True,16484579,637daafb5664d798fa8803f436ce649c46b787546378079cbdc5cd3b669d37e9,2c2654bc25c9439d41885d784824e6f2ba4835c74ab71f4bc4db8f11be3c9b4e,c8997d5832a9e3a6a958c860fac7c419f3e0307f1499eabd388c5fcb30c64d7d,1
5,99,9,2.602804183959961,2.6352972984313965,15.381599426269531,-12.746302127838135,-12.77879524230957,12.77879524230957,-0.009843738543290445,2.606427959316471,14.762689805369932,True,16484579,637daafb5664d798fa8803f436ce649c46b787546378079cbdc5cd3b669d37e9,2c2654bc25c9439d41885d784824e6f2ba4835c74ab71f4bc4db8f11be3c9b4e,a839e924af0c9496dec101dfb1a29365ff43d947d9070f7f58d8b14762ec8c99,1
5,45,0,3.1480813026428223,3.039506673812866,2.0456132888793945,0.9938933849334717,1.1024680137634277,0.0,0.012919171896371512,3.0450196511602834,14.723880889430001,True,16430741,4f3af5eaff2b4ab575070117f657cb57aa29943bbd98bc022ac89daf9f71b97e,5e178d61c16f751c9e84d85872e444632fdb6736ec1f9b3209068cd655a592c1,d7edd4797dacf7c2bf788bdfb2aa0b764923ac24575487178147efe22dc7d2b7,1
5,45,1,3.1480813026428223,3.2630975246429443,7.749851703643799,-4.4867541790008545,-4.601770401000977,4.601770401000977,0.01038757739704967,3.4768850724863,14.649522416531742,True,16430741,4f3af5eaff2b4ab575070117f657cb57aa29943bbd98bc022ac89daf9f71b97e,5e178d61c16f751c9e84d85872e444632fdb6736ec1f9b3209068cd655a592c1,9d9510fb4adbec486e2bb4c5bb590b86aa36412c157c3c2f898dfa788d0469dc,1
5,45,2,3.1480813026428223,3.389803409576416,14.015559196472168,-10.625755786895752,-10.867477893829346,10.867477893829346,0.011027448489288282,4.7081014530704035,14.542108567357927,True,16430741,4f3af5eaff2b4ab575070117f657cb57aa29943bbd98bc022ac89daf9f71b97e,5e178d61c16f751c9e84d85872e444632fdb6736ec1f9b3209068cd655a592c1,fc72b7dd359724efd44f261680f45ca1bf11b170248648774ede3183a624b9a2,1
5,45,3,3.1480813026428223,2.9747214317321777,3.8483266830444336,-0.8736052513122559,-0.7002453804016113,0.7002453804016113,0.0020750441066530894,3.0078293987860207,14.730352594315557,True,16430741,4f3af5eaff2b4ab575070117f657cb57aa29943bbd98bc022ac89daf9f71b97e,5e178d61c16f751c9e84d85872e444632fdb6736ec1f9b3209068cd655a592c1,d7438b0090d085732573f55bfb1669a24c3aff8213f2d3a28b26d89596930d1f,1
5,45,4,3.1480813026428223,3.284043312072754,13.045662879943848,-9.761619567871094,-9.897581577301025,9.897581577301025,0.005740802191469089,3.1285744320961912,14.56284257408153,True,16430741,4f3af5eaff2b4ab575070117f657cb57aa29943bbd98bc022ac89daf9f71b97e,5e178d61c16f751c9e84d85872e444632fdb6736ec1f9b3209068cd655a592c1,27455497eb31068c4b1c07c5b335ad441caf28df71bbd02806370507f9a6031a,1
5,45,5,3.1480813026428223,2.9299936294555664,5.0620646476745605,-2.132071018218994,-1.9139833450317383,1.9139833450317383,-0.005792320500408091,2.664123104730636,14.673134239163439,True,16430741,4f3af5eaff2b4ab575070117f657cb57aa29943bbd98bc022ac89daf9f71b97e,5e178d61c16f751c9e84d85872e444632fdb6736ec1f9b3209068cd655a592c1,de8bb47f0cb52422ccb24b3382585fac5b4443d3159a24e84434174f74a083d4,1
5,45,6,3.1480813026428223,2.9662747383117676,7.084834575653076,-4.118559837341309,-3.936753273010254,3.936753273010254,-0.0031976796928553136,3.1290340430260115,14.666959765001913,True,16430741,4f3af5eaff2b4ab575070117f657cb57aa29943bbd98bc022ac89daf9f71b97e,5e178d61c16f751c9e84d85872e444632fdb6736ec1f9b3209068cd655a592c1,0d622536bc3088a277a29a5545e03951346d46f7c725e1ff2a77068025eea651,1
5,45,7,3.1480813026428223,3.330207347869873,10.147173881530762,-6.816966533660889,-6.9990925788879395,6.9990925788879395,0.010429302802852917,3.3893827671906243,14.513983320691317,True,16430741,4f3af5eaff2b4ab575070117f657cb57aa29943bbd98bc022ac89daf9f71b97e,5e178d61c16f751c9e84d85872e444632fdb6736ec1f9b3209068cd655a592c1,2b92b5dd188fc98d295e60cdd66ec4bca345a3bbb9809f386b15762a55909e84,1
5,45,8,3.1480813026428223,3.2946836948394775,11.687641143798828,-8.39295744895935,-8.539559841156006,8.539559841156006,0.008394639223565682,3.249915194153591,14.594459731712076,True,16430741,4f3af5eaff2b4ab575070117f657cb57aa29943bbd98bc022ac89daf9f71b97e,5e178d61c16f751c9e84d85872e444632fdb6736ec1f9b3209068cd655a592c1,c8997d5832a9e3a6a958c860fac7c419f3e0307f1499eabd388c5fcb30c64d7d,1
5,45,9,3.1480813026428223,3.068450927734375,8.692941665649414,-5.624490737915039,-5.544860363006592,5.544860363006592,0.0027886233453478116,2.38087542431431,14.762689805369932,True,16430741,4f3af5eaff2b4ab575070117f657cb57aa29943bbd98bc022ac89daf9f71b97e,5e178d61c16f751c9e84d85872e444632fdb6736ec1f9b3209068cd655a592c1,a839e924af0c9496dec101dfb1a29365ff43d947d9070f7f58d8b14762ec8c99,1
5,96,0,1.7181347608566284,1.796919822692871,1.5105595588684082,0.2863602638244629,0.20757520198822021,0.0,0.010326295473718957,3.482970990532808,14.723880889430001,True,16481588,58ba03a003e3f89ae14e88413cf3ebbb37eda884812c0215e98c17c84aab5b55,b70db282d2d0f5622425b57babb0485d426576492383847856d8ce9247254d7b,d7edd4797dacf7c2bf788bdfb2aa0b764923ac24575487178147efe22dc7d2b7,1
5,96,1,1.7181347608566284,1.9163856506347656,2.3260955810546875,-0.4097099304199219,-0.6079608201980591,0.6079608201980591,0.011546278058531817,3.215567223536004,14.649522416531742,True,16481588,58ba03a003e3f89ae14e88413cf3ebbb37eda884812c0215e98c17c84aab5b55,b70db282d2d0f5622425b57babb0485d426576492383847856d8ce9247254d7b,9d9510fb4adbec486e2bb4c5bb590b86aa36412c157c3c2f898dfa788d0469dc,1
5,96,2,1.7181347608566284,1.6638386249542236,2.057234048843384,-0.39339542388916016,-0.33909928798675537,0.33909928798675537,0.007194504570229707,2.2005833484466315,14.542108567357927,True,16481588,58ba03a003e3f89ae14e88413cf3ebbb37eda884812c0215e98c17c84aab5b55,b70db282d2d0f5622425b57babb0485d426576492383847856d8ce9247254d7b,fc72b7dd359724efd44f261680f45ca1bf11b170248648774ede3183a624b9a2,1
5,96,3,1.7181347608566284,1.660645604133606,2.258087158203125,-0.597441554069519,-0.5399523973464966,0.5399523973464966,0.010624181576875115,2.8674338302464486,14.730352594315557,True,16481588,58ba03a003e3f89ae14e88413cf3ebbb37eda884812c0215e98c17c84aab5b55,b70db282d2d0f5622425b57babb0485d426576492383847856d8ce9247254d7b,d7438b0090d085732573f55bfb1669a24c3aff8213f2d3a28b26d89596930d1f,1
5,96,4,1.7181347608566284,1.839534044265747,1.776275634765625,0.06325840950012207,-0.05814087390899658,0.05814087390899658,0.00337561718222003,2.759468229106857,14.56284257408153,True,16481588,58ba03a003e3f89ae14e88413cf3ebbb37eda884812c0215e98c17c84aab5b55,b70db282d2d0f5622425b57babb0485d426576492383847856d8ce9247254d7b,27455497eb31068c4b1c07c5b335ad441caf28df71bbd02806370507f9a6031a,1
5,96,5,1.7181347608566284,1.7887678146362305,2.4127793312072754,-0.6240115165710449,-0.694644570350647,0.694644570350647,0.011299993410653892,2.412397498832095,14.673134239163439,True,16481588,58ba03a003e3f89ae14e88413cf3ebbb37eda884812c0215e98c17c84aab5b55,b70db282d2d0f5622425b57babb0485d426576492383847856d8ce9247254d7b,de8bb47f0cb52422ccb24b3382585fac5b4443d3159a24e84434174f74a083d4,1
5,96,6,1.7181347608566284,1.7128965854644775,1.969306468963623,-0.2564098834991455,-0.25117170810699463,0.25117170810699463,0.006157584161985555,2.5598794232877076,14.666959765001913,True,16481588,58ba03a003e3f89ae14e88413cf3ebbb37eda884812c0215e98c17c84aab5b55,b70db282d2d0f5622425b57babb0485d426576492383847856d8ce9247254d7b,0d622536bc3088a277a29a5545e03951346d46f7c725e1ff2a77068025eea651,1
5,96,7,1.7181347608566284,1.762098789215088,1.815638542175293,-0.05353975296020508,-0.09750378131866455,0.09750378131866455,0.0028208087466008607,2.4775978386837436,14.513983320691317,True,16481588,58ba03a003e3f89ae14e88413cf3ebbb37eda884812c0215e98c17c84aab5b55,b70db282d2d0f5622425b57babb0485d426576492383847856d8ce9247254d7b,2b92b5dd188fc98d295e60cdd66ec4bca345a3bbb9809f386b15762a55909e84,1
5,96,8,1.7181347608566284,1.8323460817337036,1.6368560791015625,0.1954900026321411,0.08127868175506592,0.0,0.0018711655106022497,2.4084702130364404,14.594459731712076,True,16481588,58ba03a003e3f89ae14e88413cf3ebbb37eda884812c0215e98c17c84aab5b55,b70db282d2d0f5622425b57babb0485d426576492383847856d8ce9247254d7b,c8997d5832a9e3a6a958c860fac7c419f3e0307f1499eabd388c5fcb30c64d7d,1
5,96,9,1.7181347608566284,1.8517580032348633,2.081618547439575,-0.22986054420471191,-0.3634837865829468,0.3634837865829468,0.0083871631890256,2.740233537756469,14.762689805369932,True,16481588,58ba03a003e3f89ae14e88413cf3ebbb37eda884812c0215e98c17c84aab5b55,b70db282d2d0f5622425b57babb0485d426576492383847856d8ce9247254d7b,a839e924af0c9496dec101dfb1a29365ff43d947d9070f7f58d8b14762ec8c99,1
5,72,0,2.9260196685791016,1.9300501346588135,70.96078491210938,-69.03073477745056,-68.03476524353027,68.03476524353027,-0.017582883490489983,6.0195190143772255,14.723880889430001,True,16457660,31c630f5fc1745ee667c4dfa14c5db14329f01f5ec78fa7cb1d5a14b971271e5,7705406087c2d2ca3f35d090cbbfe34be4502e45fa1f126e9b34529b392187dc,d7edd4797dacf7c2bf788bdfb2aa0b764923ac24575487178147efe22dc7d2b7,1
5,72,1,2.9260196685791016,2.9640822410583496,131.472900390625,-128.50881814956665,-128.5468807220459,128.5468807220459,-0.006784674504245598,8.32904359324227,14.649522416531742,True,16457660,31c630f5fc1745ee667c4dfa14c5db14329f01f5ec78fa7cb1d5a14b971271e5,7705406087c2d2ca3f35d090cbbfe34be4502e45fa1f126e9b34529b392187dc,9d9510fb4adbec486e2bb4c5bb590b86aa36412c157c3c2f898dfa788d0469dc,1
5,72,2,2.9260196685791016,3.3956868648529053,96.6863021850586,-93.29061532020569,-93.76028251647949,93.76028251647949,-0.00254091841250505,6.588607818227831,14.542108567357927,True,16457660,31c630f5fc1745ee667c4dfa14c5db14329f01f5ec78fa7cb1d5a14b971271e5,7705406087c2d2ca3f35d090cbbfe34be4502e45fa1f126e9b34529b392187dc,fc72b7dd359724efd44f261680f45ca1bf11b170248648774ede3183a624b9a2,1
5,72,3,2.9260196685791016,1.988241195678711,111.68645477294922,-109.69821357727051,-108.76043510437012,108.76043510437012,-0.011628911291355192,9.623992830534952,14.730352594315557,True,16457660,31c630f5fc1745ee667c4dfa14c5db14329f01f5ec78fa7cb1d5a14b971271e5,7705406087c2d2ca3f35d090cbbfe34be4502e45fa1f126e9b34529b392187dc,d7438b0090d085732573f55bfb1669a24c3aff8213f2d3a28b26d89596930d1f,1
5,72,4,2.9260196685791016,2.8622965812683105,112.59204864501953,-109.72975206375122,-109.66602897644043,109.66602897644043,-0.008343583672960597,5.953690612734777,14.56284257408153,True,16457660,31c630f5fc1745ee667c4dfa14c5db14329f01f5ec78fa7cb1d5a14b971271e5,7705406087c2d2ca3f35d090cbbfe34be4502e45fa1f126e9b34529b392187dc,27455497eb31068c4b1c07c5b335ad441caf28df71bbd02806370507f9a6031a,1
5,72,5,2.9260196685791016,1.9891135692596436,70.76686096191406,-68.77774739265442,-67.84084129333496,67.84084129333496,-0.012473931739100306,7.8579564723136475,14.673134239163439,True,16457660,31c630f5fc1745ee667c4dfa14c5db14329f01f5ec78fa7cb1d5a14b971271e5,7705406087c2d2ca3f35d090cbbfe34be4502e45fa1f126e9b34529b392187dc,de8bb47f0cb52422ccb24b3382585fac5b4443d3159a24e84434174f74a083d4,1
5,72,6,2.9260196685791016,2.562558650970459,118.30996704101562,-115.74740839004517,-115.38394737243652,115.38394737243652,-0.007143753510190882,9.523822215237795,14.666959765001913,True,16457660,31c630f5fc1745ee667c4dfa14c5db14329f01f5ec78fa7cb1d5a14b971271e5,7705406087c2d2ca3f35d090cbbfe34be4502e45fa1f126e9b34529b392187dc,0d622536bc3088a277a29a5545e03951346d46f7c725e1ff2a77068025eea651,1
5,72,7,2.9260196685791016,3.465641975402832,134.3211669921875,-130.85552501678467,-131.3951473236084,131.3951473236084,0.002008399257023377,7.263500549091313,14.513983320691317,True,16457660,31c630f5fc1745ee667c4dfa14c5db14329f01f5ec78fa7cb1d5a14b971271e5,7705406087c2d2ca3f35d090cbbfe34be4502e45fa1f126e9b34529b392187dc,2b92b5dd188fc98d295e60cdd66ec4bca345a3bbb9809f386b15762a55909e84,1
5,72,8,2.9260196685791016,3.0950093269348145,174.84249877929688,-171.74748945236206,-171.91647911071777,171.91647911071777,-0.0040640695654748935,9.103805193750627,14.594459731712076,True,16457660,31c630f5fc1745ee667c4dfa14c5db14329f01f5ec78fa7cb1d5a14b971271e5,7705406087c2d2ca3f35d090cbbfe34be4502e45fa1f126e9b34529b392187dc,c8997d5832a9e3a6a958c860fac7c419f3e0307f1499eabd388c5fcb30c64d7d,1
5,72,9,2.9260196685791016,2.995670795440674,99.4349594116211,-96.43928861618042,-96.50893974304199,96.50893974304199,-0.013092721656113863,7.237545261097559,14.762689805369932,True,16457660,31c630f5fc1745ee667c4dfa14c5db14329f01f5ec78fa7cb1d5a14b971271e5,7705406087c2d2ca3f35d090cbbfe34be4502e45fa1f126e9b34529b392187dc,a839e924af0c9496dec101dfb1a29365ff43d947d9070f7f58d8b14762ec8c99,1
5,9,0,2.8291585445404053,2.7668771743774414,3.682074546813965,-0.9151973724365234,-0.8529160022735596,0.8529160022735596,-0.011904122396516142,3.319304184939559,14.723880889430001,True,16394849,25358123087c0839615040693ca0ca39bbb55e40ffc94b484d6a9509885899a1,c2dfb059733f7f733a29c898dc64d57cdb1b84b1256cdafae5db85af7e5f5e55,d7edd4797dacf7c2bf788bdfb2aa0b764923ac24575487178147efe22dc7d2b7,1
5,9,1,2.8291585445404053,2.55751371383667,2.5762076377868652,-0.018693923950195312,0.25295090675354004,0.0,-0.015763089089162498,2.504633804807322,14.649522416531742,True,16394849,25358123087c0839615040693ca0ca39bbb55e40ffc94b484d6a9509885899a1,c2dfb059733f7f733a29c898dc64d57cdb1b84b1256cdafae5db85af7e5f5e55,9d9510fb4adbec486e2bb4c5bb590b86aa36412c157c3c2f898dfa788d0469dc,1
5,9,2,2.8291585445404053,2.509946346282959,2.1625871658325195,0.34735918045043945,0.6665713787078857,0.0,-0.011745887913101855,2.6170035629604174,14.542108567357927,True,16394849,25358123087c0839615040693ca0ca39bbb55e40ffc94b484d6a9509885899a1,c2dfb059733f7f733a29c898dc64d57cdb1b84b1256cdafae5db85af7e5f5e55,fc72b7dd359724efd44f261680f45ca1bf11b170248648774ede3183a624b9a2,1
5,9,3,2.8291585445404053,2.351280689239502,1.925650715827942,0.42562997341156006,0.9035078287124634,0.0,-0.01148910851477272,2.9602487831723154,14.730352594315557,True,16394849,25358123087c0839615040693ca0ca39bbb55e40ffc94b484d6a9509885899a1,c2dfb059733f7f733a29c898dc64d57cdb1b84b1256cdafae5db85af7e5f5e55,d7438b0090d085732573f55bfb1669a24c3aff8213f2d3a28b26d89596930d1f,1
5,9,4,2.8291585445404053,2.657506227493286,4.368432998657227,-1.7109267711639404,-1.5392744541168213,1.5392744541168213,-0.011664993908953019,3.0052450616254265,14.56284257408153,True,16394849,25358123087c0839615040693ca0ca39bbb55e40ffc94b484d6a9509885899a1,c2dfb059733f7f733a29c898dc64d57cdb1b84b1256cdafae5db85af7e5f5e55,27455497eb31068c4b1c07c5b335ad441caf28df71bbd02806370507f9a6031a,1
5,9,5,2.8291585445404053,2.298915386199951,1.6288015842437744,0.6701138019561768,1.2003569602966309,0.0,-0.014077934731293661,3.236512043769965,14.673134239163439,True,16394849,25358123087c0839615040693ca0ca39bbb55e40ffc94b484d6a9509885899a1,c2dfb059733f7f733a29c898dc64d57cdb1b84b1256cdafae5db85af7e5f5e55,de8bb47f0cb52422ccb24b3382585fac5b4443d3159a24e84434174f74a083d4,1
5,9,6,2.8291585445404053,2.5061848163604736,2.144566297531128,0.3616185188293457,0.6845922470092773,0.0,-0.011845519966788917,3.3927449345600684,14.666959765001913,True,16394849,25358123087c0839615040693ca0ca39bbb55e40ffc94b484d6a9509885899a1,c2dfb059733f7f733a29c898dc64d57cdb1b84b1256cdafae5db85af7e5f5e55,0d622536bc3088a277a29a5545e03951346d46f7c725e1ff2a77068025eea651,1
5,9,7,2.8291585445404053,2.8371472358703613,2.747021198272705,0.09012603759765625,0.0821373462677002,0.0,-0.009252447003738694,3.088266608483982,14.513983320691317,True,16394849,25358123087c0839615040693ca0ca39bbb55e40ffc94b484d6a9509885899a1,c2dfb059733f7f733a29c898dc64d57cdb1b84b1256cdafae5db85af7e5f5e55,2b92b5dd188fc98d295e60cdd66ec4bca345a3bbb9809f386b15762a55909e84,1
5,9,8,2.8291585445404053,2.9354100227355957,5.607402801513672,-2.671992778778076,-2.7782442569732666,2.7782442569732666,-0.009308343860372242,3.990280105752448,14.594459731712076,True,16394849,25358123087c0839615040693ca0ca39bbb55e40ffc94b484d6a9509885899a1,c2dfb059733f7f733a29c898dc64d57cdb1b84b1256cdafae5db85af7e5f5e55,c8997d5832a9e3a6a958c860fac7c419f3e0307f1499eabd388c5fcb30c64d7d,1
5,9,9,2.8291585445404053,2.575269937515259,4.074471473693848,-1.4992015361785889,-1.2453129291534424,1.2453129291534424,-0.014030996667358946,3.397763871379009,14.762689805369932,True,16394849,25358123087c0839615040693ca0ca39bbb55e40ffc94b484d6a9509885899a1,c2dfb059733f7f733a29c898dc64d57cdb1b84b1256cdafae5db85af7e5f5e55,a839e924af0c9496dec101dfb1a29365ff43d947d9070f7f58d8b14762ec8c99,1
5,74,0,2.3272852897644043,1.7963593006134033,51.105079650878906,-49.3087203502655,-48.7777943611145,48.7777943611145,-0.011907553326128879,3.978491492468453,14.723880889430001,True,16459654,34e83da911bc6a8b8863d3249ead508e9979083b84f8114e43ee1967280c2088,6f556120e27c5c771059c1c986f477ccd93c3f241e24966e4ce2f529e0183e4f,d7edd4797dacf7c2bf788bdfb2aa0b764923ac24575487178147efe22dc7d2b7,1
5,74,1,2.3272852897644043,2.563589334487915,118.7484359741211,-116.18484663963318,-116.42115068435669,116.42115068435669,-0.0027902421587510926,5.923305494858744,14.649522416531742,True,16459654,34e83da911bc6a8b8863d3249ead508e9979083b84f8114e43ee1967280c2088,6f556120e27c5c771059c1c986f477ccd93c3f241e24966e4ce2f529e0183e4f,9d9510fb4adbec486e2bb4c5bb590b86aa36412c157c3c2f898dfa788d0469dc,1
5,74,2,2.3272852897644043,2.7486352920532227,73.34496307373047,-70.59632778167725,-71.01767778396606,71.01767778396606,0.0010651279784572745,5.5017707224135455,14.542108567357927,True,16459654,34e83da911bc6a8b8863d3249ead508e9979083b84f8114e43ee1967280c2088,6f556120e27c5c771059c1c986f477ccd93c3f241e24966e4ce2f529e0183e4f,fc72b7dd359724efd44f261680f45ca1bf11b170248648774ede3183a624b9a2,1
5,74,3,2.3272852897644043,1.8273484706878662,71.92048645019531,-70.09313797950745,-69.59320116043091,69.59320116043091,-0.010149710122941165,6.083383094194629,14.730352594315557,True,16459654,34e83da911bc6a8b8863d3249ead508e9979083b84f8114e43ee1967280c2088,6f556120e27c5c771059c1c986f477ccd93c3f241e24966e4ce2f529e0183e4f,d7438b0090d085732573f55bfb1669a24c3aff8213f2d3a28b26d89596930d1f,1
5,74,4,2.3272852897644043,2.45987606048584,120.68531036376953,-118.22543430328369,-118.35802507400513,118.35802507400513,-0.003399801236769772,4.208430451065697,14.56284257408153,True,16459654,34e83da911bc6a8b8863d3249ead508e9979083b84f8114e43ee1967280c2088,6f556120e27c5c771059c1c986f477ccd93c3f241e24966e4ce2f529e0183e4f,27455497eb31068c4b1c07c5b335ad441caf28df71bbd02806370507f9a6031a,1
5,74,5,2.3272852897644043,1.9852021932601929,57.67762756347656,-55.69242537021637,-55.35034227371216,55.35034227371216,-0.011895488664942864,5.868373541797545,14.673134239163439,True,16459654,34e83da911bc6a8b8863d3249ead508e9979083b84f8114e43ee1967280c2088,6f556120e27c5c771059c1c986f477ccd93c3f241e24966e4ce2f529e0183e4f,de8bb47f0cb52422ccb24b3382585fac5b4443d3159a24e84434174f74a083d4,1
5,74,6,2.3272852897644043,2.3094053268432617,97.36524963378906,-95.0558443069458,-95.03796434402466,95.03796434402466,-0.006540167330763057,6.9754176948022,14.666959765001913,True,16459654,34e83da911bc6a8b8863d3249ead508e9979083b84f8114e43ee1967280c2088,6f556120e27c5c771059c1c986f477ccd93c3f241e24966e4ce2f529e0183e4f,0d622536bc3088a277a29a5545e03951346d46f7c725e1ff2a77068025eea651,1
5,74,7,2.3272852897644043,2.7863621711730957,117.13824462890625,-114.35188245773315,-114.81095933914185,114.81095933914185,0.0052875810202010895,5.608889180656131,14.513983320691317,True,16459654,34e83da911bc6a8b8863d3249ead508e9979083b84f8114e43ee1967280c2088,6f556120e27c5c771059c1c986f477ccd93c3f241e24966e4ce2f529e0183e4f,2b92b5dd188fc98d295e60cdd66ec4bca345a3bbb9809f386b15762a55909e84,1
5,74,8,2.3272852897644043,2.613476037979126,163.8133544921875,-161.19987845420837,-161.4860692024231,161.4860692024231,-0.001984466358043545,6.736618800092691,14.594459731712076,True,16459654,34e83da911bc6a8b8863d3249ead508e9979083b84f8114e43ee1967280c2088,6f556120e27c5c771059c1c986f477ccd93c3f241e24966e4ce2f529e0183e4f,c8997d5832a9e3a6a958c860fac7c419f3e0307f1499eabd388c5fcb30c64d7d,1
5,74,9,2.3272852897644043,2.5877327919006348,79.42878723144531,-76.84105443954468,-77.10150194168091,77.10150194168091,-0.01164720393715641,5.2109561720687765,14.762689805369932,True,16459654,34e83da911bc6a8b8863d3249ead508e9979083b84f8114e43ee1967280c2088,6f556120e27c5c771059c1c986f477ccd93c3f241e24966e4ce2f529e0183e4f,a839e924af0c9496dec101dfb1a29365ff43d947d9070f7f58d8b14762ec8c99,1
5,88,0,2.8165385723114014,2.804419994354248,1.8623290061950684,0.9420909881591797,0.954209566116333,0.0,0.001540904402021689,3.019404645486027,14.723880889430001,True,16473612,16b6c23b71b7e8b05241ff4df9e0887972adde9b7f9333cc172438c6903db78f,04d331a85b50610437fc48003555e086be900d5de75bc189a146443f6a0725f9,d7edd4797dacf7c2bf788bdfb2aa0b764923ac24575487178147efe22dc7d2b7,1
5,88,1,2.8165385723114014,2.887333869934082,1.759901523590088,1.1274323463439941,1.0566370487213135,0.0,0.003462350539144063,2.8278527877408246,14.649522416531742,True,16473612,16b6c23b71b7e8b05241ff4df9e0887972adde9b7f9333cc172438c6903db78f,04d331a85b50610437fc48003555e086be900d5de75bc189a146443f6a0725f9,9d9510fb4adbec486e2bb4c5bb590b86aa36412c157c3c2f898dfa788d0469dc,1
5,88,2,2.8165385723114014,2.7741031646728516,2.1176915168762207,0.6564116477966309,0.6988470554351807,0.0,-0.001118288497141117,2.790239486803255,14.542108567357927,True,16473612,16b6c23b71b7e8b05241ff4df9e0887972adde9b7f9333cc172438c6903db78f,04d331a85b50610437fc48003555e086be900d5de75bc189a146443f6a0725f9,fc72b7dd359724efd44f261680f45ca1bf11b170248648774ede3183a624b9a2,1
5,88,3,2.8165385723114014,2.6602017879486084,1.7586822509765625,0.9015195369720459,1.0578563213348389,0.0,-0.0006810953812572046,2.7446571461380653,14.730352594315557,True,16473612,16b6c23b71b7e8b05241ff4df9e0887972adde9b7f9333cc172438c6903db78f,04d331a85b50610437fc48003555e086be900d5de75bc189a146443f6a0725f9,d7438b0090d085732573f55bfb1669a24c3aff8213f2d3a28b26d89596930d1f,1
5,88,4,2.8165385723114014,2.9582557678222656,3.652658462524414,-0.6944026947021484,-0.8361198902130127,0.8361198902130127,-0.0002787377788097324,2.4297755444469185,14.56284257408153,True,16473612,16b6c23b71b7e8b05241ff4df9e0887972adde9b7f9333cc172438c6903db78f,04d331a85b50610437fc48003555e086be900d5de75bc189a146443f6a0725f9,27455497eb31068c4b1c07c5b335ad441caf28df71bbd02806370507f9a6031a,1
5,88,5,2.8165385723114014,2.60066556930542,1.8509496450424194,0.7497159242630005,0.9655889272689819,0.0,0.0004036446803198062,2.7473779179496987,14.673134239163439,True,16473612,16b6c23b71b7e8b05241ff4df9e0887972adde9b7f9333cc172438c6903db78f,04d331a85b50610437fc48003555e086be900d5de75bc189a146443f6a0725f9,de8bb47f0cb52422ccb24b3382585fac5b4443d3159a24e84434174f74a083d4,1
5,88,6,2.8165385723114014,2.75769305229187,1.7608392238616943,0.9968538284301758,1.055699348449707,0.0,0.00025616968763608083,2.8993390315391747,14.666959765001913,True,16473612,16b6c23b71b7e8b05241ff4df9e0887972adde9b7f9333cc172438c6903db78f,04d331a85b50610437fc48003555e086be900d5de75bc189a146443f6a0725f9,0d622536bc3088a277a29a5545e03951346d46f7c725e1ff2a77068025eea651,1
5,88,7,2.8165385723114014,2.9312808513641357,1.9415332078933716,0.9897476434707642,0.8750053644180298,0.0,-0.0011379599003358376,3.1375464313666765,14.513983320691317,True,16473612,16b6c23b71b7e8b05241ff4df9e0887972adde9b7f9333cc172438c6903db78f,04d331a85b50610437fc48003555e086be900d5de75bc189a146443f6a0725f9,2b92b5dd188fc98d295e60cdd66ec4bca345a3bbb9809f386b15762a55909e84,1
5,88,8,2.8165385723114014,2.7436845302581787,6.311666488647461,-3.5679819583892822,-3.4951279163360596,3.4951279163360596,-0.005073506207140877,3.089323270953106,14.594459731712076,True,16473612,16b6c23b71b7e8b05241ff4df9e0887972adde9b7f9333cc172438c6903db78f,04d331a85b50610437fc48003555e086be900d5de75bc189a146443f6a0725f9,c8997d5832a9e3a6a958c860fac7c419f3e0307f1499eabd388c5fcb30c64d7d,1
5,88,9,2.8165385723114014,2.7727694511413574,2.094146728515625,0.6786227226257324,0.7223918437957764,0.0,-0.004440978309397955,2.270711455149795,14.762689805369932,True,16473612,16b6c23b71b7e8b05241ff4df9e0887972adde9b7f9333cc172438c6903db78f,04d331a85b50610437fc48003555e086be900d5de75bc189a146443f6a0725f9,a839e924af0c9496dec101dfb1a29365ff43d947d9070f7f58d8b14762ec8c99,1
5,1,0,3.305522918701172,3.2324748039245605,6.687685966491699,-3.4552111625671387,-3.3821630477905273,3.3821630477905273,-0.002690215309008182,3.4350326769875728,14.723880889430001,True,16386873,8f9bdaa6ee2d203380b8e0b755f5c78494f0903a6b8904e92f182acfcdb96b57,e5d2f237e970c1476621d91e00d3497795fccf833ba607b1c3ba740418f26020,d7edd4797dacf7c2bf788bdfb2aa0b764923ac24575487178147efe22dc7d2b7,1
5,1,1,3.305522918701172,3.53977108001709,14.05739974975586,-10.51762866973877,-10.751876831054688,10.751876831054688,0.0043683267535371125,4.676951456101769,14.649522416531742,True,16386873,8f9bdaa6ee2d203380b8e0b755f5c78494f0903a6b8904e92f182acfcdb96b57,e5d2f237e970c1476621d91e00d3497795fccf833ba607b1c3ba740418f26020,9d9510fb4adbec486e2bb4c5bb590b86aa36412c157c3c2f898dfa788d0469dc,1
5,1,2,3.305522918701172,3.4533026218414307,18.89781951904297,-15.444516897201538,-15.592296600341797,15.592296600341797,0.006682487863175145,4.400574314736097,14.542108567357927,True,16386873,8f9bdaa6ee2d203380b8e0b755f5c78494f0903a6b8904e92f182acfcdb96b57,e5d2f237e970c1476621d91e00d3497795fccf833ba607b1c3ba740418f26020,fc72b7dd359724efd44f261680f45ca1bf11b170248648774ede3183a624b9a2,1
5,1,3,3.305522918701172,3.083177089691162,10.689766883850098,-7.6065897941589355,-7.384243965148926,7.384243965148926,-0.001890555452922442,3.9777344555055607,14.730352594315557,True,16386873,8f9bdaa6ee2d203380b8e0b755f5c78494f0903a6b8904e92f182acfcdb96b57,e5d2f237e970c1476621d91e00d3497795fccf833ba607b1c3ba740418f26020,d7438b0090d085732573f55bfb1669a24c3aff8213f2d3a28b26d89596930d1f,1
5,1,4,3.305522918701172,3.5584564208984375,26.071346282958984,-22.512889862060547,-22.765823364257812,22.765823364257812,0.003328925733242343,4.124435203504807,14.56284257408153,True,16386873,8f9bdaa6ee2d203380b8e0b755f5c78494f0903a6b8904e92f182acfcdb96b57,e5d2f237e970c1476621d91e00d3497795fccf833ba607b1c3ba740418f26020,27455497eb31068c4b1c07c5b335ad441caf28df71bbd02806370507f9a6031a,1
5,1,5,3.305522918701172,3.1078364849090576,7.864245414733887,-4.756408929824829,-4.558722496032715,4.558722496032715,-0.00775556448643733,4.4887833373016,14.673134239163439,True,16386873,8f9bdaa6ee2d203380b8e0b755f5c78494f0903a6b8904e92f182acfcdb96b57,e5d2f237e970c1476621d91e00d3497795fccf833ba607b1c3ba740418f26020,de8bb47f0cb52422ccb24b3382585fac5b4443d3159a24e84434174f74a083d4,1
5,1,6,3.305522918701172,3.229318618774414,11.004084587097168,-7.774765968322754,-7.698561668395996,7.698561668395996,-0.004808087615093317,4.470846933308913,14.666959765001913,True,16386873,8f9bdaa6ee2d203380b8e0b755f5c78494f0903a6b8904e92f182acfcdb96b57,e5d2f237e970c1476621d91e00d3497795fccf833ba607b1c3ba740418f26020,0d622536bc3088a277a29a5545e03951346d46f7c725e1ff2a77068025eea651,1
5,1,7,3.305522918701172,3.6930787563323975,22.02851676940918,-18.335438013076782,-18.722993850708008,18.722993850708008,0.0016684658864052758,4.544208631696963,14.513983320691317,True,16386873,8f9bdaa6ee2d203380b8e0b755f5c78494f0903a6b8904e92f182acfcdb96b57,e5d2f237e970c1476621d91e00d3497795fccf833ba607b1c3ba740418f26020,2b92b5dd188fc98d295e60cdd66ec4bca345a3bbb9809f386b15762a55909e84,1
5,1,8,3.305522918701172,3.475870370864868,30.00379180908203,-26.527921438217163,-26.69826889038086,26.69826889038086,0.0019788100941457607,4.691804798847187,14.594459731712076,True,16386873,8f9bdaa6ee2d203380b8e0b755f5c78494f0903a6b8904e92f182acfcdb96b57,e5d2f237e970c1476621d91e00d3497795fccf833ba607b1c3ba740418f26020,c8997d5832a9e3a6a958c860fac7c419f3e0307f1499eabd388c5fcb30c64d7d,1
5,1,9,3.305522918701172,3.3612875938415527,22.451698303222656,-19.090410709381104,-19.146175384521484,19.146175384521484,-0.009901418041221488,3.4654885074444164,14.762689805369932,True,16386873,8f9bdaa6ee2d203380b8e0b755f5c78494f0903a6b8904e92f182acfcdb96b57,e5d2f237e970c1476621d91e00d3497795fccf833ba607b1c3ba740418f26020,a839e924af0c9496dec101dfb1a29365ff43d947d9070f7f58d8b14762ec8c99,1
5,38,0,1.5731391906738281,1.3011959791183472,67.16643524169922,-65.86523926258087,-65.59329605102539,65.59329605102539,-0.020197233808465782,3.471176356891168,14.723880889430001,True,16423762,55ff89ebc7b2c5f15cd4997454c9ac862a43e1726d7214bec466038e243ebd43,1ff3c98afd1de578b2f349126830a1edc7a6df93b7dbd9144810da1f4ec5bd0a,d7edd4797dacf7c2bf788bdfb2aa0b764923ac24575487178147efe22dc7d2b7,1
5,38,1,1.5731391906738281,1.5292826890945435,131.65701293945312,-130.12773025035858,-130.0838737487793,130.0838737487793,-0.012124357146379602,4.725650603891828,14.649522416531742,True,16423762,55ff89ebc7b2c5f15cd4997454c9ac862a43e1726d7214bec466038e243ebd43,1ff3c98afd1de578b2f349126830a1edc7a6df93b7dbd9144810da1f4ec5bd0a,9d9510fb4adbec486e2bb4c5bb590b86aa36412c157c3c2f898dfa788d0469dc,1
5,38,2,1.5731391906738281,1.8576751947402954,99.29653930664062,-97.43886411190033,-97.7234001159668,97.7234001159668,-0.005870265535159167,3.314793037792821,14.542108567357927,True,16423762,55ff89ebc7b2c5f15cd4997454c9ac862a43e1726d7214bec466038e243ebd43,1ff3c98afd1de578b2f349126830a1edc7a6df93b7dbd9144810da1f4ec5bd0a,fc72b7dd359724efd44f261680f45ca1bf11b170248648774ede3183a624b9a2,1
5,38,3,1.5731391906738281,1.3535652160644531,85.8780288696289,-84.52446365356445,-84.30488967895508,84.30488967895508,-0.012922672748308627,4.330611778563427,14.730352594315557,True,16423762,55ff89ebc7b2c5f15cd4997454c9ac862a43e1726d7214bec466038e243ebd43,1ff3c98afd1de578b2f349126830a1edc7a6df93b7dbd9144810da1f4ec5bd0a,d7438b0090d085732573f55bfb1669a24c3aff8213f2d3a28b26d89596930d1f,1
5,38,4,1.5731391906738281,1.6148178577423096,123.15982818603516,-121.54501032829285,-121.58668899536133,121.58668899536133,-0.009910837384211106,3.392061687075204,14.56284257408153,True,16423762,55ff89ebc7b2c5f15cd4997454c9ac862a43e1726d7214bec466038e243ebd43,1ff3c98afd1de578b2f349126830a1edc7a6df93b7dbd9144810da1f4ec5bd0a,27455497eb31068c4b1c07c5b335ad441caf28df71bbd02806370507f9a6031a,1
5,38,5,1.5731391906738281,1.329362154006958,57.74883270263672,-56.41947054862976,-56.17569351196289,56.17569351196289,-0.01344233764482798,3.975270940034401,14.673134239163439,True,16423762,55ff89ebc7b2c5f15cd4997454c9ac862a43e1726d7214bec466038e243ebd43,1ff3c98afd1de578b2f349126830a1edc7a6df93b7dbd9144810da1f4ec5bd0a,de8bb47f0cb52422ccb24b3382585fac5b4443d3159a24e84434174f74a083d4,1
5,38,6,1.5731391906738281,1.4359256029129028,94.78966522216797,-93.35373961925507,-93.21652603149414,93.21652603149414,-0.007137023353931538,5.219829188587133,14.666959765001913,True,16423762,55ff89ebc7b2c5f15cd4997454c9ac862a43e1726d7214bec466038e243ebd43,1ff3c98afd1de578b2f349126830a1edc7a6df93b7dbd9144810da1f4ec5bd0a,0d622536bc3088a277a29a5545e03951346d46f7c725e1ff2a77068025eea651,1
5,38,7,1.5731391906738281,1.738795518875122,99.73478698730469,-97.99599146842957,-98.16164779663086,98.16164779663086,-0.0005323826913707684,3.9610334925571444,14.513983320691317,True,16423762,55ff89ebc7b2c5f15cd4997454c9ac862a43e1726d7214bec466038e243ebd43,1ff3c98afd1de578b2f349126830a1edc7a6df93b7dbd9144810da1f4ec5bd0a,2b92b5dd188fc98d295e60cdd66ec4bca345a3bbb9809f386b15762a55909e84,1
5,38,8,1.5731391906738281,1.648058295249939,190.45999145507812,-188.8119331598282,-188.8868522644043,188.8868522644043,-0.004924325881394889,5.82417935422046,14.594459731712076,True,16423762,55ff89ebc7b2c5f15cd4997454c9ac862a43e1726d7214bec466038e243ebd43,1ff3c98afd1de578b2f349126830a1edc7a6df93b7dbd9144810da1f4ec5bd0a,c8997d5832a9e3a6a958c860fac7c419f3e0307f1499eabd388c5fcb30c64d7d,1
5,38,9,1.5731391906738281,1.5391665697097778,99.22350311279297,-97.68433654308319,-97.65036392211914,97.65036392211914,-0.014542216405523981,4.401381519522913,14.762689805369932,True,16423762,55ff89ebc7b2c5f15cd4997454c9ac862a43e1726d7214bec466038e243ebd43,1ff3c98afd1de578b2f349126830a1edc7a6df93b7dbd9144810da1f4ec5bd0a,a839e924af0c9496dec101dfb1a29365ff43d947d9070f7f58d8b14762ec8c99,1
5,89,0,2.7606825828552246,3.0513062477111816,0.42191317677497864,2.629393070936203,2.338769406080246,0.0,-0.0033622031740081714,4.6462713346613205,14.723880889430001,True,31960472,5ee4349fe9844ee4fbe17f5c12729a64c92f0333f94a41e996bf027ebe3a94a8,51e77007f55a38802d46c71d7553f96c74e17cd1bb5a580a12dab614e9fb5867,d7edd4797dacf7c2bf788bdfb2aa0b764923ac24575487178147efe22dc7d2b7,2
5,89,1,2.7606825828552246,2.7343392372131348,0.406811386346817,2.3275278508663177,2.3538711965084076,0.0,-0.014520681615845863,4.336146567192908,14.649522416531742,True,31960472,5ee4349fe9844ee4fbe17f5c12729a64c92f0333f94a41e996bf027ebe3a94a8,51e77007f55a38802d46c71d7553f96c74e17cd1bb5a580a12dab614e9fb5867,9d9510fb4adbec486e2bb4c5bb590b86aa36412c157c3c2f898dfa788d0469dc,2
5,89,2,2.7606825828552246,2.3990209102630615,0.25210830569267273,2.146912604570389,2.508574277162552,0.0,-0.014077699384910554,4.771410659625342,14.542108567357927,True,31960472,5ee4349fe9844ee4fbe17f5c12729a64c92f0333f94a41e996bf027ebe3a94a8,51e77007f55a38802d46c71d7553f96c74e17cd1bb5a580a12dab614e9fb5867,fc72b7dd359724efd44f261680f45ca1bf11b170248648774ede3183a624b9a2,2
5,89,3,2.7606825828552246,2.297351121902466,0.4553517997264862,1.8419993221759796,2.3053307831287384,0.0,-0.00832886521974348,5.067931268798869,14.730352594315557,True,31960472,5ee4349fe9844ee4fbe17f5c12729a64c92f0333f94a41e996bf027ebe3a94a8,51e77007f55a38802d46c71d7553f96c74e17cd1bb5a580a12dab614e9fb5867,d7438b0090d085732573f55bfb1669a24c3aff8213f2d3a28b26d89596930d1f,2
5,89,4,2.7606825828552246,2.6843948364257812,0.45171308517456055,2.2326817512512207,2.308969497680664,0.0,-0.006127634095292797,4.573052104406263,14.56284257408153,True,31960472,5ee4349fe9844ee4fbe17f5c12729a64c92f0333f94a41e996bf027ebe3a94a8,51e77007f55a38802d46c71d7553f96c74e17cd1bb5a580a12dab614e9fb5867,27455497eb31068c4b1c07c5b335ad441caf28df71bbd02806370507f9a6031a,2
5,89,5,2.7606825828552246,2.362654685974121,0.27419981360435486,2.0884548723697662,2.4864827692508698,0.0,-0.009304368948081267,4.422527812514011,14.673134239163439,True,31960472,5ee4349fe9844ee4fbe17f5c12729a64c92f0333f94a41e996bf027ebe3a94a8,51e77007f55a38802d46c71d7553f96c74e17cd1bb5a580a12dab614e9fb5867,de8bb47f0cb52422ccb24b3382585fac5b4443d3159a24e84434174f74a083d4,2
5,89,6,2.7606825828552246,2.6437385082244873,0.24809226393699646,2.395646244287491,2.512590318918228,0.0,-0.008544873461542287,3.2765489138430044,14.666959765001913,True,31960472,5ee4349fe9844ee4fbe17f5c12729a64c92f0333f94a41e996bf027ebe3a94a8,51e77007f55a38802d46c71d7553f96c74e17cd1bb5a580a12dab614e9fb5867,0d622536bc3088a277a29a5545e03951346d46f7c725e1ff2a77068025eea651,2
5,89,7,2.7606825828552246,2.8554272651672363,0.15785349905490875,2.6975737661123276,2.602829083800316,0.0,-0.006429389188268605,4.112901422155671,14.513983320691317,True,31960472,5ee4349fe9844ee4fbe17f5c12729a64c92f0333f94a41e996bf027ebe3a94a8,51e77007f55a38802d46c71d7553f96c74e17cd1bb5a580a12dab614e9fb5867,2b92b5dd188fc98d295e60cdd66ec4bca345a3bbb9809f386b15762a55909e84,2
5,89,8,2.7606825828552246,2.553313732147217,1.8083034753799438,0.745010256767273,0.9523791074752808,0.0,-0.011031035728528028,5.396883704684556,14.594459731712076,True,31960472,5ee4349fe9844ee4fbe17f5c12729a64c92f0333f94a41e996bf027ebe3a94a8,51e77007f55a38802d46c71d7553f96c74e17cd1bb5a580a12dab614e9fb5867,c8997d5832a9e3a6a958c860fac7c419f3e0307f1499eabd388c5fcb30c64d7d,2
5,89,9,2.7606825828552246,2.782270669937134,0.23596307635307312,2.5463075935840607,2.5247195065021515,0.0,-0.003017296983828812,4.393346667449275,14.762689805369932,True,31960472,5ee4349fe9844ee4fbe17f5c12729a64c92f0333f94a41e996bf027ebe3a94a8,51e77007f55a38802d46c71d7553f96c74e17cd1bb5a580a12dab614e9fb5867,a839e924af0c9496dec101dfb1a29365ff43d947d9070f7f58d8b14762ec8c99,2
5,99,0,2.316333055496216,2.0958547592163086,53.17695617675781,-51.081101417541504,-50.8606231212616,50.8606231212616,-0.013237184326029936,3.730269969355942,14.723880889430001,True,31970442,fdd492821a1b875259ba0c6d7bffa159a18695fe22b372c66459956fb4069f5d,ab4ae80b71c282fb6f00e3b81c2bac13d3b2f935e357fc27d1c87a9b49cda82a,d7edd4797dacf7c2bf788bdfb2aa0b764923ac24575487178147efe22dc7d2b7,2
5,99,1,2.316333055496216,2.4072651863098145,72.29120635986328,-69.88394117355347,-69.97487330436707,69.97487330436707,-0.002883641745187208,5.025321447711288,14.649522416531742,True,31970442,fdd492821a1b875259ba0c6d7bffa159a18695fe22b372c66459956fb4069f5d,ab4ae80b71c282fb6f00e3b81c2bac13d3b2f935e357fc27d1c87a9b49cda82a,9d9510fb4adbec486e2bb4c5bb590b86aa36412c157c3c2f898dfa788d0469dc,2
5,99,2,2.316333055496216,2.3540759086608887,67.7191162109375,-65.36504030227661,-65.40278315544128,65.40278315544128,-0.0034256150515762566,4.791682077062741,14.542108567357927,True,31970442,fdd492821a1b875259ba0c6d7bffa159a18695fe22b372c66459956fb4069f5d,ab4ae80b71c282fb6f00e3b81c2bac13d3b2f935e357fc27d1c87a9b49cda82a,fc72b7dd359724efd44f261680f45ca1bf11b170248648774ede3183a624b9a2,2
5,99,3,2.316333055496216,1.9246046543121338,84.66622924804688,-82.74162459373474,-82.34989619255066,82.34989619255066,-0.01064343069120862,5.166976880186772,14.730352594315557,True,31970442,fdd492821a1b875259ba0c6d7bffa159a18695fe22b372c66459956fb4069f5d,ab4ae80b71c282fb6f00e3b81c2bac13d3b2f935e357fc27d1c87a9b49cda82a,d7438b0090d085732573f55bfb1669a24c3aff8213f2d3a28b26d89596930d1f,2
5,99,4,2.316333055496216,2.206718921661377,77.60870361328125,-75.40198469161987,-75.29237055778503,75.29237055778503,-0.007948606990843904,2.9261537402009963,14.56284257408153,True,31970442,fdd492821a1b875259ba0c6d7bffa159a18695fe22b372c66459956fb4069f5d,ab4ae80b71c282fb6f00e3b81c2bac13d3b2f935e357fc27d1c87a9b49cda82a,27455497eb31068c4b1c07c5b335ad441caf28df71bbd02806370507f9a6031a,2
5,99,5,2.316333055496216,1.9086886644363403,61.845542907714844,-59.9368542432785,-59.52920985221863,59.52920985221863,-0.007359159793519851,4.825085525705325,14.673134239163439,True,31970442,fdd492821a1b875259ba0c6d7bffa159a18695fe22b372c66459956fb4069f5d,ab4ae80b71c282fb6f00e3b81c2bac13d3b2f935e357fc27d1c87a9b49cda82a,de8bb47f0cb52422ccb24b3382585fac5b4443d3159a24e84434174f74a083d4,2
5,99,6,2.316333055496216,2.231598377227783,53.759849548339844,-51.52825117111206,-51.44351649284363,51.44351649284363,-0.0044387766418133735,4.618144403358837,14.666959765001913,True,31970442,fdd492821a1b875259ba0c6d7bffa159a18695fe22b372c66459956fb4069f5d,ab4ae80b71c282fb6f00e3b81c2bac13d3b2f935e357fc27d1c87a9b49cda82a,0d622536bc3088a277a29a5545e03951346d46f7c725e1ff2a77068025eea651,2
5,99,7,2.316333055496216,2.5436062812805176,45.986328125,-43.44272184371948,-43.669995069503784,43.669995069503784,0.00554606616592505,3.8078765209898062,14.513983320691317,True,31970442,fdd492821a1b875259ba0c6d7bffa159a18695fe22b372c66459956fb4069f5d,ab4ae80b71c282fb6f00e3b81c2bac13d3b2f935e357fc27d1c87a9b49cda82a,2b92b5dd188fc98d295e60cdd66ec4bca345a3bbb9809f386b15762a55909e84,2
5,99,8,2.316333055496216,2.3078579902648926,96.20653533935547,-93.89867734909058,-93.89020228385925,93.89020228385925,-0.005016302896277166,5.131580465165813,14.594459731712076,True,31970442,fdd492821a1b875259ba0c6d7bffa159a18695fe22b372c66459956fb4069f5d,ab4ae80b71c282fb6f00e3b81c2bac13d3b2f935e357fc27d1c87a9b49cda82a,c8997d5832a9e3a6a958c860fac7c419f3e0307f1499eabd388c5fcb30c64d7d,2
5,99,9,2.316333055496216,2.337010145187378,55.5316276550293,-53.19461750984192,-53.21529459953308,53.21529459953308,-0.00840999805064775,3.4157387781046196,14.762689805369932,True,31970442,fdd492821a1b875259ba0c6d7bffa159a18695fe22b372c66459956fb4069f5d,ab4ae80b71c282fb6f00e3b81c2bac13d3b2f935e357fc27d1c87a9b49cda82a,a839e924af0c9496dec101dfb1a29365ff43d947d9070f7f58d8b14762ec8c99,2
5,45,0,3.4576821327209473,3.337467908859253,2.0889058113098145,1.2485620975494385,1.3687763214111328,0.0,0.013205279090497107,4.153867104284177,14.723880889430001,True,31916604,5f6d7cd9a2497f75cf8519be6ef0e97298bc142b6b6779a742d9fa8c9f795134,2e4a9c9459baaf2c2a8d212d97c8b49cbb9f49fdd2cdd9ea9889735022444d31,d7edd4797dacf7c2bf788bdfb2aa0b764923ac24575487178147efe22dc7d2b7,2
5,45,1,3.4576821327209473,3.629532814025879,5.231503486633301,-1.6019706726074219,-1.7738213539123535,1.7738213539123535,0.011806877718185003,3.897574908911038,14.649522416531742,True,31916604,5f6d7cd9a2497f75cf8519be6ef0e97298bc142b6b6779a742d9fa8c9f795134,2e4a9c9459baaf2c2a8d212d97c8b49cbb9f49fdd2cdd9ea9889735022444d31,9d9510fb4adbec486e2bb4c5bb590b86aa36412c157c3c2f898dfa788d0469dc,2
5,45,2,3.4576821327209473,3.748879909515381,9.998311996459961,-6.24943208694458,-6.540629863739014,6.540629863739014,0.012178599092429878,5.260930483766867,14.542108567357927,True,31916604,5f6d7cd9a2497f75cf8519be6ef0e97298bc142b6b6779a742d9fa8c9f795134,2e4a9c9459baaf2c2a8d212d97c8b49cbb9f49fdd2cdd9ea9889735022444d31,fc72b7dd359724efd44f261680f45ca1bf11b170248648774ede3183a624b9a2,2
5,45,3,3.4576821327209473,3.3711791038513184,1.863832712173462,1.5073463916778564,1.5938494205474854,0.0,0.011080822517476106,3.5406257417384066,14.730352594315557,True,31916604,5f6d7cd9a2497f75cf8519be6ef0e97298bc142b6b6779a742d9fa8c9f795134,2e4a9c9459baaf2c2a8d212d97c8b49cbb9f49fdd2cdd9ea9889735022444d31,d7438b0090d085732573f55bfb1669a24c3aff8213f2d3a28b26d89596930d1f,2
5,45,4,3.4576821327209473,3.61767578125,7.114165306091309,-3.4964895248413086,-3.6564831733703613,3.6564831733703613,0.007614654077212317,3.384565556823941,14.56284257408153,True,31916604,5f6d7cd9a2497f75cf8519be6ef0e97298bc142b6b6779a742d9fa8c9f795134,2e4a9c9459baaf2c2a8d212d97c8b49cbb9f49fdd2cdd9ea9889735022444d31,27455497eb31068c4b1c07c5b335ad441caf28df71bbd02806370507f9a6031a,2
5,45,5,3.4576821327209473,3.2695913314819336,3.575604200363159,-0.3060128688812256,-0.11792206764221191,0.11792206764221191,-0.00022932954075799764,3.0272966066190774,14.673134239163439,True,31916604,5f6d7cd9a2497f75cf8519be6ef0e97298bc142b6b6779a742d9fa8c9f795134,2e4a9c9459baaf2c2a8d212d97c8b49cbb9f49fdd2cdd9ea9889735022444d31,de8bb47f0cb52422ccb24b3382585fac5b4443d3159a24e84434174f74a083d4,2
5,45,6,3.4576821327209473,3.192150115966797,5.265495777130127,-2.07334566116333,-1.8078136444091797,1.8078136444091797,-0.0049092236544838515,3.3632529646549694,14.666959765001913,True,31916604,5f6d7cd9a2497f75cf8519be6ef0e97298bc142b6b6779a742d9fa8c9f795134,2e4a9c9459baaf2c2a8d212d97c8b49cbb9f49fdd2cdd9ea9889735022444d31,0d622536bc3088a277a29a5545e03951346d46f7c725e1ff2a77068025eea651,2
5,45,7,3.4576821327209473,3.6290245056152344,10.883909225463867,-7.254884719848633,-7.42622709274292,7.42622709274292,0.0060703107134715065,3.5927633621229744,14.513983320691317,True,31916604,5f6d7cd9a2497f75cf8519be6ef0e97298bc142b6b6779a742d9fa8c9f795134,2e4a9c9459baaf2c2a8d212d97c8b49cbb9f49fdd2cdd9ea9889735022444d31,2b92b5dd188fc98d295e60cdd66ec4bca345a3bbb9809f386b15762a55909e84,2
5,45,8,3.4576821327209473,3.7148003578186035,9.677129745483398,-5.962329387664795,-6.219447612762451,6.219447612762451,0.007662012319904709,3.809587136358839,14.594459731712076,True,31916604,5f6d7cd9a2497f75cf8519be6ef0e97298bc142b6b6779a742d9fa8c9f795134,2e4a9c9459baaf2c2a8d212d97c8b49cbb9f49fdd2cdd9ea9889735022444d31,c8997d5832a9e3a6a958c860fac7c419f3e0307f1499eabd388c5fcb30c64d7d,2
5,45,9,3.4576821327209473,3.527975559234619,8.440376281738281,-4.912400722503662,-4.982694149017334,4.982694149017334,-0.002429184024548544,2.5431446083960676,14.762689805369932,True,31916604,5f6d7cd9a2497f75cf8519be6ef0e97298bc142b6b6779a742d9fa8c9f795134,2e4a9c9459baaf2c2a8d212d97c8b49cbb9f49fdd2cdd9ea9889735022444d31,a839e924af0c9496dec101dfb1a29365ff43d947d9070f7f58d8b14762ec8c99,2
5,96,0,1.849165678024292,1.9897186756134033,1.6457841396331787,0.3439345359802246,0.20338153839111328,0.0,0.0024054438075711967,2.5475309125751,14.723880889430001,True,31967451,d20ce487638c40b3a220292e091601ec746ecfbefeaf350134f7ffb95fe2ee33,c4f57e8857c915450a42dde16d133a43bae52999af41e297759b0ef0a92b081a,d7edd4797dacf7c2bf788bdfb2aa0b764923ac24575487178147efe22dc7d2b7,2
5,96,1,1.849165678024292,2.041254758834839,2.419609546661377,-0.3783547878265381,-0.570443868637085,0.570443868637085,0.009803177727176583,2.9718219601931684,14.649522416531742,True,31967451,d20ce487638c40b3a220292e091601ec746ecfbefeaf350134f7ffb95fe2ee33,c4f57e8857c915450a42dde16d133a43bae52999af41e297759b0ef0a92b081a,9d9510fb4adbec486e2bb4c5bb590b86aa36412c157c3c2f898dfa788d0469dc,2
5,96,2,1.849165678024292,1.8128703832626343,2.0622756481170654,-0.24940526485443115,-0.21310997009277344,0.21310997009277344,0.015529241896726111,1.8856108630853483,14.542108567357927,True,31967451,d20ce487638c40b3a220292e091601ec746ecfbefeaf350134f7ffb95fe2ee33,c4f57e8857c915450a42dde16d133a43bae52999af41e297759b0ef0a92b081a,fc72b7dd359724efd44f261680f45ca1bf11b170248648774ede3183a624b9a2,2
5,96,3,1.849165678024292,1.8651916980743408,2.45430850982666,-0.5891168117523193,-0.6051428318023682,0.6051428318023682,0.00992233987428235,2.503834615699437,14.730352594315557,True,31967451,d20ce487638c40b3a220292e091601ec746ecfbefeaf350134f7ffb95fe2ee33,c4f57e8857c915450a42dde16d133a43bae52999af41e297759b0ef0a92b081a,d7438b0090d085732573f55bfb1669a24c3aff8213f2d3a28b26d89596930d1f,2
5,96,4,1.849165678024292,1.9466922283172607,1.8602689504623413,0.08642327785491943,-0.011103272438049316,0.011103272438049316,0.0013136666638582978,2.171437625968983,14.56284257408153,True,31967451,d20ce487638c40b3a220292e091601ec746ecfbefeaf350134f7ffb95fe2ee33,c4f57e8857c915450a42dde16d133a43bae52999af41e297759b0ef0a92b081a,27455497eb31068c4b1c07c5b335ad441caf28df71bbd02806370507f9a6031a,2
5,96,5,1.849165678024292,1.9412903785705566,2.1560587882995605,-0.2147684097290039,-0.30689311027526855,0.30689311027526855,0.008500188290803177,1.9671190255336897,14.673134239163439,True,31967451,d20ce487638c40b3a220292e091601ec746ecfbefeaf350134f7ffb95fe2ee33,c4f57e8857c915450a42dde16d133a43bae52999af41e297759b0ef0a92b081a,de8bb47f0cb52422ccb24b3382585fac5b4443d3159a24e84434174f74a083d4,2
5,96,6,1.849165678024292,1.821933388710022,1.9724611043930054,-0.1505277156829834,-0.12329542636871338,0.12329542636871338,0.004597874666812743,2.0502309196243194,14.666959765001913,True,31967451,d20ce487638c40b3a220292e091601ec746ecfbefeaf350134f7ffb95fe2ee33,c4f57e8857c915450a42dde16d133a43bae52999af41e297759b0ef0a92b081a,0d622536bc3088a277a29a5545e03951346d46f7c725e1ff2a77068025eea651,2
5,96,7,1.849165678024292,1.7891874313354492,1.6047818660736084,0.18440556526184082,0.2443838119506836,0.0,0.0021414316503138935,2.1883796413342167,14.513983320691317,True,31967451,d20ce487638c40b3a220292e091601ec746ecfbefeaf350134f7ffb95fe2ee33,c4f57e8857c915450a42dde16d133a43bae52999af41e297759b0ef0a92b081a,2b92b5dd188fc98d295e60cdd66ec4bca345a3bbb9809f386b15762a55909e84,2
5,96,8,1.849165678024292,1.94870126247406,1.8295625448226929,0.11913871765136719,0.01960313320159912,0.0,0.0013422966346672428,2.1804846631242865,14.594459731712076,True,31967451,d20ce487638c40b3a220292e091601ec746ecfbefeaf350134f7ffb95fe2ee33,c4f57e8857c915450a42dde16d133a43bae52999af41e297759b0ef0a92b081a,c8997d5832a9e3a6a958c860fac7c419f3e0307f1499eabd388c5fcb30c64d7d,2
5,96,9,1.849165678024292,1.9464987516403198,2.073537826538086,-0.1270390748977661,-0.22437214851379395,0.22437214851379395,0.00637250607399431,2.3356708132930497,14.762689805369932,True,31967451,d20ce487638c40b3a220292e091601ec746ecfbefeaf350134f7ffb95fe2ee33,c4f57e8857c915450a42dde16d133a43bae52999af41e297759b0ef0a92b081a,a839e924af0c9496dec101dfb1a29365ff43d947d9070f7f58d8b14762ec8c99,2
5,72,0,2.4043631553649902,1.538311243057251,100.33565521240234,-98.79734396934509,-97.93129205703735,97.93129205703735,-0.01954862480912903,6.917861027723114,14.723880889430001,True,31943523,ec32add0f8c84b0c72302a7a063eaa2adfff29d838fa8287342317901483aaf5,16fc92ca8df7bd28746c8e618e6105fa90cecefaad1497b207a5be0f8bfde238,d7edd4797dacf7c2bf788bdfb2aa0b764923ac24575487178147efe22dc7d2b7,2
5,72,1,2.4043631553649902,2.4863784313201904,101.34603881835938,-98.85966038703918,-98.94167566299438,98.94167566299438,-0.006475086917873004,8.652434649909795,14.649522416531742,True,31943523,ec32add0f8c84b0c72302a7a063eaa2adfff29d838fa8287342317901483aaf5,16fc92ca8df7bd28746c8e618e6105fa90cecefaad1497b207a5be0f8bfde238,9d9510fb4adbec486e2bb4c5bb590b86aa36412c157c3c2f898dfa788d0469dc,2
5,72,2,2.4043631553649902,3.0374035835266113,57.717735290527344,-54.68033170700073,-55.31337213516235,55.31337213516235,0.0010947537746844114,5.708961459594234,14.542108567357927,True,31943523,ec32add0f8c84b0c72302a7a063eaa2adfff29d838fa8287342317901483aaf5,16fc92ca8df7bd28746c8e618e6105fa90cecefaad1497b207a5be0f8bfde238,fc72b7dd359724efd44f261680f45ca1bf11b170248648774ede3183a624b9a2,2
5,72,3,2.4043631553649902,1.6127547025680542,148.91029357910156,-147.2975388765335,-146.50593042373657,146.50593042373657,-0.011640401762237122,9.659645389002305,14.730352594315557,True,31943523,ec32add0f8c84b0c72302a7a063eaa2adfff29d838fa8287342317901483aaf5,16fc92ca8df7bd28746c8e618e6105fa90cecefaad1497b207a5be0f8bfde238,d7438b0090d085732573f55bfb1669a24c3aff8213f2d3a28b26d89596930d1f,2
5,72,4,2.4043631553649902,2.5310568809509277,112.55703735351562,-110.0259804725647,-110.15267419815063,110.15267419815063,-0.005900297077636646,6.752471335670642,14.56284257408153,True,31943523,ec32add0f8c84b0c72302a7a063eaa2adfff29d838fa8287342317901483aaf5,16fc92ca8df7bd28746c8e618e6105fa90cecefaad1497b207a5be0f8bfde238,27455497eb31068c4b1c07c5b335ad441caf28df71bbd02806370507f9a6031a,2
5,72,5,2.4043631553649902,1.81662917137146,84.40426635742188,-82.58763718605042,-81.99990320205688,81.99990320205688,-0.01195897801277387,8.096742679959263,14.673134239163439,True,31943523,ec32add0f8c84b0c72302a7a063eaa2adfff29d838fa8287342317901483aaf5,16fc92ca8df7bd28746c8e618e6105fa90cecefaad1497b207a5be0f8bfde238,de8bb47f0cb52422ccb24b3382585fac5b4443d3159a24e84434174f74a083d4,2
5,72,6,2.4043631553649902,2.097424030303955,112.39784240722656,-110.30041837692261,-109.99347925186157,109.99347925186157,-0.007165880569295347,9.761687547842023,14.666959765001913,True,31943523,ec32add0f8c84b0c72302a7a063eaa2adfff29d838fa8287342317901483aaf5,16fc92ca8df7bd28746c8e618e6105fa90cecefaad1497b207a5be0f8bfde238,0d622536bc3088a277a29a5545e03951346d46f7c725e1ff2a77068025eea651,2
5,72,7,2.4043631553649902,2.897278308868408,96.32423400878906,-93.42695569992065,-93.91987085342407,93.91987085342407,0.001319066177081376,6.883375533354091,14.513983320691317,True,31943523,ec32add0f8c84b0c72302a7a063eaa2adfff29d838fa8287342317901483aaf5,16fc92ca8df7bd28746c8e618e6105fa90cecefaad1497b207a5be0f8bfde238,2b92b5dd188fc98d295e60cdd66ec4bca345a3bbb9809f386b15762a55909e84,2
5,72,8,2.4043631553649902,2.723538398742676,148.90084838867188,-146.1773099899292,-146.49648523330688,146.49648523330688,-0.0036816735218384005,8.599392470509567,14.594459731712076,True,31943523,ec32add0f8c84b0c72302a7a063eaa2adfff29d838fa8287342317901483aaf5,16fc92ca8df7bd28746c8e618e6105fa90cecefaad1497b207a5be0f8bfde238,c8997d5832a9e3a6a958c860fac7c419f3e0307f1499eabd388c5fcb30c64d7d,2
5,72,9,2.4043631553649902,2.649915933609009,68.39083099365234,-65.74091506004333,-65.98646783828735,65.98646783828735,-0.014245704379947986,6.936688763821002,14.762689805369932,True,31943523,ec32add0f8c84b0c72302a7a063eaa2adfff29d838fa8287342317901483aaf5,16fc92ca8df7bd28746c8e618e6105fa90cecefaad1497b207a5be0f8bfde238,a839e924af0c9496dec101dfb1a29365ff43d947d9070f7f58d8b14762ec8c99,2
5,9,0,2.558018445968628,2.554274559020996,3.423663854598999,-0.8693892955780029,-0.8656454086303711,0.8656454086303711,-0.014258329420101395,3.1637830103337103,14.723880889430001,True,31880712,0551ec124bf7b92bfc46bc9947acadc365c76c6c703bd3d4e7c0cffe496f580f,5f29b5c0ef851ca60b69cc30358ce56390689d65ca830dff3af52f960be844e7,d7edd4797dacf7c2bf788bdfb2aa0b764923ac24575487178147efe22dc7d2b7,2
5,9,1,2.558018445968628,2.295248508453369,9.89854621887207,-7.603297710418701,-7.340527772903442,7.340527772903442,-0.01678287858500189,2.2881318461365834,14.649522416531742,True,31880712,0551ec124bf7b92bfc46bc9947acadc365c76c6c703bd3d4e7c0cffe496f580f,5f29b5c0ef851ca60b69cc30358ce56390689d65ca830dff3af52f960be844e7,9d9510fb4adbec486e2bb4c5bb590b86aa36412c157c3c2f898dfa788d0469dc,2
5,9,2,2.558018445968628,2.244265556335449,5.998685359954834,-3.7544198036193848,-3.440666913986206,3.440666913986206,-0.01142681605296503,2.5873829833411235,14.542108567357927,True,31880712,0551ec124bf7b92bfc46bc9947acadc365c76c6c703bd3d4e7c0cffe496f580f,5f29b5c0ef851ca60b69cc30358ce56390689d65ca830dff3af52f960be844e7,fc72b7dd359724efd44f261680f45ca1bf11b170248648774ede3183a624b9a2,2
5,9,3,2.558018445968628,2.1594078540802,9.917120933532715,-7.757713079452515,-7.359102487564087,7.359102487564087,-0.012920590143444828,3.4595900463968032,14.730352594315557,True,31880712,0551ec124bf7b92bfc46bc9947acadc365c76c6c703bd3d4e7c0cffe496f580f,5f29b5c0ef851ca60b69cc30358ce56390689d65ca830dff3af52f960be844e7,d7438b0090d085732573f55bfb1669a24c3aff8213f2d3a28b26d89596930d1f,2
5,9,4,2.558018445968628,2.4236900806427,12.416642189025879,-9.992952108383179,-9.858623743057251,9.858623743057251,-0.010320142309200772,2.8912478239113937,14.56284257408153,True,31880712,0551ec124bf7b92bfc46bc9947acadc365c76c6c703bd3d4e7c0cffe496f580f,5f29b5c0ef851ca60b69cc30358ce56390689d65ca830dff3af52f960be844e7,27455497eb31068c4b1c07c5b335ad441caf28df71bbd02806370507f9a6031a,2
5,9,5,2.558018445968628,2.0285449028015137,5.868522644042969,-3.839977741241455,-3.310504198074341,3.310504198074341,-0.014526272697780592,3.4606122607747007,14.673134239163439,True,31880712,0551ec124bf7b92bfc46bc9947acadc365c76c6c703bd3d4e7c0cffe496f580f,5f29b5c0ef851ca60b69cc30358ce56390689d65ca830dff3af52f960be844e7,de8bb47f0cb52422ccb24b3382585fac5b4443d3159a24e84434174f74a083d4,2
5,9,6,2.558018445968628,2.2645115852355957,5.011821746826172,-2.747310161590576,-2.453803300857544,2.453803300857544,-0.009853735537695637,3.537877890312562,14.666959765001913,True,31880712,0551ec124bf7b92bfc46bc9947acadc365c76c6c703bd3d4e7c0cffe496f580f,5f29b5c0ef851ca60b69cc30358ce56390689d65ca830dff3af52f960be844e7,0d622536bc3088a277a29a5545e03951346d46f7c725e1ff2a77068025eea651,2
5,9,7,2.558018445968628,2.5367650985717773,2.593449831008911,-0.05668473243713379,-0.0354313850402832,0.0354313850402832,-0.005865090987425882,2.875826031119994,14.513983320691317,True,31880712,0551ec124bf7b92bfc46bc9947acadc365c76c6c703bd3d4e7c0cffe496f580f,5f29b5c0ef851ca60b69cc30358ce56390689d65ca830dff3af52f960be844e7,2b92b5dd188fc98d295e60cdd66ec4bca345a3bbb9809f386b15762a55909e84,2
5,9,8,2.558018445968628,2.7119245529174805,11.672975540161133,-8.961050987243652,-9.114957094192505,9.114957094192505,-0.005536892751485852,3.7658882795335855,14.594459731712076,True,31880712,0551ec124bf7b92bfc46bc9947acadc365c76c6c703bd3d4e7c0cffe496f580f,5f29b5c0ef851ca60b69cc30358ce56390689d65ca830dff3af52f960be844e7,c8997d5832a9e3a6a958c860fac7c419f3e0307f1499eabd388c5fcb30c64d7d,2
5,9,9,2.558018445968628,2.2399978637695312,11.554756164550781,-9.31475830078125,-8.996737718582153,8.996737718582153,-0.016004195752261113,3.0918969492748234,14.762689805369932,True,31880712,0551ec124bf7b92bfc46bc9947acadc365c76c6c703bd3d4e7c0cffe496f580f,5f29b5c0ef851ca60b69cc30358ce56390689d65ca830dff3af52f960be844e7,a839e924af0c9496dec101dfb1a29365ff43d947d9070f7f58d8b14762ec8c99,2
5,74,0,2.6995887756347656,2.112288475036621,84.76985168457031,-82.65756320953369,-82.07026290893555,82.07026290893555,-0.01777051727163465,5.123797334580042,14.723880889430001,True,31945517,a87d32b8ebb9c07c5421dc9f831ed9eba638243ed5ea074da7a242be6dc07671,0fd03ebcea77a0a0a36c83d65ccee7201814cd26a23b89f26df5520f2a00afa6,d7edd4797dacf7c2bf788bdfb2aa0b764923ac24575487178147efe22dc7d2b7,2
5,74,1,2.6995887756347656,2.807403564453125,164.3121337890625,-161.50473022460938,-161.61254501342773,161.61254501342773,-0.0036937468558786058,7.356658315341808,14.649522416531742,True,31945517,a87d32b8ebb9c07c5421dc9f831ed9eba638243ed5ea074da7a242be6dc07671,0fd03ebcea77a0a0a36c83d65ccee7201814cd26a23b89f26df5520f2a00afa6,9d9510fb4adbec486e2bb4c5bb590b86aa36412c157c3c2f898dfa788d0469dc,2
5,74,2,2.6995887756347656,2.9345099925994873,139.501220703125,-136.5667107105255,-136.80163192749023,136.80163192749023,-0.001150678599132213,6.197727643517734,14.542108567357927,True,31945517,a87d32b8ebb9c07c5421dc9f831ed9eba638243ed5ea074da7a242be6dc07671,0fd03ebcea77a0a0a36c83d65ccee7201814cd26a23b89f26df5520f2a00afa6,fc72b7dd359724efd44f261680f45ca1bf11b170248648774ede3183a624b9a2,2
5,74,3,2.6995887756347656,2.001039743423462,98.04629516601562,-96.04525542259216,-95.34670639038086,95.34670639038086,-0.011984664295985001,7.2387013057621665,14.730352594315557,True,31945517,a87d32b8ebb9c07c5421dc9f831ed9eba638243ed5ea074da7a242be6dc07671,0fd03ebcea77a0a0a36c83d65ccee7201814cd26a23b89f26df5520f2a00afa6,d7438b0090d085732573f55bfb1669a24c3aff8213f2d3a28b26d89596930d1f,2
5,74,4,2.6995887756347656,2.7639925479888916,147.61622619628906,-144.85223364830017,-144.9166374206543,144.9166374206543,-0.007835665694828032,4.269783921279021,14.56284257408153,True,31945517,a87d32b8ebb9c07c5421dc9f831ed9eba638243ed5ea074da7a242be6dc07671,0fd03ebcea77a0a0a36c83d65ccee7201814cd26a23b89f26df5520f2a00afa6,27455497eb31068c4b1c07c5b335ad441caf28df71bbd02806370507f9a6031a,2
5,74,5,2.6995887756347656,2.040271282196045,95.52120208740234,-93.4809308052063,-92.82161331176758,92.82161331176758,-0.011352827641913948,6.457570160258842,14.673134239163439,True,31945517,a87d32b8ebb9c07c5421dc9f831ed9eba638243ed5ea074da7a242be6dc07671,0fd03ebcea77a0a0a36c83d65ccee7201814cd26a23b89f26df5520f2a00afa6,de8bb47f0cb52422ccb24b3382585fac5b4443d3159a24e84434174f74a083d4,2
5,74,6,2.6995887756347656,2.628368377685547,120.87258911132812,-118.24422073364258,-118.17300033569336,118.17300033569336,-0.006958600716193181,8.034779215040041,14.666959765001913,True,31945517,a87d32b8ebb9c07c5421dc9f831ed9eba638243ed5ea074da7a242be6dc07671,0fd03ebcea77a0a0a36c83d65ccee7201814cd26a23b89f26df5520f2a00afa6,0d622536bc3088a277a29a5545e03951346d46f7c725e1ff2a77068025eea651,2
5,74,7,2.6995887756347656,3.321467399597168,142.60833740234375,-139.28687000274658,-139.90874862670898,139.90874862670898,0.0020970416738184984,5.891455869751416,14.513983320691317,True,31945517,a87d32b8ebb9c07c5421dc9f831ed9eba638243ed5ea074da7a242be6dc07671,0fd03ebcea77a0a0a36c83d65ccee7201814cd26a23b89f26df5520f2a00afa6,2b92b5dd188fc98d295e60cdd66ec4bca345a3bbb9809f386b15762a55909e84,2
5,74,8,2.6995887756347656,3.00838303565979,242.73843383789062,-239.73005080223083,-240.03884506225586,240.03884506225586,-0.0033055772853353665,8.05176478308337,14.594459731712076,True,31945517,a87d32b8ebb9c07c5421dc9f831ed9eba638243ed5ea074da7a242be6dc07671,0fd03ebcea77a0a0a36c83d65ccee7201814cd26a23b89f26df5520f2a00afa6,c8997d5832a9e3a6a958c860fac7c419f3e0307f1499eabd388c5fcb30c64d7d,2
5,74,9,2.6995887756347656,2.8824660778045654,115.229736328125,-112.34727025032043,-112.53014755249023,112.53014755249023,-0.01187331651780924,6.2105543874107685,14.762689805369932,True,31945517,a87d32b8ebb9c07c5421dc9f831ed9eba638243ed5ea074da7a242be6dc07671,0fd03ebcea77a0a0a36c83d65ccee7201814cd26a23b89f26df5520f2a00afa6,a839e924af0c9496dec101dfb1a29365ff43d947d9070f7f58d8b14762ec8c99,2
5,88,0,2.5907394886016846,2.6235551834106445,1.712489128112793,0.9110660552978516,0.8782503604888916,0.0,0.004632713176228381,3.292432337925402,14.723880889430001,True,31959475,17a695d0396c7c8c20d710debe7a7a9f73cf99158fcab1253bf921b439a41655,cf6082524f5f0b3aa970f9f468fdcef787e0bae38ca10b573fa22fed51ca1550,d7edd4797dacf7c2bf788bdfb2aa0b764923ac24575487178147efe22dc7d2b7,2
5,88,1,2.5907394886016846,2.631740093231201,5.0473175048828125,-2.4155774116516113,-2.456578016281128,2.456578016281128,0.004101775965566524,3.6734590136277907,14.649522416531742,True,31959475,17a695d0396c7c8c20d710debe7a7a9f73cf99158fcab1253bf921b439a41655,cf6082524f5f0b3aa970f9f468fdcef787e0bae38ca10b573fa22fed51ca1550,9d9510fb4adbec486e2bb4c5bb590b86aa36412c157c3c2f898dfa788d0469dc,2
5,88,2,2.5907394886016846,2.61769437789917,11.177255630493164,-8.559561252593994,-8.58651614189148,8.58651614189148,0.00032518364497263573,3.565161014906553,14.542108567357927,True,31959475,17a695d0396c7c8c20d710debe7a7a9f73cf99158fcab1253bf921b439a41655,cf6082524f5f0b3aa970f9f468fdcef787e0bae38ca10b573fa22fed51ca1550,fc72b7dd359724efd44f261680f45ca1bf11b170248648774ede3183a624b9a2,2
5,88,3,2.5907394886016846,2.35087513923645,4.2035298347473145,-1.8526546955108643,-1.6127903461456299,1.6127903461456299,0.00040245421597773483,3.1521776901040948,14.730352594315557,True,31959475,17a695d0396c7c8c20d710debe7a7a9f73cf99158fcab1253bf921b439a41655,cf6082524f5f0b3aa970f9f468fdcef787e0bae38ca10b573fa22fed51ca1550,d7438b0090d085732573f55bfb1669a24c3aff8213f2d3a28b26d89596930d1f,2
5,88,4,2.5907394886016846,2.736360549926758,9.44752025604248,-6.711159706115723,-6.856780767440796,6.856780767440796,-0.002668501814644362,2.5024339356855703,14.56284257408153,True,31959475,17a695d0396c7c8c20d710debe7a7a9f73cf99158fcab1253bf921b439a41655,cf6082524f5f0b3aa970f9f468fdcef787e0bae38ca10b573fa22fed51ca1550,27455497eb31068c4b1c07c5b335ad441caf28df71bbd02806370507f9a6031a,2
5,88,5,2.5907394886016846,2.377359390258789,4.239347457885742,-1.8619880676269531,-1.6486079692840576,1.6486079692840576,-0.0010546794824924939,3.318990572704679,14.673134239163439,True,31959475,17a695d0396c7c8c20d710debe7a7a9f73cf99158fcab1253bf921b439a41655,cf6082524f5f0b3aa970f9f468fdcef787e0bae38ca10b573fa22fed51ca1550,de8bb47f0cb52422ccb24b3382585fac5b4443d3159a24e84434174f74a083d4,2
5,88,6,2.5907394886016846,2.6289937496185303,4.084973335266113,-1.455979585647583,-1.4942338466644287,1.4942338466644287,-0.0004890565857896676,3.2989157952495836,14.666959765001913,True,31959475,17a695d0396c7c8c20d710debe7a7a9f73cf99158fcab1253bf921b439a41655,cf6082524f5f0b3aa970f9f468fdcef787e0bae38ca10b573fa22fed51ca1550,0d622536bc3088a277a29a5545e03951346d46f7c725e1ff2a77068025eea651,2
5,88,7,2.5907394886016846,2.8037142753601074,9.34786319732666,-6.544148921966553,-6.757123708724976,6.757123708724976,0.0017780871735325625,3.4444219711974147,14.513983320691317,True,31959475,17a695d0396c7c8c20d710debe7a7a9f73cf99158fcab1253bf921b439a41655,cf6082524f5f0b3aa970f9f468fdcef787e0bae38ca10b573fa22fed51ca1550,2b92b5dd188fc98d295e60cdd66ec4bca345a3bbb9809f386b15762a55909e84,2
5,88,8,2.5907394886016846,2.525657892227173,14.927912712097168,-12.402254819869995,-12.337173223495483,12.337173223495483,-0.006915295371795064,3.590494055118022,14.594459731712076,True,31959475,17a695d0396c7c8c20d710debe7a7a9f73cf99158fcab1253bf921b439a41655,cf6082524f5f0b3aa970f9f468fdcef787e0bae38ca10b573fa22fed51ca1550,c8997d5832a9e3a6a958c860fac7c419f3e0307f1499eabd388c5fcb30c64d7d,2
5,88,9,2.5907394886016846,2.5399231910705566,10.94188404083252,-8.401960849761963,-8.351144552230835,8.351144552230835,-0.0075004958050352705,2.670232511040843,14.762689805369932,True,31959475,17a695d0396c7c8c20d710debe7a7a9f73cf99158fcab1253bf921b439a41655,cf6082524f5f0b3aa970f9f468fdcef787e0bae38ca10b573fa22fed51ca1550,a839e924af0c9496dec101dfb1a29365ff43d947d9070f7f58d8b14762ec8c99,2
5,1,0,3.196716785430908,2.938852548599243,13.147562026977539,-10.208709478378296,-9.95084524154663,9.95084524154663,-0.0056191496068263855,4.0251942551999464,14.723880889430001,True,31872736,e73bab155864c519c3c9488894ed286ed35dda854dc4de044cdb6f2bebecbe9a,e3d5ea8404a01b3b5a2d9bf705e9d64a72622ba3d9fc308762d2d69359ea7dc0,d7edd4797dacf7c2bf788bdfb2aa0b764923ac24575487178147efe22dc7d2b7,2
5,1,1,3.196716785430908,3.378849506378174,22.87405014038086,-19.495200634002686,-19.67733335494995,19.67733335494995,0.0022447455344232594,4.96200577784427,14.649522416531742,True,31872736,e73bab155864c519c3c9488894ed286ed35dda854dc4de044cdb6f2bebecbe9a,e3d5ea8404a01b3b5a2d9bf705e9d64a72622ba3d9fc308762d2d69359ea7dc0,9d9510fb4adbec486e2bb4c5bb590b86aa36412c157c3c2f898dfa788d0469dc,2
5,1,2,3.196716785430908,3.5036187171936035,26.412513732910156,-22.908895015716553,-23.215796947479248,23.215796947479248,0.0014150689651222998,5.153205839773688,14.542108567357927,True,31872736,e73bab155864c519c3c9488894ed286ed35dda854dc4de044cdb6f2bebecbe9a,e3d5ea8404a01b3b5a2d9bf705e9d64a72622ba3d9fc308762d2d69359ea7dc0,fc72b7dd359724efd44f261680f45ca1bf11b170248648774ede3183a624b9a2,2
5,1,3,3.196716785430908,2.9615824222564697,13.88359546661377,-10.9220130443573,-10.686878681182861,10.686878681182861,0.0013056714192386232,3.7190210154592034,14.730352594315557,True,31872736,e73bab155864c519c3c9488894ed286ed35dda854dc4de044cdb6f2bebecbe9a,e3d5ea8404a01b3b5a2d9bf705e9d64a72622ba3d9fc308762d2d69359ea7dc0,d7438b0090d085732573f55bfb1669a24c3aff8213f2d3a28b26d89596930d1f,2
5,1,4,3.196716785430908,3.459603786468506,39.22565460205078,-35.766050815582275,-36.02893781661987,36.02893781661987,0.0018606018096665544,4.166826651865665,14.56284257408153,True,31872736,e73bab155864c519c3c9488894ed286ed35dda854dc4de044cdb6f2bebecbe9a,e3d5ea8404a01b3b5a2d9bf705e9d64a72622ba3d9fc308762d2d69359ea7dc0,27455497eb31068c4b1c07c5b335ad441caf28df71bbd02806370507f9a6031a,2
5,1,5,3.196716785430908,3.041421890258789,14.993234634399414,-11.951812744140625,-11.796517848968506,11.796517848968506,-0.004723070896191138,4.703644157653064,14.673134239163439,True,31872736,e73bab155864c519c3c9488894ed286ed35dda854dc4de044cdb6f2bebecbe9a,e3d5ea8404a01b3b5a2d9bf705e9d64a72622ba3d9fc308762d2d69359ea7dc0,de8bb47f0cb52422ccb24b3382585fac5b4443d3159a24e84434174f74a083d4,2
5,1,6,3.196716785430908,3.0238325595855713,25.702672958374023,-22.678840398788452,-22.505956172943115,22.505956172943115,-0.005295923797483521,5.50156611796475,14.666959765001913,True,31872736,e73bab155864c519c3c9488894ed286ed35dda854dc4de044cdb6f2bebecbe9a,e3d5ea8404a01b3b5a2d9bf705e9d64a72622ba3d9fc308762d2d69359ea7dc0,0d622536bc3088a277a29a5545e03951346d46f7c725e1ff2a77068025eea651,2
5,1,7,3.196716785430908,3.5392799377441406,28.07282257080078,-24.53354263305664,-24.876105785369873,24.876105785369873,0.006625057219783332,4.889805917397993,14.513983320691317,True,31872736,e73bab155864c519c3c9488894ed286ed35dda854dc4de044cdb6f2bebecbe9a,e3d5ea8404a01b3b5a2d9bf705e9d64a72622ba3d9fc308762d2d69359ea7dc0,2b92b5dd188fc98d295e60cdd66ec4bca345a3bbb9809f386b15762a55909e84,2
5,1,8,3.196716785430908,3.337749719619751,45.697166442871094,-42.35941672325134,-42.500449657440186,42.500449657440186,-0.0013996517052039437,5.525267306500154,14.594459731712076,True,31872736,e73bab155864c519c3c9488894ed286ed35dda854dc4de044cdb6f2bebecbe9a,e3d5ea8404a01b3b5a2d9bf705e9d64a72622ba3d9fc308762d2d69359ea7dc0,c8997d5832a9e3a6a958c860fac7c419f3e0307f1499eabd388c5fcb30c64d7d,2
5,1,9,3.196716785430908,3.2836105823516846,33.289546966552734,-30.00593638420105,-30.092830181121826,30.092830181121826,-0.009756101183913849,3.8350772191608273,14.762689805369932,True,31872736,e73bab155864c519c3c9488894ed286ed35dda854dc4de044cdb6f2bebecbe9a,e3d5ea8404a01b3b5a2d9bf705e9d64a72622ba3d9fc308762d2d69359ea7dc0,a839e924af0c9496dec101dfb1a29365ff43d947d9070f7f58d8b14762ec8c99,2
5,38,0,1.5992941856384277,1.3960936069488525,66.09117126464844,-64.69507765769958,-64.49187707901001,64.49187707901001,-0.021161134770526537,3.894371120545127,14.723880889430001,True,31909625,0ae38c573e27f249854285e06101758b6471679bca4ec5524151f41ac781fc8d,852d79da7d3bfffb9a63f3a43f3ed642c5977ff3b272c755707aa58907af79ed,d7edd4797dacf7c2bf788bdfb2aa0b764923ac24575487178147efe22dc7d2b7,2
5,38,1,1.5992941856384277,1.4050319194793701,98.16059875488281,-96.75556683540344,-96.56130456924438,96.56130456924438,-0.0106403585574395,5.16459204317316,14.649522416531742,True,31909625,0ae38c573e27f249854285e06101758b6471679bca4ec5524151f41ac781fc8d,852d79da7d3bfffb9a63f3a43f3ed642c5977ff3b272c755707aa58907af79ed,9d9510fb4adbec486e2bb4c5bb590b86aa36412c157c3c2f898dfa788d0469dc,2
5,38,2,1.5992941856384277,1.6828334331512451,83.7295150756836,-82.04668164253235,-82.13022089004517,82.13022089004517,-0.004052417244794612,3.7031683849716157,14.542108567357927,True,31909625,0ae38c573e27f249854285e06101758b6471679bca4ec5524151f41ac781fc8d,852d79da7d3bfffb9a63f3a43f3ed642c5977ff3b272c755707aa58907af79ed,fc72b7dd359724efd44f261680f45ca1bf11b170248648774ede3183a624b9a2,2
5,38,3,1.5992941856384277,1.344273328781128,150.00140380859375,-148.65713047981262,-148.40210962295532,148.40210962295532,-0.012725059769449012,4.867125176080855,14.730352594315557,True,31909625,0ae38c573e27f249854285e06101758b6471679bca4ec5524151f41ac781fc8d,852d79da7d3bfffb9a63f3a43f3ed642c5977ff3b272c755707aa58907af79ed,d7438b0090d085732573f55bfb1669a24c3aff8213f2d3a28b26d89596930d1f,2
5,38,4,1.5992941856384277,1.5246585607528687,114.68745422363281,-113.16279566287994,-113.08816003799438,113.08816003799438,-0.0058890040273305855,3.8248401158901646,14.56284257408153,True,31909625,0ae38c573e27f249854285e06101758b6471679bca4ec5524151f41ac781fc8d,852d79da7d3bfffb9a63f3a43f3ed642c5977ff3b272c755707aa58907af79ed,27455497eb31068c4b1c07c5b335ad441caf28df71bbd02806370507f9a6031a,2
5,38,5,1.5992941856384277,1.3617846965789795,93.51770782470703,-92.15592312812805,-91.9184136390686,91.9184136390686,-0.011816920743770724,4.8398203013603105,14.673134239163439,True,31909625,0ae38c573e27f249854285e06101758b6471679bca4ec5524151f41ac781fc8d,852d79da7d3bfffb9a63f3a43f3ed642c5977ff3b272c755707aa58907af79ed,de8bb47f0cb52422ccb24b3382585fac5b4443d3159a24e84434174f74a083d4,2
5,38,6,1.5992941856384277,1.4092392921447754,112.22000885009766,-110.81076955795288,-110.62071466445923,110.62071466445923,-0.007035443843791119,5.982082631211358,14.666959765001913,True,31909625,0ae38c573e27f249854285e06101758b6471679bca4ec5524151f41ac781fc8d,852d79da7d3bfffb9a63f3a43f3ed642c5977ff3b272c755707aa58907af79ed,0d622536bc3088a277a29a5545e03951346d46f7c725e1ff2a77068025eea651,2
5,38,7,1.5992941856384277,1.6281116008758545,99.79202270507812,-98.16391110420227,-98.1927285194397,98.1927285194397,-0.0018957379687282881,4.1422732075519475,14.513983320691317,True,31909625,0ae38c573e27f249854285e06101758b6471679bca4ec5524151f41ac781fc8d,852d79da7d3bfffb9a63f3a43f3ed642c5977ff3b272c755707aa58907af79ed,2b92b5dd188fc98d295e60cdd66ec4bca345a3bbb9809f386b15762a55909e84,2
5,38,8,1.5992941856384277,1.6941227912902832,182.746337890625,-181.05221509933472,-181.14704370498657,181.14704370498657,-0.005435425228393661,6.209264356285912,14.594459731712076,True,31909625,0ae38c573e27f249854285e06101758b6471679bca4ec5524151f41ac781fc8d,852d79da7d3bfffb9a63f3a43f3ed642c5977ff3b272c755707aa58907af79ed,c8997d5832a9e3a6a958c860fac7c419f3e0307f1499eabd388c5fcb30c64d7d,2
5,38,9,1.5992941856384277,1.4556727409362793,98.90788269042969,-97.45220994949341,-97.30858850479126,97.30858850479126,-0.01620250415824249,4.83293134095567,14.762689805369932,True,31909625,0ae38c573e27f249854285e06101758b6471679bca4ec5524151f41ac781fc8d,852d79da7d3bfffb9a63f3a43f3ed642c5977ff3b272c755707aa58907af79ed,a839e924af0c9496dec101dfb1a29365ff43d947d9070f7f58d8b14762ec8c99,2
10,64,0,1.4336154460906982,1.3354296684265137,37.49018859863281,-36.1547589302063,-36.056573152542114,36.056573152542114,-0.0021613369197795757,4.831610809051902,13.806245319090571,True,1363836,f2c2614abec161da82d123680d5ee661ccb6de2e87ffc1c3a80be7d054de5f64,03bdcbbef4149b1abaad978decd9bcc9c3c9d82a4992ad6e53f42a96eeccef20,02c4c233828de854b667a9363d5d9e4a9b7650e0d21059b3424f71ab43362e34,0
10,64,1,1.4336154460906982,1.3277249336242676,35.57235336303711,-34.24462842941284,-34.13873791694641,34.13873791694641,-0.008091319261158834,4.1803227798026175,13.71353550422533,True,1363836,f2c2614abec161da82d123680d5ee661ccb6de2e87ffc1c3a80be7d054de5f64,03bdcbbef4149b1abaad978decd9bcc9c3c9d82a4992ad6e53f42a96eeccef20,6f71c47a50ad57d733e3bf3947be57949746caf48b94f0a606baffe1e3dd90e2,0
10,64,2,1.4336154460906982,1.4506714344024658,21.850303649902344,-20.399632215499878,-20.416688203811646,20.416688203811646,-0.0025837680857803995,3.570115066168559,13.765783324651508,True,1363836,f2c2614abec161da82d123680d5ee661ccb6de2e87ffc1c3a80be7d054de5f64,03bdcbbef4149b1abaad978decd9bcc9c3c9d82a4992ad6e53f42a96eeccef20,b9e88af667b8488f613df974db810bd8376bac5b371a2cfb473178cf1d7c8ea1,0
10,64,3,1.4336154460906982,1.6729466915130615,34.14668655395508,-32.47373986244202,-32.71307110786438,32.71307110786438,-0.0014578722448157604,4.24216693087582,13.647404132815879,True,1363836,f2c2614abec161da82d123680d5ee661ccb6de2e87ffc1c3a80be7d054de5f64,03bdcbbef4149b1abaad978decd9bcc9c3c9d82a4992ad6e53f42a96eeccef20,1ffc55ee65ad8d5829639284bdb2816e1e4d6046434ac409f5f1f2d8b9cc780e,0
10,64,4,1.4336154460906982,1.7810983657836914,35.94969940185547,-34.16860103607178,-34.51608395576477,34.51608395576477,-0.0011892646332820607,3.7500090420661314,13.830207204741905,True,1363836,f2c2614abec161da82d123680d5ee661ccb6de2e87ffc1c3a80be7d054de5f64,03bdcbbef4149b1abaad978decd9bcc9c3c9d82a4992ad6e53f42a96eeccef20,1350cd8c712db3dd38ce456ea366bd2bcce33feb9121da4d6b42f1353f83b9e2,0
10,64,5,1.4336154460906982,1.5899077653884888,10.140463829040527,-8.550556063652039,-8.706848382949829,8.706848382949829,0.0031856633983538205,4.227219787281761,13.984181423918198,True,1363836,f2c2614abec161da82d123680d5ee661ccb6de2e87ffc1c3a80be7d054de5f64,03bdcbbef4149b1abaad978decd9bcc9c3c9d82a4992ad6e53f42a96eeccef20,804ff807c0d7cf6140d73efbd2b0e513074cb563254c8e356ef07db8e20e2e38,0
10,64,6,1.4336154460906982,1.400486946105957,53.1549072265625,-51.75442028045654,-51.7212917804718,51.7212917804718,-0.008329421968927272,5.113198754828305,13.713449087432904,True,1363836,f2c2614abec161da82d123680d5ee661ccb6de2e87ffc1c3a80be7d054de5f64,03bdcbbef4149b1abaad978decd9bcc9c3c9d82a4992ad6e53f42a96eeccef20,f467d9b0460a82d934bd0e99b1a2dfdfcd180b4f9bd0b91da98742168218a686,0
10,64,7,1.4336154460906982,1.4724899530410767,42.50899887084961,-41.03650891780853,-41.07538342475891,41.07538342475891,-0.0032137302436235668,4.01306346293351,13.704544221420125,True,1363836,f2c2614abec161da82d123680d5ee661ccb6de2e87ffc1c3a80be7d054de5f64,03bdcbbef4149b1abaad978decd9bcc9c3c9d82a4992ad6e53f42a96eeccef20,2c9f26a440648950ba30aad223e9b6966361268004a94959212b995a5b7fcf26,0
10,64,8,1.4336154460906982,1.5976886749267578,43.40074920654297,-41.80306053161621,-41.96713376045227,41.96713376045227,0.00125251562568316,3.3403014866458847,13.808886080420189,True,1363836,f2c2614abec161da82d123680d5ee661ccb6de2e87ffc1c3a80be7d054de5f64,03bdcbbef4149b1abaad978decd9bcc9c3c9d82a4992ad6e53f42a96eeccef20,2605ecae7f226f4ac2206a770764a5e456119d6eac65b409715a18a84fdfbdeb,0
10,64,9,1.4336154460906982,1.4534202814102173,40.04231262207031,-38.588892340660095,-38.608697175979614,38.608697175979614,-0.006664714611823459,3.139863704601752,13.757776354854476,True,1363836,f2c2614abec161da82d123680d5ee661ccb6de2e87ffc1c3a80be7d054de5f64,03bdcbbef4149b1abaad978decd9bcc9c3c9d82a4992ad6e53f42a96eeccef20,b0dddcde6772df7eb78c482c7b8e6ebebe3b88ec6418a994112b74e053d32ece,0
10,91,0,3.10115909576416,2.591801881790161,58.584930419921875,-55.993128538131714,-55.483771324157715,55.483771324157715,-0.012105394364743303,8.749959326871954,13.806245319090571,True,1390755,efeae7f59681dcc4f658dbe4d6f17c5d6adda379abb81976e73f880cada22a55,ebf1cfb50a7c6ef08989c34eb3240d1d51271213afffa85551acf98a688dba5f,02c4c233828de854b667a9363d5d9e4a9b7650e0d21059b3424f71ab43362e34,0
10,91,1,3.10115909576416,2.5815045833587646,114.7728500366211,-112.19134545326233,-111.67169094085693,111.67169094085693,-0.009264732853840033,8.33833477543648,13.71353550422533,True,1390755,efeae7f59681dcc4f658dbe4d6f17c5d6adda379abb81976e73f880cada22a55,ebf1cfb50a7c6ef08989c34eb3240d1d51271213afffa85551acf98a688dba5f,6f71c47a50ad57d733e3bf3947be57949746caf48b94f0a606baffe1e3dd90e2,0
10,91,2,3.10115909576416,3.1278607845306396,57.47748947143555,-54.34962868690491,-54.37633037567139,54.37633037567139,-0.00165525154314436,7.230969961545061,13.765783324651508,True,1390755,efeae7f59681dcc4f658dbe4d6f17c5d6adda379abb81976e73f880cada22a55,ebf1cfb50a7c6ef08989c34eb3240d1d51271213afffa85551acf98a688dba5f,b9e88af667b8488f613df974db810bd8376bac5b371a2cfb473178cf1d7c8ea1,0
10,91,3,3.10115909576416,3.3179140090942383,133.5004119873047,-130.18249797821045,-130.39925289154053,130.39925289154053,-0.005391782339112944,9.234495640980713,13.647404132815879,True,1390755,efeae7f59681dcc4f658dbe4d6f17c5d6adda379abb81976e73f880cada22a55,ebf1cfb50a7c6ef08989c34eb3240d1d51271213afffa85551acf98a688dba5f,1ffc55ee65ad8d5829639284bdb2816e1e4d6046434ac409f5f1f2d8b9cc780e,0
10,91,4,3.10115909576416,3.138303279876709,122.73802185058594,-119.59971857070923,-119.63686275482178,119.63686275482178,-0.007825511537474555,7.148348356172558,13.830207204741905,True,1390755,efeae7f59681dcc4f658dbe4d6f17c5d6adda379abb81976e73f880cada22a55,ebf1cfb50a7c6ef08989c34eb3240d1d51271213afffa85551acf98a688dba5f,1350cd8c712db3dd38ce456ea366bd2bcce33feb9121da4d6b42f1353f83b9e2,0
10,91,5,3.10115909576416,2.4903621673583984,36.18256378173828,-33.69220161437988,-33.08140468597412,33.08140468597412,-0.004835254816085343,7.32126253764436,13.984181423918198,True,1390755,efeae7f59681dcc4f658dbe4d6f17c5d6adda379abb81976e73f880cada22a55,ebf1cfb50a7c6ef08989c34eb3240d1d51271213afffa85551acf98a688dba5f,804ff807c0d7cf6140d73efbd2b0e513074cb563254c8e356ef07db8e20e2e38,0
10,91,6,3.10115909576416,2.944064140319824,135.54421997070312,-132.6001558303833,-132.44306087493896,132.44306087493896,-0.010197604600117077,9.064422078296797,13.713449087432904,True,1390755,efeae7f59681dcc4f658dbe4d6f17c5d6adda379abb81976e73f880cada22a55,ebf1cfb50a7c6ef08989c34eb3240d1d51271213afffa85551acf98a688dba5f,f467d9b0460a82d934bd0e99b1a2dfdfcd180b4f9bd0b91da98742168218a686,0
10,91,7,3.10115909576416,3.098658323287964,125.51066589355469,-122.41200757026672,-122.40950679779053,122.40950679779053,-0.005790601785475921,8.392094228969873,13.704544221420125,True,1390755,efeae7f59681dcc4f658dbe4d6f17c5d6adda379abb81976e73f880cada22a55,ebf1cfb50a7c6ef08989c34eb3240d1d51271213afffa85551acf98a688dba5f,2c9f26a440648950ba30aad223e9b6966361268004a94959212b995a5b7fcf26,0
10,91,8,3.10115909576416,3.07139253616333,133.92779541015625,-130.85640287399292,-130.8266363143921,130.8266363143921,-0.005075493372335167,8.530939353835315,13.808886080420189,True,1390755,efeae7f59681dcc4f658dbe4d6f17c5d6adda379abb81976e73f880cada22a55,ebf1cfb50a7c6ef08989c34eb3240d1d51271213afffa85551acf98a688dba5f,2605ecae7f226f4ac2206a770764a5e456119d6eac65b409715a18a84fdfbdeb,0
10,91,9,3.10115909576416,3.1941559314727783,86.30360412597656,-83.10944819450378,-83.2024450302124,83.2024450302124,9.077509854488021e-05,7.715010299744586,13.757776354854476,True,1390755,efeae7f59681dcc4f658dbe4d6f17c5d6adda379abb81976e73f880cada22a55,ebf1cfb50a7c6ef08989c34eb3240d1d51271213afffa85551acf98a688dba5f,b0dddcde6772df7eb78c482c7b8e6ebebe3b88ec6418a994112b74e053d32ece,0
10,12,0,2.2249369621276855,1.9669755697250366,42.77330780029297,-40.80633223056793,-40.54837083816528,40.54837083816528,-0.010324991446018752,5.0652458160395035,13.806245319090571,True,1311992,6aa6af40a4d947c7b1aaf6660ad455415d694d7bb5ad0e4b6df12d191e855158,086bc3ec950c79ff6d81f0d07536ce4ede73260fa003ccedbabb4e05aacd14e1,02c4c233828de854b667a9363d5d9e4a9b7650e0d21059b3424f71ab43362e34,0
10,12,1,2.2249369621276855,1.7206398248672485,43.47132110595703,-41.75068128108978,-41.246384143829346,41.246384143829346,-0.006285876300076439,5.777187242193602,13.71353550422533,True,1311992,6aa6af40a4d947c7b1aaf6660ad455415d694d7bb5ad0e4b6df12d191e855158,086bc3ec950c79ff6d81f0d07536ce4ede73260fa003ccedbabb4e05aacd14e1,6f71c47a50ad57d733e3bf3947be57949746caf48b94f0a606baffe1e3dd90e2,0
10,12,2,2.2249369621276855,2.273949384689331,69.7630386352539,-67.48908925056458,-67.53810167312622,67.53810167312622,0.0019474487825033267,6.208147274174799,13.765783324651508,True,1311992,6aa6af40a4d947c7b1aaf6660ad455415d694d7bb5ad0e4b6df12d191e855158,086bc3ec950c79ff6d81f0d07536ce4ede73260fa003ccedbabb4e05aacd14e1,b9e88af667b8488f613df974db810bd8376bac5b371a2cfb473178cf1d7c8ea1,0
10,12,3,2.2249369621276855,2.153120994567871,15.736736297607422,-13.58361530303955,-13.511799335479736,13.511799335479736,-0.008008570698696496,5.6648510728053205,13.647404132815879,True,1311992,6aa6af40a4d947c7b1aaf6660ad455415d694d7bb5ad0e4b6df12d191e855158,086bc3ec950c79ff6d81f0d07536ce4ede73260fa003ccedbabb4e05aacd14e1,1ffc55ee65ad8d5829639284bdb2816e1e4d6046434ac409f5f1f2d8b9cc780e,0
10,12,4,2.2249369621276855,2.266239643096924,48.0023193359375,-45.736079692840576,-45.777382373809814,45.777382373809814,-0.007645993534086842,5.4625863568986395,13.830207204741905,True,1311992,6aa6af40a4d947c7b1aaf6660ad455415d694d7bb5ad0e4b6df12d191e855158,086bc3ec950c79ff6d81f0d07536ce4ede73260fa003ccedbabb4e05aacd14e1,1350cd8c712db3dd38ce456ea366bd2bcce33feb9121da4d6b42f1353f83b9e2,0
10,12,5,2.2249369621276855,1.8081605434417725,36.29166030883789,-34.48349976539612,-34.066723346710205,34.066723346710205,-0.004643359763504674,5.171117888237361,13.984181423918198,True,1311992,6aa6af40a4d947c7b1aaf6660ad455415d694d7bb5ad0e4b6df12d191e855158,086bc3ec950c79ff6d81f0d07536ce4ede73260fa003ccedbabb4e05aacd14e1,804ff807c0d7cf6140d73efbd2b0e513074cb563254c8e356ef07db8e20e2e38,0
10,12,6,2.2249369621276855,2.182459831237793,41.30282211303711,-39.120362281799316,-39.077885150909424,39.077885150909424,-0.010243149530681164,5.209757781541019,13.713449087432904,True,1311992,6aa6af40a4d947c7b1aaf6660ad455415d694d7bb5ad0e4b6df12d191e855158,086bc3ec950c79ff6d81f0d07536ce4ede73260fa003ccedbabb4e05aacd14e1,f467d9b0460a82d934bd0e99b1a2dfdfcd180b4f9bd0b91da98742168218a686,0
10,12,7,2.2249369621276855,2.052961587905884,20.47345733642578,-18.420495748519897,-18.248520374298096,18.248520374298096,-0.005849713749267729,5.204178413735603,13.704544221420125,True,1311992,6aa6af40a4d947c7b1aaf6660ad455415d694d7bb5ad0e4b6df12d191e855158,086bc3ec950c79ff6d81f0d07536ce4ede73260fa003ccedbabb4e05aacd14e1,2c9f26a440648950ba30aad223e9b6966361268004a94959212b995a5b7fcf26,0
10,12,8,2.2249369621276855,2.474127769470215,41.61250305175781,-39.1383752822876,-39.38756608963013,39.38756608963013,-0.0007212987611925586,5.741970607348976,13.808886080420189,True,1311992,6aa6af40a4d947c7b1aaf6660ad455415d694d7bb5ad0e4b6df12d191e855158,086bc3ec950c79ff6d81f0d07536ce4ede73260fa003ccedbabb4e05aacd14e1,2605ecae7f226f4ac2206a770764a5e456119d6eac65b409715a18a84fdfbdeb,0
10,12,9,2.2249369621276855,2.2630972862243652,43.503501892089844,-41.24040460586548,-41.27856492996216,41.27856492996216,-0.0016459351575957696,5.258519353995751,13.757776354854476,True,1311992,6aa6af40a4d947c7b1aaf6660ad455415d694d7bb5ad0e4b6df12d191e855158,086bc3ec950c79ff6d81f0d07536ce4ede73260fa003ccedbabb4e05aacd14e1,b0dddcde6772df7eb78c482c7b8e6ebebe3b88ec6418a994112b74e053d32ece,0
10,52,0,1.676257848739624,1.626035451889038,64.28953552246094,-62.6635000705719,-62.61327767372131,62.61327767372131,0.0019098993671517082,5.215925555825126,13.806245319090571,True,1351872,c7f9f96b5b5ce6896f5922888fbc4f99e4d04a9e1ba432ddd9568439870ef297,093546642f5a5c79bc38432aa6062bdb81c8b6c92bacecddd396cff569108379,02c4c233828de854b667a9363d5d9e4a9b7650e0d21059b3424f71ab43362e34,0
10,52,1,1.676257848739624,1.8846981525421143,28.373676300048828,-26.488978147506714,-26.697418451309204,26.697418451309204,-9.758662914515288e-05,4.924022799546731,13.71353550422533,True,1351872,c7f9f96b5b5ce6896f5922888fbc4f99e4d04a9e1ba432ddd9568439870ef297,093546642f5a5c79bc38432aa6062bdb81c8b6c92bacecddd396cff569108379,6f71c47a50ad57d733e3bf3947be57949746caf48b94f0a606baffe1e3dd90e2,0
10,52,2,1.676257848739624,1.6558064222335815,7.897159099578857,-6.241352677345276,-6.220901250839233,6.220901250839233,0.002170338638168436,3.184105178576074,13.765783324651508,True,1351872,c7f9f96b5b5ce6896f5922888fbc4f99e4d04a9e1ba432ddd9568439870ef297,093546642f5a5c79bc38432aa6062bdb81c8b6c92bacecddd396cff569108379,b9e88af667b8488f613df974db810bd8376bac5b371a2cfb473178cf1d7c8ea1,0
10,52,3,1.676257848739624,1.756851077079773,60.04421615600586,-58.287365078926086,-58.367958307266235,58.367958307266235,-0.006618733195571372,5.975367990456007,13.647404132815879,True,1351872,c7f9f96b5b5ce6896f5922888fbc4f99e4d04a9e1ba432ddd9568439870ef297,093546642f5a5c79bc38432aa6062bdb81c8b6c92bacecddd396cff569108379,1ffc55ee65ad8d5829639284bdb2816e1e4d6046434ac409f5f1f2d8b9cc780e,0
10,52,4,1.676257848739624,1.6669853925704956,34.21082305908203,-32.543837666511536,-32.53456521034241,32.53456521034241,-0.0034428585329730915,5.013439147104573,13.830207204741905,True,1351872,c7f9f96b5b5ce6896f5922888fbc4f99e4d04a9e1ba432ddd9568439870ef297,093546642f5a5c79bc38432aa6062bdb81c8b6c92bacecddd396cff569108379,1350cd8c712db3dd38ce456ea366bd2bcce33feb9121da4d6b42f1353f83b9e2,0
10,52,5,1.676257848739624,1.9031498432159424,6.115413188934326,-4.212263345718384,-4.439155340194702,4.439155340194702,0.007870964216851864,3.6530533898040596,13.984181423918198,True,1351872,c7f9f96b5b5ce6896f5922888fbc4f99e4d04a9e1ba432ddd9568439870ef297,093546642f5a5c79bc38432aa6062bdb81c8b6c92bacecddd396cff569108379,804ff807c0d7cf6140d73efbd2b0e513074cb563254c8e356ef07db8e20e2e38,0
10,52,6,1.676257848739624,1.8710557222366333,104.35956573486328,-102.48851001262665,-102.68330788612366,102.68330788612366,0.00024380850619743318,7.648152622109681,13.713449087432904,True,1351872,c7f9f96b5b5ce6896f5922888fbc4f99e4d04a9e1ba432ddd9568439870ef297,093546642f5a5c79bc38432aa6062bdb81c8b6c92bacecddd396cff569108379,f467d9b0460a82d934bd0e99b1a2dfdfcd180b4f9bd0b91da98742168218a686,0
10,52,7,1.676257848739624,1.793057918548584,127.39788055419922,-125.60482263565063,-125.7216227054596,125.7216227054596,-0.0030738354716642142,6.078748729629685,13.704544221420125,True,1351872,c7f9f96b5b5ce6896f5922888fbc4f99e4d04a9e1ba432ddd9568439870ef297,093546642f5a5c79bc38432aa6062bdb81c8b6c92bacecddd396cff569108379,2c9f26a440648950ba30aad223e9b6966361268004a94959212b995a5b7fcf26,0
10,52,8,1.676257848739624,1.8296899795532227,85.6243896484375,-83.79469966888428,-83.94813179969788,83.94813179969788,0.004282786788822051,5.735411299673366,13.808886080420189,True,1351872,c7f9f96b5b5ce6896f5922888fbc4f99e4d04a9e1ba432ddd9568439870ef297,093546642f5a5c79bc38432aa6062bdb81c8b6c92bacecddd396cff569108379,2605ecae7f226f4ac2206a770764a5e456119d6eac65b409715a18a84fdfbdeb,0
10,52,9,1.676257848739624,1.6705219745635986,26.484329223632812,-24.813807249069214,-24.80807137489319,24.80807137489319,-0.0017847677724054508,3.2309757599130444,13.757776354854476,True,1351872,c7f9f96b5b5ce6896f5922888fbc4f99e4d04a9e1ba432ddd9568439870ef297,093546642f5a5c79bc38432aa6062bdb81c8b6c92bacecddd396cff569108379,b0dddcde6772df7eb78c482c7b8e6ebebe3b88ec6418a994112b74e053d32ece,0
10,16,0,1.7877497673034668,1.8387608528137207,13.383894920349121,-11.5451340675354,-11.596145153045654,11.596145153045654,0.005323991375055477,7.081051668589248,13.806245319090571,True,1315980,4fc368650fc07d7d0a55ffa87a6c28696e42e689c5eb8d1485eb61dc1320b75f,c78d14e4730849c30a59f7849d5774318d75569ede5a6ea4ffa7bb4e0106dda6,02c4c233828de854b667a9363d5d9e4a9b7650e0d21059b3424f71ab43362e34,0
10,16,1,1.7877497673034668,1.8841335773468018,18.08514976501465,-16.201016187667847,-16.29739999771118,16.29739999771118,0.005166678844605592,5.14036604029197,13.71353550422533,True,1315980,4fc368650fc07d7d0a55ffa87a6c28696e42e689c5eb8d1485eb61dc1320b75f,c78d14e4730849c30a59f7849d5774318d75569ede5a6ea4ffa7bb4e0106dda6,6f71c47a50ad57d733e3bf3947be57949746caf48b94f0a606baffe1e3dd90e2,0
10,16,2,1.7877497673034668,1.8434293270111084,35.527164459228516,-33.68373513221741,-33.73941469192505,33.73941469192505,0.004994322623101437,5.118321691942478,13.765783324651508,True,1315980,4fc368650fc07d7d0a55ffa87a6c28696e42e689c5eb8d1485eb61dc1320b75f,c78d14e4730849c30a59f7849d5774318d75569ede5a6ea4ffa7bb4e0106dda6,b9e88af667b8488f613df974db810bd8376bac5b371a2cfb473178cf1d7c8ea1,0
10,16,3,1.7877497673034668,1.641302466392517,14.028886795043945,-12.387584328651428,-12.241137027740479,12.241137027740479,-0.0017448926379187164,3.9718441066469534,13.647404132815879,True,1315980,4fc368650fc07d7d0a55ffa87a6c28696e42e689c5eb8d1485eb61dc1320b75f,c78d14e4730849c30a59f7849d5774318d75569ede5a6ea4ffa7bb4e0106dda6,1ffc55ee65ad8d5829639284bdb2816e1e4d6046434ac409f5f1f2d8b9cc780e,0
10,16,4,1.7877497673034668,2.042024850845337,33.47480392456055,-31.43277907371521,-31.68705415725708,31.68705415725708,0.005884732138755987,6.834240524467649,13.830207204741905,True,1315980,4fc368650fc07d7d0a55ffa87a6c28696e42e689c5eb8d1485eb61dc1320b75f,c78d14e4730849c30a59f7849d5774318d75569ede5a6ea4ffa7bb4e0106dda6,1350cd8c712db3dd38ce456ea366bd2bcce33feb9121da4d6b42f1353f83b9e2,0
10,16,5,1.7877497673034668,1.9519388675689697,20.967273712158203,-19.015334844589233,-19.179523944854736,19.179523944854736,0.011753665990742426,6.384839713784038,13.984181423918198,True,1315980,4fc368650fc07d7d0a55ffa87a6c28696e42e689c5eb8d1485eb61dc1320b75f,c78d14e4730849c30a59f7849d5774318d75569ede5a6ea4ffa7bb4e0106dda6,804ff807c0d7cf6140d73efbd2b0e513074cb563254c8e356ef07db8e20e2e38,0
10,16,6,1.7877497673034668,1.7870954275131226,20.140966415405273,-18.35387098789215,-18.353216648101807,18.353216648101807,-0.00042580178706602445,5.302962262888779,13.713449087432904,True,1315980,4fc368650fc07d7d0a55ffa87a6c28696e42e689c5eb8d1485eb61dc1320b75f,c78d14e4730849c30a59f7849d5774318d75569ede5a6ea4ffa7bb4e0106dda6,f467d9b0460a82d934bd0e99b1a2dfdfcd180b4f9bd0b91da98742168218a686,0
10,16,7,1.7877497673034668,1.7984883785247803,14.242831230163574,-12.444342851638794,-12.455081462860107,12.455081462860107,0.002196105407238304,3.8478180438067313,13.704544221420125,True,1315980,4fc368650fc07d7d0a55ffa87a6c28696e42e689c5eb8d1485eb61dc1320b75f,c78d14e4730849c30a59f7849d5774318d75569ede5a6ea4ffa7bb4e0106dda6,2c9f26a440648950ba30aad223e9b6966361268004a94959212b995a5b7fcf26,0
10,16,8,1.7877497673034668,1.8387969732284546,24.9744873046875,-23.135690331459045,-23.186737537384033,23.186737537384033,1.0947084891252974e-06,4.502266512355666,13.808886080420189,True,1315980,4fc368650fc07d7d0a55ffa87a6c28696e42e689c5eb8d1485eb61dc1320b75f,c78d14e4730849c30a59f7849d5774318d75569ede5a6ea4ffa7bb4e0106dda6,2605ecae7f226f4ac2206a770764a5e456119d6eac65b409715a18a84fdfbdeb,0
10,16,9,1.7877497673034668,1.7198126316070557,24.760318756103516,-23.04050612449646,-22.97256898880005,22.97256898880005,0.005153925472187848,4.520235030309198,13.757776354854476,True,1315980,4fc368650fc07d7d0a55ffa87a6c28696e42e689c5eb8d1485eb61dc1320b75f,c78d14e4730849c30a59f7849d5774318d75569ede5a6ea4ffa7bb4e0106dda6,b0dddcde6772df7eb78c482c7b8e6ebebe3b88ec6418a994112b74e053d32ece,0
10,65,0,1.792672038078308,1.9810824394226074,63.85624694824219,-61.87516450881958,-62.06357491016388,62.06357491016388,0.002968666085281396,6.562203463709975,13.806245319090571,True,1364833,08207af268a040eea1c97c4ca7dac9dcf8e6e76e91c742d39c323b59e4764518,06c651fdf39a68d7ab2845ab934dd7f1abe4a1e4252dac8d3c45b13a5cf89cbd,02c4c233828de854b667a9363d5d9e4a9b7650e0d21059b3424f71ab43362e34,0
10,65,1,1.792672038078308,2.0539581775665283,38.034427642822266,-35.98046946525574,-36.24175560474396,36.24175560474396,0.0003802621283009421,5.90865007948879,13.71353550422533,True,1364833,08207af268a040eea1c97c4ca7dac9dcf8e6e76e91c742d39c323b59e4764518,06c651fdf39a68d7ab2845ab934dd7f1abe4a1e4252dac8d3c45b13a5cf89cbd,6f71c47a50ad57d733e3bf3947be57949746caf48b94f0a606baffe1e3dd90e2,0
10,65,2,1.792672038078308,1.654724359512329,23.726409912109375,-22.071685552597046,-21.933737874031067,21.933737874031067,-0.006674780734200612,3.5203855651490317,13.765783324651508,True,1364833,08207af268a040eea1c97c4ca7dac9dcf8e6e76e91c742d39c323b59e4764518,06c651fdf39a68d7ab2845ab934dd7f1abe4a1e4252dac8d3c45b13a5cf89cbd,b9e88af667b8488f613df974db810bd8376bac5b371a2cfb473178cf1d7c8ea1,0
10,65,3,1.792672038078308,2.045380115509033,84.5639419555664,-82.51856184005737,-82.7712699174881,82.7712699174881,-0.004439074716165656,7.55523895962772,13.647404132815879,True,1364833,08207af268a040eea1c97c4ca7dac9dcf8e6e76e91c742d39c323b59e4764518,06c651fdf39a68d7ab2845ab934dd7f1abe4a1e4252dac8d3c45b13a5cf89cbd,1ffc55ee65ad8d5829639284bdb2816e1e4d6046434ac409f5f1f2d8b9cc780e,0
10,65,4,1.792672038078308,2.051135778427124,37.91700744628906,-35.86587166786194,-36.124335408210754,36.124335408210754,0.002403716851097045,5.793350292034498,13.830207204741905,True,1364833,08207af268a040eea1c97c4ca7dac9dcf8e6e76e91c742d39c323b59e4764518,06c651fdf39a68d7ab2845ab934dd7f1abe4a1e4252dac8d3c45b13a5cf89cbd,1350cd8c712db3dd38ce456ea366bd2bcce33feb9121da4d6b42f1353f83b9e2,0
10,65,5,1.792672038078308,1.9591755867004395,9.154924392700195,-7.195748805999756,-7.362252354621887,7.362252354621887,0.005397876361596254,3.794989112616652,13.984181423918198,True,1364833,08207af268a040eea1c97c4ca7dac9dcf8e6e76e91c742d39c323b59e4764518,06c651fdf39a68d7ab2845ab934dd7f1abe4a1e4252dac8d3c45b13a5cf89cbd,804ff807c0d7cf6140d73efbd2b0e513074cb563254c8e356ef07db8e20e2e38,0
10,65,6,1.792672038078308,2.0176315307617188,87.89143371582031,-85.8738021850586,-86.098761677742,86.098761677742,0.0023763236486058917,7.164619525067671,13.713449087432904,True,1364833,08207af268a040eea1c97c4ca7dac9dcf8e6e76e91c742d39c323b59e4764518,06c651fdf39a68d7ab2845ab934dd7f1abe4a1e4252dac8d3c45b13a5cf89cbd,f467d9b0460a82d934bd0e99b1a2dfdfcd180b4f9bd0b91da98742168218a686,0
10,65,7,1.792672038078308,2.068275213241577,71.19241333007812,-69.12413811683655,-69.39974129199982,69.39974129199982,0.0017498077787207508,5.829227580162019,13.704544221420125,True,1364833,08207af268a040eea1c97c4ca7dac9dcf8e6e76e91c742d39c323b59e4764518,06c651fdf39a68d7ab2845ab934dd7f1abe4a1e4252dac8d3c45b13a5cf89cbd,2c9f26a440648950ba30aad223e9b6966361268004a94959212b995a5b7fcf26,0
10,65,8,1.792672038078308,2.0048584938049316,59.26136016845703,-57.2565016746521,-57.46868813037872,57.46868813037872,0.006985463079317517,5.688525311937396,13.808886080420189,True,1364833,08207af268a040eea1c97c4ca7dac9dcf8e6e76e91c742d39c323b59e4764518,06c651fdf39a68d7ab2845ab934dd7f1abe4a1e4252dac8d3c45b13a5cf89cbd,2605ecae7f226f4ac2206a770764a5e456119d6eac65b409715a18a84fdfbdeb,0
10,65,9,1.792672038078308,1.877435326576233,33.22236633300781,-31.34493100643158,-31.429694294929504,31.429694294929504,-0.0010792270845046293,3.815217431257718,13.757776354854476,True,1364833,08207af268a040eea1c97c4ca7dac9dcf8e6e76e91c742d39c323b59e4764518,06c651fdf39a68d7ab2845ab934dd7f1abe4a1e4252dac8d3c45b13a5cf89cbd,b0dddcde6772df7eb78c482c7b8e6ebebe3b88ec6418a994112b74e053d32ece,0
10,50,0,1.950615644454956,1.6495684385299683,18.667701721191406,-17.018133282661438,-16.71708607673645,16.71708607673645,-0.0032285794800662308,5.175024497191584,13.806245319090571,True,1349878,39116b79363b277dbe324dc9e3c45a61f87c439b7ea0ac7f18608fa0dbc5ce9e,4d39c476cede70b0947c55f93b4f467e5baad3da3d499b347725b6dae2a54f9d,02c4c233828de854b667a9363d5d9e4a9b7650e0d21059b3424f71ab43362e34,0
10,50,1,1.950615644454956,1.7332385778427124,21.7258358001709,-19.992597222328186,-19.775220155715942,19.775220155715942,-0.007287677183900709,6.46954686274098,13.71353550422533,True,1349878,39116b79363b277dbe324dc9e3c45a61f87c439b7ea0ac7f18608fa0dbc5ce9e,4d39c476cede70b0947c55f93b4f467e5baad3da3d499b347725b6dae2a54f9d,6f71c47a50ad57d733e3bf3947be57949746caf48b94f0a606baffe1e3dd90e2,0
10,50,2,1.950615644454956,2.1545631885528564,31.75821304321289,-29.603649854660034,-29.807597398757935,29.807597398757935,0.005857935146248709,5.266890559459372,13.765783324651508,True,1349878,39116b79363b277dbe324dc9e3c45a61f87c439b7ea0ac7f18608fa0dbc5ce9e,4d39c476cede70b0947c55f93b4f467e5baad3da3d499b347725b6dae2a54f9d,b9e88af667b8488f613df974db810bd8376bac5b371a2cfb473178cf1d7c8ea1,0
10,50,3,1.950615644454956,1.8567934036254883,18.774822235107422,-16.918028831481934,-16.824206590652466,16.824206590652466,-0.005989818474485646,7.65556172525885,13.647404132815879,True,1349878,39116b79363b277dbe324dc9e3c45a61f87c439b7ea0ac7f18608fa0dbc5ce9e,4d39c476cede70b0947c55f93b4f467e5baad3da3d499b347725b6dae2a54f9d,1ffc55ee65ad8d5829639284bdb2816e1e4d6046434ac409f5f1f2d8b9cc780e,0
10,50,4,1.950615644454956,2.290802001953125,13.980152130126953,-11.689350128173828,-12.029536485671997,12.029536485671997,-0.003212834146992988,7.1090162673529305,13.830207204741905,True,1349878,39116b79363b277dbe324dc9e3c45a61f87c439b7ea0ac7f18608fa0dbc5ce9e,4d39c476cede70b0947c55f93b4f467e5baad3da3d499b347725b6dae2a54f9d,1350cd8c712db3dd38ce456ea366bd2bcce33feb9121da4d6b42f1353f83b9e2,0
10,50,5,1.950615644454956,1.4209953546524048,30.884517669677734,-29.46352231502533,-28.93390202522278,28.93390202522278,0.002934288402542245,7.079837591464733,13.984181423918198,True,1349878,39116b79363b277dbe324dc9e3c45a61f87c439b7ea0ac7f18608fa0dbc5ce9e,4d39c476cede70b0947c55f93b4f467e5baad3da3d499b347725b6dae2a54f9d,804ff807c0d7cf6140d73efbd2b0e513074cb563254c8e356ef07db8e20e2e38,0
10,50,6,1.950615644454956,1.6535732746124268,11.533612251281738,-9.880038976669312,-9.582996606826782,9.582996606826782,-0.006083901392722694,6.388547105880921,13.713449087432904,True,1349878,39116b79363b277dbe324dc9e3c45a61f87c439b7ea0ac7f18608fa0dbc5ce9e,4d39c476cede70b0947c55f93b4f467e5baad3da3d499b347725b6dae2a54f9d,f467d9b0460a82d934bd0e99b1a2dfdfcd180b4f9bd0b91da98742168218a686,0
10,50,7,1.950615644454956,1.6019235849380493,5.7052812576293945,-4.103357672691345,-3.7546656131744385,3.7546656131744385,-0.005841104715096847,6.969691455757954,13.704544221420125,True,1349878,39116b79363b277dbe324dc9e3c45a61f87c439b7ea0ac7f18608fa0dbc5ce9e,4d39c476cede70b0947c55f93b4f467e5baad3da3d499b347725b6dae2a54f9d,2c9f26a440648950ba30aad223e9b6966361268004a94959212b995a5b7fcf26,0
10,50,8,1.950615644454956,1.911609172821045,14.618972778320312,-12.707363605499268,-12.668357133865356,12.668357133865356,-0.004919461578303565,6.0991586081708515,13.808886080420189,True,1349878,39116b79363b277dbe324dc9e3c45a61f87c439b7ea0ac7f18608fa0dbc5ce9e,4d39c476cede70b0947c55f93b4f467e5baad3da3d499b347725b6dae2a54f9d,2605ecae7f226f4ac2206a770764a5e456119d6eac65b409715a18a84fdfbdeb,0
10,50,9,1.950615644454956,2.018064498901367,21.53209686279297,-19.5140323638916,-19.581481218338013,19.581481218338013,-0.0014382700842339366,6.155442452788008,13.757776354854476,True,1349878,39116b79363b277dbe324dc9e3c45a61f87c439b7ea0ac7f18608fa0dbc5ce9e,4d39c476cede70b0947c55f93b4f467e5baad3da3d499b347725b6dae2a54f9d,b0dddcde6772df7eb78c482c7b8e6ebebe3b88ec6418a994112b74e053d32ece,0
10,68,0,1.9302926063537598,1.9204413890838623,8.004119873046875,-6.083678483963013,-6.073827266693115,6.073827266693115,-0.004993905586462132,4.811331615020517,13.806245319090571,True,1367824,c109c0a2fc79ba3799f33fb394b25d1afa05d64d33d221a2a0aa10111e569141,765cf05a416f3fed6f32b5e3e92f32bf2bede5e25e2a8583eae16b7a0c33ab18,02c4c233828de854b667a9363d5d9e4a9b7650e0d21059b3424f71ab43362e34,0
10,68,1,1.9302926063537598,2.288280487060547,11.183808326721191,-8.895527839660645,-9.253515720367432,9.253515720367432,-0.002772873961515001,5.134643473808945,13.71353550422533,True,1367824,c109c0a2fc79ba3799f33fb394b25d1afa05d64d33d221a2a0aa10111e569141,765cf05a416f3fed6f32b5e3e92f32bf2bede5e25e2a8583eae16b7a0c33ab18,6f71c47a50ad57d733e3bf3947be57949746caf48b94f0a606baffe1e3dd90e2,0
10,68,2,1.9302926063537598,1.6304917335510254,8.670920372009277,-7.040428638458252,-6.740627765655518,6.740627765655518,-0.004884981138478642,4.783943942089326,13.765783324651508,True,1367824,c109c0a2fc79ba3799f33fb394b25d1afa05d64d33d221a2a0aa10111e569141,765cf05a416f3fed6f32b5e3e92f32bf2bede5e25e2a8583eae16b7a0c33ab18,b9e88af667b8488f613df974db810bd8376bac5b371a2cfb473178cf1d7c8ea1,0
10,68,3,1.9302926063537598,2.248124837875366,51.16872787475586,-48.92060303688049,-49.2384352684021,49.2384352684021,-0.008208653988983537,6.734059230978967,13.647404132815879,True,1367824,c109c0a2fc79ba3799f33fb394b25d1afa05d64d33d221a2a0aa10111e569141,765cf05a416f3fed6f32b5e3e92f32bf2bede5e25e2a8583eae16b7a0c33ab18,1ffc55ee65ad8d5829639284bdb2816e1e4d6046434ac409f5f1f2d8b9cc780e,0
10,68,4,1.9302926063537598,1.9123549461364746,37.05143737792969,-35.13908243179321,-35.12114477157593,35.12114477157593,-0.008675474279558124,5.705717667480665,13.830207204741905,True,1367824,c109c0a2fc79ba3799f33fb394b25d1afa05d64d33d221a2a0aa10111e569141,765cf05a416f3fed6f32b5e3e92f32bf2bede5e25e2a8583eae16b7a0c33ab18,1350cd8c712db3dd38ce456ea366bd2bcce33feb9121da4d6b42f1353f83b9e2,0
10,68,5,1.9302926063537598,1.8481911420822144,5.070878505706787,-3.2226873636245728,-3.1405858993530273,3.1405858993530273,0.010900118826223725,5.358520262358943,13.984181423918198,True,1367824,c109c0a2fc79ba3799f33fb394b25d1afa05d64d33d221a2a0aa10111e569141,765cf05a416f3fed6f32b5e3e92f32bf2bede5e25e2a8583eae16b7a0c33ab18,804ff807c0d7cf6140d73efbd2b0e513074cb563254c8e356ef07db8e20e2e38,0
10,68,6,1.9302926063537598,2.20025897026062,49.22361755371094,-47.02335858345032,-47.29332494735718,47.29332494735718,-0.007689081571282678,6.384318073174293,13.713449087432904,True,1367824,c109c0a2fc79ba3799f33fb394b25d1afa05d64d33d221a2a0aa10111e569141,765cf05a416f3fed6f32b5e3e92f32bf2bede5e25e2a8583eae16b7a0c33ab18,f467d9b0460a82d934bd0e99b1a2dfdfcd180b4f9bd0b91da98742168218a686,0
10,68,7,1.9302926063537598,1.7436107397079468,21.92705535888672,-20.183444619178772,-19.99676275253296,19.99676275253296,-0.0033808991666459858,5.167839669936349,13.704544221420125,True,1367824,c109c0a2fc79ba3799f33fb394b25d1afa05d64d33d221a2a0aa10111e569141,765cf05a416f3fed6f32b5e3e92f32bf2bede5e25e2a8583eae16b7a0c33ab18,2c9f26a440648950ba30aad223e9b6966361268004a94959212b995a5b7fcf26,0
10,68,8,1.9302926063537598,2.114772081375122,39.77299880981445,-37.65822672843933,-37.84270620346069,37.84270620346069,-0.004339864700345132,6.5626465295286875,13.808886080420189,True,1367824,c109c0a2fc79ba3799f33fb394b25d1afa05d64d33d221a2a0aa10111e569141,765cf05a416f3fed6f32b5e3e92f32bf2bede5e25e2a8583eae16b7a0c33ab18,2605ecae7f226f4ac2206a770764a5e456119d6eac65b409715a18a84fdfbdeb,0
10,68,9,1.9302926063537598,1.9045358896255493,13.216343879699707,-11.311807990074158,-11.286051273345947,11.286051273345947,-0.0011574870262183153,5.08398789663506,13.757776354854476,True,1367824,c109c0a2fc79ba3799f33fb394b25d1afa05d64d33d221a2a0aa10111e569141,765cf05a416f3fed6f32b5e3e92f32bf2bede5e25e2a8583eae16b7a0c33ab18,b0dddcde6772df7eb78c482c7b8e6ebebe3b88ec6418a994112b74e053d32ece,0
10,33,0,1.5577034950256348,1.6439192295074463,48.654964447021484,-47.01104521751404,-47.09726095199585,47.09726095199585,0.00012599011362697903,5.58120273202755,13.806245319090571,True,1332929,e3bfd76c4b198f44120c8e889d1d6fe9bd585aaba0982ff065aec5039fae4dbb,283012947d573410e706e8351944ae44e9437a057aedb8378aca561254f26ba9,02c4c233828de854b667a9363d5d9e4a9b7650e0d21059b3424f71ab43362e34,0
10,33,1,1.5577034950256348,1.7003520727157593,55.09292221069336,-53.3925701379776,-53.535218715667725,53.535218715667725,-0.005872592077975511,5.69842337901656,13.71353550422533,True,1332929,e3bfd76c4b198f44120c8e889d1d6fe9bd585aaba0982ff065aec5039fae4dbb,283012947d573410e706e8351944ae44e9437a057aedb8378aca561254f26ba9,6f71c47a50ad57d733e3bf3947be57949746caf48b94f0a606baffe1e3dd90e2,0
10,33,2,1.5577034950256348,1.523647665977478,12.159286499023438,-10.63563883304596,-10.601583003997803,10.601583003997803,-0.003080933601002338,4.438706555636614,13.765783324651508,True,1332929,e3bfd76c4b198f44120c8e889d1d6fe9bd585aaba0982ff065aec5039fae4dbb,283012947d573410e706e8351944ae44e9437a057aedb8378aca561254f26ba9,b9e88af667b8488f613df974db810bd8376bac5b371a2cfb473178cf1d7c8ea1,0
10,33,3,1.5577034950256348,2.1122002601623535,55.32558822631836,-53.213387966156006,-53.767884731292725,53.767884731292725,0.001977213356924304,6.955462053636539,13.647404132815879,True,1332929,e3bfd76c4b198f44120c8e889d1d6fe9bd585aaba0982ff065aec5039fae4dbb,283012947d573410e706e8351944ae44e9437a057aedb8378aca561254f26ba9,1ffc55ee65ad8d5829639284bdb2816e1e4d6046434ac409f5f1f2d8b9cc780e,0
10,33,4,1.5577034950256348,1.7856746912002563,28.319293975830078,-26.533619284629822,-26.761590480804443,26.761590480804443,0.006310739371340421,5.093329493175697,13.830207204741905,True,1332929,e3bfd76c4b198f44120c8e889d1d6fe9bd585aaba0982ff065aec5039fae4dbb,283012947d573410e706e8351944ae44e9437a057aedb8378aca561254f26ba9,1350cd8c712db3dd38ce456ea366bd2bcce33feb9121da4d6b42f1353f83b9e2,0
10,33,5,1.5577034950256348,1.8755803108215332,6.966219902038574,-5.090639591217041,-5.4085164070129395,5.4085164070129395,0.008725245046322789,6.252924929942984,13.984181423918198,True,1332929,e3bfd76c4b198f44120c8e889d1d6fe9bd585aaba0982ff065aec5039fae4dbb,283012947d573410e706e8351944ae44e9437a057aedb8378aca561254f26ba9,804ff807c0d7cf6140d73efbd2b0e513074cb563254c8e356ef07db8e20e2e38,0
10,33,6,1.5577034950256348,1.7082641124725342,59.238311767578125,-57.53004765510559,-57.68060827255249,57.68060827255249,-0.0010211398255191558,6.294085726375947,13.713449087432904,True,1332929,e3bfd76c4b198f44120c8e889d1d6fe9bd585aaba0982ff065aec5039fae4dbb,283012947d573410e706e8351944ae44e9437a057aedb8378aca561254f26ba9,f467d9b0460a82d934bd0e99b1a2dfdfcd180b4f9bd0b91da98742168218a686,0
10,33,7,1.5577034950256348,1.8426854610443115,71.27056884765625,-69.42788338661194,-69.71286535263062,69.71286535263062,0.0014980103744216338,4.802554488433168,13.704544221420125,True,1332929,e3bfd76c4b198f44120c8e889d1d6fe9bd585aaba0982ff065aec5039fae4dbb,283012947d573410e706e8351944ae44e9437a057aedb8378aca561254f26ba9,2c9f26a440648950ba30aad223e9b6966361268004a94959212b995a5b7fcf26,0
10,33,8,1.5577034950256348,1.8897035121917725,75.64835357666016,-73.75865006446838,-74.09065008163452,74.09065008163452,0.006995339725774625,5.041571210638094,13.808886080420189,True,1332929,e3bfd76c4b198f44120c8e889d1d6fe9bd585aaba0982ff065aec5039fae4dbb,283012947d573410e706e8351944ae44e9437a057aedb8378aca561254f26ba9,2605ecae7f226f4ac2206a770764a5e456119d6eac65b409715a18a84fdfbdeb,0
10,33,9,1.5577034950256348,1.6849560737609863,25.18497085571289,-23.500014781951904,-23.627267360687256,23.627267360687256,-0.0011485566991773465,4.028880780459414,13.757776354854476,True,1332929,e3bfd76c4b198f44120c8e889d1d6fe9bd585aaba0982ff065aec5039fae4dbb,283012947d573410e706e8351944ae44e9437a057aedb8378aca561254f26ba9,b0dddcde6772df7eb78c482c7b8e6ebebe3b88ec6418a994112b74e053d32ece,0
10,30,0,2.0991697311401367,2.0430545806884766,76.27120971679688,-74.2281551361084,-74.17203998565674,74.17203998565674,0.0018250360676194217,8.714381832933887,13.806245319090571,True,1329938,a4ead4aff9a672c55d21c64d6880631a77a7780706b045c62b3a0034b52944fb,fe72f2ed8a10e806c5240bdfbae49d90fa5254f5f1765fb89e3ea1b3d78e216f,02c4c233828de854b667a9363d5d9e4a9b7650e0d21059b3424f71ab43362e34,0
10,30,1,2.0991697311401367,1.9481767416000366,105.27069091796875,-103.32251417636871,-103.17152118682861,103.17152118682861,-0.00021229693939691448,8.131387814033372,13.71353550422533,True,1329938,a4ead4aff9a672c55d21c64d6880631a77a7780706b045c62b3a0034b52944fb,fe72f2ed8a10e806c5240bdfbae49d90fa5254f5f1765fb89e3ea1b3d78e216f,6f71c47a50ad57d733e3bf3947be57949746caf48b94f0a606baffe1e3dd90e2,0
10,30,2,2.0991697311401367,2.4573073387145996,110.54549407958984,-108.08818674087524,-108.4463243484497,108.4463243484497,0.009246696249872587,8.537248551903197,13.765783324651508,True,1329938,a4ead4aff9a672c55d21c64d6880631a77a7780706b045c62b3a0034b52944fb,fe72f2ed8a10e806c5240bdfbae49d90fa5254f5f1765fb89e3ea1b3d78e216f,b9e88af667b8488f613df974db810bd8376bac5b371a2cfb473178cf1d7c8ea1,0
10,30,3,2.0991697311401367,2.6068646907806396,230.63771057128906,-228.03084588050842,-228.53854084014893,228.53854084014893,-0.0003890253701558589,9.57096596549241,13.647404132815879,True,1329938,a4ead4aff9a672c55d21c64d6880631a77a7780706b045c62b3a0034b52944fb,fe72f2ed8a10e806c5240bdfbae49d90fa5254f5f1765fb89e3ea1b3d78e216f,1ffc55ee65ad8d5829639284bdb2816e1e4d6046434ac409f5f1f2d8b9cc780e,0
10,30,4,2.0991697311401367,2.491443157196045,177.84976196289062,-175.35831880569458,-175.7505922317505,175.7505922317505,0.0023855000009820014,8.747453063900101,13.830207204741905,True,1329938,a4ead4aff9a672c55d21c64d6880631a77a7780706b045c62b3a0034b52944fb,fe72f2ed8a10e806c5240bdfbae49d90fa5254f5f1765fb89e3ea1b3d78e216f,1350cd8c712db3dd38ce456ea366bd2bcce33feb9121da4d6b42f1353f83b9e2,0
10,30,5,2.0991697311401367,1.9307631254196167,49.39164733886719,-47.46088421344757,-47.29247760772705,47.29247760772705,0.008405011928389236,10.415919039817682,13.984181423918198,True,1329938,a4ead4aff9a672c55d21c64d6880631a77a7780706b045c62b3a0034b52944fb,fe72f2ed8a10e806c5240bdfbae49d90fa5254f5f1765fb89e3ea1b3d78e216f,804ff807c0d7cf6140d73efbd2b0e513074cb563254c8e356ef07db8e20e2e38,0
10,30,6,2.0991697311401367,2.473015546798706,180.08847045898438,-177.61545491218567,-177.98930072784424,177.98930072784424,-0.0008158842783639806,10.142225306976764,13.713449087432904,True,1329938,a4ead4aff9a672c55d21c64d6880631a77a7780706b045c62b3a0034b52944fb,fe72f2ed8a10e806c5240bdfbae49d90fa5254f5f1765fb89e3ea1b3d78e216f,f467d9b0460a82d934bd0e99b1a2dfdfcd180b4f9bd0b91da98742168218a686,0
10,30,7,2.0991697311401367,1.8846420049667358,120.18801879882812,-118.30337679386139,-118.08884906768799,118.08884906768799,-0.0025354326695460035,9.161162620007621,13.704544221420125,True,1329938,a4ead4aff9a672c55d21c64d6880631a77a7780706b045c62b3a0034b52944fb,fe72f2ed8a10e806c5240bdfbae49d90fa5254f5f1765fb89e3ea1b3d78e216f,2c9f26a440648950ba30aad223e9b6966361268004a94959212b995a5b7fcf26,0
10,30,8,2.0991697311401367,2.1964478492736816,195.8220672607422,-193.6256194114685,-193.72289752960205,193.72289752960205,0.001426344573670208,8.921721702911208,13.808886080420189,True,1329938,a4ead4aff9a672c55d21c64d6880631a77a7780706b045c62b3a0034b52944fb,fe72f2ed8a10e806c5240bdfbae49d90fa5254f5f1765fb89e3ea1b3d78e216f,2605ecae7f226f4ac2206a770764a5e456119d6eac65b409715a18a84fdfbdeb,0
10,30,9,2.0991697311401367,2.0095016956329346,102.02581787109375,-100.01631617546082,-99.92664813995361,99.92664813995361,0.0014201588249203264,7.915196152012626,13.757776354854476,True,1329938,a4ead4aff9a672c55d21c64d6880631a77a7780706b045c62b3a0034b52944fb,fe72f2ed8a10e806c5240bdfbae49d90fa5254f5f1765fb89e3ea1b3d78e216f,b0dddcde6772df7eb78c482c7b8e6ebebe3b88ec6418a994112b74e053d32ece,0
10,64,0,1.680717945098877,1.468956708908081,3.0710625648498535,-1.6021058559417725,-1.3903446197509766,1.3903446197509766,0.0018433261210155888,2.358085466814579,13.806245319090571,True,16949699,fc34c91c0753227f92c512049446f7b811b8dabbf2c3b9136da2207cca4f9d96,4201fedfaace0f9d48d49a6993240b0f779bad50f3d0edcf52f70c9fbf0eb780,02c4c233828de854b667a9363d5d9e4a9b7650e0d21059b3424f71ab43362e34,1
10,64,1,1.680717945098877,1.5356227159500122,8.118804931640625,-6.583182215690613,-6.438086986541748,6.438086986541748,-0.004760361589773829,2.9797911811048388,13.71353550422533,True,16949699,fc34c91c0753227f92c512049446f7b811b8dabbf2c3b9136da2207cca4f9d96,4201fedfaace0f9d48d49a6993240b0f779bad50f3d0edcf52f70c9fbf0eb780,6f71c47a50ad57d733e3bf3947be57949746caf48b94f0a606baffe1e3dd90e2,1
10,64,2,1.680717945098877,1.53836190700531,16.664756774902344,-15.126394867897034,-14.984038829803467,14.984038829803467,0.004742320688030319,4.231087584211563,13.765783324651508,True,16949699,fc34c91c0753227f92c512049446f7b811b8dabbf2c3b9136da2207cca4f9d96,4201fedfaace0f9d48d49a6993240b0f779bad50f3d0edcf52f70c9fbf0eb780,b9e88af667b8488f613df974db810bd8376bac5b371a2cfb473178cf1d7c8ea1,1
10,64,3,1.680717945098877,1.8227277994155884,30.760257720947266,-28.937529921531677,-29.07953977584839,29.07953977584839,0.0014805886677478263,4.300077953069204,13.647404132815879,True,16949699,fc34c91c0753227f92c512049446f7b811b8dabbf2c3b9136da2207cca4f9d96,4201fedfaace0f9d48d49a6993240b0f779bad50f3d0edcf52f70c9fbf0eb780,1ffc55ee65ad8d5829639284bdb2816e1e4d6046434ac409f5f1f2d8b9cc780e,1
10,64,4,1.680717945098877,1.8703417778015137,24.86589813232422,-22.995556354522705,-23.185180187225342,23.185180187225342,0.007734444206345115,4.557582160837344,13.830207204741905,True,16949699,fc34c91c0753227f92c512049446f7b811b8dabbf2c3b9136da2207cca4f9d96,4201fedfaace0f9d48d49a6993240b0f779bad50f3d0edcf52f70c9fbf0eb780,1350cd8c712db3dd38ce456ea366bd2bcce33feb9121da4d6b42f1353f83b9e2,1
10,64,5,1.680717945098877,1.8665913343429565,6.729146957397461,-4.862555623054504,-5.048429012298584,5.048429012298584,0.010783458894630416,5.303014815867802,13.984181423918198,True,16949699,fc34c91c0753227f92c512049446f7b811b8dabbf2c3b9136da2207cca4f9d96,4201fedfaace0f9d48d49a6993240b0f779bad50f3d0edcf52f70c9fbf0eb780,804ff807c0d7cf6140d73efbd2b0e513074cb563254c8e356ef07db8e20e2e38,1
10,64,6,1.680717945098877,1.6008338928222656,29.31688117980957,-27.716047286987305,-27.636163234710693,27.636163234710693,-0.0042752196168684906,3.712384742032796,13.713449087432904,True,16949699,fc34c91c0753227f92c512049446f7b811b8dabbf2c3b9136da2207cca4f9d96,4201fedfaace0f9d48d49a6993240b0f779bad50f3d0edcf52f70c9fbf0eb780,f467d9b0460a82d934bd0e99b1a2dfdfcd180b4f9bd0b91da98742168218a686,1
10,64,7,1.680717945098877,1.7132810354232788,20.223251342773438,-18.50997030735016,-18.54253339767456,18.54253339767456,0.00022375426416419508,3.9159029709499,13.704544221420125,True,16949699,fc34c91c0753227f92c512049446f7b811b8dabbf2c3b9136da2207cca4f9d96,4201fedfaace0f9d48d49a6993240b0f779bad50f3d0edcf52f70c9fbf0eb780,2c9f26a440648950ba30aad223e9b6966361268004a94959212b995a5b7fcf26,1
10,64,8,1.680717945098877,1.6420220136642456,33.877952575683594,-32.23593056201935,-32.19723463058472,32.19723463058472,0.004192179782024636,3.9528992656575865,13.808886080420189,True,16949699,fc34c91c0753227f92c512049446f7b811b8dabbf2c3b9136da2207cca4f9d96,4201fedfaace0f9d48d49a6993240b0f779bad50f3d0edcf52f70c9fbf0eb780,2605ecae7f226f4ac2206a770764a5e456119d6eac65b409715a18a84fdfbdeb,1
10,64,9,1.680717945098877,1.647858738899231,25.884641647338867,-24.236782908439636,-24.20392370223999,24.20392370223999,-0.0006923194058633323,4.403752202689038,13.757776354854476,True,16949699,fc34c91c0753227f92c512049446f7b811b8dabbf2c3b9136da2207cca4f9d96,4201fedfaace0f9d48d49a6993240b0f779bad50f3d0edcf52f70c9fbf0eb780,b0dddcde6772df7eb78c482c7b8e6ebebe3b88ec6418a994112b74e053d32ece,1
10,91,0,2.715054988861084,2.317654609680176,98.59017944335938,-96.2725248336792,-95.87512445449829,95.87512445449829,-0.012229533951743803,9.470978015385175,13.806245319090571,True,16976618,0afa2f8729a8ece2d83888922666a0e91b8ee9e9f47cc77a6e9e65cc81c1d4e4,fb86612755ea19dd4d0f4e7e156cc5904a699405e9f65315aad8d188b791dd95,02c4c233828de854b667a9363d5d9e4a9b7650e0d21059b3424f71ab43362e34,1
10,91,1,2.715054988861084,2.1413631439208984,116.60676574707031,-114.46540260314941,-113.89171075820923,113.89171075820923,-0.010644766175430453,9.46196416514023,13.71353550422533,True,16976618,0afa2f8729a8ece2d83888922666a0e91b8ee9e9f47cc77a6e9e65cc81c1d4e4,fb86612755ea19dd4d0f4e7e156cc5904a699405e9f65315aad8d188b791dd95,6f71c47a50ad57d733e3bf3947be57949746caf48b94f0a606baffe1e3dd90e2,1
10,91,2,2.715054988861084,2.6910934448242188,90.71131134033203,-88.02021789550781,-87.99625635147095,87.99625635147095,-0.0016395554715495136,7.689732748275072,13.765783324651508,True,16976618,0afa2f8729a8ece2d83888922666a0e91b8ee9e9f47cc77a6e9e65cc81c1d4e4,fb86612755ea19dd4d0f4e7e156cc5904a699405e9f65315aad8d188b791dd95,b9e88af667b8488f613df974db810bd8376bac5b371a2cfb473178cf1d7c8ea1,1
10,91,3,2.715054988861084,2.9862687587738037,142.51097106933594,-139.52470231056213,-139.79591608047485,139.79591608047485,-0.004164875311472326,11.313818270258572,13.647404132815879,True,16976618,0afa2f8729a8ece2d83888922666a0e91b8ee9e9f47cc77a6e9e65cc81c1d4e4,fb86612755ea19dd4d0f4e7e156cc5904a699405e9f65315aad8d188b791dd95,1ffc55ee65ad8d5829639284bdb2816e1e4d6046434ac409f5f1f2d8b9cc780e,1
10,91,4,2.715054988861084,2.9486513137817383,135.5054931640625,-132.55684185028076,-132.79043817520142,132.79043817520142,-0.010781502535770393,7.627257543957533,13.830207204741905,True,16976618,0afa2f8729a8ece2d83888922666a0e91b8ee9e9f47cc77a6e9e65cc81c1d4e4,fb86612755ea19dd4d0f4e7e156cc5904a699405e9f65315aad8d188b791dd95,1350cd8c712db3dd38ce456ea366bd2bcce33feb9121da4d6b42f1353f83b9e2,1
10,91,5,2.715054988861084,2.1675326824188232,73.78529357910156,-71.61776089668274,-71.07023859024048,71.07023859024048,-0.004540528717732351,8.382571829201336,13.984181423918198,True,16976618,0afa2f8729a8ece2d83888922666a0e91b8ee9e9f47cc77a6e9e65cc81c1d4e4,fb86612755ea19dd4d0f4e7e156cc5904a699405e9f65315aad8d188b791dd95,804ff807c0d7cf6140d73efbd2b0e513074cb563254c8e356ef07db8e20e2e38,1
10,91,6,2.715054988861084,2.8458943367004395,96.70682525634766,-93.86093091964722,-93.99177026748657,93.99177026748657,-0.011733932824405347,9.302486000272154,13.713449087432904,True,16976618,0afa2f8729a8ece2d83888922666a0e91b8ee9e9f47cc77a6e9e65cc81c1d4e4,fb86612755ea19dd4d0f4e7e156cc5904a699405e9f65315aad8d188b791dd95,f467d9b0460a82d934bd0e99b1a2dfdfcd180b4f9bd0b91da98742168218a686,1
10,91,7,2.715054988861084,2.7728514671325684,101.4051742553711,-98.63232278823853,-98.69011926651001,98.69011926651001,-0.006213093175091541,8.273674862652943,13.704544221420125,True,16976618,0afa2f8729a8ece2d83888922666a0e91b8ee9e9f47cc77a6e9e65cc81c1d4e4,fb86612755ea19dd4d0f4e7e156cc5904a699405e9f65315aad8d188b791dd95,2c9f26a440648950ba30aad223e9b6966361268004a94959212b995a5b7fcf26,1
10,91,8,2.715054988861084,2.7131121158599854,83.57154846191406,-80.85843634605408,-80.85649347305298,80.85649347305298,-0.0022810637941494826,8.83693455871567,13.808886080420189,True,16976618,0afa2f8729a8ece2d83888922666a0e91b8ee9e9f47cc77a6e9e65cc81c1d4e4,fb86612755ea19dd4d0f4e7e156cc5904a699405e9f65315aad8d188b791dd95,2605ecae7f226f4ac2206a770764a5e456119d6eac65b409715a18a84fdfbdeb,1
10,91,9,2.715054988861084,2.7658143043518066,66.7865219116211,-64.02070760726929,-64.07146692276001,64.07146692276001,-0.000329519406492332,7.924321548596565,13.757776354854476,True,16976618,0afa2f8729a8ece2d83888922666a0e91b8ee9e9f47cc77a6e9e65cc81c1d4e4,fb86612755ea19dd4d0f4e7e156cc5904a699405e9f65315aad8d188b791dd95,b0dddcde6772df7eb78c482c7b8e6ebebe3b88ec6418a994112b74e053d32ece,1
10,12,0,2.020307779312134,1.763790488243103,16.360515594482422,-14.596725106239319,-14.340207815170288,14.340207815170288,-0.008262039285608336,4.129295922720047,13.806245319090571,True,16897855,dd909af874c6dda13f8af44a18a48bc78d62675e50d4ffdabacc7c46c486f8c5,a2a8ab34bc0d509f078a4f2666483c4105d85437fbec15cbd80e36fc37da33f7,02c4c233828de854b667a9363d5d9e4a9b7650e0d21059b3424f71ab43362e34,1
10,12,1,2.020307779312134,1.8038358688354492,5.47347354888916,-3.669637680053711,-3.4531657695770264,3.4531657695770264,-0.009198576466431154,3.694130934283518,13.71353550422533,True,16897855,dd909af874c6dda13f8af44a18a48bc78d62675e50d4ffdabacc7c46c486f8c5,a2a8ab34bc0d509f078a4f2666483c4105d85437fbec15cbd80e36fc37da33f7,6f71c47a50ad57d733e3bf3947be57949746caf48b94f0a606baffe1e3dd90e2,1
10,12,2,2.020307779312134,2.2533817291259766,16.79105567932129,-14.537673950195312,-14.770747900009155,14.770747900009155,0.0028894324419258253,5.854116420979597,13.765783324651508,True,16897855,dd909af874c6dda13f8af44a18a48bc78d62675e50d4ffdabacc7c46c486f8c5,a2a8ab34bc0d509f078a4f2666483c4105d85437fbec15cbd80e36fc37da33f7,b9e88af667b8488f613df974db810bd8376bac5b371a2cfb473178cf1d7c8ea1,1
10,12,3,2.020307779312134,2.2388768196105957,61.00996398925781,-58.77108716964722,-58.98965620994568,58.98965620994568,-0.0012353133148813062,5.811278616949123,13.647404132815879,True,16897855,dd909af874c6dda13f8af44a18a48bc78d62675e50d4ffdabacc7c46c486f8c5,a2a8ab34bc0d509f078a4f2666483c4105d85437fbec15cbd80e36fc37da33f7,1ffc55ee65ad8d5829639284bdb2816e1e4d6046434ac409f5f1f2d8b9cc780e,1
10,12,4,2.020307779312134,2.409153461456299,49.260963439941406,-46.85180997848511,-47.24065566062927,47.24065566062927,-0.00901591924458259,4.590420217055335,13.830207204741905,True,16897855,dd909af874c6dda13f8af44a18a48bc78d62675e50d4ffdabacc7c46c486f8c5,a2a8ab34bc0d509f078a4f2666483c4105d85437fbec15cbd80e36fc37da33f7,1350cd8c712db3dd38ce456ea366bd2bcce33feb9121da4d6b42f1353f83b9e2,1
10,12,5,2.020307779312134,1.7834954261779785,6.467695236206055,-4.684199810028076,-4.447387456893921,4.447387456893921,0.0017093794673233346,3.89182052684322,13.984181423918198,True,16897855,dd909af874c6dda13f8af44a18a48bc78d62675e50d4ffdabacc7c46c486f8c5,a2a8ab34bc0d509f078a4f2666483c4105d85437fbec15cbd80e36fc37da33f7,804ff807c0d7cf6140d73efbd2b0e513074cb563254c8e356ef07db8e20e2e38,1
10,12,6,2.020307779312134,2.135364532470703,48.546207427978516,-46.41084289550781,-46.52589964866638,46.52589964866638,-0.007709492221247337,4.758546701183148,13.713449087432904,True,16897855,dd909af874c6dda13f8af44a18a48bc78d62675e50d4ffdabacc7c46c486f8c5,a2a8ab34bc0d509f078a4f2666483c4105d85437fbec15cbd80e36fc37da33f7,f467d9b0460a82d934bd0e99b1a2dfdfcd180b4f9bd0b91da98742168218a686,1
10,12,7,2.020307779312134,1.8796865940093994,34.830684661865234,-32.950998067855835,-32.8103768825531,32.8103768825531,-0.00559801731225032,4.309781897072553,13.704544221420125,True,16897855,dd909af874c6dda13f8af44a18a48bc78d62675e50d4ffdabacc7c46c486f8c5,a2a8ab34bc0d509f078a4f2666483c4105d85437fbec15cbd80e36fc37da33f7,2c9f26a440648950ba30aad223e9b6966361268004a94959212b995a5b7fcf26,1
10,12,8,2.020307779312134,2.384807825088501,39.905818939208984,-37.52101111412048,-37.88551115989685,37.88551115989685,0.0029549521172381396,4.633887882317813,13.808886080420189,True,16897855,dd909af874c6dda13f8af44a18a48bc78d62675e50d4ffdabacc7c46c486f8c5,a2a8ab34bc0d509f078a4f2666483c4105d85437fbec15cbd80e36fc37da33f7,2605ecae7f226f4ac2206a770764a5e456119d6eac65b409715a18a84fdfbdeb,1
10,12,9,2.020307779312134,2.2675747871398926,11.065563201904297,-8.797988414764404,-9.045255422592163,9.045255422592163,-0.004483747363477899,3.967573834871489,13.757776354854476,True,16897855,dd909af874c6dda13f8af44a18a48bc78d62675e50d4ffdabacc7c46c486f8c5,a2a8ab34bc0d509f078a4f2666483c4105d85437fbec15cbd80e36fc37da33f7,b0dddcde6772df7eb78c482c7b8e6ebebe3b88ec6418a994112b74e053d32ece,1
10,52,0,1.7995707988739014,1.934922218322754,62.815120697021484,-60.88019847869873,-61.01554989814758,61.01554989814758,0.0092252326966619,6.105256631902418,13.806245319090571,True,16937735,5e66c8f22255f9fe3b42b7e0e503c45517560c2732cd4c13837ea79b3413fa91,3d0f32babf6960a790b6734530d119ce2c07e8bf96e7c34f62c92ed87edd0a91,02c4c233828de854b667a9363d5d9e4a9b7650e0d21059b3424f71ab43362e34,1
10,52,1,1.7995707988739014,1.9699411392211914,47.545249938964844,-45.57530879974365,-45.74567914009094,45.74567914009094,0.002255010106948906,6.560480684301226,13.71353550422533,True,16937735,5e66c8f22255f9fe3b42b7e0e503c45517560c2732cd4c13837ea79b3413fa91,3d0f32babf6960a790b6734530d119ce2c07e8bf96e7c34f62c92ed87edd0a91,6f71c47a50ad57d733e3bf3947be57949746caf48b94f0a606baffe1e3dd90e2,1
10,52,2,1.7995707988739014,1.6535954475402832,12.25789737701416,-10.604301929473877,-10.458326578140259,10.458326578140259,-0.0007589595879550267,4.043661689094597,13.765783324651508,True,16937735,5e66c8f22255f9fe3b42b7e0e503c45517560c2732cd4c13837ea79b3413fa91,3d0f32babf6960a790b6734530d119ce2c07e8bf96e7c34f62c92ed87edd0a91,b9e88af667b8488f613df974db810bd8376bac5b371a2cfb473178cf1d7c8ea1,1
10,52,3,1.7995707988739014,1.956144094467163,115.17797088623047,-113.2218267917633,-113.37840008735657,113.37840008735657,-0.004662443798517547,6.862792014635015,13.647404132815879,True,16937735,5e66c8f22255f9fe3b42b7e0e503c45517560c2732cd4c13837ea79b3413fa91,3d0f32babf6960a790b6734530d119ce2c07e8bf96e7c34f62c92ed87edd0a91,1ffc55ee65ad8d5829639284bdb2816e1e4d6046434ac409f5f1f2d8b9cc780e,1
10,52,4,1.7995707988739014,1.802253246307373,35.89606857299805,-34.093815326690674,-34.096497774124146,34.096497774124146,-0.00028120293700092025,5.537031773723287,13.830207204741905,True,16937735,5e66c8f22255f9fe3b42b7e0e503c45517560c2732cd4c13837ea79b3413fa91,3d0f32babf6960a790b6734530d119ce2c07e8bf96e7c34f62c92ed87edd0a91,1350cd8c712db3dd38ce456ea366bd2bcce33feb9121da4d6b42f1353f83b9e2,1
10,52,5,1.7995707988739014,1.9298428297042847,6.742285251617432,-4.812442421913147,-4.94271445274353,4.94271445274353,0.00464982965617822,4.450734742557273,13.984181423918198,True,16937735,5e66c8f22255f9fe3b42b7e0e503c45517560c2732cd4c13837ea79b3413fa91,3d0f32babf6960a790b6734530d119ce2c07e8bf96e7c34f62c92ed87edd0a91,804ff807c0d7cf6140d73efbd2b0e513074cb563254c8e356ef07db8e20e2e38,1
10,52,6,1.7995707988739014,2.124115467071533,120.31475830078125,-118.19064283370972,-118.51518750190735,118.51518750190735,-0.0024875917304952875,7.686496695787839,13.713449087432904,True,16937735,5e66c8f22255f9fe3b42b7e0e503c45517560c2732cd4c13837ea79b3413fa91,3d0f32babf6960a790b6734530d119ce2c07e8bf96e7c34f62c92ed87edd0a91,f467d9b0460a82d934bd0e99b1a2dfdfcd180b4f9bd0b91da98742168218a686,1
10,52,7,1.7995707988739014,1.7580385208129883,109.75898742675781,-108.00094890594482,-107.95941662788391,107.95941662788391,0.0008786512317257298,6.525157686576736,13.704544221420125,True,16937735,5e66c8f22255f9fe3b42b7e0e503c45517560c2732cd4c13837ea79b3413fa91,3d0f32babf6960a790b6734530d119ce2c07e8bf96e7c34f62c92ed87edd0a91,2c9f26a440648950ba30aad223e9b6966361268004a94959212b995a5b7fcf26,1
10,52,8,1.7995707988739014,2.1304969787597656,114.418701171875,-112.28820419311523,-112.6191303730011,112.6191303730011,0.006721024724234989,7.594781751731318,13.808886080420189,True,16937735,5e66c8f22255f9fe3b42b7e0e503c45517560c2732cd4c13837ea79b3413fa91,3d0f32babf6960a790b6734530d119ce2c07e8bf96e7c34f62c92ed87edd0a91,2605ecae7f226f4ac2206a770764a5e456119d6eac65b409715a18a84fdfbdeb,1
10,52,9,1.7995707988739014,1.7882107496261597,49.10292053222656,-47.3147097826004,-47.30334973335266,47.30334973335266,0.0012176123606462102,4.059120267209182,13.757776354854476,True,16937735,5e66c8f22255f9fe3b42b7e0e503c45517560c2732cd4c13837ea79b3413fa91,3d0f32babf6960a790b6734530d119ce2c07e8bf96e7c34f62c92ed87edd0a91,b0dddcde6772df7eb78c482c7b8e6ebebe3b88ec6418a994112b74e053d32ece,1
10,16,0,1.1751949787139893,1.5141273736953735,12.713929176330566,-11.199801802635193,-11.538734197616577,11.538734197616577,0.00738054347664659,6.414930689770672,13.806245319090571,True,16901843,2cf6b74c61a0bb85cb58365da54769dc1e53e3276c882c4b3938f7ca5510b6f8,a2d3315a7012c7a3318c5a8b363fa5a8ca4acb09177c9236a5e465028c3af9e7,02c4c233828de854b667a9363d5d9e4a9b7650e0d21059b3424f71ab43362e34,1
10,16,1,1.1751949787139893,1.5510047674179077,27.788061141967773,-26.237056374549866,-26.612866163253784,26.612866163253784,0.00280296064281387,5.683511397131343,13.71353550422533,True,16901843,2cf6b74c61a0bb85cb58365da54769dc1e53e3276c882c4b3938f7ca5510b6f8,a2d3315a7012c7a3318c5a8b363fa5a8ca4acb09177c9236a5e465028c3af9e7,6f71c47a50ad57d733e3bf3947be57949746caf48b94f0a606baffe1e3dd90e2,1
10,16,2,1.1751949787139893,1.3684966564178467,46.5045166015625,-45.13601994514465,-45.32932162284851,45.32932162284851,0.007057318544277032,4.7635266438515895,13.765783324651508,True,16901843,2cf6b74c61a0bb85cb58365da54769dc1e53e3276c882c4b3938f7ca5510b6f8,a2d3315a7012c7a3318c5a8b363fa5a8ca4acb09177c9236a5e465028c3af9e7,b9e88af667b8488f613df974db810bd8376bac5b371a2cfb473178cf1d7c8ea1,1
10,16,3,1.1751949787139893,1.2168829441070557,20.441360473632812,-19.224477529525757,-19.266165494918823,19.266165494918823,-0.0006001027854316244,4.6245639149176325,13.647404132815879,True,16901843,2cf6b74c61a0bb85cb58365da54769dc1e53e3276c882c4b3938f7ca5510b6f8,a2d3315a7012c7a3318c5a8b363fa5a8ca4acb09177c9236a5e465028c3af9e7,1ffc55ee65ad8d5829639284bdb2816e1e4d6046434ac409f5f1f2d8b9cc780e,1
10,16,4,1.1751949787139893,1.3711347579956055,48.90966796875,-47.538533210754395,-47.73447299003601,47.73447299003601,0.004264575117738824,6.795230387346467,13.830207204741905,True,16901843,2cf6b74c61a0bb85cb58365da54769dc1e53e3276c882c4b3938f7ca5510b6f8,a2d3315a7012c7a3318c5a8b363fa5a8ca4acb09177c9236a5e465028c3af9e7,1350cd8c712db3dd38ce456ea366bd2bcce33feb9121da4d6b42f1353f83b9e2,1
10,16,5,1.1751949787139893,1.6014466285705566,21.992769241333008,-20.39132261276245,-20.81757426261902,20.81757426261902,0.013829695440993299,6.525575109553496,13.984181423918198,True,16901843,2cf6b74c61a0bb85cb58365da54769dc1e53e3276c882c4b3938f7ca5510b6f8,a2d3315a7012c7a3318c5a8b363fa5a8ca4acb09177c9236a5e465028c3af9e7,804ff807c0d7cf6140d73efbd2b0e513074cb563254c8e356ef07db8e20e2e38,1
10,16,6,1.1751949787139893,1.367303490638733,23.910524368286133,-22.5432208776474,-22.735329389572144,22.735329389572144,0.0025297301102492967,5.214191816583569,13.713449087432904,True,16901843,2cf6b74c61a0bb85cb58365da54769dc1e53e3276c882c4b3938f7ca5510b6f8,a2d3315a7012c7a3318c5a8b363fa5a8ca4acb09177c9236a5e465028c3af9e7,f467d9b0460a82d934bd0e99b1a2dfdfcd180b4f9bd0b91da98742168218a686,1
10,16,7,1.1751949787139893,1.3826475143432617,18.54369354248047,-17.161046028137207,-17.36849856376648,17.36849856376648,0.0027837475215142854,4.12312461210887,13.704544221420125,True,16901843,2cf6b74c61a0bb85cb58365da54769dc1e53e3276c882c4b3938f7ca5510b6f8,a2d3315a7012c7a3318c5a8b363fa5a8ca4acb09177c9236a5e465028c3af9e7,2c9f26a440648950ba30aad223e9b6966361268004a94959212b995a5b7fcf26,1
10,16,8,1.1751949787139893,1.3012604713439941,33.085594177246094,-31.7843337059021,-31.910399198532104,31.910399198532104,0.00025353191680477775,5.110542040748679,13.808886080420189,True,16901843,2cf6b74c61a0bb85cb58365da54769dc1e53e3276c882c4b3938f7ca5510b6f8,a2d3315a7012c7a3318c5a8b363fa5a8ca4acb09177c9236a5e465028c3af9e7,2605ecae7f226f4ac2206a770764a5e456119d6eac65b409715a18a84fdfbdeb,1
10,16,9,1.1751949787139893,1.198897361755371,39.00221252441406,-37.80331516265869,-37.82701754570007,37.82701754570007,0.002568777858319706,5.1049122842510695,13.757776354854476,True,16901843,2cf6b74c61a0bb85cb58365da54769dc1e53e3276c882c4b3938f7ca5510b6f8,a2d3315a7012c7a3318c5a8b363fa5a8ca4acb09177c9236a5e465028c3af9e7,b0dddcde6772df7eb78c482c7b8e6ebebe3b88ec6418a994112b74e053d32ece,1
10,65,0,1.8275692462921143,2.079047203063965,37.27031707763672,-35.191269874572754,-35.442747831344604,35.442747831344604,0.001617026303636392,5.074352335533685,13.806245319090571,True,16950696,43667ac20b0070630e733a453eb25831316223ba3fd219228940f9abc50cb1ee,2c96989955f358b4441dcfe2e6a8efff270e3be90b1ff4ac6b0fbb81f7befa6b,02c4c233828de854b667a9363d5d9e4a9b7650e0d21059b3424f71ab43362e34,1
10,65,1,1.8275692462921143,1.8183190822601318,27.410526275634766,-25.592207193374634,-25.58295702934265,25.58295702934265,-0.002114378247147522,5.608649890480989,13.71353550422533,True,16950696,43667ac20b0070630e733a453eb25831316223ba3fd219228940f9abc50cb1ee,2c96989955f358b4441dcfe2e6a8efff270e3be90b1ff4ac6b0fbb81f7befa6b,6f71c47a50ad57d733e3bf3947be57949746caf48b94f0a606baffe1e3dd90e2,1
10,65,2,1.8275692462921143,1.7304084300994873,6.741217136383057,-5.010808706283569,-4.913647890090942,4.913647890090942,0.0011838788625095288,3.506050056815623,13.765783324651508,True,16950696,43667ac20b0070630e733a453eb25831316223ba3fd219228940f9abc50cb1ee,2c96989955f358b4441dcfe2e6a8efff270e3be90b1ff4ac6b0fbb81f7befa6b,b9e88af667b8488f613df974db810bd8376bac5b371a2cfb473178cf1d7c8ea1,1
10,65,3,1.8275692462921143,2.2104125022888184,58.78974151611328,-56.57932901382446,-56.96217226982117,56.96217226982117,-0.0032851835292558346,5.860579050052044,13.647404132815879,True,16950696,43667ac20b0070630e733a453eb25831316223ba3fd219228940f9abc50cb1ee,2c96989955f358b4441dcfe2e6a8efff270e3be90b1ff4ac6b0fbb81f7befa6b,1ffc55ee65ad8d5829639284bdb2816e1e4d6046434ac409f5f1f2d8b9cc780e,1
10,65,4,1.8275692462921143,2.0352134704589844,24.57959747314453,-22.544384002685547,-22.752028226852417,22.752028226852417,-0.0023610217133753614,5.160611738006841,13.830207204741905,True,16950696,43667ac20b0070630e733a453eb25831316223ba3fd219228940f9abc50cb1ee,2c96989955f358b4441dcfe2e6a8efff270e3be90b1ff4ac6b0fbb81f7befa6b,1350cd8c712db3dd38ce456ea366bd2bcce33feb9121da4d6b42f1353f83b9e2,1
10,65,5,1.8275692462921143,1.5621635913848877,5.535913467407227,-3.973749876022339,-3.7083442211151123,3.7083442211151123,0.00663895512094471,3.2819503644530306,13.984181423918198,True,16950696,43667ac20b0070630e733a453eb25831316223ba3fd219228940f9abc50cb1ee,2c96989955f358b4441dcfe2e6a8efff270e3be90b1ff4ac6b0fbb81f7befa6b,804ff807c0d7cf6140d73efbd2b0e513074cb563254c8e356ef07db8e20e2e38,1
10,65,6,1.8275692462921143,2.14168381690979,43.988948822021484,-41.847265005111694,-42.16137957572937,42.16137957572937,-0.0006429130751236149,6.074859462946378,13.713449087432904,True,16950696,43667ac20b0070630e733a453eb25831316223ba3fd219228940f9abc50cb1ee,2c96989955f358b4441dcfe2e6a8efff270e3be90b1ff4ac6b0fbb81f7befa6b,f467d9b0460a82d934bd0e99b1a2dfdfcd180b4f9bd0b91da98742168218a686,1
10,65,7,1.8275692462921143,2.1585938930511475,41.823341369628906,-39.66474747657776,-39.99577212333679,39.99577212333679,-0.0024492901963247752,4.447991862225896,13.704544221420125,True,16950696,43667ac20b0070630e733a453eb25831316223ba3fd219228940f9abc50cb1ee,2c96989955f358b4441dcfe2e6a8efff270e3be90b1ff4ac6b0fbb81f7befa6b,2c9f26a440648950ba30aad223e9b6966361268004a94959212b995a5b7fcf26,1
10,65,8,1.8275692462921143,2.096188545227051,44.035919189453125,-41.939730644226074,-42.20834994316101,42.20834994316101,0.0006550995018833151,4.7277057434954655,13.808886080420189,True,16950696,43667ac20b0070630e733a453eb25831316223ba3fd219228940f9abc50cb1ee,2c96989955f358b4441dcfe2e6a8efff270e3be90b1ff4ac6b0fbb81f7befa6b,2605ecae7f226f4ac2206a770764a5e456119d6eac65b409715a18a84fdfbdeb,1
10,65,9,1.8275692462921143,1.8501828908920288,24.794349670410156,-22.944166779518127,-22.966780424118042,22.966780424118042,-0.003356711902659295,3.7258746927110176,13.757776354854476,True,16950696,43667ac20b0070630e733a453eb25831316223ba3fd219228940f9abc50cb1ee,2c96989955f358b4441dcfe2e6a8efff270e3be90b1ff4ac6b0fbb81f7befa6b,b0dddcde6772df7eb78c482c7b8e6ebebe3b88ec6418a994112b74e053d32ece,1
10,50,0,1.775122046470642,1.4555413722991943,19.2354736328125,-17.779932260513306,-17.460351586341858,17.460351586341858,-0.007229512890844597,6.862410968500182,13.806245319090571,True,16935741,2e8ce3b9f8b3b20f190e77c5fc91950d911ebb718a657271b7d944a859815d12,b8fc8181a872952b5aea7a10cfc8415f3e58f48203d71ed614c47be178850509,02c4c233828de854b667a9363d5d9e4a9b7650e0d21059b3424f71ab43362e34,1
10,50,1,1.775122046470642,1.546849012374878,21.375768661499023,-19.828919649124146,-19.60064661502838,19.60064661502838,-0.007779592848059319,7.328340653135057,13.71353550422533,True,16935741,2e8ce3b9f8b3b20f190e77c5fc91950d911ebb718a657271b7d944a859815d12,b8fc8181a872952b5aea7a10cfc8415f3e58f48203d71ed614c47be178850509,6f71c47a50ad57d733e3bf3947be57949746caf48b94f0a606baffe1e3dd90e2,1
10,50,2,1.775122046470642,1.8065584897994995,47.263755798339844,-45.457197308540344,-45.4886337518692,45.4886337518692,0.0029784665395569993,6.575798497674014,13.765783324651508,True,16935741,2e8ce3b9f8b3b20f190e77c5fc91950d911ebb718a657271b7d944a859815d12,b8fc8181a872952b5aea7a10cfc8415f3e58f48203d71ed614c47be178850509,b9e88af667b8488f613df974db810bd8376bac5b371a2cfb473178cf1d7c8ea1,1
10,50,3,1.775122046470642,1.9589029550552368,76.43510437011719,-74.47620141506195,-74.65998232364655,74.65998232364655,-0.003955904138769609,8.789290217103872,13.647404132815879,True,16935741,2e8ce3b9f8b3b20f190e77c5fc91950d911ebb718a657271b7d944a859815d12,b8fc8181a872952b5aea7a10cfc8415f3e58f48203d71ed614c47be178850509,1ffc55ee65ad8d5829639284bdb2816e1e4d6046434ac409f5f1f2d8b9cc780e,1
10,50,4,1.775122046470642,2.2279491424560547,40.57647705078125,-38.348527908325195,-38.80135500431061,38.80135500431061,-0.0035131342863757415,7.374071661913423,13.830207204741905,True,16935741,2e8ce3b9f8b3b20f190e77c5fc91950d911ebb718a657271b7d944a859815d12,b8fc8181a872952b5aea7a10cfc8415f3e58f48203d71ed614c47be178850509,1350cd8c712db3dd38ce456ea366bd2bcce33feb9121da4d6b42f1353f83b9e2,1
10,50,5,1.775122046470642,1.4611396789550781,40.0732536315918,-38.61211395263672,-38.298131585121155,38.298131585121155,-0.00045008523153608444,6.211005804144978,13.984181423918198,True,16935741,2e8ce3b9f8b3b20f190e77c5fc91950d911ebb718a657271b7d944a859815d12,b8fc8181a872952b5aea7a10cfc8415f3e58f48203d71ed614c47be178850509,804ff807c0d7cf6140d73efbd2b0e513074cb563254c8e356ef07db8e20e2e38,1
10,50,6,1.775122046470642,1.7361770868301392,54.95754623413086,-53.22136914730072,-53.18242418766022,53.18242418766022,-0.008274098639299145,7.463724112760511,13.713449087432904,True,16935741,2e8ce3b9f8b3b20f190e77c5fc91950d911ebb718a657271b7d944a859815d12,b8fc8181a872952b5aea7a10cfc8415f3e58f48203d71ed614c47be178850509,f467d9b0460a82d934bd0e99b1a2dfdfcd180b4f9bd0b91da98742168218a686,1
10,50,7,1.775122046470642,1.6578558683395386,41.91969299316406,-40.261837124824524,-40.14457094669342,40.14457094669342,-0.0031931707686038086,7.688159508894653,13.704544221420125,True,16935741,2e8ce3b9f8b3b20f190e77c5fc91950d911ebb718a657271b7d944a859815d12,b8fc8181a872952b5aea7a10cfc8415f3e58f48203d71ed614c47be178850509,2c9f26a440648950ba30aad223e9b6966361268004a94959212b995a5b7fcf26,1
10,50,8,1.775122046470642,1.865035057067871,71.58173370361328,-69.71669864654541,-69.80661165714264,69.80661165714264,0.0016178883984663119,8.481539303853957,13.808886080420189,True,16935741,2e8ce3b9f8b3b20f190e77c5fc91950d911ebb718a657271b7d944a859815d12,b8fc8181a872952b5aea7a10cfc8415f3e58f48203d71ed614c47be178850509,2605ecae7f226f4ac2206a770764a5e456119d6eac65b409715a18a84fdfbdeb,1
10,50,9,1.775122046470642,1.8590387105941772,34.39146423339844,-32.53242552280426,-32.616342186927795,32.616342186927795,5.181378863037575e-05,7.642545986841168,13.757776354854476,True,16935741,2e8ce3b9f8b3b20f190e77c5fc91950d911ebb718a657271b7d944a859815d12,b8fc8181a872952b5aea7a10cfc8415f3e58f48203d71ed614c47be178850509,b0dddcde6772df7eb78c482c7b8e6ebebe3b88ec6418a994112b74e053d32ece,1
10,68,0,2.049678325653076,2.0570597648620605,38.50423812866211,-36.44717836380005,-36.45455980300903,36.45455980300903,-0.00375321465153761,5.7805582895313465,13.806245319090571,True,16953687,ac5537d1052769bc968f4c5cf654f6bff24142610b68650665e1c5fdcf1836ac,a171dc8e7ab0a29007c0cf2f1df8b3ddeb44326a1fa09fe90de12e4e9c6889c4,02c4c233828de854b667a9363d5d9e4a9b7650e0d21059b3424f71ab43362e34,1
10,68,1,2.049678325653076,2.220430374145508,30.88348388671875,-28.663053512573242,-28.833805561065674,28.833805561065674,0.002678968364693779,6.05163013788348,13.71353550422533,True,16953687,ac5537d1052769bc968f4c5cf654f6bff24142610b68650665e1c5fdcf1836ac,a171dc8e7ab0a29007c0cf2f1df8b3ddeb44326a1fa09fe90de12e4e9c6889c4,6f71c47a50ad57d733e3bf3947be57949746caf48b94f0a606baffe1e3dd90e2,1
10,68,2,2.049678325653076,2.026756525039673,26.23214340209961,-24.205386877059937,-24.182465076446533,24.182465076446533,0.00044009111317184975,6.191721043007739,13.765783324651508,True,16953687,ac5537d1052769bc968f4c5cf654f6bff24142610b68650665e1c5fdcf1836ac,a171dc8e7ab0a29007c0cf2f1df8b3ddeb44326a1fa09fe90de12e4e9c6889c4,b9e88af667b8488f613df974db810bd8376bac5b371a2cfb473178cf1d7c8ea1,1
10,68,3,2.049678325653076,2.086486339569092,56.42939376831055,-54.342907428741455,-54.37971544265747,54.37971544265747,-0.001672043519512154,6.92234994654059,13.647404132815879,True,16953687,ac5537d1052769bc968f4c5cf654f6bff24142610b68650665e1c5fdcf1836ac,a171dc8e7ab0a29007c0cf2f1df8b3ddeb44326a1fa09fe90de12e4e9c6889c4,1ffc55ee65ad8d5829639284bdb2816e1e4d6046434ac409f5f1f2d8b9cc780e,1
10,68,4,2.049678325653076,1.9352514743804932,55.35428237915039,-53.4190309047699,-53.304604053497314,53.304604053497314,-0.0021321635910253817,5.897067189109481,13.830207204741905,True,16953687,ac5537d1052769bc968f4c5cf654f6bff24142610b68650665e1c5fdcf1836ac,a171dc8e7ab0a29007c0cf2f1df8b3ddeb44326a1fa09fe90de12e4e9c6889c4,1350cd8c712db3dd38ce456ea366bd2bcce33feb9121da4d6b42f1353f83b9e2,1
10,68,5,2.049678325653076,1.9832053184509277,13.123289108276367,-11.14008378982544,-11.073610782623291,11.073610782623291,0.007723282374245098,7.544052635867416,13.984181423918198,True,16953687,ac5537d1052769bc968f4c5cf654f6bff24142610b68650665e1c5fdcf1836ac,a171dc8e7ab0a29007c0cf2f1df8b3ddeb44326a1fa09fe90de12e4e9c6889c4,804ff807c0d7cf6140d73efbd2b0e513074cb563254c8e356ef07db8e20e2e38,1
10,68,6,2.049678325653076,2.171992540359497,75.04229736328125,-72.87030482292175,-72.99261903762817,72.99261903762817,-0.005770548693355837,7.0961249446964,13.713449087432904,True,16953687,ac5537d1052769bc968f4c5cf654f6bff24142610b68650665e1c5fdcf1836ac,a171dc8e7ab0a29007c0cf2f1df8b3ddeb44326a1fa09fe90de12e4e9c6889c4,f467d9b0460a82d934bd0e99b1a2dfdfcd180b4f9bd0b91da98742168218a686,1
10,68,7,2.049678325653076,1.6718158721923828,29.4748477935791,-27.80303192138672,-27.425169467926025,27.425169467926025,-0.005357113836211731,5.2715460995628876,13.704544221420125,True,16953687,ac5537d1052769bc968f4c5cf654f6bff24142610b68650665e1c5fdcf1836ac,a171dc8e7ab0a29007c0cf2f1df8b3ddeb44326a1fa09fe90de12e4e9c6889c4,2c9f26a440648950ba30aad223e9b6966361268004a94959212b995a5b7fcf26,1
10,68,8,2.049678325653076,2.2442078590393066,52.70042419433594,-50.45621633529663,-50.65074586868286,50.65074586868286,-0.0008631786011234617,7.4576309237248,13.808886080420189,True,16953687,ac5537d1052769bc968f4c5cf654f6bff24142610b68650665e1c5fdcf1836ac,a171dc8e7ab0a29007c0cf2f1df8b3ddeb44326a1fa09fe90de12e4e9c6889c4,2605ecae7f226f4ac2206a770764a5e456119d6eac65b409715a18a84fdfbdeb,1
10,68,9,2.049678325653076,1.966994047164917,25.19369125366211,-23.226697206497192,-23.144012928009033,23.144012928009033,4.8251743181325544e-05,5.647083452111642,13.757776354854476,True,16953687,ac5537d1052769bc968f4c5cf654f6bff24142610b68650665e1c5fdcf1836ac,a171dc8e7ab0a29007c0cf2f1df8b3ddeb44326a1fa09fe90de12e4e9c6889c4,b0dddcde6772df7eb78c482c7b8e6ebebe3b88ec6418a994112b74e053d32ece,1
10,33,0,1.6406387090682983,1.733646273612976,49.72789764404297,-47.99425137042999,-48.08725893497467,48.08725893497467,0.0061267502218709255,6.468698750963818,13.806245319090571,True,16918792,d1eebf3ad32f1e15f28bad24a3942dde52dff0af4891888dfef2c615ca383247,2535eec6a17973b5f68918982b02da84f4615694fd7af03f0e7751de8e398f94,02c4c233828de854b667a9363d5d9e4a9b7650e0d21059b3424f71ab43362e34,1
10,33,1,1.6406387090682983,1.3167998790740967,33.398521423339844,-32.08172154426575,-31.757882714271545,31.757882714271545,-0.0025152480764505446,5.760712635896179,13.71353550422533,True,16918792,d1eebf3ad32f1e15f28bad24a3942dde52dff0af4891888dfef2c615ca383247,2535eec6a17973b5f68918982b02da84f4615694fd7af03f0e7751de8e398f94,6f71c47a50ad57d733e3bf3947be57949746caf48b94f0a606baffe1e3dd90e2,1
10,33,2,1.6406387090682983,1.4220465421676636,13.508224487304688,-12.086177945137024,-11.86758577823639,11.86758577823639,-0.0005310365997517377,3.5573105462935275,13.765783324651508,True,16918792,d1eebf3ad32f1e15f28bad24a3942dde52dff0af4891888dfef2c615ca383247,2535eec6a17973b5f68918982b02da84f4615694fd7af03f0e7751de8e398f94,b9e88af667b8488f613df974db810bd8376bac5b371a2cfb473178cf1d7c8ea1,1
10,33,3,1.6406387090682983,1.9057552814483643,48.952396392822266,-47.0466411113739,-47.31175768375397,47.31175768375397,-0.0002953317564527793,6.824273114796154,13.647404132815879,True,16918792,d1eebf3ad32f1e15f28bad24a3942dde52dff0af4891888dfef2c615ca383247,2535eec6a17973b5f68918982b02da84f4615694fd7af03f0e7751de8e398f94,1ffc55ee65ad8d5829639284bdb2816e1e4d6046434ac409f5f1f2d8b9cc780e,1
10,33,4,1.6406387090682983,1.6975042819976807,32.016754150390625,-30.319249868392944,-30.376115441322327,30.376115441322327,0.0029205157728763873,5.272962681104351,13.830207204741905,True,16918792,d1eebf3ad32f1e15f28bad24a3942dde52dff0af4891888dfef2c615ca383247,2535eec6a17973b5f68918982b02da84f4615694fd7af03f0e7751de8e398f94,1350cd8c712db3dd38ce456ea366bd2bcce33feb9121da4d6b42f1353f83b9e2,1
10,33,5,1.6406387090682983,1.4545140266418457,12.891024589538574,-11.436510562896729,-11.250385880470276,11.250385880470276,0.00895287454557493,5.7279761172548955,13.984181423918198,True,16918792,d1eebf3ad32f1e15f28bad24a3942dde52dff0af4891888dfef2c615ca383247,2535eec6a17973b5f68918982b02da84f4615694fd7af03f0e7751de8e398f94,804ff807c0d7cf6140d73efbd2b0e513074cb563254c8e356ef07db8e20e2e38,1
10,33,6,1.6406387090682983,1.859070062637329,58.67059326171875,-56.81152319908142,-57.02995455265045,57.02995455265045,0.0008511004425079789,6.931485073348968,13.713449087432904,True,16918792,d1eebf3ad32f1e15f28bad24a3942dde52dff0af4891888dfef2c615ca383247,2535eec6a17973b5f68918982b02da84f4615694fd7af03f0e7751de8e398f94,f467d9b0460a82d934bd0e99b1a2dfdfcd180b4f9bd0b91da98742168218a686,1
10,33,7,1.6406387090682983,1.9408726692199707,42.47203826904297,-40.531165599823,-40.83139955997467,40.83139955997467,0.0036195813072609087,5.45369423001482,13.704544221420125,True,16918792,d1eebf3ad32f1e15f28bad24a3942dde52dff0af4891888dfef2c615ca383247,2535eec6a17973b5f68918982b02da84f4615694fd7af03f0e7751de8e398f94,2c9f26a440648950ba30aad223e9b6966361268004a94959212b995a5b7fcf26,1
10,33,8,1.6406387090682983,2.056941032409668,46.460575103759766,-44.4036340713501,-44.81993639469147,44.81993639469147,0.005543696059607994,5.265096553888309,13.808886080420189,True,16918792,d1eebf3ad32f1e15f28bad24a3942dde52dff0af4891888dfef2c615ca383247,2535eec6a17973b5f68918982b02da84f4615694fd7af03f0e7751de8e398f94,2605ecae7f226f4ac2206a770764a5e456119d6eac65b409715a18a84fdfbdeb,1
10,33,9,1.6406387090682983,1.59183931350708,15.633391380310059,-14.041552066802979,-13.99275267124176,13.99275267124176,-0.0008112050492223511,3.6516083921030194,13.757776354854476,True,16918792,d1eebf3ad32f1e15f28bad24a3942dde52dff0af4891888dfef2c615ca383247,2535eec6a17973b5f68918982b02da84f4615694fd7af03f0e7751de8e398f94,b0dddcde6772df7eb78c482c7b8e6ebebe3b88ec6418a994112b74e053d32ece,1
10,30,0,2.2083816528320312,2.441713333129883,152.19097900390625,-149.74926567077637,-149.98259735107422,149.98259735107422,-2.2219665256273254e-06,9.56907829107874,13.806245319090571,True,16915801,9371b3a45d10e7dc286b7458037e854c5f0b87933cdc2944466a6ca681656607,a2fd29e7ab72ea578ba8253a31e0da4b76b44cd5918ebc4a2b144293bfbf4e18,02c4c233828de854b667a9363d5d9e4a9b7650e0d21059b3424f71ab43362e34,1
10,30,1,2.2083816528320312,2.0449025630950928,275.8171081542969,-273.7722055912018,-273.60872650146484,273.60872650146484,-0.0015792409229446866,9.66121692599753,13.71353550422533,True,16915801,9371b3a45d10e7dc286b7458037e854c5f0b87933cdc2944466a6ca681656607,a2fd29e7ab72ea578ba8253a31e0da4b76b44cd5918ebc4a2b144293bfbf4e18,6f71c47a50ad57d733e3bf3947be57949746caf48b94f0a606baffe1e3dd90e2,1
10,30,2,2.2083816528320312,2.741992473602295,163.9253387451172,-161.1833462715149,-161.71695709228516,161.71695709228516,0.006537980843317881,8.76879016800377,13.765783324651508,True,16915801,9371b3a45d10e7dc286b7458037e854c5f0b87933cdc2944466a6ca681656607,a2fd29e7ab72ea578ba8253a31e0da4b76b44cd5918ebc4a2b144293bfbf4e18,b9e88af667b8488f613df974db810bd8376bac5b371a2cfb473178cf1d7c8ea1,1
10,30,3,2.2083816528320312,2.449556589126587,341.04931640625,-338.5997598171234,-338.84093475341797,338.84093475341797,-0.002382522802551835,10.440829666358978,13.647404132815879,True,16915801,9371b3a45d10e7dc286b7458037e854c5f0b87933cdc2944466a6ca681656607,a2fd29e7ab72ea578ba8253a31e0da4b76b44cd5918ebc4a2b144293bfbf4e18,1ffc55ee65ad8d5829639284bdb2816e1e4d6046434ac409f5f1f2d8b9cc780e,1
10,30,4,2.2083816528320312,2.6088762283325195,321.2042236328125,-318.59534740448,-318.99584197998047,318.99584197998047,-0.0009844265492682653,10.201148490202192,13.830207204741905,True,16915801,9371b3a45d10e7dc286b7458037e854c5f0b87933cdc2944466a6ca681656607,a2fd29e7ab72ea578ba8253a31e0da4b76b44cd5918ebc4a2b144293bfbf4e18,1350cd8c712db3dd38ce456ea366bd2bcce33feb9121da4d6b42f1353f83b9e2,1
10,30,5,2.2083816528320312,2.0722899436950684,49.97505569458008,-47.90276575088501,-47.76667404174805,47.76667404174805,0.0037967453638552895,9.496274072336181,13.984181423918198,True,16915801,9371b3a45d10e7dc286b7458037e854c5f0b87933cdc2944466a6ca681656607,a2fd29e7ab72ea578ba8253a31e0da4b76b44cd5918ebc4a2b144293bfbf4e18,804ff807c0d7cf6140d73efbd2b0e513074cb563254c8e356ef07db8e20e2e38,1
10,30,6,2.2083816528320312,2.4172306060791016,287.2223205566406,-284.8050899505615,-285.0139389038086,285.0139389038086,-0.0024820399487712184,10.530994867785912,13.713449087432904,True,16915801,9371b3a45d10e7dc286b7458037e854c5f0b87933cdc2944466a6ca681656607,a2fd29e7ab72ea578ba8253a31e0da4b76b44cd5918ebc4a2b144293bfbf4e18,f467d9b0460a82d934bd0e99b1a2dfdfcd180b4f9bd0b91da98742168218a686,1
10,30,7,2.2083816528320312,1.792083978652954,217.07139587402344,-215.27931189537048,-214.8630142211914,214.8630142211914,-0.004747179668870705,11.006701102462685,13.704544221420125,True,16915801,9371b3a45d10e7dc286b7458037e854c5f0b87933cdc2944466a6ca681656607,a2fd29e7ab72ea578ba8253a31e0da4b76b44cd5918ebc4a2b144293bfbf4e18,2c9f26a440648950ba30aad223e9b6966361268004a94959212b995a5b7fcf26,1
10,30,8,2.2083816528320312,2.2645092010498047,338.2132568359375,-335.9487476348877,-336.00487518310547,336.00487518310547,-0.00036526575808307275,10.28737683010038,13.808886080420189,True,16915801,9371b3a45d10e7dc286b7458037e854c5f0b87933cdc2944466a6ca681656607,a2fd29e7ab72ea578ba8253a31e0da4b76b44cd5918ebc4a2b144293bfbf4e18,2605ecae7f226f4ac2206a770764a5e456119d6eac65b409715a18a84fdfbdeb,1
10,30,9,2.2083816528320312,2.227938175201416,193.7292938232422,-191.50135564804077,-191.52091217041016,191.52091217041016,-0.0005454867896874722,9.505244074274612,13.757776354854476,True,16915801,9371b3a45d10e7dc286b7458037e854c5f0b87933cdc2944466a6ca681656607,a2fd29e7ab72ea578ba8253a31e0da4b76b44cd5918ebc4a2b144293bfbf4e18,b0dddcde6772df7eb78c482c7b8e6ebebe3b88ec6418a994112b74e053d32ece,1
10,64,0,1.935664415359497,1.8959712982177734,15.345239639282227,-13.449268341064453,-13.40957522392273,13.40957522392273,-0.0003066939150199795,3.0457850701896128,13.806245319090571,True,32435562,9ba718f657b3a20235a5aec3ca9b372bffcb07049a073a4fb45415cf70db6edf,0ae5e7313ca94b8b534c106047887a5ca2904f3259465f0b8c6e2c82cf1eb9b1,02c4c233828de854b667a9363d5d9e4a9b7650e0d21059b3424f71ab43362e34,2
10,64,1,1.935664415359497,1.7692433595657349,28.211021423339844,-26.44177806377411,-26.275357007980347,26.275357007980347,0.0008723674402645109,4.253622775995999,13.71353550422533,True,32435562,9ba718f657b3a20235a5aec3ca9b372bffcb07049a073a4fb45415cf70db6edf,0ae5e7313ca94b8b534c106047887a5ca2904f3259465f0b8c6e2c82cf1eb9b1,6f71c47a50ad57d733e3bf3947be57949746caf48b94f0a606baffe1e3dd90e2,2
10,64,2,1.935664415359497,2.0164225101470947,31.64500617980957,-29.628583669662476,-29.709341764450073,29.709341764450073,-0.0025191080461357675,3.3968902629840616,13.765783324651508,True,32435562,9ba718f657b3a20235a5aec3ca9b372bffcb07049a073a4fb45415cf70db6edf,0ae5e7313ca94b8b534c106047887a5ca2904f3259465f0b8c6e2c82cf1eb9b1,b9e88af667b8488f613df974db810bd8376bac5b371a2cfb473178cf1d7c8ea1,2
10,64,3,1.935664415359497,2.198124408721924,47.68851852416992,-45.490394115448,-45.752854108810425,45.752854108810425,0.0032229846968158753,4.84863919585874,13.647404132815879,True,32435562,9ba718f657b3a20235a5aec3ca9b372bffcb07049a073a4fb45415cf70db6edf,0ae5e7313ca94b8b534c106047887a5ca2904f3259465f0b8c6e2c82cf1eb9b1,1ffc55ee65ad8d5829639284bdb2816e1e4d6046434ac409f5f1f2d8b9cc780e,2
10,64,4,1.935664415359497,2.067286729812622,61.36393356323242,-59.2966468334198,-59.428269147872925,59.428269147872925,-0.0006559889491627463,4.794139623074818,13.830207204741905,True,32435562,9ba718f657b3a20235a5aec3ca9b372bffcb07049a073a4fb45415cf70db6edf,0ae5e7313ca94b8b534c106047887a5ca2904f3259465f0b8c6e2c82cf1eb9b1,1350cd8c712db3dd38ce456ea366bd2bcce33feb9121da4d6b42f1353f83b9e2,2
10,64,5,1.935664415359497,2.0235753059387207,4.349511623382568,-2.3259363174438477,-2.4138472080230713,2.4138472080230713,0.010473700934610976,5.120395679174635,13.984181423918198,True,32435562,9ba718f657b3a20235a5aec3ca9b372bffcb07049a073a4fb45415cf70db6edf,0ae5e7313ca94b8b534c106047887a5ca2904f3259465f0b8c6e2c82cf1eb9b1,804ff807c0d7cf6140d73efbd2b0e513074cb563254c8e356ef07db8e20e2e38,2
10,64,6,1.935664415359497,1.8354439735412598,88.55079650878906,-86.7153525352478,-86.61513209342957,86.61513209342957,-0.0009529218929815183,5.117808904838181,13.713449087432904,True,32435562,9ba718f657b3a20235a5aec3ca9b372bffcb07049a073a4fb45415cf70db6edf,0ae5e7313ca94b8b534c106047887a5ca2904f3259465f0b8c6e2c82cf1eb9b1,f467d9b0460a82d934bd0e99b1a2dfdfcd180b4f9bd0b91da98742168218a686,2
10,64,7,1.935664415359497,2.0727367401123047,85.4287109375,-83.3559741973877,-83.4930465221405,83.4930465221405,-0.0010909809578115942,4.609840138716126,13.704544221420125,True,32435562,9ba718f657b3a20235a5aec3ca9b372bffcb07049a073a4fb45415cf70db6edf,0ae5e7313ca94b8b534c106047887a5ca2904f3259465f0b8c6e2c82cf1eb9b1,2c9f26a440648950ba30aad223e9b6966361268004a94959212b995a5b7fcf26,2
10,64,8,1.935664415359497,2.020779848098755,68.06082153320312,-66.04004168510437,-66.12515711784363,66.12515711784363,0.0028282499246715708,4.012643703187249,13.808886080420189,True,32435562,9ba718f657b3a20235a5aec3ca9b372bffcb07049a073a4fb45415cf70db6edf,0ae5e7313ca94b8b534c106047887a5ca2904f3259465f0b8c6e2c82cf1eb9b1,2605ecae7f226f4ac2206a770764a5e456119d6eac65b409715a18a84fdfbdeb,2
10,64,9,1.935664415359497,1.8585118055343628,50.481475830078125,-48.62296402454376,-48.54581141471863,48.54581141471863,-0.0035940767868793415,3.0636424482819895,13.757776354854476,True,32435562,9ba718f657b3a20235a5aec3ca9b372bffcb07049a073a4fb45415cf70db6edf,0ae5e7313ca94b8b534c106047887a5ca2904f3259465f0b8c6e2c82cf1eb9b1,b0dddcde6772df7eb78c482c7b8e6ebebe3b88ec6418a994112b74e053d32ece,2
10,91,0,1.7014970779418945,1.5713834762573242,119.75953674316406,-118.18815326690674,-118.05803966522217,118.05803966522217,-0.011611530347001344,11.738429800656803,13.806245319090571,True,32462481,0b34e65b295038e35145a35bdfc746c2bef10d9389b79a81cedf07df28c43530,d5efa477168d78d5c0b742d7774693785b1e713fdcb4347a4283ba3a89f5f44c,02c4c233828de854b667a9363d5d9e4a9b7650e0d21059b3424f71ab43362e34,2
10,91,1,1.7014970779418945,1.4590437412261963,283.8720397949219,-282.4129960536957,-282.17054271698,282.17054271698,-0.012756239793238443,9.19630934278994,13.71353550422533,True,32462481,0b34e65b295038e35145a35bdfc746c2bef10d9389b79a81cedf07df28c43530,d5efa477168d78d5c0b742d7774693785b1e713fdcb4347a4283ba3a89f5f44c,6f71c47a50ad57d733e3bf3947be57949746caf48b94f0a606baffe1e3dd90e2,2
10,91,2,1.7014970779418945,1.850255012512207,142.11203002929688,-140.26177501678467,-140.41053295135498,140.41053295135498,-0.004063606039763278,7.825295124428919,13.765783324651508,True,32462481,0b34e65b295038e35145a35bdfc746c2bef10d9389b79a81cedf07df28c43530,d5efa477168d78d5c0b742d7774693785b1e713fdcb4347a4283ba3a89f5f44c,b9e88af667b8488f613df974db810bd8376bac5b371a2cfb473178cf1d7c8ea1,2
10,91,3,1.7014970779418945,2.1277894973754883,333.49945068359375,-331.37166118621826,-331.79795360565186,331.79795360565186,-0.006340440895090747,11.052336643073916,13.647404132815879,True,32462481,0b34e65b295038e35145a35bdfc746c2bef10d9389b79a81cedf07df28c43530,d5efa477168d78d5c0b742d7774693785b1e713fdcb4347a4283ba3a89f5f44c,1ffc55ee65ad8d5829639284bdb2816e1e4d6046434ac409f5f1f2d8b9cc780e,2
10,91,4,1.7014970779418945,1.8700320720672607,332.20269775390625,-330.332665681839,-330.50120067596436,330.50120067596436,-0.012625188200302055,8.818492315387058,13.830207204741905,True,32462481,0b34e65b295038e35145a35bdfc746c2bef10d9389b79a81cedf07df28c43530,d5efa477168d78d5c0b742d7774693785b1e713fdcb4347a4283ba3a89f5f44c,1350cd8c712db3dd38ce456ea366bd2bcce33feb9121da4d6b42f1353f83b9e2,2
10,91,5,1.7014970779418945,1.408001184463501,56.983070373535156,-55.575069189071655,-55.28157329559326,55.28157329559326,-0.008725321822027355,8.873040332259048,13.984181423918198,True,32462481,0b34e65b295038e35145a35bdfc746c2bef10d9389b79a81cedf07df28c43530,d5efa477168d78d5c0b742d7774693785b1e713fdcb4347a4283ba3a89f5f44c,804ff807c0d7cf6140d73efbd2b0e513074cb563254c8e356ef07db8e20e2e38,2
10,91,6,1.7014970779418945,1.8769971132278442,295.2825622558594,-293.40556514263153,-293.5810651779175,293.5810651779175,-0.011272774553565793,9.920448656451473,13.713449087432904,True,32462481,0b34e65b295038e35145a35bdfc746c2bef10d9389b79a81cedf07df28c43530,d5efa477168d78d5c0b742d7774693785b1e713fdcb4347a4283ba3a89f5f44c,f467d9b0460a82d934bd0e99b1a2dfdfcd180b4f9bd0b91da98742168218a686,2
10,91,7,1.7014970779418945,1.809246301651001,206.10418701171875,-204.29494071006775,-204.40268993377686,204.40268993377686,-0.004690160781384059,9.607697802338638,13.704544221420125,True,32462481,0b34e65b295038e35145a35bdfc746c2bef10d9389b79a81cedf07df28c43530,d5efa477168d78d5c0b742d7774693785b1e713fdcb4347a4283ba3a89f5f44c,2c9f26a440648950ba30aad223e9b6966361268004a94959212b995a5b7fcf26,2
10,91,8,1.7014970779418945,1.8808101415634155,327.158447265625,-325.2776371240616,-325.4569501876831,325.4569501876831,-0.0038939635942692613,9.603876371729735,13.808886080420189,True,32462481,0b34e65b295038e35145a35bdfc746c2bef10d9389b79a81cedf07df28c43530,d5efa477168d78d5c0b742d7774693785b1e713fdcb4347a4283ba3a89f5f44c,2605ecae7f226f4ac2206a770764a5e456119d6eac65b409715a18a84fdfbdeb,2
10,91,9,1.7014970779418945,1.8255020380020142,181.53952026367188,-179.71401822566986,-179.83802318572998,179.83802318572998,-0.0010177575276241555,8.668411475268663,13.757776354854476,True,32462481,0b34e65b295038e35145a35bdfc746c2bef10d9389b79a81cedf07df28c43530,d5efa477168d78d5c0b742d7774693785b1e713fdcb4347a4283ba3a89f5f44c,b0dddcde6772df7eb78c482c7b8e6ebebe3b88ec6418a994112b74e053d32ece,2
10,12,0,1.9349472522735596,1.818194031715393,62.15697479248047,-60.338780760765076,-60.22202754020691,60.22202754020691,-0.010881665739160535,5.519835395305328,13.806245319090571,True,32383718,d3285c927571ff7c28ee6c66f37d453876ee013aecc33bc0d7ce5b1734eadd78,d03ceef4a69f88c4058e0a47d606cfc63c98f83c7fa2a0d7f13e5cf3b25a14f1,02c4c233828de854b667a9363d5d9e4a9b7650e0d21059b3424f71ab43362e34,2
10,12,1,1.9349472522735596,1.568229079246521,74.60429382324219,-73.03606474399567,-72.66934657096863,72.66934657096863,-0.0078643969150245,5.034241513926307,13.71353550422533,True,32383718,d3285c927571ff7c28ee6c66f37d453876ee013aecc33bc0d7ce5b1734eadd78,d03ceef4a69f88c4058e0a47d606cfc63c98f83c7fa2a0d7f13e5cf3b25a14f1,6f71c47a50ad57d733e3bf3947be57949746caf48b94f0a606baffe1e3dd90e2,2
10,12,2,1.9349472522735596,2.030252456665039,106.71369171142578,-104.68343925476074,-104.77874445915222,104.77874445915222,0.002092432705890552,6.044956505091889,13.765783324651508,True,32383718,d3285c927571ff7c28ee6c66f37d453876ee013aecc33bc0d7ce5b1734eadd78,d03ceef4a69f88c4058e0a47d606cfc63c98f83c7fa2a0d7f13e5cf3b25a14f1,b9e88af667b8488f613df974db810bd8376bac5b371a2cfb473178cf1d7c8ea1,2
10,12,3,1.9349472522735596,1.930706262588501,45.449832916259766,-43.519126653671265,-43.514885663986206,43.514885663986206,-0.005486216293281198,5.741678664936214,13.647404132815879,True,32383718,d3285c927571ff7c28ee6c66f37d453876ee013aecc33bc0d7ce5b1734eadd78,d03ceef4a69f88c4058e0a47d606cfc63c98f83c7fa2a0d7f13e5cf3b25a14f1,1ffc55ee65ad8d5829639284bdb2816e1e4d6046434ac409f5f1f2d8b9cc780e,2
10,12,4,1.9349472522735596,1.9981247186660767,92.04801940917969,-90.04989469051361,-90.11307215690613,90.11307215690613,-0.00679708104512054,6.551605968116295,13.830207204741905,True,32383718,d3285c927571ff7c28ee6c66f37d453876ee013aecc33bc0d7ce5b1734eadd78,d03ceef4a69f88c4058e0a47d606cfc63c98f83c7fa2a0d7f13e5cf3b25a14f1,1350cd8c712db3dd38ce456ea366bd2bcce33feb9121da4d6b42f1353f83b9e2,2
10,12,5,1.9349472522735596,1.6094341278076172,74.86630249023438,-73.25686836242676,-72.93135523796082,72.93135523796082,-0.0010076097126291356,6.345746415502576,13.984181423918198,True,32383718,d3285c927571ff7c28ee6c66f37d453876ee013aecc33bc0d7ce5b1734eadd78,d03ceef4a69f88c4058e0a47d606cfc63c98f83c7fa2a0d7f13e5cf3b25a14f1,804ff807c0d7cf6140d73efbd2b0e513074cb563254c8e356ef07db8e20e2e38,2
10,12,6,1.9349472522735596,1.9826241731643677,73.657470703125,-71.67484652996063,-71.72252345085144,71.72252345085144,-0.007593759557975283,5.468044923207204,13.713449087432904,True,32383718,d3285c927571ff7c28ee6c66f37d453876ee013aecc33bc0d7ce5b1734eadd78,d03ceef4a69f88c4058e0a47d606cfc63c98f83c7fa2a0d7f13e5cf3b25a14f1,f467d9b0460a82d934bd0e99b1a2dfdfcd180b4f9bd0b91da98742168218a686,2
10,12,7,1.9349472522735596,1.9684414863586426,45.8018798828125,-43.83343839645386,-43.86693263053894,43.86693263053894,-0.006725308480334435,4.580458270840533,13.704544221420125,True,32383718,d3285c927571ff7c28ee6c66f37d453876ee013aecc33bc0d7ce5b1734eadd78,d03ceef4a69f88c4058e0a47d606cfc63c98f83c7fa2a0d7f13e5cf3b25a14f1,2c9f26a440648950ba30aad223e9b6966361268004a94959212b995a5b7fcf26,2
10,12,8,1.9349472522735596,2.2388577461242676,81.06285858154297,-78.8240008354187,-79.12791132926941,79.12791132926941,0.0029984057283228165,5.784354491991755,13.808886080420189,True,32383718,d3285c927571ff7c28ee6c66f37d453876ee013aecc33bc0d7ce5b1734eadd78,d03ceef4a69f88c4058e0a47d606cfc63c98f83c7fa2a0d7f13e5cf3b25a14f1,2605ecae7f226f4ac2206a770764a5e456119d6eac65b409715a18a84fdfbdeb,2
10,12,9,1.9349472522735596,2.0820236206054688,81.98108673095703,-79.89906311035156,-80.04613947868347,80.04613947868347,-0.0013951921139446848,5.693515043587545,13.757776354854476,True,32383718,d3285c927571ff7c28ee6c66f37d453876ee013aecc33bc0d7ce5b1734eadd78,d03ceef4a69f88c4058e0a47d606cfc63c98f83c7fa2a0d7f13e5cf3b25a14f1,b0dddcde6772df7eb78c482c7b8e6ebebe3b88ec6418a994112b74e053d32ece,2
10,52,0,1.4174251556396484,1.4549555778503418,34.17570114135742,-32.72074556350708,-32.75827598571777,32.75827598571777,0.0059501544257519025,4.571874289399625,13.806245319090571,True,32423598,8c734cfc7afdda89fd4d419d934e68874b58454ceb72b21e333bc5a4a864edce,1d254e64b0d1d027cac51c6678892940fdbf364dd618b94eb91a55dac98bba19,02c4c233828de854b667a9363d5d9e4a9b7650e0d21059b3424f71ab43362e34,2
10,52,1,1.4174251556396484,1.7233244180679321,19.024911880493164,-17.301587462425232,-17.607486724853516,17.607486724853516,-0.00038660723345762955,5.318742043907011,13.71353550422533,True,32423598,8c734cfc7afdda89fd4d419d934e68874b58454ceb72b21e333bc5a4a864edce,1d254e64b0d1d027cac51c6678892940fdbf364dd618b94eb91a55dac98bba19,6f71c47a50ad57d733e3bf3947be57949746caf48b94f0a606baffe1e3dd90e2,2
10,52,2,1.4174251556396484,1.3432594537734985,4.773643493652344,-3.430384039878845,-3.3562183380126953,3.3562183380126953,0.0026583317490032595,2.859794330574973,13.765783324651508,True,32423598,8c734cfc7afdda89fd4d419d934e68874b58454ceb72b21e333bc5a4a864edce,1d254e64b0d1d027cac51c6678892940fdbf364dd618b94eb91a55dac98bba19,b9e88af667b8488f613df974db810bd8376bac5b371a2cfb473178cf1d7c8ea1,2
10,52,3,1.4174251556396484,1.6205191612243652,39.00642395019531,-37.38590478897095,-37.588998794555664,37.588998794555664,-0.004186285723411751,5.484908104482346,13.647404132815879,True,32423598,8c734cfc7afdda89fd4d419d934e68874b58454ceb72b21e333bc5a4a864edce,1d254e64b0d1d027cac51c6678892940fdbf364dd618b94eb91a55dac98bba19,1ffc55ee65ad8d5829639284bdb2816e1e4d6046434ac409f5f1f2d8b9cc780e,2
10,52,4,1.4174251556396484,1.3861345052719116,12.206915855407715,-10.820781350135803,-10.789490699768066,10.789490699768066,-0.0003617641977418861,4.729692910212224,13.830207204741905,True,32423598,8c734cfc7afdda89fd4d419d934e68874b58454ceb72b21e333bc5a4a864edce,1d254e64b0d1d027cac51c6678892940fdbf364dd618b94eb91a55dac98bba19,1350cd8c712db3dd38ce456ea366bd2bcce33feb9121da4d6b42f1353f83b9e2,2
10,52,5,1.4174251556396484,1.612269401550293,4.4016194343566895,-2.7893500328063965,-2.984194278717041,2.984194278717041,0.008406937085508392,4.447735511911293,13.984181423918198,True,32423598,8c734cfc7afdda89fd4d419d934e68874b58454ceb72b21e333bc5a4a864edce,1d254e64b0d1d027cac51c6678892940fdbf364dd618b94eb91a55dac98bba19,804ff807c0d7cf6140d73efbd2b0e513074cb563254c8e356ef07db8e20e2e38,2
10,52,6,1.4174251556396484,1.555016040802002,41.42584228515625,-39.87082624435425,-40.0084171295166,40.0084171295166,0.0015651182502554974,6.635789411487937,13.713449087432904,True,32423598,8c734cfc7afdda89fd4d419d934e68874b58454ceb72b21e333bc5a4a864edce,1d254e64b0d1d027cac51c6678892940fdbf364dd618b94eb91a55dac98bba19,f467d9b0460a82d934bd0e99b1a2dfdfcd180b4f9bd0b91da98742168218a686,2
10,52,7,1.4174251556396484,1.279616355895996,56.79723358154297,-55.51761722564697,-55.37980842590332,55.37980842590332,0.0025797020703846037,4.70679613401781,13.704544221420125,True,32423598,8c734cfc7afdda89fd4d419d934e68874b58454ceb72b21e333bc5a4a864edce,1d254e64b0d1d027cac51c6678892940fdbf364dd618b94eb91a55dac98bba19,2c9f26a440648950ba30aad223e9b6966361268004a94959212b995a5b7fcf26,2
10,52,8,1.4174251556396484,1.5347644090652466,55.26955032348633,-53.73478591442108,-53.85212516784668,53.85212516784668,0.0033563981344479693,5.6149716972751476,13.808886080420189,True,32423598,8c734cfc7afdda89fd4d419d934e68874b58454ceb72b21e333bc5a4a864edce,1d254e64b0d1d027cac51c6678892940fdbf364dd618b94eb91a55dac98bba19,2605ecae7f226f4ac2206a770764a5e456119d6eac65b409715a18a84fdfbdeb,2
10,52,9,1.4174251556396484,1.3613619804382324,19.873790740966797,-18.512428760528564,-18.45636558532715,18.45636558532715,0.0013221955519154617,3.3672743106135536,13.757776354854476,True,32423598,8c734cfc7afdda89fd4d419d934e68874b58454ceb72b21e333bc5a4a864edce,1d254e64b0d1d027cac51c6678892940fdbf364dd618b94eb91a55dac98bba19,b0dddcde6772df7eb78c482c7b8e6ebebe3b88ec6418a994112b74e053d32ece,2
10,16,0,1.811508059501648,1.9597101211547852,9.133264541625977,-7.173554420471191,-7.321756482124329,7.321756482124329,0.006918180937439997,8.568988815783708,13.806245319090571,True,32387706,9f167031d151dfa4200033010a67272193a477f7ec03de90f584d5805afe6f9d,d3147dbc6f5a3ee89eb9833fc940fec34346c401f419b261308c3bc344edbd16,02c4c233828de854b667a9363d5d9e4a9b7650e0d21059b3424f71ab43362e34,2
10,16,1,1.811508059501648,1.9546452760696411,9.576410293579102,-7.6217650175094604,-7.764902234077454,7.764902234077454,0.00469564640244851,4.686747871848347,13.71353550422533,True,32387706,9f167031d151dfa4200033010a67272193a477f7ec03de90f584d5805afe6f9d,d3147dbc6f5a3ee89eb9833fc940fec34346c401f419b261308c3bc344edbd16,6f71c47a50ad57d733e3bf3947be57949746caf48b94f0a606baffe1e3dd90e2,2
10,16,2,1.811508059501648,2.060106039047241,21.20382308959961,-19.143717050552368,-19.39231503009796,19.39231503009796,0.007962439421854048,4.179344531423442,13.765783324651508,True,32387706,9f167031d151dfa4200033010a67272193a477f7ec03de90f584d5805afe6f9d,d3147dbc6f5a3ee89eb9833fc940fec34346c401f419b261308c3bc344edbd16,b9e88af667b8488f613df974db810bd8376bac5b371a2cfb473178cf1d7c8ea1,2
10,16,3,1.811508059501648,1.702820062637329,9.352992057800293,-7.650171995162964,-7.541483998298645,7.541483998298645,-0.008257195224802952,3.119196596359992,13.647404132815879,True,32387706,9f167031d151dfa4200033010a67272193a477f7ec03de90f584d5805afe6f9d,d3147dbc6f5a3ee89eb9833fc940fec34346c401f419b261308c3bc344edbd16,1ffc55ee65ad8d5829639284bdb2816e1e4d6046434ac409f5f1f2d8b9cc780e,2
10,16,4,1.811508059501648,2.0353024005889893,17.21889877319336,-15.18359637260437,-15.407390713691711,15.407390713691711,0.0025553263361269224,4.823624225148957,13.830207204741905,True,32387706,9f167031d151dfa4200033010a67272193a477f7ec03de90f584d5805afe6f9d,d3147dbc6f5a3ee89eb9833fc940fec34346c401f419b261308c3bc344edbd16,1350cd8c712db3dd38ce456ea366bd2bcce33feb9121da4d6b42f1353f83b9e2,2
10,16,5,1.811508059501648,1.8665369749069214,9.840463638305664,-7.973926663398743,-8.028955578804016,8.028955578804016,0.013243424297606696,6.055538248034104,13.984181423918198,True,32387706,9f167031d151dfa4200033010a67272193a477f7ec03de90f584d5805afe6f9d,d3147dbc6f5a3ee89eb9833fc940fec34346c401f419b261308c3bc344edbd16,804ff807c0d7cf6140d73efbd2b0e513074cb563254c8e356ef07db8e20e2e38,2
10,16,6,1.811508059501648,1.6152262687683105,12.75361442565918,-11.13838815689087,-10.942106366157532,10.942106366157532,0.001129746257064721,4.672336328649722,13.713449087432904,True,32387706,9f167031d151dfa4200033010a67272193a477f7ec03de90f584d5805afe6f9d,d3147dbc6f5a3ee89eb9833fc940fec34346c401f419b261308c3bc344edbd16,f467d9b0460a82d934bd0e99b1a2dfdfcd180b4f9bd0b91da98742168218a686,2
10,16,7,1.811508059501648,1.7374205589294434,9.136375427246094,-7.39895486831665,-7.324867367744446,7.324867367744446,-0.0017993800615110024,3.367461877961965,13.704544221420125,True,32387706,9f167031d151dfa4200033010a67272193a477f7ec03de90f584d5805afe6f9d,d3147dbc6f5a3ee89eb9833fc940fec34346c401f419b261308c3bc344edbd16,2c9f26a440648950ba30aad223e9b6966361268004a94959212b995a5b7fcf26,2
10,16,8,1.811508059501648,1.8224360942840576,11.750694274902344,-9.928258180618286,-9.939186215400696,9.939186215400696,0.0026480847857943833,3.6715473600778648,13.808886080420189,True,32387706,9f167031d151dfa4200033010a67272193a477f7ec03de90f584d5805afe6f9d,d3147dbc6f5a3ee89eb9833fc940fec34346c401f419b261308c3bc344edbd16,2605ecae7f226f4ac2206a770764a5e456119d6eac65b409715a18a84fdfbdeb,2
10,16,9,1.811508059501648,1.8584356307983398,15.758934020996094,-13.900498390197754,-13.947425961494446,13.947425961494446,0.002044244942607263,3.7240241720234435,13.757776354854476,True,32387706,9f167031d151dfa4200033010a67272193a477f7ec03de90f584d5805afe6f9d,d3147dbc6f5a3ee89eb9833fc940fec34346c401f419b261308c3bc344edbd16,b0dddcde6772df7eb78c482c7b8e6ebebe3b88ec6418a994112b74e053d32ece,2
10,65,0,1.6072497367858887,1.7255818843841553,27.396526336669922,-25.670944452285767,-25.789276599884033,25.789276599884033,0.004170595750912998,5.027290239222441,13.806245319090571,True,32436559,a3d383fe82b93c006058003536e72e7e74a259cb62e192bd05800852b6fe18de,e6fc0c2363974a8c6555ac829a8f8c0eae1421ebba98c835d0535bbc87b4c22e,02c4c233828de854b667a9363d5d9e4a9b7650e0d21059b3424f71ab43362e34,2
10,65,1,1.6072497367858887,1.6396734714508057,12.523578643798828,-10.883905172348022,-10.91632890701294,10.91632890701294,-0.0010166919314772273,3.7557723492365493,13.71353550422533,True,32436559,a3d383fe82b93c006058003536e72e7e74a259cb62e192bd05800852b6fe18de,e6fc0c2363974a8c6555ac829a8f8c0eae1421ebba98c835d0535bbc87b4c22e,6f71c47a50ad57d733e3bf3947be57949746caf48b94f0a606baffe1e3dd90e2,2
10,65,2,1.6072497367858887,1.5971635580062866,2.6875293254852295,-1.0903657674789429,-1.0802795886993408,1.0802795886993408,0.002114698916007827,3.326606369826268,13.765783324651508,True,32436559,a3d383fe82b93c006058003536e72e7e74a259cb62e192bd05800852b6fe18de,e6fc0c2363974a8c6555ac829a8f8c0eae1421ebba98c835d0535bbc87b4c22e,b9e88af667b8488f613df974db810bd8376bac5b371a2cfb473178cf1d7c8ea1,2
10,65,3,1.6072497367858887,1.8654130697250366,38.12963104248047,-36.26421797275543,-36.52238130569458,36.52238130569458,0.001550599089746103,5.36460191998404,13.647404132815879,True,32436559,a3d383fe82b93c006058003536e72e7e74a259cb62e192bd05800852b6fe18de,e6fc0c2363974a8c6555ac829a8f8c0eae1421ebba98c835d0535bbc87b4c22e,1ffc55ee65ad8d5829639284bdb2816e1e4d6046434ac409f5f1f2d8b9cc780e,2
10,65,4,1.6072497367858887,1.9079056978225708,12.25299072265625,-10.34508502483368,-10.645740985870361,10.645740985870361,0.004775593724545146,5.097234490702426,13.830207204741905,True,32436559,a3d383fe82b93c006058003536e72e7e74a259cb62e192bd05800852b6fe18de,e6fc0c2363974a8c6555ac829a8f8c0eae1421ebba98c835d0535bbc87b4c22e,1350cd8c712db3dd38ce456ea366bd2bcce33feb9121da4d6b42f1353f83b9e2,2
10,65,5,1.6072497367858887,1.5825284719467163,4.4001145362854,-2.817586064338684,-2.7928647994995117,2.7928647994995117,0.008070965089975027,3.06019086636028,13.984181423918198,True,32436559,a3d383fe82b93c006058003536e72e7e74a259cb62e192bd05800852b6fe18de,e6fc0c2363974a8c6555ac829a8f8c0eae1421ebba98c835d0535bbc87b4c22e,804ff807c0d7cf6140d73efbd2b0e513074cb563254c8e356ef07db8e20e2e38,2
10,65,6,1.6072497367858887,1.9372576475143433,35.390708923339844,-33.4534512758255,-33.783459186553955,33.783459186553955,0.0012526516624613102,6.004671926253541,13.713449087432904,True,32436559,a3d383fe82b93c006058003536e72e7e74a259cb62e192bd05800852b6fe18de,e6fc0c2363974a8c6555ac829a8f8c0eae1421ebba98c835d0535bbc87b4c22e,f467d9b0460a82d934bd0e99b1a2dfdfcd180b4f9bd0b91da98742168218a686,2
10,65,7,1.6072497367858887,1.8533625602722168,26.88025665283203,-25.026894092559814,-25.273006916046143,25.273006916046143,0.006715404601914312,4.160697781814478,13.704544221420125,True,32436559,a3d383fe82b93c006058003536e72e7e74a259cb62e192bd05800852b6fe18de,e6fc0c2363974a8c6555ac829a8f8c0eae1421ebba98c835d0535bbc87b4c22e,2c9f26a440648950ba30aad223e9b6966361268004a94959212b995a5b7fcf26,2
10,65,8,1.6072497367858887,1.9261705875396729,26.542381286621094,-24.61621069908142,-24.935131549835205,24.935131549835205,0.006662125458980057,4.852202361595016,13.808886080420189,True,32436559,a3d383fe82b93c006058003536e72e7e74a259cb62e192bd05800852b6fe18de,e6fc0c2363974a8c6555ac829a8f8c0eae1421ebba98c835d0535bbc87b4c22e,2605ecae7f226f4ac2206a770764a5e456119d6eac65b409715a18a84fdfbdeb,2
10,65,9,1.6072497367858887,1.6259574890136719,11.70146369934082,-10.075506210327148,-10.094213962554932,10.094213962554932,-0.001012603219140416,3.8583126608476377,13.757776354854476,True,32436559,a3d383fe82b93c006058003536e72e7e74a259cb62e192bd05800852b6fe18de,e6fc0c2363974a8c6555ac829a8f8c0eae1421ebba98c835d0535bbc87b4c22e,b0dddcde6772df7eb78c482c7b8e6ebebe3b88ec6418a994112b74e053d32ece,2
10,50,0,2.2044837474823,1.7214677333831787,36.65414810180664,-34.93268036842346,-34.44966435432434,34.44966435432434,-0.009310378184703769,7.37160208398178,13.806245319090571,True,32421604,963cea32b409c6a9189d67d1951dec36dbbdb37e31483b86f3ffc4fe51da054a,3cc1b503e3a5b5505beff066bdcee55a041b94ba4e3aa915055c8352195387ea,02c4c233828de854b667a9363d5d9e4a9b7650e0d21059b3424f71ab43362e34,2
10,50,1,2.2044837474823,2.038149118423462,28.738971710205078,-26.700822591781616,-26.53448796272278,26.53448796272278,-0.010333712572597407,7.09289906319229,13.71353550422533,True,32421604,963cea32b409c6a9189d67d1951dec36dbbdb37e31483b86f3ffc4fe51da054a,3cc1b503e3a5b5505beff066bdcee55a041b94ba4e3aa915055c8352195387ea,6f71c47a50ad57d733e3bf3947be57949746caf48b94f0a606baffe1e3dd90e2,2
10,50,2,2.2044837474823,2.4336488246917725,28.777719497680664,-26.34407067298889,-26.573235750198364,26.573235750198364,-0.0023069202166754814,5.994997850664048,13.765783324651508,True,32421604,963cea32b409c6a9189d67d1951dec36dbbdb37e31483b86f3ffc4fe51da054a,3cc1b503e3a5b5505beff066bdcee55a041b94ba4e3aa915055c8352195387ea,b9e88af667b8488f613df974db810bd8376bac5b371a2cfb473178cf1d7c8ea1,2
10,50,3,2.2044837474823,2.0868709087371826,242.06997680664062,-239.98310589790344,-239.86549305915833,239.86549305915833,-0.007165625218968271,9.62330810593969,13.647404132815879,True,32421604,963cea32b409c6a9189d67d1951dec36dbbdb37e31483b86f3ffc4fe51da054a,3cc1b503e3a5b5505beff066bdcee55a041b94ba4e3aa915055c8352195387ea,1ffc55ee65ad8d5829639284bdb2816e1e4d6046434ac409f5f1f2d8b9cc780e,2
10,50,4,2.2044837474823,2.375922679901123,180.16778564453125,-177.79186296463013,-177.96330189704895,177.96330189704895,-0.006421167481154056,7.4232120389342215,13.830207204741905,True,32421604,963cea32b409c6a9189d67d1951dec36dbbdb37e31483b86f3ffc4fe51da054a,3cc1b503e3a5b5505beff066bdcee55a041b94ba4e3aa915055c8352195387ea,1350cd8c712db3dd38ce456ea366bd2bcce33feb9121da4d6b42f1353f83b9e2,2
10,50,5,2.2044837474823,1.6187098026275635,13.279233932495117,-11.660524129867554,-11.074750185012817,11.074750185012817,-0.004876501904120879,6.846140312796703,13.984181423918198,True,32421604,963cea32b409c6a9189d67d1951dec36dbbdb37e31483b86f3ffc4fe51da054a,3cc1b503e3a5b5505beff066bdcee55a041b94ba4e3aa915055c8352195387ea,804ff807c0d7cf6140d73efbd2b0e513074cb563254c8e356ef07db8e20e2e38,2
10,50,6,2.2044837474823,2.0662989616394043,158.546630859375,-156.4803318977356,-156.3421471118927,156.3421471118927,-0.008680659405177583,8.11662757226608,13.713449087432904,True,32421604,963cea32b409c6a9189d67d1951dec36dbbdb37e31483b86f3ffc4fe51da054a,3cc1b503e3a5b5505beff066bdcee55a041b94ba4e3aa915055c8352195387ea,f467d9b0460a82d934bd0e99b1a2dfdfcd180b4f9bd0b91da98742168218a686,2
10,50,7,2.2044837474823,1.7502129077911377,160.3597412109375,-158.60952830314636,-158.1552574634552,158.1552574634552,-0.0035545660375003257,9.987761076795021,13.704544221420125,True,32421604,963cea32b409c6a9189d67d1951dec36dbbdb37e31483b86f3ffc4fe51da054a,3cc1b503e3a5b5505beff066bdcee55a041b94ba4e3aa915055c8352195387ea,2c9f26a440648950ba30aad223e9b6966361268004a94959212b995a5b7fcf26,2
10,50,8,2.2044837474823,2.191547393798828,188.09722900390625,-185.90568161010742,-185.89274525642395,185.89274525642395,-0.003872082644280367,8.578073939478577,13.808886080420189,True,32421604,963cea32b409c6a9189d67d1951dec36dbbdb37e31483b86f3ffc4fe51da054a,3cc1b503e3a5b5505beff066bdcee55a041b94ba4e3aa915055c8352195387ea,2605ecae7f226f4ac2206a770764a5e456119d6eac65b409715a18a84fdfbdeb,2
10,50,9,2.2044837474823,2.240812301635742,81.33723449707031,-79.09642219543457,-79.13275074958801,79.13275074958801,0.00011260948427512707,7.04331622728836,13.757776354854476,True,32421604,963cea32b409c6a9189d67d1951dec36dbbdb37e31483b86f3ffc4fe51da054a,3cc1b503e3a5b5505beff066bdcee55a041b94ba4e3aa915055c8352195387ea,b0dddcde6772df7eb78c482c7b8e6ebebe3b88ec6418a994112b74e053d32ece,2
10,68,0,1.9046931266784668,1.856938123703003,44.231475830078125,-42.37453770637512,-42.32678270339966,42.32678270339966,-0.0032956933423671773,6.408649592005921,13.806245319090571,True,32439550,f10e6cdd27a8a09d2e3a8f05b69adb751d189f0e5d702f5ab7e31c1f3ce37f07,6fd494894b422ce9c984f2465bddd956e6fa0f4318128ec63e662201b46be84b,02c4c233828de854b667a9363d5d9e4a9b7650e0d21059b3424f71ab43362e34,2
10,68,1,1.9046931266784668,2.142045021057129,68.48934936523438,-66.34730434417725,-66.58465623855591,66.58465623855591,-0.00010593469545145755,6.714018597372976,13.71353550422533,True,32439550,f10e6cdd27a8a09d2e3a8f05b69adb751d189f0e5d702f5ab7e31c1f3ce37f07,6fd494894b422ce9c984f2465bddd956e6fa0f4318128ec63e662201b46be84b,6f71c47a50ad57d733e3bf3947be57949746caf48b94f0a606baffe1e3dd90e2,2
10,68,2,1.9046931266784668,1.7116494178771973,38.02058410644531,-36.308934688568115,-36.115890979766846,36.115890979766846,-0.003379558265253438,5.6521023005551925,13.765783324651508,True,32439550,f10e6cdd27a8a09d2e3a8f05b69adb751d189f0e5d702f5ab7e31c1f3ce37f07,6fd494894b422ce9c984f2465bddd956e6fa0f4318128ec63e662201b46be84b,b9e88af667b8488f613df974db810bd8376bac5b371a2cfb473178cf1d7c8ea1,2
10,68,3,1.9046931266784668,2.0596256256103516,96.71630859375,-94.65668296813965,-94.81161546707153,94.81161546707153,-0.0029014276485037935,6.015792225501913,13.647404132815879,True,32439550,f10e6cdd27a8a09d2e3a8f05b69adb751d189f0e5d702f5ab7e31c1f3ce37f07,6fd494894b422ce9c984f2465bddd956e6fa0f4318128ec63e662201b46be84b,1ffc55ee65ad8d5829639284bdb2816e1e4d6046434ac409f5f1f2d8b9cc780e,2
10,68,4,1.9046931266784668,1.8519139289855957,96.02415466308594,-94.17224073410034,-94.11946153640747,94.11946153640747,-0.007147037650293249,5.896714936719326,13.830207204741905,True,32439550,f10e6cdd27a8a09d2e3a8f05b69adb751d189f0e5d702f5ab7e31c1f3ce37f07,6fd494894b422ce9c984f2465bddd956e6fa0f4318128ec63e662201b46be84b,1350cd8c712db3dd38ce456ea366bd2bcce33feb9121da4d6b42f1353f83b9e2,2
10,68,5,1.9046931266784668,1.995835304260254,16.459434509277344,-14.46359920501709,-14.554741382598877,14.554741382598877,0.006662340521681376,7.302374746539581,13.984181423918198,True,32439550,f10e6cdd27a8a09d2e3a8f05b69adb751d189f0e5d702f5ab7e31c1f3ce37f07,6fd494894b422ce9c984f2465bddd956e6fa0f4318128ec63e662201b46be84b,804ff807c0d7cf6140d73efbd2b0e513074cb563254c8e356ef07db8e20e2e38,2
10,68,6,1.9046931266784668,2.1821136474609375,122.74373626708984,-120.5616226196289,-120.83904314041138,120.83904314041138,-0.006138504904702458,7.601388565423523,13.713449087432904,True,32439550,f10e6cdd27a8a09d2e3a8f05b69adb751d189f0e5d702f5ab7e31c1f3ce37f07,6fd494894b422ce9c984f2465bddd956e6fa0f4318128ec63e662201b46be84b,f467d9b0460a82d934bd0e99b1a2dfdfcd180b4f9bd0b91da98742168218a686,2
10,68,7,1.9046931266784668,1.6427536010742188,76.86135864257812,-75.2186050415039,-74.95666551589966,74.95666551589966,-0.002203351879332165,5.386105424827192,13.704544221420125,True,32439550,f10e6cdd27a8a09d2e3a8f05b69adb751d189f0e5d702f5ab7e31c1f3ce37f07,6fd494894b422ce9c984f2465bddd956e6fa0f4318128ec63e662201b46be84b,2c9f26a440648950ba30aad223e9b6966361268004a94959212b995a5b7fcf26,2
10,68,8,1.9046931266784668,2.063168525695801,150.5278778076172,-148.4647092819214,-148.62318468093872,148.62318468093872,-0.0009880587020377734,7.625475811409293,13.808886080420189,True,32439550,f10e6cdd27a8a09d2e3a8f05b69adb751d189f0e5d702f5ab7e31c1f3ce37f07,6fd494894b422ce9c984f2465bddd956e6fa0f4318128ec63e662201b46be84b,2605ecae7f226f4ac2206a770764a5e456119d6eac65b409715a18a84fdfbdeb,2
10,68,9,1.9046931266784668,1.8219525814056396,65.72294616699219,-63.90099358558655,-63.81825304031372,63.81825304031372,-0.000436747414359988,5.823361255024562,13.757776354854476,True,32439550,f10e6cdd27a8a09d2e3a8f05b69adb751d189f0e5d702f5ab7e31c1f3ce37f07,6fd494894b422ce9c984f2465bddd956e6fa0f4318128ec63e662201b46be84b,b0dddcde6772df7eb78c482c7b8e6ebebe3b88ec6418a994112b74e053d32ece,2
10,33,0,1.6381683349609375,1.6959328651428223,45.79119873046875,-44.09526586532593,-44.15303039550781,44.15303039550781,0.0031636635447456095,5.903030392160592,13.806245319090571,True,32404655,3d38080f58c05f6f06cd385ebc57cb8e6886af4bcbb219c676820e708fe450cd,d737b1dd12b29e8c503afd732b14d47d93efebae48703eba33280e8eb5dc0266,02c4c233828de854b667a9363d5d9e4a9b7650e0d21059b3424f71ab43362e34,2
10,33,1,1.6381683349609375,1.4303425550460815,48.99034881591797,-47.56000626087189,-47.35218048095703,47.35218048095703,-0.004914512100664586,6.7361515760194175,13.71353550422533,True,32404655,3d38080f58c05f6f06cd385ebc57cb8e6886af4bcbb219c676820e708fe450cd,d737b1dd12b29e8c503afd732b14d47d93efebae48703eba33280e8eb5dc0266,6f71c47a50ad57d733e3bf3947be57949746caf48b94f0a606baffe1e3dd90e2,2
10,33,2,1.6381683349609375,1.6122735738754272,6.58969259262085,-4.977419018745422,-4.951524257659912,4.951524257659912,0.0016538913808108915,3.4705610279730403,13.765783324651508,True,32404655,3d38080f58c05f6f06cd385ebc57cb8e6886af4bcbb219c676820e708fe450cd,d737b1dd12b29e8c503afd732b14d47d93efebae48703eba33280e8eb5dc0266,b9e88af667b8488f613df974db810bd8376bac5b371a2cfb473178cf1d7c8ea1,2
10,33,3,1.6381683349609375,2.0648977756500244,63.98613357543945,-61.92123579978943,-62.347965240478516,62.347965240478516,-0.00026778212084229515,6.610786380692799,13.647404132815879,True,32404655,3d38080f58c05f6f06cd385ebc57cb8e6886af4bcbb219c676820e708fe450cd,d737b1dd12b29e8c503afd732b14d47d93efebae48703eba33280e8eb5dc0266,1ffc55ee65ad8d5829639284bdb2816e1e4d6046434ac409f5f1f2d8b9cc780e,2
10,33,4,1.6381683349609375,1.9220774173736572,31.928871154785156,-30.0067937374115,-30.29070281982422,30.29070281982422,0.004638206886951114,4.959074395142689,13.830207204741905,True,32404655,3d38080f58c05f6f06cd385ebc57cb8e6886af4bcbb219c676820e708fe450cd,d737b1dd12b29e8c503afd732b14d47d93efebae48703eba33280e8eb5dc0266,1350cd8c712db3dd38ce456ea366bd2bcce33feb9121da4d6b42f1353f83b9e2,2
10,33,5,1.6381683349609375,1.6421488523483276,9.446635246276855,-7.804486393928528,-7.808466911315918,7.808466911315918,0.0065166147149750145,6.390569748880098,13.984181423918198,True,32404655,3d38080f58c05f6f06cd385ebc57cb8e6886af4bcbb219c676820e708fe450cd,d737b1dd12b29e8c503afd732b14d47d93efebae48703eba33280e8eb5dc0266,804ff807c0d7cf6140d73efbd2b0e513074cb563254c8e356ef07db8e20e2e38,2
10,33,6,1.6381683349609375,1.8411126136779785,56.865848541259766,-55.02473592758179,-55.22768020629883,55.22768020629883,0.0009082588657917293,6.800073353781232,13.713449087432904,True,32404655,3d38080f58c05f6f06cd385ebc57cb8e6886af4bcbb219c676820e708fe450cd,d737b1dd12b29e8c503afd732b14d47d93efebae48703eba33280e8eb5dc0266,f467d9b0460a82d934bd0e99b1a2dfdfcd180b4f9bd0b91da98742168218a686,2
10,33,7,1.6381683349609375,2.0861053466796875,70.44605255126953,-68.35994720458984,-68.8078842163086,68.8078842163086,0.0016824986215089736,5.926261086897518,13.704544221420125,True,32404655,3d38080f58c05f6f06cd385ebc57cb8e6886af4bcbb219c676820e708fe450cd,d737b1dd12b29e8c503afd732b14d47d93efebae48703eba33280e8eb5dc0266,2c9f26a440648950ba30aad223e9b6966361268004a94959212b995a5b7fcf26,2
10,33,8,1.6381683349609375,1.9602357149124146,67.68508911132812,-65.72485339641571,-66.04692077636719,66.04692077636719,0.006101523559122802,5.1468849453782,13.808886080420189,True,32404655,3d38080f58c05f6f06cd385ebc57cb8e6886af4bcbb219c676820e708fe450cd,d737b1dd12b29e8c503afd732b14d47d93efebae48703eba33280e8eb5dc0266,2605ecae7f226f4ac2206a770764a5e456119d6eac65b409715a18a84fdfbdeb,2
10,33,9,1.6381683349609375,1.693861484527588,28.439144134521484,-26.745282649993896,-26.800975799560547,26.800975799560547,-0.003997974426556416,3.7532796663312373,13.757776354854476,True,32404655,3d38080f58c05f6f06cd385ebc57cb8e6886af4bcbb219c676820e708fe450cd,d737b1dd12b29e8c503afd732b14d47d93efebae48703eba33280e8eb5dc0266,b0dddcde6772df7eb78c482c7b8e6ebebe3b88ec6418a994112b74e053d32ece,2
10,30,0,2.822699546813965,2.659498691558838,31.525236129760742,-28.865737438201904,-28.702536582946777,28.702536582946777,-0.001289377874761933,7.005410133060695,13.806245319090571,True,32401664,62ca1892cf4b863c92bc68f30d5aab247d7dbfc4b849fbbef98fb4d069179e33,8ac94908ca8b9121cbce19111efdd9760118f51d4e2cc9c4cfe21eb0837f9ced,02c4c233828de854b667a9363d5d9e4a9b7650e0d21059b3424f71ab43362e34,2
10,30,1,2.822699546813965,2.4730963706970215,43.208702087402344,-40.73560571670532,-40.38600254058838,40.38600254058838,0.001302616262375332,7.036578002628196,13.71353550422533,True,32401664,62ca1892cf4b863c92bc68f30d5aab247d7dbfc4b849fbbef98fb4d069179e33,8ac94908ca8b9121cbce19111efdd9760118f51d4e2cc9c4cfe21eb0837f9ced,6f71c47a50ad57d733e3bf3947be57949746caf48b94f0a606baffe1e3dd90e2,2
10,30,2,2.822699546813965,2.8998584747314453,47.11132049560547,-44.21146202087402,-44.288620948791504,44.288620948791504,0.006530404499379453,8.528481700181356,13.765783324651508,True,32401664,62ca1892cf4b863c92bc68f30d5aab247d7dbfc4b849fbbef98fb4d069179e33,8ac94908ca8b9121cbce19111efdd9760118f51d4e2cc9c4cfe21eb0837f9ced,b9e88af667b8488f613df974db810bd8376bac5b371a2cfb473178cf1d7c8ea1,2
10,30,3,2.822699546813965,3.186272621154785,82.95340728759766,-79.76713466644287,-80.13070774078369,80.13070774078369,-0.0020717387863315867,8.517432625247926,13.647404132815879,True,32401664,62ca1892cf4b863c92bc68f30d5aab247d7dbfc4b849fbbef98fb4d069179e33,8ac94908ca8b9121cbce19111efdd9760118f51d4e2cc9c4cfe21eb0837f9ced,1ffc55ee65ad8d5829639284bdb2816e1e4d6046434ac409f5f1f2d8b9cc780e,2
10,30,4,2.822699546813965,3.0317959785461426,64.13339233398438,-61.10159635543823,-61.31069278717041,61.31069278717041,0.0024527357522619304,8.126279583658981,13.830207204741905,True,32401664,62ca1892cf4b863c92bc68f30d5aab247d7dbfc4b849fbbef98fb4d069179e33,8ac94908ca8b9121cbce19111efdd9760118f51d4e2cc9c4cfe21eb0837f9ced,1350cd8c712db3dd38ce456ea366bd2bcce33feb9121da4d6b42f1353f83b9e2,2
10,30,5,2.822699546813965,2.5284557342529297,24.5656795501709,-22.03722381591797,-21.742980003356934,21.742980003356934,0.008205969589997985,9.465719671187507,13.984181423918198,True,32401664,62ca1892cf4b863c92bc68f30d5aab247d7dbfc4b849fbbef98fb4d069179e33,8ac94908ca8b9121cbce19111efdd9760118f51d4e2cc9c4cfe21eb0837f9ced,804ff807c0d7cf6140d73efbd2b0e513074cb563254c8e356ef07db8e20e2e38,2
10,30,6,2.822699546813965,2.9613921642303467,58.57048797607422,-55.60909581184387,-55.747788429260254,55.747788429260254,0.0004080820473347051,8.978150352155897,13.713449087432904,True,32401664,62ca1892cf4b863c92bc68f30d5aab247d7dbfc4b849fbbef98fb4d069179e33,8ac94908ca8b9121cbce19111efdd9760118f51d4e2cc9c4cfe21eb0837f9ced,f467d9b0460a82d934bd0e99b1a2dfdfcd180b4f9bd0b91da98742168218a686,2
10,30,7,2.822699546813965,2.2887110710144043,43.6492919921875,-41.360580921173096,-40.826592445373535,40.826592445373535,-0.0026787511667175014,8.957619938123981,13.704544221420125,True,32401664,62ca1892cf4b863c92bc68f30d5aab247d7dbfc4b849fbbef98fb4d069179e33,8ac94908ca8b9121cbce19111efdd9760118f51d4e2cc9c4cfe21eb0837f9ced,2c9f26a440648950ba30aad223e9b6966361268004a94959212b995a5b7fcf26,2
10,30,8,2.822699546813965,2.7809767723083496,66.75089263916016,-63.96991586685181,-63.92819309234619,63.92819309234619,-0.001707841462017085,7.987834887275688,13.808886080420189,True,32401664,62ca1892cf4b863c92bc68f30d5aab247d7dbfc4b849fbbef98fb4d069179e33,8ac94908ca8b9121cbce19111efdd9760118f51d4e2cc9c4cfe21eb0837f9ced,2605ecae7f226f4ac2206a770764a5e456119d6eac65b409715a18a84fdfbdeb,2
10,30,9,2.822699546813965,2.652458906173706,53.96296691894531,-51.310508012771606,-51.14026737213135,51.14026737213135,-0.0013044140267740318,7.318592990567171,13.757776354854476,True,32401664,62ca1892cf4b863c92bc68f30d5aab247d7dbfc4b849fbbef98fb4d069179e33,8ac94908ca8b9121cbce19111efdd9760118f51d4e2cc9c4cfe21eb0837f9ced,b0dddcde6772df7eb78c482c7b8e6ebebe3b88ec6418a994112b74e053d32ece,2
20,9,0,2.0940911769866943,2.159435749053955,10.075281143188477,-7.9158453941345215,-7.981189966201782,7.981189966201782,0.0008550509014214205,6.132985499177108,11.847366267839467,True,2309031,ebb02e80957adbbfeaec3c6ee9b0772b3e2f0930b56ce492554752bffd91709d,42e3492e6ef1492f32ae881eedcd4c937d1389913bd99c6a9d581dc6f9588dcf,c651f074da565c05b02b10303cf3b8568c2efd48ff292a588fa5fa77a311ced1,0
20,9,1,2.0940911769866943,2.3945302963256836,29.40406036376953,-27.009530067443848,-27.309969186782837,27.309969186782837,-0.0039325575906941895,7.174852390227568,11.873691848582318,True,2309031,ebb02e80957adbbfeaec3c6ee9b0772b3e2f0930b56ce492554752bffd91709d,42e3492e6ef1492f32ae881eedcd4c937d1389913bd99c6a9d581dc6f9588dcf,72cfd4212f2edf3d1c35a4d96e69b97ead32d5a0feb213d2903caabb9814b632,0
20,9,2,2.0940911769866943,2.300673246383667,29.20987319946289,-26.909199953079224,-27.115782022476196,27.115782022476196,0.0005579377722967558,8.529705583235463,11.978406864881812,True,2309031,ebb02e80957adbbfeaec3c6ee9b0772b3e2f0930b56ce492554752bffd91709d,42e3492e6ef1492f32ae881eedcd4c937d1389913bd99c6a9d581dc6f9588dcf,6c30c8d3dc3c1f3569092618f656ed2180c6e8133480276d837e9b2e947cfde3,0
20,9,3,2.0940911769866943,2.2545530796051025,13.109451293945312,-10.85489821434021,-11.015360116958618,11.015360116958618,0.0029542683413435467,6.637943274488529,11.780901131734904,True,2309031,ebb02e80957adbbfeaec3c6ee9b0772b3e2f0930b56ce492554752bffd91709d,42e3492e6ef1492f32ae881eedcd4c937d1389913bd99c6a9d581dc6f9588dcf,62b9088c77374ff4c209b1549b1c0487b7330d6d65771d7869ffe7a99bce7c4c,0
20,9,4,2.0940911769866943,2.139214277267456,6.6658034324646,-4.5265891551971436,-4.571712255477905,4.571712255477905,0.0016032992958826741,7.181110223255162,11.542640686146475,True,2309031,ebb02e80957adbbfeaec3c6ee9b0772b3e2f0930b56ce492554752bffd91709d,42e3492e6ef1492f32ae881eedcd4c937d1389913bd99c6a9d581dc6f9588dcf,0c6ad6c2d794bad8797448bcacc6eff3471a0fabe12cfe4e15aff796bb94617c,0
20,9,5,2.0940911769866943,2.1895952224731445,4.989315032958984,-2.79971981048584,-2.89522385597229,2.89522385597229,-0.0024357215174816552,6.110727033408395,11.78963443391884,True,2309031,ebb02e80957adbbfeaec3c6ee9b0772b3e2f0930b56ce492554752bffd91709d,42e3492e6ef1492f32ae881eedcd4c937d1389913bd99c6a9d581dc6f9588dcf,ed8ffd1858fae5d8040bed8afa8f23c103ba58cc3c72fe5dc774e7d43ef64992,0
20,9,6,2.0940911769866943,2.2653443813323975,9.445000648498535,-7.179656267166138,-7.350909471511841,7.350909471511841,0.005622185073571929,5.887237045118637,11.83285187697564,True,2309031,ebb02e80957adbbfeaec3c6ee9b0772b3e2f0930b56ce492554752bffd91709d,42e3492e6ef1492f32ae881eedcd4c937d1389913bd99c6a9d581dc6f9588dcf,e858e8b79c8157a7fb559195449dc4a72bfe72b42fb4370970614f323e1a0897,0
20,9,7,2.0940911769866943,1.9602506160736084,1.3942945003509521,0.5659561157226562,0.6997966766357422,0.0,0.0012631226631962746,7.323123029707056,11.880906758685422,True,2309031,ebb02e80957adbbfeaec3c6ee9b0772b3e2f0930b56ce492554752bffd91709d,42e3492e6ef1492f32ae881eedcd4c937d1389913bd99c6a9d581dc6f9588dcf,03fcb3e2908cd8bf877ff1d14bc37b5c6fdf9ef02e749342f1fe97ccf8599758,0
20,9,8,2.0940911769866943,2.5678915977478027,25.38470458984375,-22.816812992095947,-23.290613412857056,23.290613412857056,0.003443120890881228,10.863074482087214,11.656561925962174,True,2309031,ebb02e80957adbbfeaec3c6ee9b0772b3e2f0930b56ce492554752bffd91709d,42e3492e6ef1492f32ae881eedcd4c937d1389913bd99c6a9d581dc6f9588dcf,104619de6b2e48294ff3ce4f6688be0a5b1f961e4e69bed835b2a3fe9a2ae33c,0
20,9,9,2.0940911769866943,2.1012468338012695,3.7420811653137207,-1.6408343315124512,-1.6479899883270264,1.6479899883270264,0.0022969242825282006,8.721897879495307,11.940567662590249,True,2309031,ebb02e80957adbbfeaec3c6ee9b0772b3e2f0930b56ce492554752bffd91709d,42e3492e6ef1492f32ae881eedcd4c937d1389913bd99c6a9d581dc6f9588dcf,3d87ac4ebe17721ef0dd3c829bf4a25a3d5929e38748a7e9f18c5bc22d385059,0
20,17,0,1.783245325088501,1.922135829925537,43.88520050048828,-41.963064670562744,-42.10195517539978,42.10195517539978,0.002006523320417141,7.0281683953782474,11.847366267839467,True,2317007,32ec5dd084378e5385a1f72fbfe349cb811f4a1df5f638957dd3691bd56ba931,359be6ece04c5f5c6703372360ff5d0512c010e4daa9bd30f0d197edbf636103,c651f074da565c05b02b10303cf3b8568c2efd48ff292a588fa5fa77a311ced1,0
20,17,1,1.783245325088501,1.6216211318969727,109.68328857421875,-108.06166744232178,-107.90004324913025,107.90004324913025,8.607048087123651e-05,10.943101371717516,11.873691848582318,True,2317007,32ec5dd084378e5385a1f72fbfe349cb811f4a1df5f638957dd3691bd56ba931,359be6ece04c5f5c6703372360ff5d0512c010e4daa9bd30f0d197edbf636103,72cfd4212f2edf3d1c35a4d96e69b97ead32d5a0feb213d2903caabb9814b632,0
20,17,2,1.783245325088501,2.1244497299194336,19.03816795349121,-16.913718223571777,-17.25492262840271,17.25492262840271,0.002404628276237829,9.581880823615132,11.978406864881812,True,2317007,32ec5dd084378e5385a1f72fbfe349cb811f4a1df5f638957dd3691bd56ba931,359be6ece04c5f5c6703372360ff5d0512c010e4daa9bd30f0d197edbf636103,6c30c8d3dc3c1f3569092618f656ed2180c6e8133480276d837e9b2e947cfde3,0
20,17,3,1.783245325088501,1.7413065433502197,87.24745178222656,-85.50614523887634,-85.46420645713806,85.46420645713806,0.003682492105797165,10.544835881062204,11.780901131734904,True,2317007,32ec5dd084378e5385a1f72fbfe349cb811f4a1df5f638957dd3691bd56ba931,359be6ece04c5f5c6703372360ff5d0512c010e4daa9bd30f0d197edbf636103,62b9088c77374ff4c209b1549b1c0487b7330d6d65771d7869ffe7a99bce7c4c,0
20,17,4,1.783245325088501,1.6556994915008545,12.785752296447754,-11.1300528049469,-11.002506971359253,11.002506971359253,0.0008735339017184917,7.215009348700812,11.542640686146475,True,2317007,32ec5dd084378e5385a1f72fbfe349cb811f4a1df5f638957dd3691bd56ba931,359be6ece04c5f5c6703372360ff5d0512c010e4daa9bd30f0d197edbf636103,0c6ad6c2d794bad8797448bcacc6eff3471a0fabe12cfe4e15aff796bb94617c,0
20,17,5,1.783245325088501,1.337095022201538,39.359336853027344,-38.022241830825806,-37.57609152793884,37.57609152793884,0.0007305505180966143,7.864601398307675,11.78963443391884,True,2317007,32ec5dd084378e5385a1f72fbfe349cb811f4a1df5f638957dd3691bd56ba931,359be6ece04c5f5c6703372360ff5d0512c010e4daa9bd30f0d197edbf636103,ed8ffd1858fae5d8040bed8afa8f23c103ba58cc3c72fe5dc774e7d43ef64992,0
20,17,6,1.783245325088501,1.565704345703125,91.68486785888672,-90.1191635131836,-89.90162253379822,89.90162253379822,-0.0005243029331823142,8.505718297138845,11.83285187697564,True,2317007,32ec5dd084378e5385a1f72fbfe349cb811f4a1df5f638957dd3691bd56ba931,359be6ece04c5f5c6703372360ff5d0512c010e4daa9bd30f0d197edbf636103,e858e8b79c8157a7fb559195449dc4a72bfe72b42fb4370970614f323e1a0897,0
20,17,7,1.783245325088501,1.9458781480789185,18.049705505371094,-16.103827357292175,-16.266460180282593,16.266460180282593,0.0020551221839434555,8.793254481298035,11.880906758685422,True,2317007,32ec5dd084378e5385a1f72fbfe349cb811f4a1df5f638957dd3691bd56ba931,359be6ece04c5f5c6703372360ff5d0512c010e4daa9bd30f0d197edbf636103,03fcb3e2908cd8bf877ff1d14bc37b5c6fdf9ef02e749342f1fe97ccf8599758,0
20,17,8,1.783245325088501,2.043762445449829,33.134742736816406,-31.090980291366577,-31.351497411727905,31.351497411727905,0.000803996292635785,11.135790573704647,11.656561925962174,True,2317007,32ec5dd084378e5385a1f72fbfe349cb811f4a1df5f638957dd3691bd56ba931,359be6ece04c5f5c6703372360ff5d0512c010e4daa9bd30f0d197edbf636103,104619de6b2e48294ff3ce4f6688be0a5b1f961e4e69bed835b2a3fe9a2ae33c,0
20,17,9,1.783245325088501,1.5365192890167236,23.535640716552734,-21.99912142753601,-21.752395391464233,21.752395391464233,0.0009474960843401179,6.953045792842232,11.940567662590249,True,2317007,32ec5dd084378e5385a1f72fbfe349cb811f4a1df5f638957dd3691bd56ba931,359be6ece04c5f5c6703372360ff5d0512c010e4daa9bd30f0d197edbf636103,3d87ac4ebe17721ef0dd3c829bf4a25a3d5929e38748a7e9f18c5bc22d385059,0
20,59,0,1.6452064514160156,1.9434187412261963,20.535381317138672,-18.591962575912476,-18.890174865722656,18.890174865722656,0.005038131949204037,5.270776881838049,11.847366267839467,True,2358881,8b4c8666e850439a0aa453b597daa5a2b3daceb8e378b8cd22d89144288a272a,5ba9bc2b3063f237cdc3ee560c539d15a558c7c07935721616df26a62265a4f2,c651f074da565c05b02b10303cf3b8568c2efd48ff292a588fa5fa77a311ced1,0
20,59,1,1.6452064514160156,2.2742867469787598,36.60934066772461,-34.33505392074585,-34.964134216308594,34.964134216308594,0.007013248346191759,6.537226742639104,11.873691848582318,True,2358881,8b4c8666e850439a0aa453b597daa5a2b3daceb8e378b8cd22d89144288a272a,5ba9bc2b3063f237cdc3ee560c539d15a558c7c07935721616df26a62265a4f2,72cfd4212f2edf3d1c35a4d96e69b97ead32d5a0feb213d2903caabb9814b632,0
20,59,2,1.6452064514160156,1.7215020656585693,36.90576934814453,-35.18426728248596,-35.260562896728516,35.260562896728516,0.00417723020112666,4.147826024196128,11.978406864881812,True,2358881,8b4c8666e850439a0aa453b597daa5a2b3daceb8e378b8cd22d89144288a272a,5ba9bc2b3063f237cdc3ee560c539d15a558c7c07935721616df26a62265a4f2,6c30c8d3dc3c1f3569092618f656ed2180c6e8133480276d837e9b2e947cfde3,0
20,59,3,1.6452064514160156,2.0408549308776855,22.66641616821289,-20.625561237335205,-21.021209716796875,21.021209716796875,0.01128076055251061,5.427610335816745,11.780901131734904,True,2358881,8b4c8666e850439a0aa453b597daa5a2b3daceb8e378b8cd22d89144288a272a,5ba9bc2b3063f237cdc3ee560c539d15a558c7c07935721616df26a62265a4f2,62b9088c77374ff4c209b1549b1c0487b7330d6d65771d7869ffe7a99bce7c4c,0
20,59,4,1.6452064514160156,1.6972345113754272,16.939525604248047,-15.24229109287262,-15.294319152832031,15.294319152832031,-5.409248588091962e-05,4.419430901875217,11.542640686146475,True,2358881,8b4c8666e850439a0aa453b597daa5a2b3daceb8e378b8cd22d89144288a272a,5ba9bc2b3063f237cdc3ee560c539d15a558c7c07935721616df26a62265a4f2,0c6ad6c2d794bad8797448bcacc6eff3471a0fabe12cfe4e15aff796bb94617c,0
20,59,5,1.6452064514160156,2.267134666442871,22.236478805541992,-19.96934413909912,-20.591272354125977,20.591272354125977,0.007752831738972899,4.729700579433484,11.78963443391884,True,2358881,8b4c8666e850439a0aa453b597daa5a2b3daceb8e378b8cd22d89144288a272a,5ba9bc2b3063f237cdc3ee560c539d15a558c7c07935721616df26a62265a4f2,ed8ffd1858fae5d8040bed8afa8f23c103ba58cc3c72fe5dc774e7d43ef64992,0
20,59,6,1.6452064514160156,1.8643641471862793,73.07218933105469,-71.20782518386841,-71.42698287963867,71.42698287963867,0.005481115677666771,5.8278714850067805,11.83285187697564,True,2358881,8b4c8666e850439a0aa453b597daa5a2b3daceb8e378b8cd22d89144288a272a,5ba9bc2b3063f237cdc3ee560c539d15a558c7c07935721616df26a62265a4f2,e858e8b79c8157a7fb559195449dc4a72bfe72b42fb4370970614f323e1a0897,0
20,59,7,1.6452064514160156,1.9480024576187134,23.6403751373291,-21.692372679710388,-21.995168685913086,21.995168685913086,0.006742895833438228,6.336184744458454,11.880906758685422,True,2358881,8b4c8666e850439a0aa453b597daa5a2b3daceb8e378b8cd22d89144288a272a,5ba9bc2b3063f237cdc3ee560c539d15a558c7c07935721616df26a62265a4f2,03fcb3e2908cd8bf877ff1d14bc37b5c6fdf9ef02e749342f1fe97ccf8599758,0
20,59,8,1.6452064514160156,1.668854832649231,26.575666427612305,-24.906811594963074,-24.93045997619629,24.93045997619629,0.00503187362416727,7.044286281763206,11.656561925962174,True,2358881,8b4c8666e850439a0aa453b597daa5a2b3daceb8e378b8cd22d89144288a272a,5ba9bc2b3063f237cdc3ee560c539d15a558c7c07935721616df26a62265a4f2,104619de6b2e48294ff3ce4f6688be0a5b1f961e4e69bed835b2a3fe9a2ae33c,0
20,59,9,1.6452064514160156,1.8073128461837769,15.47095775604248,-13.663644909858704,-13.825751304626465,13.825751304626465,-0.00047402814350127394,4.137738093302069,11.940567662590249,True,2358881,8b4c8666e850439a0aa453b597daa5a2b3daceb8e378b8cd22d89144288a272a,5ba9bc2b3063f237cdc3ee560c539d15a558c7c07935721616df26a62265a4f2,3d87ac4ebe17721ef0dd3c829bf4a25a3d5929e38748a7e9f18c5bc22d385059,0
20,11,0,1.7705247402191162,1.9350898265838623,40.327781677246094,-38.39269185066223,-38.55725693702698,38.55725693702698,0.0026740606116898834,7.110697928350665,11.847366267839467,True,2311025,476d1147bebbbec21548f0ae23574db8f4006c82a05aff7e06174075a70e9133,19f2eab5a62d45057c94f310bfa6ef1af2d363eed8a5bb8499bc6a783994a88c,c651f074da565c05b02b10303cf3b8568c2efd48ff292a588fa5fa77a311ced1,0
20,11,1,1.7705247402191162,2.222836494445801,30.111011505126953,-27.888175010681152,-28.340486764907837,28.340486764907837,0.005201883089491627,8.057470686327083,11.873691848582318,True,2311025,476d1147bebbbec21548f0ae23574db8f4006c82a05aff7e06174075a70e9133,19f2eab5a62d45057c94f310bfa6ef1af2d363eed8a5bb8499bc6a783994a88c,72cfd4212f2edf3d1c35a4d96e69b97ead32d5a0feb213d2903caabb9814b632,0
20,11,2,1.7705247402191162,1.5912631750106812,54.39125061035156,-52.79998743534088,-52.620725870132446,52.620725870132446,-0.0008400952945844221,5.693793451564975,11.978406864881812,True,2311025,476d1147bebbbec21548f0ae23574db8f4006c82a05aff7e06174075a70e9133,19f2eab5a62d45057c94f310bfa6ef1af2d363eed8a5bb8499bc6a783994a88c,6c30c8d3dc3c1f3569092618f656ed2180c6e8133480276d837e9b2e947cfde3,0
20,11,3,1.7705247402191162,2.1944425106048584,39.31184387207031,-37.117401361465454,-37.541319131851196,37.541319131851196,0.011944930709571434,7.314642673825783,11.780901131734904,True,2311025,476d1147bebbbec21548f0ae23574db8f4006c82a05aff7e06174075a70e9133,19f2eab5a62d45057c94f310bfa6ef1af2d363eed8a5bb8499bc6a783994a88c,62b9088c77374ff4c209b1549b1c0487b7330d6d65771d7869ffe7a99bce7c4c,0
20,11,4,1.7705247402191162,2.0058178901672363,44.69767761230469,-42.69185972213745,-42.92715287208557,42.92715287208557,0.0015102789574877756,5.958305396070375,11.542640686146475,True,2311025,476d1147bebbbec21548f0ae23574db8f4006c82a05aff7e06174075a70e9133,19f2eab5a62d45057c94f310bfa6ef1af2d363eed8a5bb8499bc6a783994a88c,0c6ad6c2d794bad8797448bcacc6eff3471a0fabe12cfe4e15aff796bb94617c,0
20,11,5,1.7705247402191162,2.0521693229675293,22.675228118896484,-20.623058795928955,-20.904703378677368,20.904703378677368,0.006547266537416538,7.033001911440336,11.78963443391884,True,2311025,476d1147bebbbec21548f0ae23574db8f4006c82a05aff7e06174075a70e9133,19f2eab5a62d45057c94f310bfa6ef1af2d363eed8a5bb8499bc6a783994a88c,ed8ffd1858fae5d8040bed8afa8f23c103ba58cc3c72fe5dc774e7d43ef64992,0
20,11,6,1.7705247402191162,2.2192606925964355,52.629512786865234,-50.4102520942688,-50.85898804664612,50.85898804664612,0.005553433476508507,6.425185709750075,11.83285187697564,True,2311025,476d1147bebbbec21548f0ae23574db8f4006c82a05aff7e06174075a70e9133,19f2eab5a62d45057c94f310bfa6ef1af2d363eed8a5bb8499bc6a783994a88c,e858e8b79c8157a7fb559195449dc4a72bfe72b42fb4370970614f323e1a0897,0
20,11,7,1.7705247402191162,1.973822832107544,38.363868713378906,-36.39004588127136,-36.59334397315979,36.59334397315979,0.01190995267292322,7.767430947588985,11.880906758685422,True,2311025,476d1147bebbbec21548f0ae23574db8f4006c82a05aff7e06174075a70e9133,19f2eab5a62d45057c94f310bfa6ef1af2d363eed8a5bb8499bc6a783994a88c,03fcb3e2908cd8bf877ff1d14bc37b5c6fdf9ef02e749342f1fe97ccf8599758,0
20,11,8,1.7705247402191162,2.199197292327881,55.67890167236328,-53.4797043800354,-53.908376932144165,53.908376932144165,0.006777381879317978,9.632679993707786,11.656561925962174,True,2311025,476d1147bebbbec21548f0ae23574db8f4006c82a05aff7e06174075a70e9133,19f2eab5a62d45057c94f310bfa6ef1af2d363eed8a5bb8499bc6a783994a88c,104619de6b2e48294ff3ce4f6688be0a5b1f961e4e69bed835b2a3fe9a2ae33c,0
20,11,9,1.7705247402191162,1.9280805587768555,18.503873825073242,-16.575793266296387,-16.733349084854126,16.733349084854126,0.0018919330377758395,6.272587114446627,11.940567662590249,True,2311025,476d1147bebbbec21548f0ae23574db8f4006c82a05aff7e06174075a70e9133,19f2eab5a62d45057c94f310bfa6ef1af2d363eed8a5bb8499bc6a783994a88c,3d87ac4ebe17721ef0dd3c829bf4a25a3d5929e38748a7e9f18c5bc22d385059,0
20,2,0,1.9895929098129272,1.9555189609527588,54.12699890136719,-52.17147994041443,-52.13740599155426,52.13740599155426,0.0048515966800046165,10.360927877083673,11.847366267839467,True,2302052,b2d8d1781377d8b1ff1bb7848898858856b51f4c22c6699b4bb8ccbcffcec8ca,977b65c27838c82a978d288fd245213da2a5704a5fc78f430119cbad487fb502,c651f074da565c05b02b10303cf3b8568c2efd48ff292a588fa5fa77a311ced1,0
20,2,1,1.9895929098129272,1.720027208328247,37.11891174316406,-35.398884534835815,-35.129318833351135,35.129318833351135,-0.0003365734152249065,9.662967646864557,11.873691848582318,True,2302052,b2d8d1781377d8b1ff1bb7848898858856b51f4c22c6699b4bb8ccbcffcec8ca,977b65c27838c82a978d288fd245213da2a5704a5fc78f430119cbad487fb502,72cfd4212f2edf3d1c35a4d96e69b97ead32d5a0feb213d2903caabb9814b632,0
20,2,2,1.9895929098129272,2.197509288787842,78.79856872558594,-76.6010594367981,-76.80897581577301,76.80897581577301,0.007820476771732754,13.325246960205915,11.978406864881812,True,2302052,b2d8d1781377d8b1ff1bb7848898858856b51f4c22c6699b4bb8ccbcffcec8ca,977b65c27838c82a978d288fd245213da2a5704a5fc78f430119cbad487fb502,6c30c8d3dc3c1f3569092618f656ed2180c6e8133480276d837e9b2e947cfde3,0
20,2,3,1.9895929098129272,1.8179988861083984,65.60011291503906,-63.782114028930664,-63.610520005226135,63.610520005226135,0.006065030643880663,13.45387383229183,11.780901131734904,True,2302052,b2d8d1781377d8b1ff1bb7848898858856b51f4c22c6699b4bb8ccbcffcec8ca,977b65c27838c82a978d288fd245213da2a5704a5fc78f430119cbad487fb502,62b9088c77374ff4c209b1549b1c0487b7330d6d65771d7869ffe7a99bce7c4c,0
20,2,4,1.9895929098129272,1.8903007507324219,56.19146728515625,-54.30116653442383,-54.20187437534332,54.20187437534332,-0.00020601306453798683,8.909671196051605,11.542640686146475,True,2302052,b2d8d1781377d8b1ff1bb7848898858856b51f4c22c6699b4bb8ccbcffcec8ca,977b65c27838c82a978d288fd245213da2a5704a5fc78f430119cbad487fb502,0c6ad6c2d794bad8797448bcacc6eff3471a0fabe12cfe4e15aff796bb94617c,0
20,2,5,1.9895929098129272,1.6120631694793701,42.70893478393555,-41.09687161445618,-40.71934187412262,40.71934187412262,-0.0012029658428577366,7.783487293043864,11.78963443391884,True,2302052,b2d8d1781377d8b1ff1bb7848898858856b51f4c22c6699b4bb8ccbcffcec8ca,977b65c27838c82a978d288fd245213da2a5704a5fc78f430119cbad487fb502,ed8ffd1858fae5d8040bed8afa8f23c103ba58cc3c72fe5dc774e7d43ef64992,0
20,2,6,1.9895929098129272,1.9452036619186401,65.21382141113281,-63.26861774921417,-63.224228501319885,63.224228501319885,0.0015228639435607434,7.785560230997766,11.83285187697564,True,2302052,b2d8d1781377d8b1ff1bb7848898858856b51f4c22c6699b4bb8ccbcffcec8ca,977b65c27838c82a978d288fd245213da2a5704a5fc78f430119cbad487fb502,e858e8b79c8157a7fb559195449dc4a72bfe72b42fb4370970614f323e1a0897,0
20,2,7,1.9895929098129272,2.3226280212402344,103.03744506835938,-100.71481704711914,-101.04785215854645,101.04785215854645,0.00691684989380888,13.474928032090293,11.880906758685422,True,2302052,b2d8d1781377d8b1ff1bb7848898858856b51f4c22c6699b4bb8ccbcffcec8ca,977b65c27838c82a978d288fd245213da2a5704a5fc78f430119cbad487fb502,03fcb3e2908cd8bf877ff1d14bc37b5c6fdf9ef02e749342f1fe97ccf8599758,0
20,2,8,1.9895929098129272,2.2967426776885986,94.44488525390625,-92.14814257621765,-92.45529234409332,92.45529234409332,0.0033643602470619905,14.185021479840795,11.656561925962174,True,2302052,b2d8d1781377d8b1ff1bb7848898858856b51f4c22c6699b4bb8ccbcffcec8ca,977b65c27838c82a978d288fd245213da2a5704a5fc78f430119cbad487fb502,104619de6b2e48294ff3ce4f6688be0a5b1f961e4e69bed835b2a3fe9a2ae33c,0
20,2,9,1.9895929098129272,1.605135202407837,38.5885009765625,-36.98336577415466,-36.59890806674957,36.59890806674957,0.0028627077202646543,11.106945909132676,11.940567662590249,True,2302052,b2d8d1781377d8b1ff1bb7848898858856b51f4c22c6699b4bb8ccbcffcec8ca,977b65c27838c82a978d288fd245213da2a5704a5fc78f430119cbad487fb502,3d87ac4ebe17721ef0dd3c829bf4a25a3d5929e38748a7e9f18c5bc22d385059,0
20,95,0,1.5443073511123657,1.3434622287750244,65.17811584472656,-63.83465361595154,-63.6338084936142,63.6338084936142,0.005433764608227357,7.934545642738819,11.847366267839467,True,2394773,838196a143dc1b2dbff34b99e325a7525c04c2be2c5db1005d076313e92cd5aa,3201205007cfe90710f475cbe5681af7b86d8f9479f291f4cb16e3f5deb81940,c651f074da565c05b02b10303cf3b8568c2efd48ff292a588fa5fa77a311ced1,0
20,95,1,1.5443073511123657,1.4694645404815674,68.3931884765625,-66.92372393608093,-66.84888112545013,66.84888112545013,-7.52046514599772e-05,8.45473169075032,11.873691848582318,True,2394773,838196a143dc1b2dbff34b99e325a7525c04c2be2c5db1005d076313e92cd5aa,3201205007cfe90710f475cbe5681af7b86d8f9479f291f4cb16e3f5deb81940,72cfd4212f2edf3d1c35a4d96e69b97ead32d5a0feb213d2903caabb9814b632,0
20,95,2,1.5443073511123657,1.7353013753890991,97.72026062011719,-95.98495924472809,-96.17595326900482,96.17595326900482,0.0045945212292202485,12.629312955864814,11.978406864881812,True,2394773,838196a143dc1b2dbff34b99e325a7525c04c2be2c5db1005d076313e92cd5aa,3201205007cfe90710f475cbe5681af7b86d8f9479f291f4cb16e3f5deb81940,6c30c8d3dc3c1f3569092618f656ed2180c6e8133480276d837e9b2e947cfde3,0
20,95,3,1.5443073511123657,1.3112621307373047,64.45628356933594,-63.14502143859863,-62.91197621822357,62.91197621822357,0.0011750674790344106,9.21273207776451,11.780901131734904,True,2394773,838196a143dc1b2dbff34b99e325a7525c04c2be2c5db1005d076313e92cd5aa,3201205007cfe90710f475cbe5681af7b86d8f9479f291f4cb16e3f5deb81940,62b9088c77374ff4c209b1549b1c0487b7330d6d65771d7869ffe7a99bce7c4c,0
20,95,4,1.5443073511123657,1.7167134284973145,76.69435119628906,-74.97763776779175,-75.1500438451767,75.1500438451767,0.0005994721375888255,9.426312797791201,11.542640686146475,True,2394773,838196a143dc1b2dbff34b99e325a7525c04c2be2c5db1005d076313e92cd5aa,3201205007cfe90710f475cbe5681af7b86d8f9479f291f4cb16e3f5deb81940,0c6ad6c2d794bad8797448bcacc6eff3471a0fabe12cfe4e15aff796bb94617c,0
20,95,5,1.5443073511123657,1.3471002578735352,40.0972785949707,-38.75017833709717,-38.55297124385834,38.55297124385834,0.0013990736710191229,6.935860032522161,11.78963443391884,True,2394773,838196a143dc1b2dbff34b99e325a7525c04c2be2c5db1005d076313e92cd5aa,3201205007cfe90710f475cbe5681af7b86d8f9479f291f4cb16e3f5deb81940,ed8ffd1858fae5d8040bed8afa8f23c103ba58cc3c72fe5dc774e7d43ef64992,0
20,95,6,1.5443073511123657,1.7220854759216309,57.28738021850586,-55.56529474258423,-55.743072867393494,55.743072867393494,-0.0003659921180471142,7.713093611413261,11.83285187697564,True,2394773,838196a143dc1b2dbff34b99e325a7525c04c2be2c5db1005d076313e92cd5aa,3201205007cfe90710f475cbe5681af7b86d8f9479f291f4cb16e3f5deb81940,e858e8b79c8157a7fb559195449dc4a72bfe72b42fb4370970614f323e1a0897,0
20,95,7,1.5443073511123657,1.8485641479492188,132.86697387695312,-131.0184097290039,-131.32266652584076,131.32266652584076,0.006216479228063815,10.488260099113733,11.880906758685422,True,2394773,838196a143dc1b2dbff34b99e325a7525c04c2be2c5db1005d076313e92cd5aa,3201205007cfe90710f475cbe5681af7b86d8f9479f291f4cb16e3f5deb81940,03fcb3e2908cd8bf877ff1d14bc37b5c6fdf9ef02e749342f1fe97ccf8599758,0
20,95,8,1.5443073511123657,2.0708558559417725,116.82084655761719,-114.74999070167542,-115.27653920650482,115.27653920650482,0.0036512673379545165,13.368306860245351,11.656561925962174,True,2394773,838196a143dc1b2dbff34b99e325a7525c04c2be2c5db1005d076313e92cd5aa,3201205007cfe90710f475cbe5681af7b86d8f9479f291f4cb16e3f5deb81940,104619de6b2e48294ff3ce4f6688be0a5b1f961e4e69bed835b2a3fe9a2ae33c,0
20,95,9,1.5443073511123657,1.2982555627822876,54.52820587158203,-53.229950308799744,-52.983898520469666,52.983898520469666,0.0017769359863619163,8.411092683415744,11.940567662590249,True,2394773,838196a143dc1b2dbff34b99e325a7525c04c2be2c5db1005d076313e92cd5aa,3201205007cfe90710f475cbe5681af7b86d8f9479f291f4cb16e3f5deb81940,3d87ac4ebe17721ef0dd3c829bf4a25a3d5929e38748a7e9f18c5bc22d385059,0
20,68,0,1.1930967569351196,1.3938231468200684,104.02610778808594,-102.63228464126587,-102.83301103115082,102.83301103115082,0.0010426616718177783,7.61339297110154,11.847366267839467,True,2367854,d715bb5a3fbec2f41fbc5cd21af1f8a013a1dfb0c2b0e2e2c213163a8346c744,01148673f90fdb5dea39d7d1976d8d81e24e63db055f55956ad01eced56e884f,c651f074da565c05b02b10303cf3b8568c2efd48ff292a588fa5fa77a311ced1,0
20,68,1,1.1930967569351196,1.551398754119873,220.69802856445312,-219.14662981033325,-219.504931807518,219.504931807518,0.0011234375533870776,12.167056269456829,11.873691848582318,True,2367854,d715bb5a3fbec2f41fbc5cd21af1f8a013a1dfb0c2b0e2e2c213163a8346c744,01148673f90fdb5dea39d7d1976d8d81e24e63db055f55956ad01eced56e884f,72cfd4212f2edf3d1c35a4d96e69b97ead32d5a0feb213d2903caabb9814b632,0
20,68,2,1.1930967569351196,1.4682867527008057,107.59547424316406,-106.12718749046326,-106.40237748622894,106.40237748622894,-0.0020832512689671658,8.968788938575134,11.978406864881812,True,2367854,d715bb5a3fbec2f41fbc5cd21af1f8a013a1dfb0c2b0e2e2c213163a8346c744,01148673f90fdb5dea39d7d1976d8d81e24e63db055f55956ad01eced56e884f,6c30c8d3dc3c1f3569092618f656ed2180c6e8133480276d837e9b2e947cfde3,0
20,68,3,1.1930967569351196,1.606140375137329,165.06649780273438,-163.46035742759705,-163.87340104579926,163.87340104579926,0.0020039525445107623,12.249253998913462,11.780901131734904,True,2367854,d715bb5a3fbec2f41fbc5cd21af1f8a013a1dfb0c2b0e2e2c213163a8346c744,01148673f90fdb5dea39d7d1976d8d81e24e63db055f55956ad01eced56e884f,62b9088c77374ff4c209b1549b1c0487b7330d6d65771d7869ffe7a99bce7c4c,0
20,68,4,1.1930967569351196,1.2304102182388306,87.43870544433594,-86.2082952260971,-86.24560868740082,86.24560868740082,0.0031576123172805987,7.5191893359002835,11.542640686146475,True,2367854,d715bb5a3fbec2f41fbc5cd21af1f8a013a1dfb0c2b0e2e2c213163a8346c744,01148673f90fdb5dea39d7d1976d8d81e24e63db055f55956ad01eced56e884f,0c6ad6c2d794bad8797448bcacc6eff3471a0fabe12cfe4e15aff796bb94617c,0
20,68,5,1.1930967569351196,1.482316493988037,140.96148681640625,-139.4791703224182,-139.76839005947113,139.76839005947113,0.0034240080296215857,9.06185254751636,11.78963443391884,True,2367854,d715bb5a3fbec2f41fbc5cd21af1f8a013a1dfb0c2b0e2e2c213163a8346c744,01148673f90fdb5dea39d7d1976d8d81e24e63db055f55956ad01eced56e884f,ed8ffd1858fae5d8040bed8afa8f23c103ba58cc3c72fe5dc774e7d43ef64992,0
20,68,6,1.1930967569351196,1.5010499954223633,154.69503784179688,-153.1939878463745,-153.50194108486176,153.50194108486176,0.001379409995579528,10.179988112940164,11.83285187697564,True,2367854,d715bb5a3fbec2f41fbc5cd21af1f8a013a1dfb0c2b0e2e2c213163a8346c744,01148673f90fdb5dea39d7d1976d8d81e24e63db055f55956ad01eced56e884f,e858e8b79c8157a7fb559195449dc4a72bfe72b42fb4370970614f323e1a0897,0
20,68,7,1.1930967569351196,1.4791308641433716,142.9000701904297,-141.42093932628632,-141.70697343349457,141.70697343349457,-0.003650684954163385,10.152257762963478,11.880906758685422,True,2367854,d715bb5a3fbec2f41fbc5cd21af1f8a013a1dfb0c2b0e2e2c213163a8346c744,01148673f90fdb5dea39d7d1976d8d81e24e63db055f55956ad01eced56e884f,03fcb3e2908cd8bf877ff1d14bc37b5c6fdf9ef02e749342f1fe97ccf8599758,0
20,68,8,1.1930967569351196,1.3521122932434082,121.84907531738281,-120.4969630241394,-120.65597856044769,120.65597856044769,-0.0032397933950194338,12.204733523704002,11.656561925962174,True,2367854,d715bb5a3fbec2f41fbc5cd21af1f8a013a1dfb0c2b0e2e2c213163a8346c744,01148673f90fdb5dea39d7d1976d8d81e24e63db055f55956ad01eced56e884f,104619de6b2e48294ff3ce4f6688be0a5b1f961e4e69bed835b2a3fe9a2ae33c,0
20,68,9,1.1930967569351196,1.1594516038894653,97.14057922363281,-95.98112761974335,-95.94748246669769,95.94748246669769,-0.0011106409490318587,8.29909840936175,11.940567662590249,True,2367854,d715bb5a3fbec2f41fbc5cd21af1f8a013a1dfb0c2b0e2e2c213163a8346c744,01148673f90fdb5dea39d7d1976d8d81e24e63db055f55956ad01eced56e884f,3d87ac4ebe17721ef0dd3c829bf4a25a3d5929e38748a7e9f18c5bc22d385059,0
20,28,0,1.8294281959533691,2.127666473388672,161.14552307128906,-159.0178565979004,-159.3160948753357,159.3160948753357,-0.0009247851632691766,8.195507660087534,11.847366267839467,True,2327974,36c71afa784c36c2dba4d32e7c764a81844ce84927734de224b2a3220c0165a7,beb7532913bd00be71ddf78db8e2e6f6853ee4923c55d740e071f8a458c59ebc,c651f074da565c05b02b10303cf3b8568c2efd48ff292a588fa5fa77a311ced1,0
20,28,1,1.8294281959533691,2.6067652702331543,208.05657958984375,-205.4498143196106,-206.22715139389038,206.22715139389038,0.0074718203736458535,9.034151982247026,11.873691848582318,True,2327974,36c71afa784c36c2dba4d32e7c764a81844ce84927734de224b2a3220c0165a7,beb7532913bd00be71ddf78db8e2e6f6853ee4923c55d740e071f8a458c59ebc,72cfd4212f2edf3d1c35a4d96e69b97ead32d5a0feb213d2903caabb9814b632,0
20,28,2,1.8294281959533691,1.9073631763458252,124.80126953125,-122.89390635490417,-122.97184133529663,122.97184133529663,-0.006940293017921394,5.6294259885680615,11.978406864881812,True,2327974,36c71afa784c36c2dba4d32e7c764a81844ce84927734de224b2a3220c0165a7,beb7532913bd00be71ddf78db8e2e6f6853ee4923c55d740e071f8a458c59ebc,6c30c8d3dc3c1f3569092618f656ed2180c6e8133480276d837e9b2e947cfde3,0
20,28,3,1.8294281959533691,2.2647440433502197,154.2955322265625,-152.03078818321228,-152.46610403060913,152.46610403060913,0.0018771397558560283,9.416533763090394,11.780901131734904,True,2327974,36c71afa784c36c2dba4d32e7c764a81844ce84927734de224b2a3220c0165a7,beb7532913bd00be71ddf78db8e2e6f6853ee4923c55d740e071f8a458c59ebc,62b9088c77374ff4c209b1549b1c0487b7330d6d65771d7869ffe7a99bce7c4c,0
20,28,4,1.8294281959533691,1.933349370956421,112.19109344482422,-110.2577440738678,-110.36166524887085,110.36166524887085,-0.0021144283461329437,6.17669285892353,11.542640686146475,True,2327974,36c71afa784c36c2dba4d32e7c764a81844ce84927734de224b2a3220c0165a7,beb7532913bd00be71ddf78db8e2e6f6853ee4923c55d740e071f8a458c59ebc,0c6ad6c2d794bad8797448bcacc6eff3471a0fabe12cfe4e15aff796bb94617c,0
20,28,5,1.8294281959533691,2.2861924171447754,167.08612060546875,-164.79992818832397,-165.25669240951538,165.25669240951538,0.004365091381943542,8.440948474292393,11.78963443391884,True,2327974,36c71afa784c36c2dba4d32e7c764a81844ce84927734de224b2a3220c0165a7,beb7532913bd00be71ddf78db8e2e6f6853ee4923c55d740e071f8a458c59ebc,ed8ffd1858fae5d8040bed8afa8f23c103ba58cc3c72fe5dc774e7d43ef64992,0
20,28,6,1.8294281959533691,2.3229520320892334,138.68606567382812,-136.3631136417389,-136.85663747787476,136.85663747787476,0.0015454430123152392,8.674526286194945,11.83285187697564,True,2327974,36c71afa784c36c2dba4d32e7c764a81844ce84927734de224b2a3220c0165a7,beb7532913bd00be71ddf78db8e2e6f6853ee4923c55d740e071f8a458c59ebc,e858e8b79c8157a7fb559195449dc4a72bfe72b42fb4370970614f323e1a0897,0
20,28,7,1.8294281959533691,1.9471136331558228,131.97752380371094,-130.03041017055511,-130.14809560775757,130.14809560775757,0.0011052093530531236,9.592340338707848,11.880906758685422,True,2327974,36c71afa784c36c2dba4d32e7c764a81844ce84927734de224b2a3220c0165a7,beb7532913bd00be71ddf78db8e2e6f6853ee4923c55d740e071f8a458c59ebc,03fcb3e2908cd8bf877ff1d14bc37b5c6fdf9ef02e749342f1fe97ccf8599758,0
20,28,8,1.8294281959533691,1.9479103088378906,126.5068359375,-124.55892562866211,-124.67740774154663,124.67740774154663,0.0031429754122093596,10.156395995656949,11.656561925962174,True,2327974,36c71afa784c36c2dba4d32e7c764a81844ce84927734de224b2a3220c0165a7,beb7532913bd00be71ddf78db8e2e6f6853ee4923c55d740e071f8a458c59ebc,104619de6b2e48294ff3ce4f6688be0a5b1f961e4e69bed835b2a3fe9a2ae33c,0
20,28,9,1.8294281959533691,1.7201437950134277,98.68791198730469,-96.96776819229126,-96.85848379135132,96.85848379135132,-0.001571716945598629,6.891523558015625,11.940567662590249,True,2327974,36c71afa784c36c2dba4d32e7c764a81844ce84927734de224b2a3220c0165a7,beb7532913bd00be71ddf78db8e2e6f6853ee4923c55d740e071f8a458c59ebc,3d87ac4ebe17721ef0dd3c829bf4a25a3d5929e38748a7e9f18c5bc22d385059,0
20,60,0,1.9309816360473633,2.268378257751465,95.54644012451172,-93.27806186676025,-93.61545848846436,93.61545848846436,0.006215398708457667,7.912435279323031,11.847366267839467,True,2359878,0129ca36b68e383f17a7e7b316ba39d66ce27849556f56378d6192caf6d3f2a9,d863ab4ab316935bf00a5242064c52514e78454ecd0f251a0f30d18ccac75e8e,c651f074da565c05b02b10303cf3b8568c2efd48ff292a588fa5fa77a311ced1,0
20,60,1,1.9309816360473633,2.4419970512390137,238.43414306640625,-235.99214601516724,-236.5031614303589,236.5031614303589,0.0031357320393214194,10.597828634446424,11.873691848582318,True,2359878,0129ca36b68e383f17a7e7b316ba39d66ce27849556f56378d6192caf6d3f2a9,d863ab4ab316935bf00a5242064c52514e78454ecd0f251a0f30d18ccac75e8e,72cfd4212f2edf3d1c35a4d96e69b97ead32d5a0feb213d2903caabb9814b632,0
20,60,2,1.9309816360473633,1.908887267112732,92.41582489013672,-90.50693762302399,-90.48484325408936,90.48484325408936,-0.006763254973305029,6.507057897451647,11.978406864881812,True,2359878,0129ca36b68e383f17a7e7b316ba39d66ce27849556f56378d6192caf6d3f2a9,d863ab4ab316935bf00a5242064c52514e78454ecd0f251a0f30d18ccac75e8e,6c30c8d3dc3c1f3569092618f656ed2180c6e8133480276d837e9b2e947cfde3,0
20,60,3,1.9309816360473633,2.203981399536133,142.19696044921875,-139.99297904968262,-140.2659788131714,140.2659788131714,0.0009059851586848261,8.707800771791664,11.780901131734904,True,2359878,0129ca36b68e383f17a7e7b316ba39d66ce27849556f56378d6192caf6d3f2a9,d863ab4ab316935bf00a5242064c52514e78454ecd0f251a0f30d18ccac75e8e,62b9088c77374ff4c209b1549b1c0487b7330d6d65771d7869ffe7a99bce7c4c,0
20,60,4,1.9309816360473633,2.0803685188293457,41.29701232910156,-39.21664381027222,-39.3660306930542,39.3660306930542,-0.0011281127037250243,5.987084199170515,11.542640686146475,True,2359878,0129ca36b68e383f17a7e7b316ba39d66ce27849556f56378d6192caf6d3f2a9,d863ab4ab316935bf00a5242064c52514e78454ecd0f251a0f30d18ccac75e8e,0c6ad6c2d794bad8797448bcacc6eff3471a0fabe12cfe4e15aff796bb94617c,0
20,60,5,1.9309816360473633,2.111837863922119,45.66196823120117,-43.55013036727905,-43.73098659515381,43.73098659515381,0.003774651475075438,7.111193920289304,11.78963443391884,True,2359878,0129ca36b68e383f17a7e7b316ba39d66ce27849556f56378d6192caf6d3f2a9,d863ab4ab316935bf00a5242064c52514e78454ecd0f251a0f30d18ccac75e8e,ed8ffd1858fae5d8040bed8afa8f23c103ba58cc3c72fe5dc774e7d43ef64992,0
20,60,6,1.9309816360473633,2.349672794342041,157.64830017089844,-155.2986273765564,-155.71731853485107,155.71731853485107,0.003064501613862207,8.054895506379038,11.83285187697564,True,2359878,0129ca36b68e383f17a7e7b316ba39d66ce27849556f56378d6192caf6d3f2a9,d863ab4ab316935bf00a5242064c52514e78454ecd0f251a0f30d18ccac75e8e,e858e8b79c8157a7fb559195449dc4a72bfe72b42fb4370970614f323e1a0897,0
20,60,7,1.9309816360473633,1.9582490921020508,35.487388610839844,-33.52913951873779,-33.55640697479248,33.55640697479248,0.005346633255540499,8.056531864463132,11.880906758685422,True,2359878,0129ca36b68e383f17a7e7b316ba39d66ce27849556f56378d6192caf6d3f2a9,d863ab4ab316935bf00a5242064c52514e78454ecd0f251a0f30d18ccac75e8e,03fcb3e2908cd8bf877ff1d14bc37b5c6fdf9ef02e749342f1fe97ccf8599758,0
20,60,8,1.9309816360473633,2.137049674987793,95.60743713378906,-93.47038745880127,-93.6764554977417,93.6764554977417,0.0016072653652931786,9.490049078745656,11.656561925962174,True,2359878,0129ca36b68e383f17a7e7b316ba39d66ce27849556f56378d6192caf6d3f2a9,d863ab4ab316935bf00a5242064c52514e78454ecd0f251a0f30d18ccac75e8e,104619de6b2e48294ff3ce4f6688be0a5b1f961e4e69bed835b2a3fe9a2ae33c,0
20,60,9,1.9309816360473633,1.7447938919067383,30.741657257080078,-28.99686336517334,-28.810675621032715,28.810675621032715,-0.005641750151144621,5.974452335907054,11.940567662590249,True,2359878,0129ca36b68e383f17a7e7b316ba39d66ce27849556f56378d6192caf6d3f2a9,d863ab4ab316935bf00a5242064c52514e78454ecd0f251a0f30d18ccac75e8e,3d87ac4ebe17721ef0dd3c829bf4a25a3d5929e38748a7e9f18c5bc22d385059,0
20,14,0,1.3882091045379639,1.6297862529754639,55.8969612121582,-54.26717495918274,-54.50875210762024,54.50875210762024,-0.00019437050811465045,7.368190174252498,11.847366267839467,True,2314016,8c64abe34713453a4f1c478567422df4d8d52eb46a9bfa47ee1d997bf5a0e58d,6670a682dcbcaacc8b1b215f8f1e1d95fe9b1cc62babd3701b1ac1ac765c10cd,c651f074da565c05b02b10303cf3b8568c2efd48ff292a588fa5fa77a311ced1,0
20,14,1,1.3882091045379639,1.8259103298187256,101.89389038085938,-100.06798005104065,-100.50568127632141,100.50568127632141,0.0017345929083731704,11.384856691623977,11.873691848582318,True,2314016,8c64abe34713453a4f1c478567422df4d8d52eb46a9bfa47ee1d997bf5a0e58d,6670a682dcbcaacc8b1b215f8f1e1d95fe9b1cc62babd3701b1ac1ac765c10cd,72cfd4212f2edf3d1c35a4d96e69b97ead32d5a0feb213d2903caabb9814b632,0
20,14,2,1.3882091045379639,1.6356600522994995,56.63788604736328,-55.00222599506378,-55.24967694282532,55.24967694282532,0.0008780368200363687,8.599675757713912,11.978406864881812,True,2314016,8c64abe34713453a4f1c478567422df4d8d52eb46a9bfa47ee1d997bf5a0e58d,6670a682dcbcaacc8b1b215f8f1e1d95fe9b1cc62babd3701b1ac1ac765c10cd,6c30c8d3dc3c1f3569092618f656ed2180c6e8133480276d837e9b2e947cfde3,0
20,14,3,1.3882091045379639,1.6789309978485107,75.22748565673828,-73.54855465888977,-73.83927655220032,73.83927655220032,0.004712012329668055,13.078587281448222,11.780901131734904,True,2314016,8c64abe34713453a4f1c478567422df4d8d52eb46a9bfa47ee1d997bf5a0e58d,6670a682dcbcaacc8b1b215f8f1e1d95fe9b1cc62babd3701b1ac1ac765c10cd,62b9088c77374ff4c209b1549b1c0487b7330d6d65771d7869ffe7a99bce7c4c,0
20,14,4,1.3882091045379639,1.32417893409729,40.294921875,-38.97074294090271,-38.906712770462036,38.906712770462036,0.0037670341187315717,7.169098368018964,11.542640686146475,True,2314016,8c64abe34713453a4f1c478567422df4d8d52eb46a9bfa47ee1d997bf5a0e58d,6670a682dcbcaacc8b1b215f8f1e1d95fe9b1cc62babd3701b1ac1ac765c10cd,0c6ad6c2d794bad8797448bcacc6eff3471a0fabe12cfe4e15aff796bb94617c,0
20,14,5,1.3882091045379639,1.6098754405975342,51.44183349609375,-49.831958055496216,-50.053624391555786,50.053624391555786,0.004923072996906858,9.260849729364184,11.78963443391884,True,2314016,8c64abe34713453a4f1c478567422df4d8d52eb46a9bfa47ee1d997bf5a0e58d,6670a682dcbcaacc8b1b215f8f1e1d95fe9b1cc62babd3701b1ac1ac765c10cd,ed8ffd1858fae5d8040bed8afa8f23c103ba58cc3c72fe5dc774e7d43ef64992,0
20,14,6,1.3882091045379639,1.7654677629470825,73.50958251953125,-71.74411475658417,-72.12137341499329,72.12137341499329,0.002487253959823494,10.128954086737023,11.83285187697564,True,2314016,8c64abe34713453a4f1c478567422df4d8d52eb46a9bfa47ee1d997bf5a0e58d,6670a682dcbcaacc8b1b215f8f1e1d95fe9b1cc62babd3701b1ac1ac765c10cd,e858e8b79c8157a7fb559195449dc4a72bfe72b42fb4370970614f323e1a0897,0
20,14,7,1.3882091045379639,1.5839571952819824,60.540740966796875,-58.95678377151489,-59.15253186225891,59.15253186225891,-0.0012709656203126625,9.032045574940861,11.880906758685422,True,2314016,8c64abe34713453a4f1c478567422df4d8d52eb46a9bfa47ee1d997bf5a0e58d,6670a682dcbcaacc8b1b215f8f1e1d95fe9b1cc62babd3701b1ac1ac765c10cd,03fcb3e2908cd8bf877ff1d14bc37b5c6fdf9ef02e749342f1fe97ccf8599758,0
20,14,8,1.3882091045379639,1.4371336698532104,54.77280044555664,-53.33566677570343,-53.38459134101868,53.38459134101868,-0.003166412769579867,10.654717757136511,11.656561925962174,True,2314016,8c64abe34713453a4f1c478567422df4d8d52eb46a9bfa47ee1d997bf5a0e58d,6670a682dcbcaacc8b1b215f8f1e1d95fe9b1cc62babd3701b1ac1ac765c10cd,104619de6b2e48294ff3ce4f6688be0a5b1f961e4e69bed835b2a3fe9a2ae33c,0
20,14,9,1.3882091045379639,1.4885740280151367,39.849517822265625,-38.36094379425049,-38.46130871772766,38.46130871772766,0.002642383617964476,7.374283165001091,11.940567662590249,True,2314016,8c64abe34713453a4f1c478567422df4d8d52eb46a9bfa47ee1d997bf5a0e58d,6670a682dcbcaacc8b1b215f8f1e1d95fe9b1cc62babd3701b1ac1ac765c10cd,3d87ac4ebe17721ef0dd3c829bf4a25a3d5929e38748a7e9f18c5bc22d385059,0
20,9,0,2.1704399585723877,2.348325490951538,17.2409610748291,-14.892635583877563,-15.070521116256714,15.070521116256714,-0.0011058473033797578,6.690238730698495,11.847366267839467,True,17894894,460f7258af6be932770ef19eb9a0820e58b17b0d21c82daaa28ed5f748e73fb1,12d8bb3b71e072f28b50326b09b13e7b255e94a03824c994d298e8da0a97a78d,c651f074da565c05b02b10303cf3b8568c2efd48ff292a588fa5fa77a311ced1,1
20,9,1,2.1704399585723877,2.273196220397949,27.966829299926758,-25.69363307952881,-25.79638934135437,25.79638934135437,0.00026109433679777214,7.53513896841989,11.873691848582318,True,17894894,460f7258af6be932770ef19eb9a0820e58b17b0d21c82daaa28ed5f748e73fb1,12d8bb3b71e072f28b50326b09b13e7b255e94a03824c994d298e8da0a97a78d,72cfd4212f2edf3d1c35a4d96e69b97ead32d5a0feb213d2903caabb9814b632,1
20,9,2,2.1704399585723877,2.080448865890503,97.78726196289062,-95.70681309700012,-95.61682200431824,95.61682200431824,0.0016881677495714875,11.139123021890526,11.978406864881812,True,17894894,460f7258af6be932770ef19eb9a0820e58b17b0d21c82daaa28ed5f748e73fb1,12d8bb3b71e072f28b50326b09b13e7b255e94a03824c994d298e8da0a97a78d,6c30c8d3dc3c1f3569092618f656ed2180c6e8133480276d837e9b2e947cfde3,1
20,9,3,2.1704399585723877,2.1642889976501465,25.532026290893555,-23.367737293243408,-23.361586332321167,23.361586332321167,0.0025144821674486597,8.341224755346591,11.780901131734904,True,17894894,460f7258af6be932770ef19eb9a0820e58b17b0d21c82daaa28ed5f748e73fb1,12d8bb3b71e072f28b50326b09b13e7b255e94a03824c994d298e8da0a97a78d,62b9088c77374ff4c209b1549b1c0487b7330d6d65771d7869ffe7a99bce7c4c,1
20,9,4,2.1704399585723877,2.191774368286133,71.32901000976562,-69.13723564147949,-69.15857005119324,69.15857005119324,0.0007961748166710578,9.470265224005106,11.542640686146475,True,17894894,460f7258af6be932770ef19eb9a0820e58b17b0d21c82daaa28ed5f748e73fb1,12d8bb3b71e072f28b50326b09b13e7b255e94a03824c994d298e8da0a97a78d,0c6ad6c2d794bad8797448bcacc6eff3471a0fabe12cfe4e15aff796bb94617c,1
20,9,5,2.1704399585723877,2.2026686668395996,60.65292739868164,-58.45025873184204,-58.48248744010925,58.48248744010925,-0.0007468409040666623,6.84602513521902,11.78963443391884,True,17894894,460f7258af6be932770ef19eb9a0820e58b17b0d21c82daaa28ed5f748e73fb1,12d8bb3b71e072f28b50326b09b13e7b255e94a03824c994d298e8da0a97a78d,ed8ffd1858fae5d8040bed8afa8f23c103ba58cc3c72fe5dc774e7d43ef64992,1
20,9,6,2.1704399585723877,2.351799488067627,61.4355583190918,-59.08375883102417,-59.26511836051941,59.26511836051941,0.005909326975872981,6.8506901370426325,11.83285187697564,True,17894894,460f7258af6be932770ef19eb9a0820e58b17b0d21c82daaa28ed5f748e73fb1,12d8bb3b71e072f28b50326b09b13e7b255e94a03824c994d298e8da0a97a78d,e858e8b79c8157a7fb559195449dc4a72bfe72b42fb4370970614f323e1a0897,1
20,9,7,2.1704399585723877,2.1500368118286133,53.634552001953125,-51.48451519012451,-51.46411204338074,51.46411204338074,0.003327033955561565,8.903164035173827,11.880906758685422,True,17894894,460f7258af6be932770ef19eb9a0820e58b17b0d21c82daaa28ed5f748e73fb1,12d8bb3b71e072f28b50326b09b13e7b255e94a03824c994d298e8da0a97a78d,03fcb3e2908cd8bf877ff1d14bc37b5c6fdf9ef02e749342f1fe97ccf8599758,1
20,9,8,2.1704399585723877,2.4673004150390625,85.44982147216797,-82.9825210571289,-83.27938151359558,83.27938151359558,0.0021915908199995862,12.557857365081656,11.656561925962174,True,17894894,460f7258af6be932770ef19eb9a0820e58b17b0d21c82daaa28ed5f748e73fb1,12d8bb3b71e072f28b50326b09b13e7b255e94a03824c994d298e8da0a97a78d,104619de6b2e48294ff3ce4f6688be0a5b1f961e4e69bed835b2a3fe9a2ae33c,1
20,9,9,2.1704399585723877,2.0331850051879883,23.28922462463379,-21.2560396194458,-21.1187846660614,21.1187846660614,0.0033197349590551543,9.878321522714964,11.940567662590249,True,17894894,460f7258af6be932770ef19eb9a0820e58b17b0d21c82daaa28ed5f748e73fb1,12d8bb3b71e072f28b50326b09b13e7b255e94a03824c994d298e8da0a97a78d,3d87ac4ebe17721ef0dd3c829bf4a25a3d5929e38748a7e9f18c5bc22d385059,1
20,17,0,1.721926212310791,1.7870759963989258,26.837570190429688,-25.05049419403076,-25.115643978118896,25.115643978118896,0.0036996032598748917,7.400772807401529,11.847366267839467,True,17902870,db5aa4d2e7c06e4daeab8fff72dd90f919a205d3c7f1278ebcea832a99f46275,e84084e1532f9d5c9b367a4009ebef9f16c9f7a84236e3812379aa0f93febc87,c651f074da565c05b02b10303cf3b8568c2efd48ff292a588fa5fa77a311ced1,1
20,17,1,1.721926212310791,1.975358009338379,52.28117370605469,-50.30581569671631,-50.5592474937439,50.5592474937439,-0.0005080653849556895,8.525315537296638,11.873691848582318,True,17902870,db5aa4d2e7c06e4daeab8fff72dd90f919a205d3c7f1278ebcea832a99f46275,e84084e1532f9d5c9b367a4009ebef9f16c9f7a84236e3812379aa0f93febc87,72cfd4212f2edf3d1c35a4d96e69b97ead32d5a0feb213d2903caabb9814b632,1
20,17,2,1.721926212310791,1.9126843214035034,33.960147857666016,-32.04746353626251,-32.238221645355225,32.238221645355225,0.004008100896698085,9.529578077472987,11.978406864881812,True,17902870,db5aa4d2e7c06e4daeab8fff72dd90f919a205d3c7f1278ebcea832a99f46275,e84084e1532f9d5c9b367a4009ebef9f16c9f7a84236e3812379aa0f93febc87,6c30c8d3dc3c1f3569092618f656ed2180c6e8133480276d837e9b2e947cfde3,1
20,17,3,1.721926212310791,1.7897683382034302,41.012535095214844,-39.222766757011414,-39.29060888290405,39.29060888290405,0.005887201393714775,10.790097051780421,11.780901131734904,True,17902870,db5aa4d2e7c06e4daeab8fff72dd90f919a205d3c7f1278ebcea832a99f46275,e84084e1532f9d5c9b367a4009ebef9f16c9f7a84236e3812379aa0f93febc87,62b9088c77374ff4c209b1549b1c0487b7330d6d65771d7869ffe7a99bce7c4c,1
20,17,4,1.721926212310791,1.6522635221481323,21.200122833251953,-19.54785931110382,-19.478196620941162,19.478196620941162,0.0008664197000485663,6.511947168388454,11.542640686146475,True,17902870,db5aa4d2e7c06e4daeab8fff72dd90f919a205d3c7f1278ebcea832a99f46275,e84084e1532f9d5c9b367a4009ebef9f16c9f7a84236e3812379aa0f93febc87,0c6ad6c2d794bad8797448bcacc6eff3471a0fabe12cfe4e15aff796bb94617c,1
20,17,5,1.721926212310791,1.722962737083435,30.791748046875,-29.068785309791565,-29.06982183456421,29.06982183456421,0.002619090038664059,6.277964693661798,11.78963443391884,True,17902870,db5aa4d2e7c06e4daeab8fff72dd90f919a205d3c7f1278ebcea832a99f46275,e84084e1532f9d5c9b367a4009ebef9f16c9f7a84236e3812379aa0f93febc87,ed8ffd1858fae5d8040bed8afa8f23c103ba58cc3c72fe5dc774e7d43ef64992,1
20,17,6,1.721926212310791,1.8752130270004272,58.01393127441406,-56.138718247413635,-56.29200506210327,56.29200506210327,0.0006902614187735876,7.994795045720623,11.83285187697564,True,17902870,db5aa4d2e7c06e4daeab8fff72dd90f919a205d3c7f1278ebcea832a99f46275,e84084e1532f9d5c9b367a4009ebef9f16c9f7a84236e3812379aa0f93febc87,e858e8b79c8157a7fb559195449dc4a72bfe72b42fb4370970614f323e1a0897,1
20,17,7,1.721926212310791,1.8689489364624023,19.81336212158203,-17.94441318511963,-18.09143590927124,18.09143590927124,0.004609797138520607,8.819850645534096,11.880906758685422,True,17902870,db5aa4d2e7c06e4daeab8fff72dd90f919a205d3c7f1278ebcea832a99f46275,e84084e1532f9d5c9b367a4009ebef9f16c9f7a84236e3812379aa0f93febc87,03fcb3e2908cd8bf877ff1d14bc37b5c6fdf9ef02e749342f1fe97ccf8599758,1
20,17,8,1.721926212310791,1.982837200164795,36.30879211425781,-34.32595491409302,-34.58686590194702,34.58686590194702,0.0006688188544948502,10.140089969027262,11.656561925962174,True,17902870,db5aa4d2e7c06e4daeab8fff72dd90f919a205d3c7f1278ebcea832a99f46275,e84084e1532f9d5c9b367a4009ebef9f16c9f7a84236e3812379aa0f93febc87,104619de6b2e48294ff3ce4f6688be0a5b1f961e4e69bed835b2a3fe9a2ae33c,1
20,17,9,1.721926212310791,1.583970308303833,24.24993133544922,-22.665961027145386,-22.528005123138428,22.528005123138428,0.0014905828130126451,7.861365680704998,11.940567662590249,True,17902870,db5aa4d2e7c06e4daeab8fff72dd90f919a205d3c7f1278ebcea832a99f46275,e84084e1532f9d5c9b367a4009ebef9f16c9f7a84236e3812379aa0f93febc87,3d87ac4ebe17721ef0dd3c829bf4a25a3d5929e38748a7e9f18c5bc22d385059,1
20,59,0,1.5741307735443115,1.7635374069213867,21.84857749938965,-20.08504009246826,-20.274446725845337,20.274446725845337,2.387843112372362e-05,4.557225377346243,11.847366267839467,True,17944744,4e4482ced164bf114f3d652469dc27c34113912605f5eb88ca10186bba035fb3,f382018e20209c74d1268b6badfec867ce4be10ee4b1a00469f71abcf8dca46e,c651f074da565c05b02b10303cf3b8568c2efd48ff292a588fa5fa77a311ced1,1
20,59,1,1.5741307735443115,1.9524590969085693,45.81138610839844,-43.85892701148987,-44.237255334854126,44.237255334854126,0.009163184742284005,7.416836888071184,11.873691848582318,True,17944744,4e4482ced164bf114f3d652469dc27c34113912605f5eb88ca10186bba035fb3,f382018e20209c74d1268b6badfec867ce4be10ee4b1a00469f71abcf8dca46e,72cfd4212f2edf3d1c35a4d96e69b97ead32d5a0feb213d2903caabb9814b632,1
20,59,2,1.5741307735443115,1.5946896076202393,35.235740661621094,-33.641051054000854,-33.66160988807678,33.66160988807678,-0.0034689297031405106,5.918641090464381,11.978406864881812,True,17944744,4e4482ced164bf114f3d652469dc27c34113912605f5eb88ca10186bba035fb3,f382018e20209c74d1268b6badfec867ce4be10ee4b1a00469f71abcf8dca46e,6c30c8d3dc3c1f3569092618f656ed2180c6e8133480276d837e9b2e947cfde3,1
20,59,3,1.5741307735443115,1.8593919277191162,31.787384033203125,-29.92799210548401,-30.213253259658813,30.213253259658813,0.004050713646111235,6.084885634961226,11.780901131734904,True,17944744,4e4482ced164bf114f3d652469dc27c34113912605f5eb88ca10186bba035fb3,f382018e20209c74d1268b6badfec867ce4be10ee4b1a00469f71abcf8dca46e,62b9088c77374ff4c209b1549b1c0487b7330d6d65771d7869ffe7a99bce7c4c,1
20,59,4,1.5741307735443115,1.6274051666259766,22.797788619995117,-21.17038345336914,-21.223657846450806,21.223657846450806,0.0009851813333512595,4.745109271517542,11.542640686146475,True,17944744,4e4482ced164bf114f3d652469dc27c34113912605f5eb88ca10186bba035fb3,f382018e20209c74d1268b6badfec867ce4be10ee4b1a00469f71abcf8dca46e,0c6ad6c2d794bad8797448bcacc6eff3471a0fabe12cfe4e15aff796bb94617c,1
20,59,5,1.5741307735443115,1.829809308052063,30.523822784423828,-28.694013476371765,-28.949692010879517,28.949692010879517,0.0015027578369574289,5.244512713002623,11.78963443391884,True,17944744,4e4482ced164bf114f3d652469dc27c34113912605f5eb88ca10186bba035fb3,f382018e20209c74d1268b6badfec867ce4be10ee4b1a00469f71abcf8dca46e,ed8ffd1858fae5d8040bed8afa8f23c103ba58cc3c72fe5dc774e7d43ef64992,1
20,59,6,1.5741307735443115,1.88761568069458,31.310638427734375,-29.423022747039795,-29.736507654190063,29.736507654190063,0.002607636106341795,5.256334396843833,11.83285187697564,True,17944744,4e4482ced164bf114f3d652469dc27c34113912605f5eb88ca10186bba035fb3,f382018e20209c74d1268b6badfec867ce4be10ee4b1a00469f71abcf8dca46e,e858e8b79c8157a7fb559195449dc4a72bfe72b42fb4370970614f323e1a0897,1
20,59,7,1.5741307735443115,1.9268959760665894,13.444032669067383,-11.517136693000793,-11.869901895523071,11.869901895523071,0.0025312962358610335,5.7597692633876365,11.880906758685422,True,17944744,4e4482ced164bf114f3d652469dc27c34113912605f5eb88ca10186bba035fb3,f382018e20209c74d1268b6badfec867ce4be10ee4b1a00469f71abcf8dca46e,03fcb3e2908cd8bf877ff1d14bc37b5c6fdf9ef02e749342f1fe97ccf8599758,1
20,59,8,1.5741307735443115,1.8653244972229004,19.239395141601562,-17.374070644378662,-17.66526436805725,17.66526436805725,0.0036878054427101634,7.293120799033423,11.656561925962174,True,17944744,4e4482ced164bf114f3d652469dc27c34113912605f5eb88ca10186bba035fb3,f382018e20209c74d1268b6badfec867ce4be10ee4b1a00469f71abcf8dca46e,104619de6b2e48294ff3ce4f6688be0a5b1f961e4e69bed835b2a3fe9a2ae33c,1
20,59,9,1.5741307735443115,1.5015809535980225,17.064985275268555,-15.563404321670532,-15.490854501724243,15.490854501724243,0.0005066458478535617,4.725607512978009,11.940567662590249,True,17944744,4e4482ced164bf114f3d652469dc27c34113912605f5eb88ca10186bba035fb3,f382018e20209c74d1268b6badfec867ce4be10ee4b1a00469f71abcf8dca46e,3d87ac4ebe17721ef0dd3c829bf4a25a3d5929e38748a7e9f18c5bc22d385059,1
20,11,0,1.862799048423767,1.9700510501861572,108.50199890136719,-106.53194785118103,-106.63919985294342,106.63919985294342,0.003989352988271188,10.28683310953928,11.847366267839467,True,17896888,83a0d5476b6d74331a0dc4c3ddfad4b8c2c4976bb3a6cd9ce362056efc689466,8ee0dbabb6cb0a709fd8ed38e5af496261144d23d39d247d8b210bd781cb4cba,c651f074da565c05b02b10303cf3b8568c2efd48ff292a588fa5fa77a311ced1,1
20,11,1,1.862799048423767,2.010218620300293,197.9215087890625,-195.9112901687622,-196.05870974063873,196.05870974063873,0.0010420270029800674,11.978207934443278,11.873691848582318,True,17896888,83a0d5476b6d74331a0dc4c3ddfad4b8c2c4976bb3a6cd9ce362056efc689466,8ee0dbabb6cb0a709fd8ed38e5af496261144d23d39d247d8b210bd781cb4cba,72cfd4212f2edf3d1c35a4d96e69b97ead32d5a0feb213d2903caabb9814b632,1
20,11,2,1.862799048423767,1.6188032627105713,149.55722045898438,-147.9384171962738,-147.6944214105606,147.6944214105606,-0.004514144129656663,8.559063353722058,11.978406864881812,True,17896888,83a0d5476b6d74331a0dc4c3ddfad4b8c2c4976bb3a6cd9ce362056efc689466,8ee0dbabb6cb0a709fd8ed38e5af496261144d23d39d247d8b210bd781cb4cba,6c30c8d3dc3c1f3569092618f656ed2180c6e8133480276d837e9b2e947cfde3,1
20,11,3,1.862799048423767,2.1279449462890625,112.70140075683594,-110.57345581054688,-110.83860170841217,110.83860170841217,0.005873205595839155,8.955038665976764,11.780901131734904,True,17896888,83a0d5476b6d74331a0dc4c3ddfad4b8c2c4976bb3a6cd9ce362056efc689466,8ee0dbabb6cb0a709fd8ed38e5af496261144d23d39d247d8b210bd781cb4cba,62b9088c77374ff4c209b1549b1c0487b7330d6d65771d7869ffe7a99bce7c4c,1
20,11,4,1.862799048423767,2.079070568084717,136.13058471679688,-134.05151414871216,-134.2677856683731,134.2677856683731,0.001552949837544811,8.156727911133716,11.542640686146475,True,17896888,83a0d5476b6d74331a0dc4c3ddfad4b8c2c4976bb3a6cd9ce362056efc689466,8ee0dbabb6cb0a709fd8ed38e5af496261144d23d39d247d8b210bd781cb4cba,0c6ad6c2d794bad8797448bcacc6eff3471a0fabe12cfe4e15aff796bb94617c,1
20,11,5,1.862799048423767,2.036407709121704,88.901611328125,-86.8652036190033,-87.03881227970123,87.03881227970123,0.0021842497778266612,9.395768778590456,11.78963443391884,True,17896888,83a0d5476b6d74331a0dc4c3ddfad4b8c2c4976bb3a6cd9ce362056efc689466,8ee0dbabb6cb0a709fd8ed38e5af496261144d23d39d247d8b210bd781cb4cba,ed8ffd1858fae5d8040bed8afa8f23c103ba58cc3c72fe5dc774e7d43ef64992,1
20,11,6,1.862799048423767,2.195281982421875,161.57252502441406,-159.3772430419922,-159.7097259759903,159.7097259759903,0.0022024204773,9.810121525685556,11.83285187697564,True,17896888,83a0d5476b6d74331a0dc4c3ddfad4b8c2c4976bb3a6cd9ce362056efc689466,8ee0dbabb6cb0a709fd8ed38e5af496261144d23d39d247d8b210bd781cb4cba,e858e8b79c8157a7fb559195449dc4a72bfe72b42fb4370970614f323e1a0897,1
20,11,7,1.862799048423767,1.9443163871765137,171.21176147460938,-169.26744508743286,-169.3489624261856,169.3489624261856,0.0025468094520602743,10.586327950856335,11.880906758685422,True,17896888,83a0d5476b6d74331a0dc4c3ddfad4b8c2c4976bb3a6cd9ce362056efc689466,8ee0dbabb6cb0a709fd8ed38e5af496261144d23d39d247d8b210bd781cb4cba,03fcb3e2908cd8bf877ff1d14bc37b5c6fdf9ef02e749342f1fe97ccf8599758,1
20,11,8,1.862799048423767,2.114251136779785,178.27069091796875,-176.15643978118896,-176.40789186954498,176.40789186954498,2.822597998067781e-05,13.91842959754239,11.656561925962174,True,17896888,83a0d5476b6d74331a0dc4c3ddfad4b8c2c4976bb3a6cd9ce362056efc689466,8ee0dbabb6cb0a709fd8ed38e5af496261144d23d39d247d8b210bd781cb4cba,104619de6b2e48294ff3ce4f6688be0a5b1f961e4e69bed835b2a3fe9a2ae33c,1
20,11,9,1.862799048423767,1.7214977741241455,104.50387573242188,-102.78237795829773,-102.64107668399811,102.64107668399811,-0.0007208357785365824,8.18379586306933,11.940567662590249,True,17896888,83a0d5476b6d74331a0dc4c3ddfad4b8c2c4976bb3a6cd9ce362056efc689466,8ee0dbabb6cb0a709fd8ed38e5af496261144d23d39d247d8b210bd781cb4cba,3d87ac4ebe17721ef0dd3c829bf4a25a3d5929e38748a7e9f18c5bc22d385059,1
20,2,0,1.87039053440094,1.7777642011642456,17.218734741210938,-15.440970540046692,-15.348344206809998,15.348344206809998,0.0047878972123053705,8.355658824958024,11.847366267839467,True,17887915,848876717914e58ec06f6148d22858463f20cef4d1333501961c3efae2be8c1e,05469df7312f9cdb343e0e32e5a9ca154281b1b2660cd3b5c70445ec3134886b,c651f074da565c05b02b10303cf3b8568c2efd48ff292a588fa5fa77a311ced1,1
20,2,1,1.87039053440094,1.79547119140625,18.80697250366211,-17.01150131225586,-16.93658196926117,16.93658196926117,0.000819052338014397,8.6385341289636,11.873691848582318,True,17887915,848876717914e58ec06f6148d22858463f20cef4d1333501961c3efae2be8c1e,05469df7312f9cdb343e0e32e5a9ca154281b1b2660cd3b5c70445ec3134886b,72cfd4212f2edf3d1c35a4d96e69b97ead32d5a0feb213d2903caabb9814b632,1
20,2,2,1.87039053440094,2.054713487625122,30.190296173095703,-28.13558268547058,-28.319905638694763,28.319905638694763,0.006388515163883305,11.621108780543006,11.978406864881812,True,17887915,848876717914e58ec06f6148d22858463f20cef4d1333501961c3efae2be8c1e,05469df7312f9cdb343e0e32e5a9ca154281b1b2660cd3b5c70445ec3134886b,6c30c8d3dc3c1f3569092618f656ed2180c6e8133480276d837e9b2e947cfde3,1
20,2,3,1.87039053440094,1.7350938320159912,24.227554321289062,-22.49246048927307,-22.357163786888123,22.357163786888123,0.005375027543816494,11.074053572740048,11.780901131734904,True,17887915,848876717914e58ec06f6148d22858463f20cef4d1333501961c3efae2be8c1e,05469df7312f9cdb343e0e32e5a9ca154281b1b2660cd3b5c70445ec3134886b,62b9088c77374ff4c209b1549b1c0487b7330d6d65771d7869ffe7a99bce7c4c,1
20,2,4,1.87039053440094,1.775888204574585,15.57419204711914,-13.798303842544556,-13.7038015127182,13.7038015127182,0.002596857669993528,7.23860981869751,11.542640686146475,True,17887915,848876717914e58ec06f6148d22858463f20cef4d1333501961c3efae2be8c1e,05469df7312f9cdb343e0e32e5a9ca154281b1b2660cd3b5c70445ec3134886b,0c6ad6c2d794bad8797448bcacc6eff3471a0fabe12cfe4e15aff796bb94617c,1
20,2,5,1.87039053440094,1.5205862522125244,10.361559867858887,-8.840973615646362,-8.491169333457947,8.491169333457947,0.001996526876417703,6.31436107763714,11.78963443391884,True,17887915,848876717914e58ec06f6148d22858463f20cef4d1333501961c3efae2be8c1e,05469df7312f9cdb343e0e32e5a9ca154281b1b2660cd3b5c70445ec3134886b,ed8ffd1858fae5d8040bed8afa8f23c103ba58cc3c72fe5dc774e7d43ef64992,1
20,2,6,1.87039053440094,1.89594566822052,30.814617156982422,-28.918671488761902,-28.944226622581482,28.944226622581482,0.0012601982505791012,6.845663807224309,11.83285187697564,True,17887915,848876717914e58ec06f6148d22858463f20cef4d1333501961c3efae2be8c1e,05469df7312f9cdb343e0e32e5a9ca154281b1b2660cd3b5c70445ec3134886b,e858e8b79c8157a7fb559195449dc4a72bfe72b42fb4370970614f323e1a0897,1
20,2,7,1.87039053440094,2.3426144123077393,26.07334327697754,-23.7307288646698,-24.2029527425766,24.2029527425766,0.0070974970892918035,10.042969501259174,11.880906758685422,True,17887915,848876717914e58ec06f6148d22858463f20cef4d1333501961c3efae2be8c1e,05469df7312f9cdb343e0e32e5a9ca154281b1b2660cd3b5c70445ec3134886b,03fcb3e2908cd8bf877ff1d14bc37b5c6fdf9ef02e749342f1fe97ccf8599758,1
20,2,8,1.87039053440094,2.254397392272949,29.174474716186523,-26.920077323913574,-27.304084181785583,27.304084181785583,0.002860316197908013,12.332920024612159,11.656561925962174,True,17887915,848876717914e58ec06f6148d22858463f20cef4d1333501961c3efae2be8c1e,05469df7312f9cdb343e0e32e5a9ca154281b1b2660cd3b5c70445ec3134886b,104619de6b2e48294ff3ce4f6688be0a5b1f961e4e69bed835b2a3fe9a2ae33c,1
20,2,9,1.87039053440094,1.609483003616333,7.517580986022949,-5.908097982406616,-5.647190451622009,5.647190451622009,0.0026963415455208677,8.143945631730583,11.940567662590249,True,17887915,848876717914e58ec06f6148d22858463f20cef4d1333501961c3efae2be8c1e,05469df7312f9cdb343e0e32e5a9ca154281b1b2660cd3b5c70445ec3134886b,3d87ac4ebe17721ef0dd3c829bf4a25a3d5929e38748a7e9f18c5bc22d385059,1
20,95,0,1.702061653137207,1.546722650527954,30.666088104248047,-29.119365453720093,-28.96402645111084,28.96402645111084,-0.0002919468056005244,6.03928642489567,11.847366267839467,True,17980636,88b7e9cce160ac63f33cd13a6eb111474d56d51a32304a79f3e726f06d6b0979,e701d809e45d4258ada006f31bc92858e584ba74b8cf29affea7fdfcebab4144,c651f074da565c05b02b10303cf3b8568c2efd48ff292a588fa5fa77a311ced1,1
20,95,1,1.702061653137207,1.4811123609542847,37.89508819580078,-36.4139758348465,-36.193026542663574,36.193026542663574,-0.0007043742240121839,7.217933498147154,11.873691848582318,True,17980636,88b7e9cce160ac63f33cd13a6eb111474d56d51a32304a79f3e726f06d6b0979,e701d809e45d4258ada006f31bc92858e584ba74b8cf29affea7fdfcebab4144,72cfd4212f2edf3d1c35a4d96e69b97ead32d5a0feb213d2903caabb9814b632,1
20,95,2,1.702061653137207,1.9386707544326782,44.07539367675781,-42.136722922325134,-42.373332023620605,42.373332023620605,0.003774835980088835,10.100267201633322,11.978406864881812,True,17980636,88b7e9cce160ac63f33cd13a6eb111474d56d51a32304a79f3e726f06d6b0979,e701d809e45d4258ada006f31bc92858e584ba74b8cf29affea7fdfcebab4144,6c30c8d3dc3c1f3569092618f656ed2180c6e8133480276d837e9b2e947cfde3,1
20,95,3,1.702061653137207,1.5886945724487305,32.859107971191406,-31.270413398742676,-31.1570463180542,31.1570463180542,-0.0004669438059269612,6.42400389657118,11.780901131734904,True,17980636,88b7e9cce160ac63f33cd13a6eb111474d56d51a32304a79f3e726f06d6b0979,e701d809e45d4258ada006f31bc92858e584ba74b8cf29affea7fdfcebab4144,62b9088c77374ff4c209b1549b1c0487b7330d6d65771d7869ffe7a99bce7c4c,1
20,95,4,1.702061653137207,1.7104296684265137,37.23616027832031,-35.5257306098938,-35.534098625183105,35.534098625183105,0.0006185238684982234,7.3022841205218585,11.542640686146475,True,17980636,88b7e9cce160ac63f33cd13a6eb111474d56d51a32304a79f3e726f06d6b0979,e701d809e45d4258ada006f31bc92858e584ba74b8cf29affea7fdfcebab4144,0c6ad6c2d794bad8797448bcacc6eff3471a0fabe12cfe4e15aff796bb94617c,1
20,95,5,1.702061653137207,1.4359157085418701,47.80189895629883,-46.36598324775696,-46.09983730316162,46.09983730316162,-0.0018628050941903106,5.938445430059306,11.78963443391884,True,17980636,88b7e9cce160ac63f33cd13a6eb111474d56d51a32304a79f3e726f06d6b0979,e701d809e45d4258ada006f31bc92858e584ba74b8cf29affea7fdfcebab4144,ed8ffd1858fae5d8040bed8afa8f23c103ba58cc3c72fe5dc774e7d43ef64992,1
20,95,6,1.702061653137207,1.68815016746521,41.751258850097656,-40.063108682632446,-40.04919719696045,40.04919719696045,-0.0020548158470617504,7.141565829796671,11.83285187697564,True,17980636,88b7e9cce160ac63f33cd13a6eb111474d56d51a32304a79f3e726f06d6b0979,e701d809e45d4258ada006f31bc92858e584ba74b8cf29affea7fdfcebab4144,e858e8b79c8157a7fb559195449dc4a72bfe72b42fb4370970614f323e1a0897,1
20,95,7,1.702061653137207,1.8912843465805054,43.90919876098633,-42.01791441440582,-42.20713710784912,42.20713710784912,0.004454340560221806,7.910527738106916,11.880906758685422,True,17980636,88b7e9cce160ac63f33cd13a6eb111474d56d51a32304a79f3e726f06d6b0979,e701d809e45d4258ada006f31bc92858e584ba74b8cf29affea7fdfcebab4144,03fcb3e2908cd8bf877ff1d14bc37b5c6fdf9ef02e749342f1fe97ccf8599758,1
20,95,8,1.702061653137207,2.11422061920166,46.7515869140625,-44.63736629486084,-45.04952526092529,45.04952526092529,0.0038126883891927235,11.149060644580002,11.656561925962174,True,17980636,88b7e9cce160ac63f33cd13a6eb111474d56d51a32304a79f3e726f06d6b0979,e701d809e45d4258ada006f31bc92858e584ba74b8cf29affea7fdfcebab4144,104619de6b2e48294ff3ce4f6688be0a5b1f961e4e69bed835b2a3fe9a2ae33c,1
20,95,9,1.702061653137207,1.6006616353988647,22.260536193847656,-20.65987455844879,-20.55847454071045,20.55847454071045,0.00034393873893649263,5.757516452454381,11.940567662590249,True,17980636,88b7e9cce160ac63f33cd13a6eb111474d56d51a32304a79f3e726f06d6b0979,e701d809e45d4258ada006f31bc92858e584ba74b8cf29affea7fdfcebab4144,3d87ac4ebe17721ef0dd3c829bf4a25a3d5929e38748a7e9f18c5bc22d385059,1
20,68,0,1.5976839065551758,1.5924162864685059,146.1070098876953,-144.5145936012268,-144.50932598114014,144.50932598114014,0.0032287156791187765,7.021472738219053,11.847366267839467,True,17953717,4090445d2f9c2ff2178d4eb57c9e7adff42cb49568efa52501581479edeefb26,eb6a8788b0d4211db87022a4f1ad1868f3522512018a6816eb06616a29944fc9,c651f074da565c05b02b10303cf3b8568c2efd48ff292a588fa5fa77a311ced1,1
20,68,1,1.5976839065551758,1.829052209854126,262.57958984375,-260.7505376338959,-260.9819059371948,260.9819059371948,0.0063378415030006085,11.010903516413087,11.873691848582318,True,17953717,4090445d2f9c2ff2178d4eb57c9e7adff42cb49568efa52501581479edeefb26,eb6a8788b0d4211db87022a4f1ad1868f3522512018a6816eb06616a29944fc9,72cfd4212f2edf3d1c35a4d96e69b97ead32d5a0feb213d2903caabb9814b632,1
20,68,2,1.5976839065551758,1.9690335988998413,148.93508911132812,-146.96605551242828,-147.33740520477295,147.33740520477295,0.000624668763145352,8.427170394211824,11.978406864881812,True,17953717,4090445d2f9c2ff2178d4eb57c9e7adff42cb49568efa52501581479edeefb26,eb6a8788b0d4211db87022a4f1ad1868f3522512018a6816eb06616a29944fc9,6c30c8d3dc3c1f3569092618f656ed2180c6e8133480276d837e9b2e947cfde3,1
20,68,3,1.5976839065551758,1.8079073429107666,286.92108154296875,-285.113174200058,-285.3233976364136,285.3233976364136,0.004788076225761049,14.41732165239048,11.780901131734904,True,17953717,4090445d2f9c2ff2178d4eb57c9e7adff42cb49568efa52501581479edeefb26,eb6a8788b0d4211db87022a4f1ad1868f3522512018a6816eb06616a29944fc9,62b9088c77374ff4c209b1549b1c0487b7330d6d65771d7869ffe7a99bce7c4c,1
20,68,4,1.5976839065551758,1.567373514175415,96.45814514160156,-94.89077162742615,-94.86046123504639,94.86046123504639,0.0031678130991074334,7.901757447260837,11.542640686146475,True,17953717,4090445d2f9c2ff2178d4eb57c9e7adff42cb49568efa52501581479edeefb26,eb6a8788b0d4211db87022a4f1ad1868f3522512018a6816eb06616a29944fc9,0c6ad6c2d794bad8797448bcacc6eff3471a0fabe12cfe4e15aff796bb94617c,1
20,68,5,1.5976839065551758,1.8965680599212646,146.208251953125,-144.31168389320374,-144.61056804656982,144.61056804656982,0.004207452247744579,9.392858500005794,11.78963443391884,True,17953717,4090445d2f9c2ff2178d4eb57c9e7adff42cb49568efa52501581479edeefb26,eb6a8788b0d4211db87022a4f1ad1868f3522512018a6816eb06616a29944fc9,ed8ffd1858fae5d8040bed8afa8f23c103ba58cc3c72fe5dc774e7d43ef64992,1
20,68,6,1.5976839065551758,1.9416019916534424,205.11880493164062,-203.17720293998718,-203.52112102508545,203.52112102508545,0.0026149212498739554,10.766735174945872,11.83285187697564,True,17953717,4090445d2f9c2ff2178d4eb57c9e7adff42cb49568efa52501581479edeefb26,eb6a8788b0d4211db87022a4f1ad1868f3522512018a6816eb06616a29944fc9,e858e8b79c8157a7fb559195449dc4a72bfe72b42fb4370970614f323e1a0897,1
20,68,7,1.5976839065551758,1.7047224044799805,124.6378173828125,-122.93309497833252,-123.04013347625732,123.04013347625732,-0.0008610058070819402,9.080615651375174,11.880906758685422,True,17953717,4090445d2f9c2ff2178d4eb57c9e7adff42cb49568efa52501581479edeefb26,eb6a8788b0d4211db87022a4f1ad1868f3522512018a6816eb06616a29944fc9,03fcb3e2908cd8bf877ff1d14bc37b5c6fdf9ef02e749342f1fe97ccf8599758,1
20,68,8,1.5976839065551758,1.6231449842453003,132.9037322998047,-131.2805873155594,-131.3060483932495,131.3060483932495,-0.001592766782604813,11.057843322425997,11.656561925962174,True,17953717,4090445d2f9c2ff2178d4eb57c9e7adff42cb49568efa52501581479edeefb26,eb6a8788b0d4211db87022a4f1ad1868f3522512018a6816eb06616a29944fc9,104619de6b2e48294ff3ce4f6688be0a5b1f961e4e69bed835b2a3fe9a2ae33c,1
20,68,9,1.5976839065551758,1.4953452348709106,95.40972900390625,-93.91438376903534,-93.81204509735107,93.81204509735107,0.0002921721586276654,7.234998063025688,11.940567662590249,True,17953717,4090445d2f9c2ff2178d4eb57c9e7adff42cb49568efa52501581479edeefb26,eb6a8788b0d4211db87022a4f1ad1868f3522512018a6816eb06616a29944fc9,3d87ac4ebe17721ef0dd3c829bf4a25a3d5929e38748a7e9f18c5bc22d385059,1
20,28,0,2.0353894233703613,2.0919477939605713,150.95947265625,-148.86752486228943,-148.92408323287964,148.92408323287964,0.0006808351119936534,8.623555994407468,11.847366267839467,True,17913837,f9e03cd58616b65ecfd7019678c105098be3ebe931d8a4dc2d3fa855e96681a7,887fbf990bf152b6b1df3e6c02d3ca640bf29e2baa819342cb8820901a7a7bbd,c651f074da565c05b02b10303cf3b8568c2efd48ff292a588fa5fa77a311ced1,1
20,28,1,2.0353894233703613,2.746513843536377,285.665283203125,-282.9187693595886,-283.62989377975464,283.62989377975464,0.006080593229540874,11.164494542567335,11.873691848582318,True,17913837,f9e03cd58616b65ecfd7019678c105098be3ebe931d8a4dc2d3fa855e96681a7,887fbf990bf152b6b1df3e6c02d3ca640bf29e2baa819342cb8820901a7a7bbd,72cfd4212f2edf3d1c35a4d96e69b97ead32d5a0feb213d2903caabb9814b632,1
20,28,2,2.0353894233703613,1.9220064878463745,114.05856323242188,-112.1365567445755,-112.02317380905151,112.02317380905151,-0.007870057502554012,6.64630466449943,11.978406864881812,True,17913837,f9e03cd58616b65ecfd7019678c105098be3ebe931d8a4dc2d3fa855e96681a7,887fbf990bf152b6b1df3e6c02d3ca640bf29e2baa819342cb8820901a7a7bbd,6c30c8d3dc3c1f3569092618f656ed2180c6e8133480276d837e9b2e947cfde3,1
20,28,3,2.0353894233703613,2.208247661590576,197.73214721679688,-195.5238995552063,-195.6967577934265,195.6967577934265,-1.168873766706087e-05,10.295527879836323,11.780901131734904,True,17913837,f9e03cd58616b65ecfd7019678c105098be3ebe931d8a4dc2d3fa855e96681a7,887fbf990bf152b6b1df3e6c02d3ca640bf29e2baa819342cb8820901a7a7bbd,62b9088c77374ff4c209b1549b1c0487b7330d6d65771d7869ffe7a99bce7c4c,1
20,28,4,2.0353894233703613,2.096233367919922,129.40945434570312,-127.3132209777832,-127.37406492233276,127.37406492233276,-0.0021901970201162087,6.7197314165709745,11.542640686146475,True,17913837,f9e03cd58616b65ecfd7019678c105098be3ebe931d8a4dc2d3fa855e96681a7,887fbf990bf152b6b1df3e6c02d3ca640bf29e2baa819342cb8820901a7a7bbd,0c6ad6c2d794bad8797448bcacc6eff3471a0fabe12cfe4e15aff796bb94617c,1
20,28,5,2.0353894233703613,2.492095947265625,153.39480590820312,-150.9027099609375,-151.35941648483276,151.35941648483276,0.0025172715751403773,7.727416177675928,11.78963443391884,True,17913837,f9e03cd58616b65ecfd7019678c105098be3ebe931d8a4dc2d3fa855e96681a7,887fbf990bf152b6b1df3e6c02d3ca640bf29e2baa819342cb8820901a7a7bbd,ed8ffd1858fae5d8040bed8afa8f23c103ba58cc3c72fe5dc774e7d43ef64992,1
20,28,6,2.0353894233703613,2.310990333557129,137.7075958251953,-135.39660549163818,-135.67220640182495,135.67220640182495,0.0032585239397057747,8.652980577007359,11.83285187697564,True,17913837,f9e03cd58616b65ecfd7019678c105098be3ebe931d8a4dc2d3fa855e96681a7,887fbf990bf152b6b1df3e6c02d3ca640bf29e2baa819342cb8820901a7a7bbd,e858e8b79c8157a7fb559195449dc4a72bfe72b42fb4370970614f323e1a0897,1
20,28,7,2.0353894233703613,2.2260630130767822,147.04566955566406,-144.81960654258728,-145.0102801322937,145.0102801322937,-0.0009417233023911416,9.826095078000149,11.880906758685422,True,17913837,f9e03cd58616b65ecfd7019678c105098be3ebe931d8a4dc2d3fa855e96681a7,887fbf990bf152b6b1df3e6c02d3ca640bf29e2baa819342cb8820901a7a7bbd,03fcb3e2908cd8bf877ff1d14bc37b5c6fdf9ef02e749342f1fe97ccf8599758,1
20,28,8,2.0353894233703613,2.349395751953125,123.71209716796875,-121.36270141601562,-121.67670774459839,121.67670774459839,0.001222966391325183,9.551616959758691,11.656561925962174,True,17913837,f9e03cd58616b65ecfd7019678c105098be3ebe931d8a4dc2d3fa855e96681a7,887fbf990bf152b6b1df3e6c02d3ca640bf29e2baa819342cb8820901a7a7bbd,104619de6b2e48294ff3ce4f6688be0a5b1f961e4e69bed835b2a3fe9a2ae33c,1
20,28,9,2.0353894233703613,2.0076305866241455,130.75042724609375,-128.7427966594696,-128.7150378227234,128.7150378227234,0.0010456079516725288,7.464259485499984,11.940567662590249,True,17913837,f9e03cd58616b65ecfd7019678c105098be3ebe931d8a4dc2d3fa855e96681a7,887fbf990bf152b6b1df3e6c02d3ca640bf29e2baa819342cb8820901a7a7bbd,3d87ac4ebe17721ef0dd3c829bf4a25a3d5929e38748a7e9f18c5bc22d385059,1
20,60,0,1.8804205656051636,2.035771131515503,151.23876953125,-149.2029983997345,-149.35834896564484,149.35834896564484,0.0003679940067897647,7.7074483519556924,11.847366267839467,True,17945741,6cc41d30b18fecf54f1b2013d3a2ca25966f1c404f8065665d940148abea628d,ecf35d18eea1c7897566c7bc2392507f2ee7d09528e31b0178dad9ff4f51c05c,c651f074da565c05b02b10303cf3b8568c2efd48ff292a588fa5fa77a311ced1,1
20,60,1,1.8804205656051636,2.360924243927002,210.3612060546875,-208.0002818107605,-208.48078548908234,208.48078548908234,0.0012265486455340267,10.871423719597793,11.873691848582318,True,17945741,6cc41d30b18fecf54f1b2013d3a2ca25966f1c404f8065665d940148abea628d,ecf35d18eea1c7897566c7bc2392507f2ee7d09528e31b0178dad9ff4f51c05c,72cfd4212f2edf3d1c35a4d96e69b97ead32d5a0feb213d2903caabb9814b632,1
20,60,2,1.8804205656051636,2.054090738296509,156.66030883789062,-154.60621809959412,-154.77988827228546,154.77988827228546,-0.0058933236494525445,7.787871271734896,11.978406864881812,True,17945741,6cc41d30b18fecf54f1b2013d3a2ca25966f1c404f8065665d940148abea628d,ecf35d18eea1c7897566c7bc2392507f2ee7d09528e31b0178dad9ff4f51c05c,6c30c8d3dc3c1f3569092618f656ed2180c6e8133480276d837e9b2e947cfde3,1
20,60,3,1.8804205656051636,2.2222771644592285,166.7689666748047,-164.54668951034546,-164.88854610919952,164.88854610919952,0.0038240754675649877,7.819054600986055,11.780901131734904,True,17945741,6cc41d30b18fecf54f1b2013d3a2ca25966f1c404f8065665d940148abea628d,ecf35d18eea1c7897566c7bc2392507f2ee7d09528e31b0178dad9ff4f51c05c,62b9088c77374ff4c209b1549b1c0487b7330d6d65771d7869ffe7a99bce7c4c,1
20,60,4,1.8804205656051636,1.918238639831543,123.33684539794922,-121.41860675811768,-121.45642483234406,121.45642483234406,0.0011723980501530972,6.933444622441615,11.542640686146475,True,17945741,6cc41d30b18fecf54f1b2013d3a2ca25966f1c404f8065665d940148abea628d,ecf35d18eea1c7897566c7bc2392507f2ee7d09528e31b0178dad9ff4f51c05c,0c6ad6c2d794bad8797448bcacc6eff3471a0fabe12cfe4e15aff796bb94617c,1
20,60,5,1.8804205656051636,2.1407861709594727,123.15214538574219,-121.01135921478271,-121.27172482013702,121.27172482013702,-0.0012783133244923888,8.113791005782831,11.78963443391884,True,17945741,6cc41d30b18fecf54f1b2013d3a2ca25966f1c404f8065665d940148abea628d,ecf35d18eea1c7897566c7bc2392507f2ee7d09528e31b0178dad9ff4f51c05c,ed8ffd1858fae5d8040bed8afa8f23c103ba58cc3c72fe5dc774e7d43ef64992,1
20,60,6,1.8804205656051636,2.2463884353637695,166.33749389648438,-164.0911054611206,-164.4570733308792,164.4570733308792,0.002477593759442779,7.8052428781585865,11.83285187697564,True,17945741,6cc41d30b18fecf54f1b2013d3a2ca25966f1c404f8065665d940148abea628d,ecf35d18eea1c7897566c7bc2392507f2ee7d09528e31b0178dad9ff4f51c05c,e858e8b79c8157a7fb559195449dc4a72bfe72b42fb4370970614f323e1a0897,1
20,60,7,1.8804205656051636,2.065368413925171,161.24351501464844,-159.17814660072327,-159.36309444904327,159.36309444904327,0.0004765971592810634,8.489459076425398,11.880906758685422,True,17945741,6cc41d30b18fecf54f1b2013d3a2ca25966f1c404f8065665d940148abea628d,ecf35d18eea1c7897566c7bc2392507f2ee7d09528e31b0178dad9ff4f51c05c,03fcb3e2908cd8bf877ff1d14bc37b5c6fdf9ef02e749342f1fe97ccf8599758,1
20,60,8,1.8804205656051636,2.226855754852295,187.91595458984375,-185.68909883499146,-186.0355340242386,186.0355340242386,-0.000968410578830381,10.37237430707745,11.656561925962174,True,17945741,6cc41d30b18fecf54f1b2013d3a2ca25966f1c404f8065665d940148abea628d,ecf35d18eea1c7897566c7bc2392507f2ee7d09528e31b0178dad9ff4f51c05c,104619de6b2e48294ff3ce4f6688be0a5b1f961e4e69bed835b2a3fe9a2ae33c,1
20,60,9,1.8804205656051636,1.7756272554397583,93.42573547363281,-91.65010821819305,-91.54531490802765,91.54531490802765,-0.004916327507661808,6.458210742321783,11.940567662590249,True,17945741,6cc41d30b18fecf54f1b2013d3a2ca25966f1c404f8065665d940148abea628d,ecf35d18eea1c7897566c7bc2392507f2ee7d09528e31b0178dad9ff4f51c05c,3d87ac4ebe17721ef0dd3c829bf4a25a3d5929e38748a7e9f18c5bc22d385059,1
20,14,0,1.4510018825531006,1.7189407348632812,60.64412307739258,-58.9251823425293,-59.19312119483948,59.19312119483948,0.0036129379123632,7.992839495868223,11.847366267839467,True,17899879,713ddf67039a85837ef324fef212c50d5c702ec707590ad92bc208a46e20a4df,2e25a980a2fb6f0a2a4f62d5d422208b79ec59fd41ad89934afa7bbbc6539dd1,c651f074da565c05b02b10303cf3b8568c2efd48ff292a588fa5fa77a311ced1,1
20,14,1,1.4510018825531006,1.9415903091430664,142.17298889160156,-140.2313985824585,-140.72198700904846,140.72198700904846,0.0020326922604615707,12.018870486509373,11.873691848582318,True,17899879,713ddf67039a85837ef324fef212c50d5c702ec707590ad92bc208a46e20a4df,2e25a980a2fb6f0a2a4f62d5d422208b79ec59fd41ad89934afa7bbbc6539dd1,72cfd4212f2edf3d1c35a4d96e69b97ead32d5a0feb213d2903caabb9814b632,1
20,14,2,1.4510018825531006,1.5440753698349,101.26194763183594,-99.71787226200104,-99.81094574928284,99.81094574928284,0.001028131984490624,8.362900863402707,11.978406864881812,True,17899879,713ddf67039a85837ef324fef212c50d5c702ec707590ad92bc208a46e20a4df,2e25a980a2fb6f0a2a4f62d5d422208b79ec59fd41ad89934afa7bbbc6539dd1,6c30c8d3dc3c1f3569092618f656ed2180c6e8133480276d837e9b2e947cfde3,1
20,14,3,1.4510018825531006,1.6574151515960693,132.88714599609375,-131.22973084449768,-131.43614411354065,131.43614411354065,0.0021013723864578633,13.840827344940173,11.780901131734904,True,17899879,713ddf67039a85837ef324fef212c50d5c702ec707590ad92bc208a46e20a4df,2e25a980a2fb6f0a2a4f62d5d422208b79ec59fd41ad89934afa7bbbc6539dd1,62b9088c77374ff4c209b1549b1c0487b7330d6d65771d7869ffe7a99bce7c4c,1
20,14,4,1.4510018825531006,1.4642837047576904,50.73566436767578,-49.27138066291809,-49.28466248512268,49.28466248512268,0.0028623519597571617,7.2795588219681715,11.542640686146475,True,17899879,713ddf67039a85837ef324fef212c50d5c702ec707590ad92bc208a46e20a4df,2e25a980a2fb6f0a2a4f62d5d422208b79ec59fd41ad89934afa7bbbc6539dd1,0c6ad6c2d794bad8797448bcacc6eff3471a0fabe12cfe4e15aff796bb94617c,1
20,14,5,1.4510018825531006,1.7622663974761963,62.13518524169922,-60.37291884422302,-60.68418335914612,60.68418335914612,0.006134307657512994,9.543707621921877,11.78963443391884,True,17899879,713ddf67039a85837ef324fef212c50d5c702ec707590ad92bc208a46e20a4df,2e25a980a2fb6f0a2a4f62d5d422208b79ec59fd41ad89934afa7bbbc6539dd1,ed8ffd1858fae5d8040bed8afa8f23c103ba58cc3c72fe5dc774e7d43ef64992,1
20,14,6,1.4510018825531006,1.7703863382339478,101.22254180908203,-99.45215547084808,-99.77153992652893,99.77153992652893,0.0036077174600853763,11.009576272535659,11.83285187697564,True,17899879,713ddf67039a85837ef324fef212c50d5c702ec707590ad92bc208a46e20a4df,2e25a980a2fb6f0a2a4f62d5d422208b79ec59fd41ad89934afa7bbbc6539dd1,e858e8b79c8157a7fb559195449dc4a72bfe72b42fb4370970614f323e1a0897,1
20,14,7,1.4510018825531006,1.6724826097488403,70.08849334716797,-68.41601073741913,-68.63749146461487,68.63749146461487,-0.000434985955203677,10.349064593846336,11.880906758685422,True,17899879,713ddf67039a85837ef324fef212c50d5c702ec707590ad92bc208a46e20a4df,2e25a980a2fb6f0a2a4f62d5d422208b79ec59fd41ad89934afa7bbbc6539dd1,03fcb3e2908cd8bf877ff1d14bc37b5c6fdf9ef02e749342f1fe97ccf8599758,1
20,14,8,1.4510018825531006,1.4959015846252441,87.67451477050781,-86.17861318588257,-86.22351288795471,86.22351288795471,-0.0038798662111558194,11.32448770191427,11.656561925962174,True,17899879,713ddf67039a85837ef324fef212c50d5c702ec707590ad92bc208a46e20a4df,2e25a980a2fb6f0a2a4f62d5d422208b79ec59fd41ad89934afa7bbbc6539dd1,104619de6b2e48294ff3ce4f6688be0a5b1f961e4e69bed835b2a3fe9a2ae33c,1
20,14,9,1.4510018825531006,1.4977949857711792,47.699867248535156,-46.20207226276398,-46.248865365982056,46.248865365982056,0.0025182045008956063,8.610190198918529,11.940567662590249,True,17899879,713ddf67039a85837ef324fef212c50d5c702ec707590ad92bc208a46e20a4df,2e25a980a2fb6f0a2a4f62d5d422208b79ec59fd41ad89934afa7bbbc6539dd1,3d87ac4ebe17721ef0dd3c829bf4a25a3d5929e38748a7e9f18c5bc22d385059,1
20,9,0,1.6159934997558594,1.675922155380249,27.177112579345703,-25.501190423965454,-25.561119079589844,25.561119079589844,-0.00131744112277104,7.4804164003954225,11.847366267839467,True,33380757,f54d77ab101a5c69e881bc9fbcd6f256f55b4c9566641397d4cc8ed37ec839fc,a011368f0822fcde1778777b007e1beda6e059730e668dac9c5c5c1b7d35952f,c651f074da565c05b02b10303cf3b8568c2efd48ff292a588fa5fa77a311ced1,2
20,9,1,1.6159934997558594,1.7833168506622314,63.92927551269531,-62.14595866203308,-62.31328201293945,62.31328201293945,0.001426760531328445,8.377840122626456,11.873691848582318,True,33380757,f54d77ab101a5c69e881bc9fbcd6f256f55b4c9566641397d4cc8ed37ec839fc,a011368f0822fcde1778777b007e1beda6e059730e668dac9c5c5c1b7d35952f,72cfd4212f2edf3d1c35a4d96e69b97ead32d5a0feb213d2903caabb9814b632,2
20,9,2,1.6159934997558594,2.001922130584717,40.321556091308594,-38.31963396072388,-38.705562591552734,38.705562591552734,-0.0032094540386584016,10.55392009232138,11.978406864881812,True,33380757,f54d77ab101a5c69e881bc9fbcd6f256f55b4c9566641397d4cc8ed37ec839fc,a011368f0822fcde1778777b007e1beda6e059730e668dac9c5c5c1b7d35952f,6c30c8d3dc3c1f3569092618f656ed2180c6e8133480276d837e9b2e947cfde3,2
20,9,3,1.6159934997558594,1.7597947120666504,30.691057205200195,-28.931262493133545,-29.075063705444336,29.075063705444336,0.0008561038090905217,8.43508664367511,11.780901131734904,True,33380757,f54d77ab101a5c69e881bc9fbcd6f256f55b4c9566641397d4cc8ed37ec839fc,a011368f0822fcde1778777b007e1beda6e059730e668dac9c5c5c1b7d35952f,62b9088c77374ff4c209b1549b1c0487b7330d6d65771d7869ffe7a99bce7c4c,2
20,9,4,1.6159934997558594,1.7307891845703125,21.911100387573242,-20.18031120300293,-20.295106887817383,20.295106887817383,-0.0003549859995641564,9.855661493739479,11.542640686146475,True,33380757,f54d77ab101a5c69e881bc9fbcd6f256f55b4c9566641397d4cc8ed37ec839fc,a011368f0822fcde1778777b007e1beda6e059730e668dac9c5c5c1b7d35952f,0c6ad6c2d794bad8797448bcacc6eff3471a0fabe12cfe4e15aff796bb94617c,2
20,9,5,1.6159934997558594,1.7258729934692383,41.786231994628906,-40.06035900115967,-40.17023849487305,40.17023849487305,-0.0040445937668794184,7.217766270110603,11.78963443391884,True,33380757,f54d77ab101a5c69e881bc9fbcd6f256f55b4c9566641397d4cc8ed37ec839fc,a011368f0822fcde1778777b007e1beda6e059730e668dac9c5c5c1b7d35952f,ed8ffd1858fae5d8040bed8afa8f23c103ba58cc3c72fe5dc774e7d43ef64992,2
20,9,6,1.6159934997558594,1.9677027463912964,18.480857849121094,-16.513155102729797,-16.864864349365234,16.864864349365234,0.0030893146935939693,6.611981762057293,11.83285187697564,True,33380757,f54d77ab101a5c69e881bc9fbcd6f256f55b4c9566641397d4cc8ed37ec839fc,a011368f0822fcde1778777b007e1beda6e059730e668dac9c5c5c1b7d35952f,e858e8b79c8157a7fb559195449dc4a72bfe72b42fb4370970614f323e1a0897,2
20,9,7,1.6159934997558594,1.7310023307800293,42.04290771484375,-40.31190538406372,-40.42691421508789,40.42691421508789,-0.00217914554865533,8.433803808521107,11.880906758685422,True,33380757,f54d77ab101a5c69e881bc9fbcd6f256f55b4c9566641397d4cc8ed37ec839fc,a011368f0822fcde1778777b007e1beda6e059730e668dac9c5c5c1b7d35952f,03fcb3e2908cd8bf877ff1d14bc37b5c6fdf9ef02e749342f1fe97ccf8599758,2
20,9,8,1.6159934997558594,2.0544846057891846,24.449169158935547,-22.394684553146362,-22.833175659179688,22.833175659179688,0.0005664299758777828,11.933129437863037,11.656561925962174,True,33380757,f54d77ab101a5c69e881bc9fbcd6f256f55b4c9566641397d4cc8ed37ec839fc,a011368f0822fcde1778777b007e1beda6e059730e668dac9c5c5c1b7d35952f,104619de6b2e48294ff3ce4f6688be0a5b1f961e4e69bed835b2a3fe9a2ae33c,2
20,9,9,1.6159934997558594,1.804169774055481,35.92965316772461,-34.12548339366913,-34.31365966796875,34.31365966796875,-0.0003826382364584051,9.14330776709641,11.940567662590249,True,33380757,f54d77ab101a5c69e881bc9fbcd6f256f55b4c9566641397d4cc8ed37ec839fc,a011368f0822fcde1778777b007e1beda6e059730e668dac9c5c5c1b7d35952f,3d87ac4ebe17721ef0dd3c829bf4a25a3d5929e38748a7e9f18c5bc22d385059,2
20,17,0,1.8124241828918457,1.739577293395996,48.1229362487793,-46.3833589553833,-46.31051206588745,46.31051206588745,0.004289745134191968,7.5260390435449835,11.847366267839467,True,33388733,c56e03936b4e45ef04e91aa34f73ab1cf141be2d5b10cada2ee24953215e1b4e,830fb32283b08c2da717c2a7eff40a58ed96d28b9fc335d00fb149cc17693aba,c651f074da565c05b02b10303cf3b8568c2efd48ff292a588fa5fa77a311ced1,2
20,17,1,1.8124241828918457,1.775474190711975,90.62110137939453,-88.84562718868256,-88.80867719650269,88.80867719650269,0.002182355342054155,9.041366451110184,11.873691848582318,True,33388733,c56e03936b4e45ef04e91aa34f73ab1cf141be2d5b10cada2ee24953215e1b4e,830fb32283b08c2da717c2a7eff40a58ed96d28b9fc335d00fb149cc17693aba,72cfd4212f2edf3d1c35a4d96e69b97ead32d5a0feb213d2903caabb9814b632,2
20,17,2,1.8124241828918457,2.0117030143737793,47.73322296142578,-45.721519947052,-45.920798778533936,45.920798778533936,0.003365187625407714,6.62738210932906,11.978406864881812,True,33388733,c56e03936b4e45ef04e91aa34f73ab1cf141be2d5b10cada2ee24953215e1b4e,830fb32283b08c2da717c2a7eff40a58ed96d28b9fc335d00fb149cc17693aba,6c30c8d3dc3c1f3569092618f656ed2180c6e8133480276d837e9b2e947cfde3,2
20,17,3,1.8124241828918457,1.7387124300003052,99.22137451171875,-97.48266208171844,-97.4089503288269,97.4089503288269,0.00470793183812236,11.48067941613461,11.780901131734904,True,33388733,c56e03936b4e45ef04e91aa34f73ab1cf141be2d5b10cada2ee24953215e1b4e,830fb32283b08c2da717c2a7eff40a58ed96d28b9fc335d00fb149cc17693aba,62b9088c77374ff4c209b1549b1c0487b7330d6d65771d7869ffe7a99bce7c4c,2
20,17,4,1.8124241828918457,1.6657979488372803,26.214385986328125,-24.548588037490845,-24.40196180343628,24.40196180343628,0.003068023253079028,6.0896754998014195,11.542640686146475,True,33388733,c56e03936b4e45ef04e91aa34f73ab1cf141be2d5b10cada2ee24953215e1b4e,830fb32283b08c2da717c2a7eff40a58ed96d28b9fc335d00fb149cc17693aba,0c6ad6c2d794bad8797448bcacc6eff3471a0fabe12cfe4e15aff796bb94617c,2
20,17,5,1.8124241828918457,1.6544442176818848,53.6131706237793,-51.95872640609741,-51.80074644088745,51.80074644088745,0.0012568607483209927,6.063541028690721,11.78963443391884,True,33388733,c56e03936b4e45ef04e91aa34f73ab1cf141be2d5b10cada2ee24953215e1b4e,830fb32283b08c2da717c2a7eff40a58ed96d28b9fc335d00fb149cc17693aba,ed8ffd1858fae5d8040bed8afa8f23c103ba58cc3c72fe5dc774e7d43ef64992,2
20,17,6,1.8124241828918457,1.8992091417312622,69.93954467773438,-68.04033553600311,-68.12712049484253,68.12712049484253,0.0016947826685752136,7.672674722627295,11.83285187697564,True,33388733,c56e03936b4e45ef04e91aa34f73ab1cf141be2d5b10cada2ee24953215e1b4e,830fb32283b08c2da717c2a7eff40a58ed96d28b9fc335d00fb149cc17693aba,e858e8b79c8157a7fb559195449dc4a72bfe72b42fb4370970614f323e1a0897,2
20,17,7,1.8124241828918457,2.0649421215057373,35.35710906982422,-33.29216694831848,-33.54468488693237,33.54468488693237,0.002487136735971153,8.224764460137626,11.880906758685422,True,33388733,c56e03936b4e45ef04e91aa34f73ab1cf141be2d5b10cada2ee24953215e1b4e,830fb32283b08c2da717c2a7eff40a58ed96d28b9fc335d00fb149cc17693aba,03fcb3e2908cd8bf877ff1d14bc37b5c6fdf9ef02e749342f1fe97ccf8599758,2
20,17,8,1.8124241828918457,2.0969386100769043,25.833663940429688,-23.736725330352783,-24.021239757537842,24.021239757537842,0.0016142060166891299,8.744836083527675,11.656561925962174,True,33388733,c56e03936b4e45ef04e91aa34f73ab1cf141be2d5b10cada2ee24953215e1b4e,830fb32283b08c2da717c2a7eff40a58ed96d28b9fc335d00fb149cc17693aba,104619de6b2e48294ff3ce4f6688be0a5b1f961e4e69bed835b2a3fe9a2ae33c,2
20,17,9,1.8124241828918457,1.5599141120910645,41.59204864501953,-40.03213453292847,-39.779624462127686,39.779624462127686,0.0007153045479237015,7.323307346715863,11.940567662590249,True,33388733,c56e03936b4e45ef04e91aa34f73ab1cf141be2d5b10cada2ee24953215e1b4e,830fb32283b08c2da717c2a7eff40a58ed96d28b9fc335d00fb149cc17693aba,3d87ac4ebe17721ef0dd3c829bf4a25a3d5929e38748a7e9f18c5bc22d385059,2
20,59,0,1.364370346069336,1.5943913459777832,141.62307739257812,-140.02868604660034,-140.2587070465088,140.2587070465088,0.004095614365077534,8.924590988390529,11.847366267839467,True,33430607,eb0d8c12dc3941e561eeca0c4cc8d8463a3f14ac0a2846f6bfada9d7f2f3c4d8,6bb37905e41203522222401740a769a850909da75bd8d34af54ab86f6f5a4490,c651f074da565c05b02b10303cf3b8568c2efd48ff292a588fa5fa77a311ced1,2
20,59,1,1.364370346069336,2.0662121772766113,162.51914978027344,-160.45293760299683,-161.1547794342041,161.1547794342041,0.009297965679652484,9.582122765341362,11.873691848582318,True,33430607,eb0d8c12dc3941e561eeca0c4cc8d8463a3f14ac0a2846f6bfada9d7f2f3c4d8,6bb37905e41203522222401740a769a850909da75bd8d34af54ab86f6f5a4490,72cfd4212f2edf3d1c35a4d96e69b97ead32d5a0feb213d2903caabb9814b632,2
20,59,2,1.364370346069336,1.3566254377365112,109.12674713134766,-107.77012169361115,-107.76237678527832,107.76237678527832,8.374492305104755e-05,5.479726669594597,11.978406864881812,True,33430607,eb0d8c12dc3941e561eeca0c4cc8d8463a3f14ac0a2846f6bfada9d7f2f3c4d8,6bb37905e41203522222401740a769a850909da75bd8d34af54ab86f6f5a4490,6c30c8d3dc3c1f3569092618f656ed2180c6e8133480276d837e9b2e947cfde3,2
20,59,3,1.364370346069336,1.7499216794967651,114.10992431640625,-112.36000263690948,-112.74555397033691,112.74555397033691,0.005306091566672619,9.165980025810851,11.780901131734904,True,33430607,eb0d8c12dc3941e561eeca0c4cc8d8463a3f14ac0a2846f6bfada9d7f2f3c4d8,6bb37905e41203522222401740a769a850909da75bd8d34af54ab86f6f5a4490,62b9088c77374ff4c209b1549b1c0487b7330d6d65771d7869ffe7a99bce7c4c,2
20,59,4,1.364370346069336,1.2705386877059937,96.98918914794922,-95.71865046024323,-95.62481880187988,95.62481880187988,0.002390409440259311,6.469676841033543,11.542640686146475,True,33430607,eb0d8c12dc3941e561eeca0c4cc8d8463a3f14ac0a2846f6bfada9d7f2f3c4d8,6bb37905e41203522222401740a769a850909da75bd8d34af54ab86f6f5a4490,0c6ad6c2d794bad8797448bcacc6eff3471a0fabe12cfe4e15aff796bb94617c,2
20,59,5,1.364370346069336,1.7291927337646484,116.82206726074219,-115.09287452697754,-115.45769691467285,115.45769691467285,0.0061752693831712314,8.107348542662733,11.78963443391884,True,33430607,eb0d8c12dc3941e561eeca0c4cc8d8463a3f14ac0a2846f6bfada9d7f2f3c4d8,6bb37905e41203522222401740a769a850909da75bd8d34af54ab86f6f5a4490,ed8ffd1858fae5d8040bed8afa8f23c103ba58cc3c72fe5dc774e7d43ef64992,2
20,59,6,1.364370346069336,1.7844494581222534,123.06982421875,-121.28537476062775,-121.70545387268066,121.70545387268066,0.007556614380301486,7.35994815643327,11.83285187697564,True,33430607,eb0d8c12dc3941e561eeca0c4cc8d8463a3f14ac0a2846f6bfada9d7f2f3c4d8,6bb37905e41203522222401740a769a850909da75bd8d34af54ab86f6f5a4490,e858e8b79c8157a7fb559195449dc4a72bfe72b42fb4370970614f323e1a0897,2
20,59,7,1.364370346069336,1.509100317955017,105.37692260742188,-103.86782228946686,-104.01255226135254,104.01255226135254,0.0029400501729739017,9.121889456126357,11.880906758685422,True,33430607,eb0d8c12dc3941e561eeca0c4cc8d8463a3f14ac0a2846f6bfada9d7f2f3c4d8,6bb37905e41203522222401740a769a850909da75bd8d34af54ab86f6f5a4490,03fcb3e2908cd8bf877ff1d14bc37b5c6fdf9ef02e749342f1fe97ccf8599758,2
20,59,8,1.364370346069336,1.5467469692230225,110.70059204101562,-109.1538450717926,-109.33622169494629,109.33622169494629,0.0052653942740174455,8.240042693119072,11.656561925962174,True,33430607,eb0d8c12dc3941e561eeca0c4cc8d8463a3f14ac0a2846f6bfada9d7f2f3c4d8,6bb37905e41203522222401740a769a850909da75bd8d34af54ab86f6f5a4490,104619de6b2e48294ff3ce4f6688be0a5b1f961e4e69bed835b2a3fe9a2ae33c,2
20,59,9,1.364370346069336,1.546034812927246,89.07742309570312,-87.53138828277588,-87.71305274963379,87.71305274963379,0.001743621604932793,6.630530007132256,11.940567662590249,True,33430607,eb0d8c12dc3941e561eeca0c4cc8d8463a3f14ac0a2846f6bfada9d7f2f3c4d8,6bb37905e41203522222401740a769a850909da75bd8d34af54ab86f6f5a4490,3d87ac4ebe17721ef0dd3c829bf4a25a3d5929e38748a7e9f18c5bc22d385059,2
20,11,0,1.7686350345611572,1.773356318473816,63.09392547607422,-61.3205691576004,-61.32529044151306,61.32529044151306,0.0033572443753650256,8.892306587177831,11.847366267839467,True,33382751,d77f5c5d282294b12396ce395239cbad51011c3d9f93b02acbe247a54c5f7552,7ac2035a5e003a166eafeb257bb0ed8ec14998a55ece128f69727213a5d69483,c651f074da565c05b02b10303cf3b8568c2efd48ff292a588fa5fa77a311ced1,2
20,11,1,1.7686350345611572,1.9506632089614868,87.81800842285156,-85.86734521389008,-86.0493733882904,86.0493733882904,0.0038475965941034127,10.265499215230907,11.873691848582318,True,33382751,d77f5c5d282294b12396ce395239cbad51011c3d9f93b02acbe247a54c5f7552,7ac2035a5e003a166eafeb257bb0ed8ec14998a55ece128f69727213a5d69483,72cfd4212f2edf3d1c35a4d96e69b97ead32d5a0feb213d2903caabb9814b632,2
20,11,2,1.7686350345611572,1.439115285873413,74.41424560546875,-72.97513031959534,-72.64561057090759,72.64561057090759,-0.00787756711326438,7.4940254110057865,11.978406864881812,True,33382751,d77f5c5d282294b12396ce395239cbad51011c3d9f93b02acbe247a54c5f7552,7ac2035a5e003a166eafeb257bb0ed8ec14998a55ece128f69727213a5d69483,6c30c8d3dc3c1f3569092618f656ed2180c6e8133480276d837e9b2e947cfde3,2
20,11,3,1.7686350345611572,2.0492000579833984,71.34555053710938,-69.29635047912598,-69.57691550254822,69.57691550254822,0.00198720607768354,8.507592087981655,11.780901131734904,True,33382751,d77f5c5d282294b12396ce395239cbad51011c3d9f93b02acbe247a54c5f7552,7ac2035a5e003a166eafeb257bb0ed8ec14998a55ece128f69727213a5d69483,62b9088c77374ff4c209b1549b1c0487b7330d6d65771d7869ffe7a99bce7c4c,2
20,11,4,1.7686350345611572,2.0293803215026855,68.84140014648438,-66.81201982498169,-67.07276511192322,67.07276511192322,0.002386734868496286,7.39532567696496,11.542640686146475,True,33382751,d77f5c5d282294b12396ce395239cbad51011c3d9f93b02acbe247a54c5f7552,7ac2035a5e003a166eafeb257bb0ed8ec14998a55ece128f69727213a5d69483,0c6ad6c2d794bad8797448bcacc6eff3471a0fabe12cfe4e15aff796bb94617c,2
20,11,5,1.7686350345611572,2.0910654067993164,64.17970275878906,-62.088637351989746,-62.411067724227905,62.411067724227905,0.002612314262713778,9.320720329389804,11.78963443391884,True,33382751,d77f5c5d282294b12396ce395239cbad51011c3d9f93b02acbe247a54c5f7552,7ac2035a5e003a166eafeb257bb0ed8ec14998a55ece128f69727213a5d69483,ed8ffd1858fae5d8040bed8afa8f23c103ba58cc3c72fe5dc774e7d43ef64992,2
20,11,6,1.7686350345611572,2.195023536682129,84.04373931884766,-81.84871578216553,-82.2751042842865,82.2751042842865,0.0009344539868416383,8.203774077884448,11.83285187697564,True,33382751,d77f5c5d282294b12396ce395239cbad51011c3d9f93b02acbe247a54c5f7552,7ac2035a5e003a166eafeb257bb0ed8ec14998a55ece128f69727213a5d69483,e858e8b79c8157a7fb559195449dc4a72bfe72b42fb4370970614f323e1a0897,2
20,11,7,1.7686350345611572,1.9361238479614258,73.92771911621094,-71.99159526824951,-72.15908408164978,72.15908408164978,0.0038011927792864406,9.018787313632387,11.880906758685422,True,33382751,d77f5c5d282294b12396ce395239cbad51011c3d9f93b02acbe247a54c5f7552,7ac2035a5e003a166eafeb257bb0ed8ec14998a55ece128f69727213a5d69483,03fcb3e2908cd8bf877ff1d14bc37b5c6fdf9ef02e749342f1fe97ccf8599758,2
20,11,8,1.7686350345611572,2.198685646057129,130.6224365234375,-128.42375087738037,-128.85380148887634,128.85380148887634,0.0014687678313917516,12.861115666835497,11.656561925962174,True,33382751,d77f5c5d282294b12396ce395239cbad51011c3d9f93b02acbe247a54c5f7552,7ac2035a5e003a166eafeb257bb0ed8ec14998a55ece128f69727213a5d69483,104619de6b2e48294ff3ce4f6688be0a5b1f961e4e69bed835b2a3fe9a2ae33c,2
20,11,9,1.7686350345611572,1.743110179901123,42.73279571533203,-40.98968553543091,-40.964160680770874,40.964160680770874,-0.0011319128738595116,8.170959389089107,11.940567662590249,True,33382751,d77f5c5d282294b12396ce395239cbad51011c3d9f93b02acbe247a54c5f7552,7ac2035a5e003a166eafeb257bb0ed8ec14998a55ece128f69727213a5d69483,3d87ac4ebe17721ef0dd3c829bf4a25a3d5929e38748a7e9f18c5bc22d385059,2
20,2,0,1.7105566263198853,1.5950909852981567,82.19560241699219,-80.60051143169403,-80.4850457906723,80.4850457906723,0.004479956415508667,11.180968297247258,11.847366267839467,True,33373778,59f1b33529b058d4ff7cfce62d190fc4e6457c4316c74ce02834e740f0c9cbeb,d87383903009b9c7e706db4064c5c93638ae720484064e119c7cc645150e8556,c651f074da565c05b02b10303cf3b8568c2efd48ff292a588fa5fa77a311ced1,2
20,2,1,1.7105566263198853,1.6313974857330322,73.34476470947266,-71.71336722373962,-71.63420808315277,71.63420808315277,-0.00012824108650667188,12.211663694342906,11.873691848582318,True,33373778,59f1b33529b058d4ff7cfce62d190fc4e6457c4316c74ce02834e740f0c9cbeb,d87383903009b9c7e706db4064c5c93638ae720484064e119c7cc645150e8556,72cfd4212f2edf3d1c35a4d96e69b97ead32d5a0feb213d2903caabb9814b632,2
20,2,2,1.7105566263198853,1.8945542573928833,123.28956604003906,-121.39501178264618,-121.57900941371918,121.57900941371918,0.005202615547917442,14.52004844839009,11.978406864881812,True,33373778,59f1b33529b058d4ff7cfce62d190fc4e6457c4316c74ce02834e740f0c9cbeb,d87383903009b9c7e706db4064c5c93638ae720484064e119c7cc645150e8556,6c30c8d3dc3c1f3569092618f656ed2180c6e8133480276d837e9b2e947cfde3,2
20,2,3,1.7105566263198853,1.525815486907959,99.29238891601562,-97.76657342910767,-97.58183228969574,97.58183228969574,0.0026650685920852663,14.923458054411762,11.780901131734904,True,33373778,59f1b33529b058d4ff7cfce62d190fc4e6457c4316c74ce02834e740f0c9cbeb,d87383903009b9c7e706db4064c5c93638ae720484064e119c7cc645150e8556,62b9088c77374ff4c209b1549b1c0487b7330d6d65771d7869ffe7a99bce7c4c,2
20,2,4,1.7105566263198853,1.656860589981079,79.18997192382812,-77.53311133384705,-77.47941529750824,77.47941529750824,-0.0009195324236749104,10.517759953968215,11.542640686146475,True,33373778,59f1b33529b058d4ff7cfce62d190fc4e6457c4316c74ce02834e740f0c9cbeb,d87383903009b9c7e706db4064c5c93638ae720484064e119c7cc645150e8556,0c6ad6c2d794bad8797448bcacc6eff3471a0fabe12cfe4e15aff796bb94617c,2
20,2,5,1.7105566263198853,1.351654291152954,61.412113189697266,-60.06045889854431,-59.70155656337738,59.70155656337738,-0.0011097764425027606,7.972625749892514,11.78963443391884,True,33373778,59f1b33529b058d4ff7cfce62d190fc4e6457c4316c74ce02834e740f0c9cbeb,d87383903009b9c7e706db4064c5c93638ae720484064e119c7cc645150e8556,ed8ffd1858fae5d8040bed8afa8f23c103ba58cc3c72fe5dc774e7d43ef64992,2
20,2,6,1.7105566263198853,1.7960959672927856,96.61247253417969,-94.8163765668869,-94.9019159078598,94.9019159078598,-0.001528543814976692,8.455875380274213,11.83285187697564,True,33373778,59f1b33529b058d4ff7cfce62d190fc4e6457c4316c74ce02834e740f0c9cbeb,d87383903009b9c7e706db4064c5c93638ae720484064e119c7cc645150e8556,e858e8b79c8157a7fb559195449dc4a72bfe72b42fb4370970614f323e1a0897,2
20,2,7,1.7105566263198853,2.0329060554504395,110.8060302734375,-108.77312421798706,-109.09547364711761,109.09547364711761,0.003099975840352307,14.497135786528583,11.880906758685422,True,33373778,59f1b33529b058d4ff7cfce62d190fc4e6457c4316c74ce02834e740f0c9cbeb,d87383903009b9c7e706db4064c5c93638ae720484064e119c7cc645150e8556,03fcb3e2908cd8bf877ff1d14bc37b5c6fdf9ef02e749342f1fe97ccf8599758,2
20,2,8,1.7105566263198853,2.060774326324463,122.0119400024414,-119.95116567611694,-120.30138337612152,120.30138337612152,0.0048077443761563475,15.717848109585432,11.656561925962174,True,33373778,59f1b33529b058d4ff7cfce62d190fc4e6457c4316c74ce02834e740f0c9cbeb,d87383903009b9c7e706db4064c5c93638ae720484064e119c7cc645150e8556,104619de6b2e48294ff3ce4f6688be0a5b1f961e4e69bed835b2a3fe9a2ae33c,2
20,2,9,1.7105566263198853,1.4959782361984253,61.98351287841797,-60.48753464221954,-60.27295625209808,60.27295625209808,0.0014637399948447764,12.156546109913858,11.940567662590249,True,33373778,59f1b33529b058d4ff7cfce62d190fc4e6457c4316c74ce02834e740f0c9cbeb,d87383903009b9c7e706db4064c5c93638ae720484064e119c7cc645150e8556,3d87ac4ebe17721ef0dd3c829bf4a25a3d5929e38748a7e9f18c5bc22d385059,2
20,95,0,1.609473705291748,1.569628119468689,45.73162841796875,-44.16200029850006,-44.122154712677,44.122154712677,0.0038363980755156324,7.932975679298571,11.847366267839467,True,33466499,c3b10a3e6be778495fee2486bb07dd0f8ddc86790e61a73f46be84fdd7a17f8d,70416e1423377a390fe8e9692ff66225586bf09511a947617204eb2656b90ef3,c651f074da565c05b02b10303cf3b8568c2efd48ff292a588fa5fa77a311ced1,2
20,95,1,1.609473705291748,1.5683776140213013,52.193424224853516,-50.625046610832214,-50.58395051956177,50.58395051956177,0.00038788009326647945,7.914343227999862,11.873691848582318,True,33466499,c3b10a3e6be778495fee2486bb07dd0f8ddc86790e61a73f46be84fdd7a17f8d,70416e1423377a390fe8e9692ff66225586bf09511a947617204eb2656b90ef3,72cfd4212f2edf3d1c35a4d96e69b97ead32d5a0feb213d2903caabb9814b632,2
20,95,2,1.609473705291748,1.7905020713806152,73.07778930664062,-71.28728723526001,-71.46831560134888,71.46831560134888,0.0034462076909951497,12.151703075693623,11.978406864881812,True,33466499,c3b10a3e6be778495fee2486bb07dd0f8ddc86790e61a73f46be84fdd7a17f8d,70416e1423377a390fe8e9692ff66225586bf09511a947617204eb2656b90ef3,6c30c8d3dc3c1f3569092618f656ed2180c6e8133480276d837e9b2e947cfde3,2
20,95,3,1.609473705291748,1.6691458225250244,50.299072265625,-48.629926443099976,-48.68959856033325,48.68959856033325,0.0021056057055719546,9.565709386363634,11.780901131734904,True,33466499,c3b10a3e6be778495fee2486bb07dd0f8ddc86790e61a73f46be84fdd7a17f8d,70416e1423377a390fe8e9692ff66225586bf09511a947617204eb2656b90ef3,62b9088c77374ff4c209b1549b1c0487b7330d6d65771d7869ffe7a99bce7c4c,2
20,95,4,1.609473705291748,1.7463901042938232,57.88568115234375,-56.13929104804993,-56.276207447052,56.276207447052,-0.0019569434482637703,8.154769482948346,11.542640686146475,True,33466499,c3b10a3e6be778495fee2486bb07dd0f8ddc86790e61a73f46be84fdd7a17f8d,70416e1423377a390fe8e9692ff66225586bf09511a947617204eb2656b90ef3,0c6ad6c2d794bad8797448bcacc6eff3471a0fabe12cfe4e15aff796bb94617c,2
20,95,5,1.609473705291748,1.4718542098999023,32.47919464111328,-31.00734043121338,-30.869720935821533,30.869720935821533,-0.005496351637631446,5.882185859634032,11.78963443391884,True,33466499,c3b10a3e6be778495fee2486bb07dd0f8ddc86790e61a73f46be84fdd7a17f8d,70416e1423377a390fe8e9692ff66225586bf09511a947617204eb2656b90ef3,ed8ffd1858fae5d8040bed8afa8f23c103ba58cc3c72fe5dc774e7d43ef64992,2
20,95,6,1.609473705291748,1.845226764678955,58.017494201660156,-56.1722674369812,-56.40802049636841,56.40802049636841,-3.98126920213416e-05,7.543033698208642,11.83285187697564,True,33466499,c3b10a3e6be778495fee2486bb07dd0f8ddc86790e61a73f46be84fdd7a17f8d,70416e1423377a390fe8e9692ff66225586bf09511a947617204eb2656b90ef3,e858e8b79c8157a7fb559195449dc4a72bfe72b42fb4370970614f323e1a0897,2
20,95,7,1.609473705291748,1.7480744123458862,89.66529083251953,-87.91721642017365,-88.05581712722778,88.05581712722778,0.006318016218917631,9.545620109814342,11.880906758685422,True,33466499,c3b10a3e6be778495fee2486bb07dd0f8ddc86790e61a73f46be84fdd7a17f8d,70416e1423377a390fe8e9692ff66225586bf09511a947617204eb2656b90ef3,03fcb3e2908cd8bf877ff1d14bc37b5c6fdf9ef02e749342f1fe97ccf8599758,2
20,95,8,1.609473705291748,1.8623428344726562,87.427734375,-85.56539154052734,-85.81826066970825,85.81826066970825,0.0041690395745838564,12.020306339104744,11.656561925962174,True,33466499,c3b10a3e6be778495fee2486bb07dd0f8ddc86790e61a73f46be84fdd7a17f8d,70416e1423377a390fe8e9692ff66225586bf09511a947617204eb2656b90ef3,104619de6b2e48294ff3ce4f6688be0a5b1f961e4e69bed835b2a3fe9a2ae33c,2
20,95,9,1.609473705291748,1.363849401473999,37.433135986328125,-36.069286584854126,-35.82366228103638,35.82366228103638,0.002215807200259132,8.041148428393697,11.940567662590249,True,33466499,c3b10a3e6be778495fee2486bb07dd0f8ddc86790e61a73f46be84fdd7a17f8d,70416e1423377a390fe8e9692ff66225586bf09511a947617204eb2656b90ef3,3d87ac4ebe17721ef0dd3c829bf4a25a3d5929e38748a7e9f18c5bc22d385059,2
20,68,0,1.6060271263122559,1.5823791027069092,43.089317321777344,-41.506938219070435,-41.48329019546509,41.48329019546509,1.6488652419656025e-05,6.400350472538885,11.847366267839467,True,33439580,677bdeae336f11b78d84744a9100ba90d234d483bf2c4aa8689b19768bf8101f,26e44f1d967b231d34f8885a2a6c5ff7b6ccc9bc60149aa0f5714db1eb35f706,c651f074da565c05b02b10303cf3b8568c2efd48ff292a588fa5fa77a311ced1,2
20,68,1,1.6060271263122559,1.7806763648986816,80.39895629882812,-78.61827993392944,-78.79292917251587,78.79292917251587,0.0006497734967358602,9.72495800126667,11.873691848582318,True,33439580,677bdeae336f11b78d84744a9100ba90d234d483bf2c4aa8689b19768bf8101f,26e44f1d967b231d34f8885a2a6c5ff7b6ccc9bc60149aa0f5714db1eb35f706,72cfd4212f2edf3d1c35a4d96e69b97ead32d5a0feb213d2903caabb9814b632,2
20,68,2,1.6060271263122559,1.5251363515853882,44.769866943359375,-43.24473059177399,-43.16383981704712,43.16383981704712,0.00023215907519994784,8.519987458549187,11.978406864881812,True,33439580,677bdeae336f11b78d84744a9100ba90d234d483bf2c4aa8689b19768bf8101f,26e44f1d967b231d34f8885a2a6c5ff7b6ccc9bc60149aa0f5714db1eb35f706,6c30c8d3dc3c1f3569092618f656ed2180c6e8133480276d837e9b2e947cfde3,2
20,68,3,1.6060271263122559,1.82390558719635,53.31193161010742,-51.48802602291107,-51.705904483795166,51.705904483795166,0.0025027033578527242,9.380924586137418,11.780901131734904,True,33439580,677bdeae336f11b78d84744a9100ba90d234d483bf2c4aa8689b19768bf8101f,26e44f1d967b231d34f8885a2a6c5ff7b6ccc9bc60149aa0f5714db1eb35f706,62b9088c77374ff4c209b1549b1c0487b7330d6d65771d7869ffe7a99bce7c4c,2
20,68,4,1.6060271263122559,1.447104811668396,27.882211685180664,-26.435106873512268,-26.276184558868408,26.276184558868408,0.0040010792721485965,6.890539191988505,11.542640686146475,True,33439580,677bdeae336f11b78d84744a9100ba90d234d483bf2c4aa8689b19768bf8101f,26e44f1d967b231d34f8885a2a6c5ff7b6ccc9bc60149aa0f5714db1eb35f706,0c6ad6c2d794bad8797448bcacc6eff3471a0fabe12cfe4e15aff796bb94617c,2
20,68,5,1.6060271263122559,1.7565202713012695,48.42700958251953,-46.67048931121826,-46.820982456207275,46.820982456207275,0.005551608139486484,7.716509040993402,11.78963443391884,True,33439580,677bdeae336f11b78d84744a9100ba90d234d483bf2c4aa8689b19768bf8101f,26e44f1d967b231d34f8885a2a6c5ff7b6ccc9bc60149aa0f5714db1eb35f706,ed8ffd1858fae5d8040bed8afa8f23c103ba58cc3c72fe5dc774e7d43ef64992,2
20,68,6,1.6060271263122559,1.7218378782272339,52.210731506347656,-50.48889362812042,-50.6047043800354,50.6047043800354,0.0030199784127736807,8.581113217889973,11.83285187697564,True,33439580,677bdeae336f11b78d84744a9100ba90d234d483bf2c4aa8689b19768bf8101f,26e44f1d967b231d34f8885a2a6c5ff7b6ccc9bc60149aa0f5714db1eb35f706,e858e8b79c8157a7fb559195449dc4a72bfe72b42fb4370970614f323e1a0897,2
20,68,7,1.6060271263122559,1.8090590238571167,35.947425842285156,-34.13836681842804,-34.3413987159729,34.3413987159729,-0.0007058036677200589,7.743355969911805,11.880906758685422,True,33439580,677bdeae336f11b78d84744a9100ba90d234d483bf2c4aa8689b19768bf8101f,26e44f1d967b231d34f8885a2a6c5ff7b6ccc9bc60149aa0f5714db1eb35f706,03fcb3e2908cd8bf877ff1d14bc37b5c6fdf9ef02e749342f1fe97ccf8599758,2
20,68,8,1.6060271263122559,1.6767923831939697,48.748207092285156,-47.07141470909119,-47.1421799659729,47.1421799659729,-0.0025031881781773712,10.796142724426723,11.656561925962174,True,33439580,677bdeae336f11b78d84744a9100ba90d234d483bf2c4aa8689b19768bf8101f,26e44f1d967b231d34f8885a2a6c5ff7b6ccc9bc60149aa0f5714db1eb35f706,104619de6b2e48294ff3ce4f6688be0a5b1f961e4e69bed835b2a3fe9a2ae33c,2
20,68,9,1.6060271263122559,1.3792036771774292,33.44741439819336,-32.06821072101593,-31.841387271881104,31.841387271881104,-0.0004677085208087264,6.74767241092175,11.940567662590249,True,33439580,677bdeae336f11b78d84744a9100ba90d234d483bf2c4aa8689b19768bf8101f,26e44f1d967b231d34f8885a2a6c5ff7b6ccc9bc60149aa0f5714db1eb35f706,3d87ac4ebe17721ef0dd3c829bf4a25a3d5929e38748a7e9f18c5bc22d385059,2
20,28,0,1.773470163345337,2.1091556549072266,109.82948303222656,-107.72032737731934,-108.05601286888123,108.05601286888123,0.0016316423955181124,7.577248557200953,11.847366267839467,True,33399700,316e8001e12d4603886fd846c81921486a009b2ae3e7db4b78d509fbd747d8e0,93ef85f595545a370e4220910a1bcb1f84f99f9a45ef518b00bc40c78e74a721,c651f074da565c05b02b10303cf3b8568c2efd48ff292a588fa5fa77a311ced1,2
20,28,1,1.773470163345337,2.7812957763671875,171.70338439941406,-168.92208862304688,-169.92991423606873,169.92991423606873,0.006660560334993497,10.343902738480436,11.873691848582318,True,33399700,316e8001e12d4603886fd846c81921486a009b2ae3e7db4b78d509fbd747d8e0,93ef85f595545a370e4220910a1bcb1f84f99f9a45ef518b00bc40c78e74a721,72cfd4212f2edf3d1c35a4d96e69b97ead32d5a0feb213d2903caabb9814b632,2
20,28,2,1.773470163345337,1.7184193134307861,79.16778564453125,-77.44936633110046,-77.39431548118591,77.39431548118591,-0.008703370251601937,5.34332795900912,11.978406864881812,True,33399700,316e8001e12d4603886fd846c81921486a009b2ae3e7db4b78d509fbd747d8e0,93ef85f595545a370e4220910a1bcb1f84f99f9a45ef518b00bc40c78e74a721,6c30c8d3dc3c1f3569092618f656ed2180c6e8133480276d837e9b2e947cfde3,2
20,28,3,1.773470163345337,2.318335771560669,157.27740478515625,-154.95906901359558,-155.5039346218109,155.5039346218109,0.0024403064581831673,9.953726868155826,11.780901131734904,True,33399700,316e8001e12d4603886fd846c81921486a009b2ae3e7db4b78d509fbd747d8e0,93ef85f595545a370e4220910a1bcb1f84f99f9a45ef518b00bc40c78e74a721,62b9088c77374ff4c209b1549b1c0487b7330d6d65771d7869ffe7a99bce7c4c,2
20,28,4,1.773470163345337,2.1432957649230957,67.19317626953125,-65.04988050460815,-65.41970610618591,65.41970610618591,-0.0018867351411841224,6.499683533681631,11.542640686146475,True,33399700,316e8001e12d4603886fd846c81921486a009b2ae3e7db4b78d509fbd747d8e0,93ef85f595545a370e4220910a1bcb1f84f99f9a45ef518b00bc40c78e74a721,0c6ad6c2d794bad8797448bcacc6eff3471a0fabe12cfe4e15aff796bb94617c,2
20,28,5,1.773470163345337,2.343846082687378,125.15167236328125,-122.80782628059387,-123.37820219993591,123.37820219993591,0.0048281387194393085,8.44882297339328,11.78963443391884,True,33399700,316e8001e12d4603886fd846c81921486a009b2ae3e7db4b78d509fbd747d8e0,93ef85f595545a370e4220910a1bcb1f84f99f9a45ef518b00bc40c78e74a721,ed8ffd1858fae5d8040bed8afa8f23c103ba58cc3c72fe5dc774e7d43ef64992,2
20,28,6,1.773470163345337,2.2833094596862793,101.90432739257812,-99.62101793289185,-100.13085722923279,100.13085722923279,0.001949309100300306,7.933946132951422,11.83285187697564,True,33399700,316e8001e12d4603886fd846c81921486a009b2ae3e7db4b78d509fbd747d8e0,93ef85f595545a370e4220910a1bcb1f84f99f9a45ef518b00bc40c78e74a721,e858e8b79c8157a7fb559195449dc4a72bfe72b42fb4370970614f323e1a0897,2
20,28,7,1.773470163345337,2.030447244644165,90.19833374023438,-88.16788649559021,-88.42486357688904,88.42486357688904,0.002102455956097487,9.306147511256173,11.880906758685422,True,33399700,316e8001e12d4603886fd846c81921486a009b2ae3e7db4b78d509fbd747d8e0,93ef85f595545a370e4220910a1bcb1f84f99f9a45ef518b00bc40c78e74a721,03fcb3e2908cd8bf877ff1d14bc37b5c6fdf9ef02e749342f1fe97ccf8599758,2
20,28,8,1.773470163345337,1.9840110540390015,102.8135757446289,-100.8295646905899,-101.04010558128357,101.04010558128357,0.0015313907254497498,9.518132801348104,11.656561925962174,True,33399700,316e8001e12d4603886fd846c81921486a009b2ae3e7db4b78d509fbd747d8e0,93ef85f595545a370e4220910a1bcb1f84f99f9a45ef518b00bc40c78e74a721,104619de6b2e48294ff3ce4f6688be0a5b1f961e4e69bed835b2a3fe9a2ae33c,2
20,28,9,1.773470163345337,1.9580459594726562,68.91261291503906,-66.9545669555664,-67.13914275169373,67.13914275169373,9.076907482744209e-05,6.963014227046013,11.940567662590249,True,33399700,316e8001e12d4603886fd846c81921486a009b2ae3e7db4b78d509fbd747d8e0,93ef85f595545a370e4220910a1bcb1f84f99f9a45ef518b00bc40c78e74a721,3d87ac4ebe17721ef0dd3c829bf4a25a3d5929e38748a7e9f18c5bc22d385059,2
20,60,0,2.2287211418151855,2.2039923667907715,158.55941772460938,-156.3554253578186,-156.3306965827942,156.3306965827942,0.0026080244624465078,7.581693305326261,11.847366267839467,True,33431604,e522be901a9e229d941ed97163a03cb64248598a7bc392db91cd9d764d549ce9,d7ba663020d2a5f3395a02edb7158b8f4a44ccd3981640ac88f15503ec5cf0e2,c651f074da565c05b02b10303cf3b8568c2efd48ff292a588fa5fa77a311ced1,2
20,60,1,2.2287211418151855,2.622180461883545,248.0328369140625,-245.41065645217896,-245.80411577224731,245.80411577224731,0.0013229506605472608,10.511801919220822,11.873691848582318,True,33431604,e522be901a9e229d941ed97163a03cb64248598a7bc392db91cd9d764d549ce9,d7ba663020d2a5f3395a02edb7158b8f4a44ccd3981640ac88f15503ec5cf0e2,72cfd4212f2edf3d1c35a4d96e69b97ead32d5a0feb213d2903caabb9814b632,2
20,60,2,2.2287211418151855,2.292022705078125,170.12767028808594,-167.8356475830078,-167.89894914627075,167.89894914627075,-0.004798909212027267,8.012104247058707,11.978406864881812,True,33431604,e522be901a9e229d941ed97163a03cb64248598a7bc392db91cd9d764d549ce9,d7ba663020d2a5f3395a02edb7158b8f4a44ccd3981640ac88f15503ec5cf0e2,6c30c8d3dc3c1f3569092618f656ed2180c6e8133480276d837e9b2e947cfde3,2
20,60,3,2.2287211418151855,2.6171772480010986,172.62521362304688,-170.00803637504578,-170.3964924812317,170.3964924812317,0.0005988007035387604,9.460211490344047,11.780901131734904,True,33431604,e522be901a9e229d941ed97163a03cb64248598a7bc392db91cd9d764d549ce9,d7ba663020d2a5f3395a02edb7158b8f4a44ccd3981640ac88f15503ec5cf0e2,62b9088c77374ff4c209b1549b1c0487b7330d6d65771d7869ffe7a99bce7c4c,2
20,60,4,2.2287211418151855,2.1747238636016846,78.31138610839844,-76.13666224479675,-76.08266496658325,76.08266496658325,0.0016154205901424189,6.436431076730966,11.542640686146475,True,33431604,e522be901a9e229d941ed97163a03cb64248598a7bc392db91cd9d764d549ce9,d7ba663020d2a5f3395a02edb7158b8f4a44ccd3981640ac88f15503ec5cf0e2,0c6ad6c2d794bad8797448bcacc6eff3471a0fabe12cfe4e15aff796bb94617c,2
20,60,5,2.2287211418151855,2.398001194000244,59.72639465332031,-57.32839345932007,-57.49767351150513,57.49767351150513,0.0010629846749322276,6.5520381056659565,11.78963443391884,True,33431604,e522be901a9e229d941ed97163a03cb64248598a7bc392db91cd9d764d549ce9,d7ba663020d2a5f3395a02edb7158b8f4a44ccd3981640ac88f15503ec5cf0e2,ed8ffd1858fae5d8040bed8afa8f23c103ba58cc3c72fe5dc774e7d43ef64992,2
20,60,6,2.2287211418151855,2.562346935272217,208.54534912109375,-205.98300218582153,-206.31662797927856,206.31662797927856,0.0015107015861019377,8.44541770288191,11.83285187697564,True,33431604,e522be901a9e229d941ed97163a03cb64248598a7bc392db91cd9d764d549ce9,d7ba663020d2a5f3395a02edb7158b8f4a44ccd3981640ac88f15503ec5cf0e2,e858e8b79c8157a7fb559195449dc4a72bfe72b42fb4370970614f323e1a0897,2
20,60,7,2.2287211418151855,2.2603068351745605,85.36439514160156,-83.104088306427,-83.13567399978638,83.13567399978638,0.0005799890241886641,8.030520024135754,11.880906758685422,True,33431604,e522be901a9e229d941ed97163a03cb64248598a7bc392db91cd9d764d549ce9,d7ba663020d2a5f3395a02edb7158b8f4a44ccd3981640ac88f15503ec5cf0e2,03fcb3e2908cd8bf877ff1d14bc37b5c6fdf9ef02e749342f1fe97ccf8599758,2
20,60,8,2.2287211418151855,2.274348258972168,186.662353515625,-184.38800525665283,-184.43363237380981,184.43363237380981,-0.0008352603039275011,11.19628407452873,11.656561925962174,True,33431604,e522be901a9e229d941ed97163a03cb64248598a7bc392db91cd9d764d549ce9,d7ba663020d2a5f3395a02edb7158b8f4a44ccd3981640ac88f15503ec5cf0e2,104619de6b2e48294ff3ce4f6688be0a5b1f961e4e69bed835b2a3fe9a2ae33c,2
20,60,9,2.2287211418151855,1.9575843811035156,51.730838775634766,-49.77325439453125,-49.50211763381958,49.50211763381958,-0.002277963809834742,5.623628517322601,11.940567662590249,True,33431604,e522be901a9e229d941ed97163a03cb64248598a7bc392db91cd9d764d549ce9,d7ba663020d2a5f3395a02edb7158b8f4a44ccd3981640ac88f15503ec5cf0e2,3d87ac4ebe17721ef0dd3c829bf4a25a3d5929e38748a7e9f18c5bc22d385059,2
20,14,0,1.5187397003173828,1.7897891998291016,27.91268539428711,-26.122896194458008,-26.393945693969727,26.393945693969727,0.005610272101106743,7.286961953783387,11.847366267839467,True,33385742,2da0ab873cf073bd17fb7b14e1ae787faa0b64a154c7670d917c7a626d96fc43,d3f9c21e1c724b048260d248df1a5dcab55dfec651f69540c50300eba051516a,c651f074da565c05b02b10303cf3b8568c2efd48ff292a588fa5fa77a311ced1,2
20,14,1,1.5187397003173828,1.7249445915222168,77.61004638671875,-75.88510179519653,-76.09130668640137,76.09130668640137,0.003212231714558878,11.902245043420978,11.873691848582318,True,33385742,2da0ab873cf073bd17fb7b14e1ae787faa0b64a154c7670d917c7a626d96fc43,d3f9c21e1c724b048260d248df1a5dcab55dfec651f69540c50300eba051516a,72cfd4212f2edf3d1c35a4d96e69b97ead32d5a0feb213d2903caabb9814b632,2
20,14,2,1.5187397003173828,1.777050495147705,47.876487731933594,-46.09943723678589,-46.35774803161621,46.35774803161621,0.0026780461269821565,9.05318545694005,11.978406864881812,True,33385742,2da0ab873cf073bd17fb7b14e1ae787faa0b64a154c7670d917c7a626d96fc43,d3f9c21e1c724b048260d248df1a5dcab55dfec651f69540c50300eba051516a,6c30c8d3dc3c1f3569092618f656ed2180c6e8133480276d837e9b2e947cfde3,2
20,14,3,1.5187397003173828,1.7036452293395996,59.684322357177734,-57.980677127838135,-58.16558265686035,58.16558265686035,0.006336687892490264,12.978469545352128,11.780901131734904,True,33385742,2da0ab873cf073bd17fb7b14e1ae787faa0b64a154c7670d917c7a626d96fc43,d3f9c21e1c724b048260d248df1a5dcab55dfec651f69540c50300eba051516a,62b9088c77374ff4c209b1549b1c0487b7330d6d65771d7869ffe7a99bce7c4c,2
20,14,4,1.5187397003173828,1.397511601448059,21.708627700805664,-20.311116099357605,-20.18988800048828,20.18988800048828,0.0020824614286622774,6.44802442945792,11.542640686146475,True,33385742,2da0ab873cf073bd17fb7b14e1ae787faa0b64a154c7670d917c7a626d96fc43,d3f9c21e1c724b048260d248df1a5dcab55dfec651f69540c50300eba051516a,0c6ad6c2d794bad8797448bcacc6eff3471a0fabe12cfe4e15aff796bb94617c,2
20,14,5,1.5187397003173828,1.695327877998352,40.076377868652344,-38.38104999065399,-38.55763816833496,38.55763816833496,0.0034759590417453422,8.334932450612094,11.78963443391884,True,33385742,2da0ab873cf073bd17fb7b14e1ae787faa0b64a154c7670d917c7a626d96fc43,d3f9c21e1c724b048260d248df1a5dcab55dfec651f69540c50300eba051516a,ed8ffd1858fae5d8040bed8afa8f23c103ba58cc3c72fe5dc774e7d43ef64992,2
20,14,6,1.5187397003173828,1.7988975048065186,55.40516662597656,-53.606269121170044,-53.88642692565918,53.88642692565918,0.002990602257940567,9.847886787643908,11.83285187697564,True,33385742,2da0ab873cf073bd17fb7b14e1ae787faa0b64a154c7670d917c7a626d96fc43,d3f9c21e1c724b048260d248df1a5dcab55dfec651f69540c50300eba051516a,e858e8b79c8157a7fb559195449dc4a72bfe72b42fb4370970614f323e1a0897,2
20,14,7,1.5187397003173828,1.6490097045898438,32.768592834472656,-31.119583129882812,-31.249853134155273,31.249853134155273,0.0009697603224627503,9.499626750084753,11.880906758685422,True,33385742,2da0ab873cf073bd17fb7b14e1ae787faa0b64a154c7670d917c7a626d96fc43,d3f9c21e1c724b048260d248df1a5dcab55dfec651f69540c50300eba051516a,03fcb3e2908cd8bf877ff1d14bc37b5c6fdf9ef02e749342f1fe97ccf8599758,2
20,14,8,1.5187397003173828,1.515334129333496,33.451316833496094,-31.935982704162598,-31.93257713317871,31.93257713317871,-0.003447855885165027,9.731410840535538,11.656561925962174,True,33385742,2da0ab873cf073bd17fb7b14e1ae787faa0b64a154c7670d917c7a626d96fc43,d3f9c21e1c724b048260d248df1a5dcab55dfec651f69540c50300eba051516a,104619de6b2e48294ff3ce4f6688be0a5b1f961e4e69bed835b2a3fe9a2ae33c,2
20,14,9,1.5187397003173828,1.5204417705535889,24.004661560058594,-22.484219789505005,-22.48592185974121,22.48592185974121,0.002739188523758786,8.155162857555862,11.940567662590249,True,33385742,2da0ab873cf073bd17fb7b14e1ae787faa0b64a154c7670d917c7a626d96fc43,d3f9c21e1c724b048260d248df1a5dcab55dfec651f69540c50300eba051516a,3d87ac4ebe17721ef0dd3c829bf4a25a3d5929e38748a7e9f18c5bc22d385059,2
40,83,0,1.050840973854065,1.582503080368042,138.70556640625,-137.12306332588196,-137.65472543239594,137.65472543239594,0.007925253090141193,9.059667304523671,8.832157932110011,True,4382869,8e4a6ea025a568df8456d59819a67ee27ae5ae683dae1c5d2044a60c78335877,ad0b379011faa6769ddb6a987d009b5b1c196d2f903a48c84740b34a38b7cc3c,0b6c6ccc41e7b977dc32090ac7a5e84532ee118a48f5ff64b08d9bb433f1a3aa,0
40,83,1,1.050840973854065,1.57168447971344,216.44009399414062,-214.86840951442719,-215.38925302028656,215.38925302028656,0.008885766150758631,12.388099790290152,8.854749292343536,True,4382869,8e4a6ea025a568df8456d59819a67ee27ae5ae683dae1c5d2044a60c78335877,ad0b379011faa6769ddb6a987d009b5b1c196d2f903a48c84740b34a38b7cc3c,c8bac9635f50a23f914ce9caf75e6cc68f1f564fbfa4d6c44949b9d4ddd55f5c,0
40,83,2,1.050840973854065,1.4333600997924805,119.51774597167969,-118.0843858718872,-118.46690499782562,118.46690499782562,0.00444619592278171,7.761690138554464,9.205848904076486,True,4382869,8e4a6ea025a568df8456d59819a67ee27ae5ae683dae1c5d2044a60c78335877,ad0b379011faa6769ddb6a987d009b5b1c196d2f903a48c84740b34a38b7cc3c,40b3cb202b71b88c2382a11387737c8b6fa36cd754dfbb7718c0c98387f03f8b,0
40,83,3,1.050840973854065,1.4639379978179932,100.64128112792969,-99.1773431301117,-99.59044015407562,99.59044015407562,0.0041015534190031585,8.027114144364923,9.033929154349346,True,4382869,8e4a6ea025a568df8456d59819a67ee27ae5ae683dae1c5d2044a60c78335877,ad0b379011faa6769ddb6a987d009b5b1c196d2f903a48c84740b34a38b7cc3c,2b0454e6624355bb906be9c304f2c6f5d1f87ae3dc3438cef12eb9f1fbdb7280,0
40,83,4,1.050840973854065,1.1337015628814697,45.40288162231445,-44.26918005943298,-44.35204064846039,44.35204064846039,0.00025388269531490904,8.546165322945356,9.086787230378969,True,4382869,8e4a6ea025a568df8456d59819a67ee27ae5ae683dae1c5d2044a60c78335877,ad0b379011faa6769ddb6a987d009b5b1c196d2f903a48c84740b34a38b7cc3c,80549631d7f5694177eb970b0c4bb154d68429ddb79755305f5d1e29d5aa7d1f,0
40,83,5,1.050840973854065,1.4578042030334473,75.2510986328125,-73.79329442977905,-74.20025765895844,74.20025765895844,0.0016070310000758832,5.932488327357973,8.994654712468154,True,4382869,8e4a6ea025a568df8456d59819a67ee27ae5ae683dae1c5d2044a60c78335877,ad0b379011faa6769ddb6a987d009b5b1c196d2f903a48c84740b34a38b7cc3c,187488335a942a4e0bc6515fe57d994185f5fc837a633e95d277132d944ffdd8,0
40,83,6,1.050840973854065,1.2745192050933838,83.55979919433594,-82.28527998924255,-82.50895822048187,82.50895822048187,0.00259004488699178,6.215007995923965,8.946654641632813,True,4382869,8e4a6ea025a568df8456d59819a67ee27ae5ae683dae1c5d2044a60c78335877,ad0b379011faa6769ddb6a987d009b5b1c196d2f903a48c84740b34a38b7cc3c,05c4b383e23f97797426089e23f38f11ef3e9314af7742feaa62b46e485dcdd8,0
40,83,7,1.050840973854065,1.2935200929641724,85.34051513671875,-84.04699504375458,-84.28967416286469,84.28967416286469,0.004285249065071683,7.697086844388022,9.098432412406735,True,4382869,8e4a6ea025a568df8456d59819a67ee27ae5ae683dae1c5d2044a60c78335877,ad0b379011faa6769ddb6a987d009b5b1c196d2f903a48c84740b34a38b7cc3c,c4c7775d5153e464c49077deebeb931d97e613c47922b64b3457c360b6a1236d,0
40,83,8,1.050840973854065,1.3415608406066895,137.9813690185547,-136.639808177948,-136.93052804470062,136.93052804470062,0.0009477225117835985,7.872371599302948,8.942637688878108,True,4382869,8e4a6ea025a568df8456d59819a67ee27ae5ae683dae1c5d2044a60c78335877,ad0b379011faa6769ddb6a987d009b5b1c196d2f903a48c84740b34a38b7cc3c,29bed3fa6bbe602261445989609a0f4e86c4f6db2c826f79317d8c948af3af81,0
40,83,9,1.050840973854065,1.3911528587341309,104.65733337402344,-103.2661805152893,-103.60649240016937,103.60649240016937,0.001758473154105161,7.991527229969893,8.972610497266782,True,4382869,8e4a6ea025a568df8456d59819a67ee27ae5ae683dae1c5d2044a60c78335877,ad0b379011faa6769ddb6a987d009b5b1c196d2f903a48c84740b34a38b7cc3c,83de8df94be8a02a0315156d992a4a56f2f341c9453a591489e462a54ccdde61,0
40,93,0,0.8232107162475586,1.5490154027938843,107.51809692382812,-105.96908152103424,-106.69488620758057,106.69488620758057,0.008489506327761355,9.153723333488971,8.832157932110011,True,4392839,da956ed17130c6d181005b3f7dc25c65aa9536836a6841fd8b3cf0fd4debed54,bf50d2a67096fd4187db0e767a5fa5667ff543214a1a88e124fad07d4ea96d82,0b6c6ccc41e7b977dc32090ac7a5e84532ee118a48f5ff64b08d9bb433f1a3aa,0
40,93,1,0.8232107162475586,1.2331548929214478,194.04205322265625,-192.8088983297348,-193.2188425064087,193.2188425064087,0.007325651282031017,11.41375991192475,8.854749292343536,True,4392839,da956ed17130c6d181005b3f7dc25c65aa9536836a6841fd8b3cf0fd4debed54,bf50d2a67096fd4187db0e767a5fa5667ff543214a1a88e124fad07d4ea96d82,c8bac9635f50a23f914ce9caf75e6cc68f1f564fbfa4d6c44949b9d4ddd55f5c,0
40,93,2,0.8232107162475586,1.1585259437561035,80.57410430908203,-79.41557836532593,-79.75089359283447,79.75089359283447,0.005741969050614452,9.22339900219391,9.205848904076486,True,4392839,da956ed17130c6d181005b3f7dc25c65aa9536836a6841fd8b3cf0fd4debed54,bf50d2a67096fd4187db0e767a5fa5667ff543214a1a88e124fad07d4ea96d82,40b3cb202b71b88c2382a11387737c8b6fa36cd754dfbb7718c0c98387f03f8b,0
40,93,3,0.8232107162475586,1.2942566871643066,79.77887725830078,-78.48462057113647,-78.95566654205322,78.95566654205322,0.007772150327823613,7.436514000210702,9.033929154349346,True,4392839,da956ed17130c6d181005b3f7dc25c65aa9536836a6841fd8b3cf0fd4debed54,bf50d2a67096fd4187db0e767a5fa5667ff543214a1a88e124fad07d4ea96d82,2b0454e6624355bb906be9c304f2c6f5d1f87ae3dc3438cef12eb9f1fbdb7280,0
40,93,4,0.8232107162475586,0.754551112651825,26.467748641967773,-25.71319752931595,-25.644537925720215,25.644537925720215,-0.0007203179010445395,5.669874493124508,9.086787230378969,True,4392839,da956ed17130c6d181005b3f7dc25c65aa9536836a6841fd8b3cf0fd4debed54,bf50d2a67096fd4187db0e767a5fa5667ff543214a1a88e124fad07d4ea96d82,80549631d7f5694177eb970b0c4bb154d68429ddb79755305f5d1e29d5aa7d1f,0
40,93,5,0.8232107162475586,1.0621123313903809,62.23179626464844,-61.16968393325806,-61.40858554840088,61.40858554840088,0.0046027272645721195,8.153115333928818,8.994654712468154,True,4392839,da956ed17130c6d181005b3f7dc25c65aa9536836a6841fd8b3cf0fd4debed54,bf50d2a67096fd4187db0e767a5fa5667ff543214a1a88e124fad07d4ea96d82,187488335a942a4e0bc6515fe57d994185f5fc837a633e95d277132d944ffdd8,0
40,93,6,0.8232107162475586,1.074767827987671,52.481319427490234,-51.40655159950256,-51.658108711242676,51.658108711242676,-0.0013952601873964928,5.915292177225695,8.946654641632813,True,4392839,da956ed17130c6d181005b3f7dc25c65aa9536836a6841fd8b3cf0fd4debed54,bf50d2a67096fd4187db0e767a5fa5667ff543214a1a88e124fad07d4ea96d82,05c4b383e23f97797426089e23f38f11ef3e9314af7742feaa62b46e485dcdd8,0
40,93,7,0.8232107162475586,0.9059317111968994,88.9931869506836,-88.0872552394867,-88.16997623443604,88.16997623443604,0.0026404170616115786,7.19630467679422,9.098432412406735,True,4392839,da956ed17130c6d181005b3f7dc25c65aa9536836a6841fd8b3cf0fd4debed54,bf50d2a67096fd4187db0e767a5fa5667ff543214a1a88e124fad07d4ea96d82,c4c7775d5153e464c49077deebeb931d97e613c47922b64b3457c360b6a1236d,0
40,93,8,0.8232107162475586,1.1399037837982178,103.3720703125,-102.23216652870178,-102.54885959625244,102.54885959625244,0.0023571122464803905,8.293939952597578,8.942637688878108,True,4392839,da956ed17130c6d181005b3f7dc25c65aa9536836a6841fd8b3cf0fd4debed54,bf50d2a67096fd4187db0e767a5fa5667ff543214a1a88e124fad07d4ea96d82,29bed3fa6bbe602261445989609a0f4e86c4f6db2c826f79317d8c948af3af81,0
40,93,9,0.8232107162475586,1.0798900127410889,71.39772033691406,-70.31783032417297,-70.5745096206665,70.5745096206665,0.0016424253256852902,8.838753721575161,8.972610497266782,True,4392839,da956ed17130c6d181005b3f7dc25c65aa9536836a6841fd8b3cf0fd4debed54,bf50d2a67096fd4187db0e767a5fa5667ff543214a1a88e124fad07d4ea96d82,83de8df94be8a02a0315156d992a4a56f2f341c9453a591489e462a54ccdde61,0
40,34,0,1.3970868587493896,2.0182015895843506,193.761474609375,-191.74327301979065,-192.3643877506256,192.3643877506256,0.012835741835029175,10.462615479916407,8.832157932110011,True,4334016,b3065af2fc120bb685a583f90d18ba016c3dcc003b8153b7f7fb82b7fa1776d1,5916e0e0ac68064cb315f08a018ca682cdadd893d35501909b262227e07e2d24,0b6c6ccc41e7b977dc32090ac7a5e84532ee118a48f5ff64b08d9bb433f1a3aa,0
40,34,1,1.3970868587493896,2.1255595684051514,316.7048645019531,-314.579304933548,-315.30777764320374,315.30777764320374,0.009199140228969203,13.466032182477255,8.854749292343536,True,4334016,b3065af2fc120bb685a583f90d18ba016c3dcc003b8153b7f7fb82b7fa1776d1,5916e0e0ac68064cb315f08a018ca682cdadd893d35501909b262227e07e2d24,c8bac9635f50a23f914ce9caf75e6cc68f1f564fbfa4d6c44949b9d4ddd55f5c,0
40,34,2,1.3970868587493896,1.7365717887878418,247.48577880859375,-245.7492070198059,-246.08869194984436,246.08869194984436,0.0073082249726796516,8.787408537876088,9.205848904076486,True,4334016,b3065af2fc120bb685a583f90d18ba016c3dcc003b8153b7f7fb82b7fa1776d1,5916e0e0ac68064cb315f08a018ca682cdadd893d35501909b262227e07e2d24,40b3cb202b71b88c2382a11387737c8b6fa36cd754dfbb7718c0c98387f03f8b,0
40,34,3,1.3970868587493896,1.9181100130081177,146.98501586914062,-145.0669058561325,-145.58792901039124,145.58792901039124,0.003355888520886127,7.936966700146624,9.033929154349346,True,4334016,b3065af2fc120bb685a583f90d18ba016c3dcc003b8153b7f7fb82b7fa1776d1,5916e0e0ac68064cb315f08a018ca682cdadd893d35501909b262227e07e2d24,2b0454e6624355bb906be9c304f2c6f5d1f87ae3dc3438cef12eb9f1fbdb7280,0
40,34,4,1.3970868587493896,1.5490200519561768,138.43360900878906,-136.88458895683289,-137.03652215003967,137.03652215003967,0.004435724015716008,8.044746499235893,9.086787230378969,True,4334016,b3065af2fc120bb685a583f90d18ba016c3dcc003b8153b7f7fb82b7fa1776d1,5916e0e0ac68064cb315f08a018ca682cdadd893d35501909b262227e07e2d24,80549631d7f5694177eb970b0c4bb154d68429ddb79755305f5d1e29d5aa7d1f,0
40,34,5,1.3970868587493896,1.4612481594085693,215.81497192382812,-214.35372376441956,-214.41788506507874,214.41788506507874,0.0036249399973529925,7.599797531240843,8.994654712468154,True,4334016,b3065af2fc120bb685a583f90d18ba016c3dcc003b8153b7f7fb82b7fa1776d1,5916e0e0ac68064cb315f08a018ca682cdadd893d35501909b262227e07e2d24,187488335a942a4e0bc6515fe57d994185f5fc837a633e95d277132d944ffdd8,0
40,34,6,1.3970868587493896,1.7067015171051025,176.72962951660156,-175.02292799949646,-175.33254265785217,175.33254265785217,0.0025865416823956052,7.505996938624917,8.946654641632813,True,4334016,b3065af2fc120bb685a583f90d18ba016c3dcc003b8153b7f7fb82b7fa1776d1,5916e0e0ac68064cb315f08a018ca682cdadd893d35501909b262227e07e2d24,05c4b383e23f97797426089e23f38f11ef3e9314af7742feaa62b46e485dcdd8,0
40,34,7,1.3970868587493896,1.4607598781585693,231.9301300048828,-230.46937012672424,-230.53304314613342,230.53304314613342,0.005317110116097957,9.472160112427858,9.098432412406735,True,4334016,b3065af2fc120bb685a583f90d18ba016c3dcc003b8153b7f7fb82b7fa1776d1,5916e0e0ac68064cb315f08a018ca682cdadd893d35501909b262227e07e2d24,c4c7775d5153e464c49077deebeb931d97e613c47922b64b3457c360b6a1236d,0
40,34,8,1.3970868587493896,1.7204158306121826,213.63800048828125,-211.91758465766907,-212.24091362953186,212.24091362953186,0.007379907305247647,9.6886039770963,8.942637688878108,True,4334016,b3065af2fc120bb685a583f90d18ba016c3dcc003b8153b7f7fb82b7fa1776d1,5916e0e0ac68064cb315f08a018ca682cdadd893d35501909b262227e07e2d24,29bed3fa6bbe602261445989609a0f4e86c4f6db2c826f79317d8c948af3af81,0
40,34,9,1.3970868587493896,1.589806079864502,228.10162353515625,-226.51181745529175,-226.70453667640686,226.70453667640686,0.003026381748289905,7.993509206849919,8.972610497266782,True,4334016,b3065af2fc120bb685a583f90d18ba016c3dcc003b8153b7f7fb82b7fa1776d1,5916e0e0ac68064cb315f08a018ca682cdadd893d35501909b262227e07e2d24,83de8df94be8a02a0315156d992a4a56f2f341c9453a591489e462a54ccdde61,0
40,60,0,1.6808922290802002,2.0489659309387207,49.26182556152344,-47.21285963058472,-47.58093333244324,47.58093333244324,0.00359184459528728,6.320955634881088,8.832157932110011,True,4359938,8faa276d161528515975fb05b2853e5bf7e2627e245d106ce11bed86eb9eb99f,a12df251c1c33d50b629e3832f7717491d8ad57d59f933095732c88f69cd4e55,0b6c6ccc41e7b977dc32090ac7a5e84532ee118a48f5ff64b08d9bb433f1a3aa,0
40,60,1,1.6808922290802002,2.3417608737945557,79.65585327148438,-77.31409239768982,-77.97496104240417,77.97496104240417,0.011097789758234106,9.636762569267441,8.854749292343536,True,4359938,8faa276d161528515975fb05b2853e5bf7e2627e245d106ce11bed86eb9eb99f,a12df251c1c33d50b629e3832f7717491d8ad57d59f933095732c88f69cd4e55,c8bac9635f50a23f914ce9caf75e6cc68f1f564fbfa4d6c44949b9d4ddd55f5c,0
40,60,2,1.6808922290802002,2.108774185180664,88.55606079101562,-86.44728660583496,-86.87516856193542,86.87516856193542,0.010906449975597806,6.501593489857517,9.205848904076486,True,4359938,8faa276d161528515975fb05b2853e5bf7e2627e245d106ce11bed86eb9eb99f,a12df251c1c33d50b629e3832f7717491d8ad57d59f933095732c88f69cd4e55,40b3cb202b71b88c2382a11387737c8b6fa36cd754dfbb7718c0c98387f03f8b,0
40,60,3,1.6808922290802002,2.0428547859191895,60.08659744262695,-58.043742656707764,-58.40570521354675,58.40570521354675,0.005999972394330294,5.497138210843869,9.033929154349346,True,4359938,8faa276d161528515975fb05b2853e5bf7e2627e245d106ce11bed86eb9eb99f,a12df251c1c33d50b629e3832f7717491d8ad57d59f933095732c88f69cd4e55,2b0454e6624355bb906be9c304f2c6f5d1f87ae3dc3438cef12eb9f1fbdb7280,0
40,60,4,1.6808922290802002,1.757182240486145,65.09927368164062,-63.34209144115448,-63.418381452560425,63.418381452560425,0.0027225492195050343,5.781808859220337,9.086787230378969,True,4359938,8faa276d161528515975fb05b2853e5bf7e2627e245d106ce11bed86eb9eb99f,a12df251c1c33d50b629e3832f7717491d8ad57d59f933095732c88f69cd4e55,80549631d7f5694177eb970b0c4bb154d68429ddb79755305f5d1e29d5aa7d1f,0
40,60,5,1.6808922290802002,1.8329482078552246,54.177772521972656,-52.34482431411743,-52.496880292892456,52.496880292892456,0.012115068141519572,5.622483499505329,8.994654712468154,True,4359938,8faa276d161528515975fb05b2853e5bf7e2627e245d106ce11bed86eb9eb99f,a12df251c1c33d50b629e3832f7717491d8ad57d59f933095732c88f69cd4e55,187488335a942a4e0bc6515fe57d994185f5fc837a633e95d277132d944ffdd8,0
40,60,6,1.6808922290802002,1.7826004028320312,44.68641662597656,-42.90381622314453,-43.00552439689636,43.00552439689636,0.006677923658568315,5.400194215208958,8.946654641632813,True,4359938,8faa276d161528515975fb05b2853e5bf7e2627e245d106ce11bed86eb9eb99f,a12df251c1c33d50b629e3832f7717491d8ad57d59f933095732c88f69cd4e55,05c4b383e23f97797426089e23f38f11ef3e9314af7742feaa62b46e485dcdd8,0
40,60,7,1.6808922290802002,1.94492506980896,57.75581359863281,-55.81088852882385,-56.07492136955261,56.07492136955261,-0.002386261415920905,6.1050645200281055,9.098432412406735,True,4359938,8faa276d161528515975fb05b2853e5bf7e2627e245d106ce11bed86eb9eb99f,a12df251c1c33d50b629e3832f7717491d8ad57d59f933095732c88f69cd4e55,c4c7775d5153e464c49077deebeb931d97e613c47922b64b3457c360b6a1236d,0
40,60,8,1.6808922290802002,1.9816088676452637,81.99855041503906,-80.0169415473938,-80.31765818595886,80.31765818595886,0.00029985302288734235,7.7623134705908345,8.942637688878108,True,4359938,8faa276d161528515975fb05b2853e5bf7e2627e245d106ce11bed86eb9eb99f,a12df251c1c33d50b629e3832f7717491d8ad57d59f933095732c88f69cd4e55,29bed3fa6bbe602261445989609a0f4e86c4f6db2c826f79317d8c948af3af81,0
40,60,9,1.6808922290802002,1.872404932975769,49.836143493652344,-47.963738560676575,-48.155251264572144,48.155251264572144,-0.00030533717427710217,5.466575050337722,8.972610497266782,True,4359938,8faa276d161528515975fb05b2853e5bf7e2627e245d106ce11bed86eb9eb99f,a12df251c1c33d50b629e3832f7717491d8ad57d59f933095732c88f69cd4e55,83de8df94be8a02a0315156d992a4a56f2f341c9453a591489e462a54ccdde61,0
40,90,0,1.4716986417770386,1.7762525081634521,137.7828369140625,-136.00658440589905,-136.31113827228546,136.31113827228546,-0.0003154368572374177,11.394687783418147,8.832157932110011,True,4389848,674bafac1a5e9883771e10be231cb672bdf59684a12176b08dd07271a0e9cf51,234932b635e046ec87f6bdf33028be67edcee8cb6df93be051dae4f4896cf80e,0b6c6ccc41e7b977dc32090ac7a5e84532ee118a48f5ff64b08d9bb433f1a3aa,0
40,90,1,1.4716986417770386,2.0577878952026367,178.92449951171875,-176.8667116165161,-177.4528008699417,177.4528008699417,0.008647700474543352,16.88569706992542,8.854749292343536,True,4389848,674bafac1a5e9883771e10be231cb672bdf59684a12176b08dd07271a0e9cf51,234932b635e046ec87f6bdf33028be67edcee8cb6df93be051dae4f4896cf80e,c8bac9635f50a23f914ce9caf75e6cc68f1f564fbfa4d6c44949b9d4ddd55f5c,0
40,90,2,1.4716986417770386,2.0160605907440186,151.79058837890625,-149.77452778816223,-150.3188897371292,150.3188897371292,0.010632768850278291,12.35305817804615,9.205848904076486,True,4389848,674bafac1a5e9883771e10be231cb672bdf59684a12176b08dd07271a0e9cf51,234932b635e046ec87f6bdf33028be67edcee8cb6df93be051dae4f4896cf80e,40b3cb202b71b88c2382a11387737c8b6fa36cd754dfbb7718c0c98387f03f8b,0
40,90,3,1.4716986417770386,1.6210472583770752,128.50311279296875,-126.88206553459167,-127.03141415119171,127.03141415119171,0.0021395035172325563,7.835980788286111,9.033929154349346,True,4389848,674bafac1a5e9883771e10be231cb672bdf59684a12176b08dd07271a0e9cf51,234932b635e046ec87f6bdf33028be67edcee8cb6df93be051dae4f4896cf80e,2b0454e6624355bb906be9c304f2c6f5d1f87ae3dc3438cef12eb9f1fbdb7280,0
40,90,4,1.4716986417770386,1.8130135536193848,128.92080688476562,-127.10779333114624,-127.44910824298859,127.44910824298859,0.0017433575540654154,11.470715972653473,9.086787230378969,True,4389848,674bafac1a5e9883771e10be231cb672bdf59684a12176b08dd07271a0e9cf51,234932b635e046ec87f6bdf33028be67edcee8cb6df93be051dae4f4896cf80e,80549631d7f5694177eb970b0c4bb154d68429ddb79755305f5d1e29d5aa7d1f,0
40,90,5,1.4716986417770386,1.7438511848449707,120.9669418334961,-119.22309064865112,-119.49524319171906,119.49524319171906,0.007890685081027955,12.466130911760926,8.994654712468154,True,4389848,674bafac1a5e9883771e10be231cb672bdf59684a12176b08dd07271a0e9cf51,234932b635e046ec87f6bdf33028be67edcee8cb6df93be051dae4f4896cf80e,187488335a942a4e0bc6515fe57d994185f5fc837a633e95d277132d944ffdd8,0
40,90,6,1.4716986417770386,1.6269519329071045,102.2648696899414,-100.6379177570343,-100.79317104816437,100.79317104816437,0.0010250419418328903,10.462503033671156,8.946654641632813,True,4389848,674bafac1a5e9883771e10be231cb672bdf59684a12176b08dd07271a0e9cf51,234932b635e046ec87f6bdf33028be67edcee8cb6df93be051dae4f4896cf80e,05c4b383e23f97797426089e23f38f11ef3e9314af7742feaa62b46e485dcdd8,0
40,90,7,1.4716986417770386,1.4602651596069336,141.064208984375,-139.60394382476807,-139.59251034259796,139.59251034259796,-2.604722229388156e-05,10.955611916305669,9.098432412406735,True,4389848,674bafac1a5e9883771e10be231cb672bdf59684a12176b08dd07271a0e9cf51,234932b635e046ec87f6bdf33028be67edcee8cb6df93be051dae4f4896cf80e,c4c7775d5153e464c49077deebeb931d97e613c47922b64b3457c360b6a1236d,0
40,90,8,1.4716986417770386,1.8217995166778564,139.88873291015625,-138.0669333934784,-138.4170342683792,138.4170342683792,0.002112140725505607,13.262542622086968,8.942637688878108,True,4389848,674bafac1a5e9883771e10be231cb672bdf59684a12176b08dd07271a0e9cf51,234932b635e046ec87f6bdf33028be67edcee8cb6df93be051dae4f4896cf80e,29bed3fa6bbe602261445989609a0f4e86c4f6db2c826f79317d8c948af3af81,0
40,90,9,1.4716986417770386,1.4549245834350586,141.88031005859375,-140.4253854751587,-140.4086114168167,140.4086114168167,-0.005911061907122134,9.46381195508087,8.972610497266782,True,4389848,674bafac1a5e9883771e10be231cb672bdf59684a12176b08dd07271a0e9cf51,234932b635e046ec87f6bdf33028be67edcee8cb6df93be051dae4f4896cf80e,83de8df94be8a02a0315156d992a4a56f2f341c9453a591489e462a54ccdde61,0
40,45,0,1.632472038269043,1.828751802444458,58.51570129394531,-56.686949491500854,-56.88322925567627,56.88322925567627,0.0028157965406343604,7.889707283649688,8.832157932110011,True,4344983,3e5cb8774696e8bee150f2ca4cd5552900b97165fecb4453b94f48855b648143,10879a28d920f0af216850185c03155bf1b75c85690c90ccf903ef264a726d53,0b6c6ccc41e7b977dc32090ac7a5e84532ee118a48f5ff64b08d9bb433f1a3aa,0
40,45,1,1.632472038269043,1.920586109161377,85.53611755371094,-83.61553144454956,-83.9036455154419,83.9036455154419,0.011252090808581297,13.981239567591125,8.854749292343536,True,4344983,3e5cb8774696e8bee150f2ca4cd5552900b97165fecb4453b94f48855b648143,10879a28d920f0af216850185c03155bf1b75c85690c90ccf903ef264a726d53,c8bac9635f50a23f914ce9caf75e6cc68f1f564fbfa4d6c44949b9d4ddd55f5c,0
40,45,2,1.632472038269043,1.7723045349121094,97.38800811767578,-95.61570358276367,-95.75553607940674,95.75553607940674,0.007757571184385457,8.86233469348099,9.205848904076486,True,4344983,3e5cb8774696e8bee150f2ca4cd5552900b97165fecb4453b94f48855b648143,10879a28d920f0af216850185c03155bf1b75c85690c90ccf903ef264a726d53,40b3cb202b71b88c2382a11387737c8b6fa36cd754dfbb7718c0c98387f03f8b,0
40,45,3,1.632472038269043,1.664507269859314,75.03898620605469,-73.37447893619537,-73.40651416778564,73.40651416778564,0.001370822400888459,6.6056425403874215,9.033929154349346,True,4344983,3e5cb8774696e8bee150f2ca4cd5552900b97165fecb4453b94f48855b648143,10879a28d920f0af216850185c03155bf1b75c85690c90ccf903ef264a726d53,2b0454e6624355bb906be9c304f2c6f5d1f87ae3dc3438cef12eb9f1fbdb7280,0
40,45,4,1.632472038269043,1.8368587493896484,63.00714874267578,-61.17028999328613,-61.37467670440674,61.37467670440674,0.0025116504603560994,7.318704881242635,9.086787230378969,True,4344983,3e5cb8774696e8bee150f2ca4cd5552900b97165fecb4453b94f48855b648143,10879a28d920f0af216850185c03155bf1b75c85690c90ccf903ef264a726d53,80549631d7f5694177eb970b0c4bb154d68429ddb79755305f5d1e29d5aa7d1f,0
40,45,5,1.632472038269043,1.6874864101409912,67.51952362060547,-65.83203721046448,-65.88705158233643,65.88705158233643,0.005576921446322465,7.256364961500085,8.994654712468154,True,4344983,3e5cb8774696e8bee150f2ca4cd5552900b97165fecb4453b94f48855b648143,10879a28d920f0af216850185c03155bf1b75c85690c90ccf903ef264a726d53,187488335a942a4e0bc6515fe57d994185f5fc837a633e95d277132d944ffdd8,0
40,45,6,1.632472038269043,1.735067367553711,59.94272994995117,-58.20766258239746,-58.31025791168213,58.31025791168213,0.005067390131776116,6.495851249521885,8.946654641632813,True,4344983,3e5cb8774696e8bee150f2ca4cd5552900b97165fecb4453b94f48855b648143,10879a28d920f0af216850185c03155bf1b75c85690c90ccf903ef264a726d53,05c4b383e23f97797426089e23f38f11ef3e9314af7742feaa62b46e485dcdd8,0
40,45,7,1.632472038269043,1.821415901184082,68.70646667480469,-66.8850507736206,-67.07399463653564,67.07399463653564,0.005497933513288589,7.918737590091257,9.098432412406735,True,4344983,3e5cb8774696e8bee150f2ca4cd5552900b97165fecb4453b94f48855b648143,10879a28d920f0af216850185c03155bf1b75c85690c90ccf903ef264a726d53,c4c7775d5153e464c49077deebeb931d97e613c47922b64b3457c360b6a1236d,0
40,45,8,1.632472038269043,1.6332151889801025,93.20906066894531,-91.57584547996521,-91.57658863067627,91.57658863067627,0.00376807003343579,9.71495553405344,8.942637688878108,True,4344983,3e5cb8774696e8bee150f2ca4cd5552900b97165fecb4453b94f48855b648143,10879a28d920f0af216850185c03155bf1b75c85690c90ccf903ef264a726d53,29bed3fa6bbe602261445989609a0f4e86c4f6db2c826f79317d8c948af3af81,0
40,45,9,1.632472038269043,1.445296287536621,68.8714599609375,-67.42616367340088,-67.23898792266846,67.23898792266846,-0.0016104131663401168,6.926565537994401,8.972610497266782,True,4344983,3e5cb8774696e8bee150f2ca4cd5552900b97165fecb4453b94f48855b648143,10879a28d920f0af216850185c03155bf1b75c85690c90ccf903ef264a726d53,83de8df94be8a02a0315156d992a4a56f2f341c9453a591489e462a54ccdde61,0
40,42,0,1.8271219730377197,2.3683414459228516,662.039794921875,-659.6714534759521,-660.2126729488373,660.2126729488373,0.006537507137085313,13.37919224682139,8.832157932110011,True,4341992,c9c7318c66dac0077906488003f310faa758ec9b8eca73d5eddd78460da7948e,8aa26d06cec7274f7c465e85badc61d717c62a71842040f1c5a604effec84ddc,0b6c6ccc41e7b977dc32090ac7a5e84532ee118a48f5ff64b08d9bb433f1a3aa,0
40,42,1,1.8271219730377197,2.5305771827697754,1064.807861328125,-1062.2772841453552,-1062.9807393550873,1062.9807393550873,0.00935261156227268,18.38469071523668,8.854749292343536,True,4341992,c9c7318c66dac0077906488003f310faa758ec9b8eca73d5eddd78460da7948e,8aa26d06cec7274f7c465e85badc61d717c62a71842040f1c5a604effec84ddc,c8bac9635f50a23f914ce9caf75e6cc68f1f564fbfa4d6c44949b9d4ddd55f5c,0
40,42,2,1.8271219730377197,1.9707527160644531,779.991943359375,-778.0211906433105,-778.1648213863373,778.1648213863373,0.0048229864016632994,11.285711735017173,9.205848904076486,True,4341992,c9c7318c66dac0077906488003f310faa758ec9b8eca73d5eddd78460da7948e,8aa26d06cec7274f7c465e85badc61d717c62a71842040f1c5a604effec84ddc,40b3cb202b71b88c2382a11387737c8b6fa36cd754dfbb7718c0c98387f03f8b,0
40,42,3,1.8271219730377197,1.9931162595748901,614.6943359375,-612.7012196779251,-612.8672139644623,612.8672139644623,0.0022059146854537374,12.07617868685281,9.033929154349346,True,4341992,c9c7318c66dac0077906488003f310faa758ec9b8eca73d5eddd78460da7948e,8aa26d06cec7274f7c465e85badc61d717c62a71842040f1c5a604effec84ddc,2b0454e6624355bb906be9c304f2c6f5d1f87ae3dc3438cef12eb9f1fbdb7280,0
40,42,4,1.8271219730377197,1.8763935565948486,590.38330078125,-588.5069072246552,-588.5561788082123,588.5561788082123,0.002797710987591104,13.197991640359547,9.086787230378969,True,4341992,c9c7318c66dac0077906488003f310faa758ec9b8eca73d5eddd78460da7948e,8aa26d06cec7274f7c465e85badc61d717c62a71842040f1c5a604effec84ddc,80549631d7f5694177eb970b0c4bb154d68429ddb79755305f5d1e29d5aa7d1f,0
40,42,5,1.8271219730377197,1.8572577238082886,687.906005859375,-686.0487481355667,-686.0788838863373,686.0788838863373,0.002286040494319166,12.989185263008084,8.994654712468154,True,4341992,c9c7318c66dac0077906488003f310faa758ec9b8eca73d5eddd78460da7948e,8aa26d06cec7274f7c465e85badc61d717c62a71842040f1c5a604effec84ddc,187488335a942a4e0bc6515fe57d994185f5fc837a633e95d277132d944ffdd8,0
40,42,6,1.8271219730377197,2.0977542400360107,543.6607666015625,-541.5630123615265,-541.8336446285248,541.8336446285248,-0.0011836542053529082,10.279236440617876,8.946654641632813,True,4341992,c9c7318c66dac0077906488003f310faa758ec9b8eca73d5eddd78460da7948e,8aa26d06cec7274f7c465e85badc61d717c62a71842040f1c5a604effec84ddc,05c4b383e23f97797426089e23f38f11ef3e9314af7742feaa62b46e485dcdd8,0
40,42,7,1.8271219730377197,2.0433285236358643,845.0782470703125,-843.0349185466766,-843.2511250972748,843.2511250972748,0.002022506981678204,14.298505564575672,9.098432412406735,True,4341992,c9c7318c66dac0077906488003f310faa758ec9b8eca73d5eddd78460da7948e,8aa26d06cec7274f7c465e85badc61d717c62a71842040f1c5a604effec84ddc,c4c7775d5153e464c49077deebeb931d97e613c47922b64b3457c360b6a1236d,0
40,42,8,1.8271219730377197,2.385303497314453,718.8237915039062,-716.4384880065918,-716.9966695308685,716.9966695308685,0.0028443808364390457,12.504060931020224,8.942637688878108,True,4341992,c9c7318c66dac0077906488003f310faa758ec9b8eca73d5eddd78460da7948e,8aa26d06cec7274f7c465e85badc61d717c62a71842040f1c5a604effec84ddc,29bed3fa6bbe602261445989609a0f4e86c4f6db2c826f79317d8c948af3af81,0
40,42,9,1.8271219730377197,1.9633491039276123,852.9404296875,-850.9770805835724,-851.1133077144623,851.1133077144623,0.0011303648049956216,11.513754719826276,8.972610497266782,True,4341992,c9c7318c66dac0077906488003f310faa758ec9b8eca73d5eddd78460da7948e,8aa26d06cec7274f7c465e85badc61d717c62a71842040f1c5a604effec84ddc,83de8df94be8a02a0315156d992a4a56f2f341c9453a591489e462a54ccdde61,0
40,41,0,1.073000192642212,1.738659143447876,100.5811996459961,-98.84254050254822,-99.50819945335388,99.50819945335388,0.009235215809281399,9.832863182403944,8.832157932110011,True,4340995,b9f9250df0aaca063c77b9d73affbd1d82149925adbe9bacee01e6e4e8a27f4f,9a2ff5a7f0e9c3156be0545f3ad6e282b7eef2d96506f9a84f5650589a876391,0b6c6ccc41e7b977dc32090ac7a5e84532ee118a48f5ff64b08d9bb433f1a3aa,0
40,41,1,1.073000192642212,1.9235177040100098,119.28517150878906,-117.36165380477905,-118.21217131614685,118.21217131614685,0.010797638623486141,15.278608790625292,8.854749292343536,True,4340995,b9f9250df0aaca063c77b9d73affbd1d82149925adbe9bacee01e6e4e8a27f4f,9a2ff5a7f0e9c3156be0545f3ad6e282b7eef2d96506f9a84f5650589a876391,c8bac9635f50a23f914ce9caf75e6cc68f1f564fbfa4d6c44949b9d4ddd55f5c,0
40,41,2,1.073000192642212,1.2989994287490845,65.6453628540039,-64.34636342525482,-64.5723626613617,64.5723626613617,0.003627343229232005,10.791361052786668,9.205848904076486,True,4340995,b9f9250df0aaca063c77b9d73affbd1d82149925adbe9bacee01e6e4e8a27f4f,9a2ff5a7f0e9c3156be0545f3ad6e282b7eef2d96506f9a84f5650589a876391,40b3cb202b71b88c2382a11387737c8b6fa36cd754dfbb7718c0c98387f03f8b,0
40,41,3,1.073000192642212,1.4496644735336304,61.04436111450195,-59.59469664096832,-59.97136092185974,59.97136092185974,0.0016945539313038876,7.366227780905543,9.033929154349346,True,4340995,b9f9250df0aaca063c77b9d73affbd1d82149925adbe9bacee01e6e4e8a27f4f,9a2ff5a7f0e9c3156be0545f3ad6e282b7eef2d96506f9a84f5650589a876391,2b0454e6624355bb906be9c304f2c6f5d1f87ae3dc3438cef12eb9f1fbdb7280,0
40,41,4,1.073000192642212,1.0527851581573486,32.43739700317383,-31.38461184501648,-31.364396810531616,31.364396810531616,-0.0014113807403144123,10.174272329264026,9.086787230378969,True,4340995,b9f9250df0aaca063c77b9d73affbd1d82149925adbe9bacee01e6e4e8a27f4f,9a2ff5a7f0e9c3156be0545f3ad6e282b7eef2d96506f9a84f5650589a876391,80549631d7f5694177eb970b0c4bb154d68429ddb79755305f5d1e29d5aa7d1f,0
40,41,5,1.073000192642212,1.3375985622406006,48.43964385986328,-47.10204529762268,-47.36664366722107,47.36664366722107,0.00290601600249287,10.307551936821502,8.994654712468154,True,4340995,b9f9250df0aaca063c77b9d73affbd1d82149925adbe9bacee01e6e4e8a27f4f,9a2ff5a7f0e9c3156be0545f3ad6e282b7eef2d96506f9a84f5650589a876391,187488335a942a4e0bc6515fe57d994185f5fc837a633e95d277132d944ffdd8,0
40,41,6,1.073000192642212,1.1627658605575562,65.31952667236328,-64.15676081180573,-64.24652647972107,64.24652647972107,-0.0003044611743173899,8.531436552012556,8.946654641632813,True,4340995,b9f9250df0aaca063c77b9d73affbd1d82149925adbe9bacee01e6e4e8a27f4f,9a2ff5a7f0e9c3156be0545f3ad6e282b7eef2d96506f9a84f5650589a876391,05c4b383e23f97797426089e23f38f11ef3e9314af7742feaa62b46e485dcdd8,0
40,41,7,1.073000192642212,1.3671962022781372,78.56190490722656,-77.19470870494843,-77.48890471458435,77.48890471458435,0.0027547172177053983,7.590384234510627,9.098432412406735,True,4340995,b9f9250df0aaca063c77b9d73affbd1d82149925adbe9bacee01e6e4e8a27f4f,9a2ff5a7f0e9c3156be0545f3ad6e282b7eef2d96506f9a84f5650589a876391,c4c7775d5153e464c49077deebeb931d97e613c47922b64b3457c360b6a1236d,0
40,41,8,1.073000192642212,1.4335473775863647,60.95523452758789,-59.521687150001526,-59.88223433494568,59.88223433494568,0.004949934051915546,8.893439511215437,8.942637688878108,True,4340995,b9f9250df0aaca063c77b9d73affbd1d82149925adbe9bacee01e6e4e8a27f4f,9a2ff5a7f0e9c3156be0545f3ad6e282b7eef2d96506f9a84f5650589a876391,29bed3fa6bbe602261445989609a0f4e86c4f6db2c826f79317d8c948af3af81,0
40,41,9,1.073000192642212,1.4741345643997192,32.00468063354492,-30.530546069145203,-30.93168044090271,30.93168044090271,0.0022600008759435125,10.845643802536827,8.972610497266782,True,4340995,b9f9250df0aaca063c77b9d73affbd1d82149925adbe9bacee01e6e4e8a27f4f,9a2ff5a7f0e9c3156be0545f3ad6e282b7eef2d96506f9a84f5650589a876391,83de8df94be8a02a0315156d992a4a56f2f341c9453a591489e462a54ccdde61,0
40,91,0,2.560516834259033,3.0810275077819824,241.4016571044922,-238.3206295967102,-238.84114027023315,238.84114027023315,0.0066530616531340426,12.746732862990475,8.832157932110011,True,4390845,d38a434d56dbe863405052fc232235b9ec3fe2f185ffdcac7065d051a7c81e31,7759ef8b586f918cb754dd7056eb5271372acd9c3b2ed7742b24595ed2c042bc,0b6c6ccc41e7b977dc32090ac7a5e84532ee118a48f5ff64b08d9bb433f1a3aa,0
40,91,1,2.560516834259033,3.210141897201538,335.9617004394531,-332.7515585422516,-333.4011836051941,333.4011836051941,0.009192220897133679,15.619748922156203,8.854749292343536,True,4390845,d38a434d56dbe863405052fc232235b9ec3fe2f185ffdcac7065d051a7c81e31,7759ef8b586f918cb754dd7056eb5271372acd9c3b2ed7742b24595ed2c042bc,c8bac9635f50a23f914ce9caf75e6cc68f1f564fbfa4d6c44949b9d4ddd55f5c,0
40,91,2,2.560516834259033,2.6639137268066406,274.07781982421875,-271.4139060974121,-271.5173029899597,271.5173029899597,0.0023296291095524454,11.537432032217888,9.205848904076486,True,4390845,d38a434d56dbe863405052fc232235b9ec3fe2f185ffdcac7065d051a7c81e31,7759ef8b586f918cb754dd7056eb5271372acd9c3b2ed7742b24595ed2c042bc,40b3cb202b71b88c2382a11387737c8b6fa36cd754dfbb7718c0c98387f03f8b,0
40,91,3,2.560516834259033,3.0193593502044678,216.47999572753906,-213.4606363773346,-213.91947889328003,213.91947889328003,0.004821479764821637,14.821886652553639,9.033929154349346,True,4390845,d38a434d56dbe863405052fc232235b9ec3fe2f185ffdcac7065d051a7c81e31,7759ef8b586f918cb754dd7056eb5271372acd9c3b2ed7742b24595ed2c042bc,2b0454e6624355bb906be9c304f2c6f5d1f87ae3dc3438cef12eb9f1fbdb7280,0
40,91,4,2.560516834259033,2.812028169631958,127.71214294433594,-124.90011477470398,-125.1516261100769,125.1516261100769,0.003323802891020108,14.996545742943727,9.086787230378969,True,4390845,d38a434d56dbe863405052fc232235b9ec3fe2f185ffdcac7065d051a7c81e31,7759ef8b586f918cb754dd7056eb5271372acd9c3b2ed7742b24595ed2c042bc,80549631d7f5694177eb970b0c4bb154d68429ddb79755305f5d1e29d5aa7d1f,0
40,91,5,2.560516834259033,2.662306785583496,192.11827087402344,-189.45596408843994,-189.5577540397644,189.5577540397644,-0.001132677313684397,10.405110099490319,8.994654712468154,True,4390845,d38a434d56dbe863405052fc232235b9ec3fe2f185ffdcac7065d051a7c81e31,7759ef8b586f918cb754dd7056eb5271372acd9c3b2ed7742b24595ed2c042bc,187488335a942a4e0bc6515fe57d994185f5fc837a633e95d277132d944ffdd8,0
40,91,6,2.560516834259033,2.8528037071228027,186.1534423828125,-183.3006386756897,-183.59292554855347,183.59292554855347,0.003674758613047101,10.021021973188386,8.946654641632813,True,4390845,d38a434d56dbe863405052fc232235b9ec3fe2f185ffdcac7065d051a7c81e31,7759ef8b586f918cb754dd7056eb5271372acd9c3b2ed7742b24595ed2c042bc,05c4b383e23f97797426089e23f38f11ef3e9314af7742feaa62b46e485dcdd8,0
40,91,7,2.560516834259033,2.7428035736083984,234.337158203125,-231.5943546295166,-231.77664136886597,231.77664136886597,0.0033357470312551595,12.773783267456423,9.098432412406735,True,4390845,d38a434d56dbe863405052fc232235b9ec3fe2f185ffdcac7065d051a7c81e31,7759ef8b586f918cb754dd7056eb5271372acd9c3b2ed7742b24595ed2c042bc,c4c7775d5153e464c49077deebeb931d97e613c47922b64b3457c360b6a1236d,0
40,91,8,2.560516834259033,2.9540655612945557,264.5507507324219,-261.5966851711273,-261.99023389816284,261.99023389816284,0.0016758939892902603,13.438402220672678,8.942637688878108,True,4390845,d38a434d56dbe863405052fc232235b9ec3fe2f185ffdcac7065d051a7c81e31,7759ef8b586f918cb754dd7056eb5271372acd9c3b2ed7742b24595ed2c042bc,29bed3fa6bbe602261445989609a0f4e86c4f6db2c826f79317d8c948af3af81,0
40,91,9,2.560516834259033,2.758627414703369,294.97869873046875,-292.2200713157654,-292.4181818962097,292.4181818962097,0.0008954668355848598,11.838884670262171,8.972610497266782,True,4390845,d38a434d56dbe863405052fc232235b9ec3fe2f185ffdcac7065d051a7c81e31,7759ef8b586f918cb754dd7056eb5271372acd9c3b2ed7742b24595ed2c042bc,83de8df94be8a02a0315156d992a4a56f2f341c9453a591489e462a54ccdde61,0
40,36,0,1.0274945497512817,1.5809849500656128,105.6292495727539,-104.0482646226883,-104.60175502300262,104.60175502300262,0.010790273212917926,9.75764658175799,8.832157932110011,True,4336010,454e9e87362a5b5afb39623e6e445c28945ea6e640c39855c61aec3d1ad7ec4f,b11a08242721d93768fee61da6a62e8764f6805ac739a4d623db103e4055440d,0b6c6ccc41e7b977dc32090ac7a5e84532ee118a48f5ff64b08d9bb433f1a3aa,0
40,36,1,1.0274945497512817,1.4357883930206299,182.23162841796875,-180.79584002494812,-181.20413386821747,181.20413386821747,0.006658501334620666,11.825530121756174,8.854749292343536,True,4336010,454e9e87362a5b5afb39623e6e445c28945ea6e640c39855c61aec3d1ad7ec4f,b11a08242721d93768fee61da6a62e8764f6805ac739a4d623db103e4055440d,c8bac9635f50a23f914ce9caf75e6cc68f1f564fbfa4d6c44949b9d4ddd55f5c,0
40,36,2,1.0274945497512817,1.3200608491897583,66.64413452148438,-65.32407367229462,-65.6166399717331,65.6166399717331,0.006233055744160518,9.65632963371484,9.205848904076486,True,4336010,454e9e87362a5b5afb39623e6e445c28945ea6e640c39855c61aec3d1ad7ec4f,b11a08242721d93768fee61da6a62e8764f6805ac739a4d623db103e4055440d,40b3cb202b71b88c2382a11387737c8b6fa36cd754dfbb7718c0c98387f03f8b,0
40,36,3,1.0274945497512817,1.6227095127105713,70.71138000488281,-69.08867049217224,-69.68388545513153,69.68388545513153,0.007965462113126164,7.679383306564065,9.033929154349346,True,4336010,454e9e87362a5b5afb39623e6e445c28945ea6e640c39855c61aec3d1ad7ec4f,b11a08242721d93768fee61da6a62e8764f6805ac739a4d623db103e4055440d,2b0454e6624355bb906be9c304f2c6f5d1f87ae3dc3438cef12eb9f1fbdb7280,0
40,36,4,1.0274945497512817,1.0663923025131226,8.193288803100586,-7.126896500587463,-7.165794253349304,7.165794253349304,0.0028833720860556838,5.284958840538504,9.086787230378969,True,4336010,454e9e87362a5b5afb39623e6e445c28945ea6e640c39855c61aec3d1ad7ec4f,b11a08242721d93768fee61da6a62e8764f6805ac739a4d623db103e4055440d,80549631d7f5694177eb970b0c4bb154d68429ddb79755305f5d1e29d5aa7d1f,0
40,36,5,1.0274945497512817,1.3974334001541138,43.99500274658203,-42.59756934642792,-42.96750819683075,42.96750819683075,0.004188200478984471,7.701197666144292,8.994654712468154,True,4336010,454e9e87362a5b5afb39623e6e445c28945ea6e640c39855c61aec3d1ad7ec4f,b11a08242721d93768fee61da6a62e8764f6805ac739a4d623db103e4055440d,187488335a942a4e0bc6515fe57d994185f5fc837a633e95d277132d944ffdd8,0
40,36,6,1.0274945497512817,0.9980655908584595,48.08338928222656,-47.0853236913681,-47.05589473247528,47.05589473247528,0.0015516221081676722,5.790939924848634,8.946654641632813,True,4336010,454e9e87362a5b5afb39623e6e445c28945ea6e640c39855c61aec3d1ad7ec4f,b11a08242721d93768fee61da6a62e8764f6805ac739a4d623db103e4055440d,05c4b383e23f97797426089e23f38f11ef3e9314af7742feaa62b46e485dcdd8,0
40,36,7,1.0274945497512817,1.1812753677368164,52.147621154785156,-50.96634578704834,-51.120126605033875,51.120126605033875,0.004827949857424803,7.549073970333075,9.098432412406735,True,4336010,454e9e87362a5b5afb39623e6e445c28945ea6e640c39855c61aec3d1ad7ec4f,b11a08242721d93768fee61da6a62e8764f6805ac739a4d623db103e4055440d,c4c7775d5153e464c49077deebeb931d97e613c47922b64b3457c360b6a1236d,0
40,36,8,1.0274945497512817,1.381134271621704,82.9922103881836,-81.61107611656189,-81.96471583843231,81.96471583843231,0.006096881861638239,8.564560816679878,8.942637688878108,True,4336010,454e9e87362a5b5afb39623e6e445c28945ea6e640c39855c61aec3d1ad7ec4f,b11a08242721d93768fee61da6a62e8764f6805ac739a4d623db103e4055440d,29bed3fa6bbe602261445989609a0f4e86c4f6db2c826f79317d8c948af3af81,0
40,36,9,1.0274945497512817,1.2059862613677979,64.28146362304688,-63.07547736167908,-63.25396907329559,63.25396907329559,0.002986475807205473,8.761437350754505,8.972610497266782,True,4336010,454e9e87362a5b5afb39623e6e445c28945ea6e640c39855c61aec3d1ad7ec4f,b11a08242721d93768fee61da6a62e8764f6805ac739a4d623db103e4055440d,83de8df94be8a02a0315156d992a4a56f2f341c9453a591489e462a54ccdde61,0
40,83,0,1.2496216297149658,1.723765254020691,280.029296875,-278.3055316209793,-278.77967524528503,278.77967524528503,0.008875148194757715,10.691705554602459,8.832157932110011,True,19968732,89c052b2da3dc1f339f08192c1718e6e3dc109a87aadfae131cd89bbfbb516dd,80f2c93a69afc52bfb495523ecfb16304fdf5e65589d71d5ea09c59ae12d2347,0b6c6ccc41e7b977dc32090ac7a5e84532ee118a48f5ff64b08d9bb433f1a3aa,1
40,83,1,1.2496216297149658,1.7191277742385864,410.27093505859375,-408.55180728435516,-409.0213134288788,409.0213134288788,0.006309036928099406,13.066229700278937,8.854749292343536,True,19968732,89c052b2da3dc1f339f08192c1718e6e3dc109a87aadfae131cd89bbfbb516dd,80f2c93a69afc52bfb495523ecfb16304fdf5e65589d71d5ea09c59ae12d2347,c8bac9635f50a23f914ce9caf75e6cc68f1f564fbfa4d6c44949b9d4ddd55f5c,1
40,83,2,1.2496216297149658,1.5182116031646729,242.74298095703125,-241.22476935386658,-241.49335932731628,241.49335932731628,0.006511447442592723,10.734256236155113,9.205848904076486,True,19968732,89c052b2da3dc1f339f08192c1718e6e3dc109a87aadfae131cd89bbfbb516dd,80f2c93a69afc52bfb495523ecfb16304fdf5e65589d71d5ea09c59ae12d2347,40b3cb202b71b88c2382a11387737c8b6fa36cd754dfbb7718c0c98387f03f8b,1
40,83,3,1.2496216297149658,1.486681342124939,215.80319213867188,-214.31651079654694,-214.5535705089569,214.5535705089569,0.0024519546184604557,8.689463429917632,9.033929154349346,True,19968732,89c052b2da3dc1f339f08192c1718e6e3dc109a87aadfae131cd89bbfbb516dd,80f2c93a69afc52bfb495523ecfb16304fdf5e65589d71d5ea09c59ae12d2347,2b0454e6624355bb906be9c304f2c6f5d1f87ae3dc3438cef12eb9f1fbdb7280,1
40,83,4,1.2496216297149658,1.3138704299926758,50.069461822509766,-48.75559139251709,-48.8198401927948,48.8198401927948,-0.0011186618452703743,8.709011515216467,9.086787230378969,True,19968732,89c052b2da3dc1f339f08192c1718e6e3dc109a87aadfae131cd89bbfbb516dd,80f2c93a69afc52bfb495523ecfb16304fdf5e65589d71d5ea09c59ae12d2347,80549631d7f5694177eb970b0c4bb154d68429ddb79755305f5d1e29d5aa7d1f,1
40,83,5,1.2496216297149658,1.4544978141784668,194.21725463867188,-192.7627568244934,-192.9676330089569,192.9676330089569,0.002291542279052991,7.846318251483023,8.994654712468154,True,19968732,89c052b2da3dc1f339f08192c1718e6e3dc109a87aadfae131cd89bbfbb516dd,80f2c93a69afc52bfb495523ecfb16304fdf5e65589d71d5ea09c59ae12d2347,187488335a942a4e0bc6515fe57d994185f5fc837a633e95d277132d944ffdd8,1
40,83,6,1.2496216297149658,1.2851853370666504,194.91062927246094,-193.6254439353943,-193.66100764274597,193.66100764274597,0.0024016863867359463,8.192223875794816,8.946654641632813,True,19968732,89c052b2da3dc1f339f08192c1718e6e3dc109a87aadfae131cd89bbfbb516dd,80f2c93a69afc52bfb495523ecfb16304fdf5e65589d71d5ea09c59ae12d2347,05c4b383e23f97797426089e23f38f11ef3e9314af7742feaa62b46e485dcdd8,1
40,83,7,1.2496216297149658,1.4222922325134277,172.70559692382812,-171.2833046913147,-171.45597529411316,171.45597529411316,0.0004657131749909671,7.900458345140366,9.098432412406735,True,19968732,89c052b2da3dc1f339f08192c1718e6e3dc109a87aadfae131cd89bbfbb516dd,80f2c93a69afc52bfb495523ecfb16304fdf5e65589d71d5ea09c59ae12d2347,c4c7775d5153e464c49077deebeb931d97e613c47922b64b3457c360b6a1236d,1
40,83,8,1.2496216297149658,1.5009825229644775,287.50628662109375,-286.0053040981293,-286.2566649913788,286.2566649913788,0.003095012992946865,10.207569440265027,8.942637688878108,True,19968732,89c052b2da3dc1f339f08192c1718e6e3dc109a87aadfae131cd89bbfbb516dd,80f2c93a69afc52bfb495523ecfb16304fdf5e65589d71d5ea09c59ae12d2347,29bed3fa6bbe602261445989609a0f4e86c4f6db2c826f79317d8c948af3af81,1
40,83,9,1.2496216297149658,1.5039379596710205,234.51101684570312,-233.0070788860321,-233.26139521598816,233.26139521598816,0.0018471057047883459,9.968092375873521,8.972610497266782,True,19968732,89c052b2da3dc1f339f08192c1718e6e3dc109a87aadfae131cd89bbfbb516dd,80f2c93a69afc52bfb495523ecfb16304fdf5e65589d71d5ea09c59ae12d2347,83de8df94be8a02a0315156d992a4a56f2f341c9453a591489e462a54ccdde61,1
40,93,0,0.803382158279419,1.3029351234436035,187.86038208007812,-186.55744695663452,-187.0569999217987,187.0569999217987,0.011451632563064544,9.896346787467039,8.832157932110011,True,19978702,be2a2dd1fd29da6985ea1607b0716d083ccddf6f806a9918172d895e7e1673cb,6b6114b01b57339b0cfcc5b4c4151858d87881b184d128c99504870c767290a2,0b6c6ccc41e7b977dc32090ac7a5e84532ee118a48f5ff64b08d9bb433f1a3aa,1
40,93,1,0.803382158279419,1.0860310792922974,296.7920837402344,-295.7060526609421,-295.98870158195496,295.98870158195496,0.004968230898637521,12.494286705565544,8.854749292343536,True,19978702,be2a2dd1fd29da6985ea1607b0716d083ccddf6f806a9918172d895e7e1673cb,6b6114b01b57339b0cfcc5b4c4151858d87881b184d128c99504870c767290a2,c8bac9635f50a23f914ce9caf75e6cc68f1f564fbfa4d6c44949b9d4ddd55f5c,1
40,93,2,0.803382158279419,1.4014050960540771,97.4481201171875,-96.04671502113342,-96.64473795890808,96.64473795890808,0.005634830302135536,9.290408140212291,9.205848904076486,True,19978702,be2a2dd1fd29da6985ea1607b0716d083ccddf6f806a9918172d895e7e1673cb,6b6114b01b57339b0cfcc5b4c4151858d87881b184d128c99504870c767290a2,40b3cb202b71b88c2382a11387737c8b6fa36cd754dfbb7718c0c98387f03f8b,1
40,93,3,0.803382158279419,1.125250220298767,131.08953857421875,-129.96428835391998,-130.28615641593933,130.28615641593933,0.0042562339972800865,7.565984483860156,9.033929154349346,True,19978702,be2a2dd1fd29da6985ea1607b0716d083ccddf6f806a9918172d895e7e1673cb,6b6114b01b57339b0cfcc5b4c4151858d87881b184d128c99504870c767290a2,2b0454e6624355bb906be9c304f2c6f5d1f87ae3dc3438cef12eb9f1fbdb7280,1
40,93,4,0.803382158279419,0.8639945983886719,64.17747497558594,-63.313480377197266,-63.37409281730652,63.37409281730652,0.0002703638026951315,8.48562197952563,9.086787230378969,True,19978702,be2a2dd1fd29da6985ea1607b0716d083ccddf6f806a9918172d895e7e1673cb,6b6114b01b57339b0cfcc5b4c4151858d87881b184d128c99504870c767290a2,80549631d7f5694177eb970b0c4bb154d68429ddb79755305f5d1e29d5aa7d1f,1
40,93,5,0.803382158279419,1.0434577465057373,99.45025634765625,-98.40679860115051,-98.64687418937683,98.64687418937683,-0.0014011392649691692,6.26058585122803,8.994654712468154,True,19978702,be2a2dd1fd29da6985ea1607b0716d083ccddf6f806a9918172d895e7e1673cb,6b6114b01b57339b0cfcc5b4c4151858d87881b184d128c99504870c767290a2,187488335a942a4e0bc6515fe57d994185f5fc837a633e95d277132d944ffdd8,1
40,93,6,0.803382158279419,1.0205028057098389,131.6428985595703,-130.62239575386047,-130.8395164012909,130.8395164012909,0.0016713129225774048,8.05886535395648,8.946654641632813,True,19978702,be2a2dd1fd29da6985ea1607b0716d083ccddf6f806a9918172d895e7e1673cb,6b6114b01b57339b0cfcc5b4c4151858d87881b184d128c99504870c767290a2,05c4b383e23f97797426089e23f38f11ef3e9314af7742feaa62b46e485dcdd8,1
40,93,7,0.803382158279419,1.0263698101043701,137.3181610107422,-136.29179120063782,-136.51477885246277,136.51477885246277,-5.1530092809335e-05,9.684741617032554,9.098432412406735,True,19978702,be2a2dd1fd29da6985ea1607b0716d083ccddf6f806a9918172d895e7e1673cb,6b6114b01b57339b0cfcc5b4c4151858d87881b184d128c99504870c767290a2,c4c7775d5153e464c49077deebeb931d97e613c47922b64b3457c360b6a1236d,1
40,93,8,0.803382158279419,1.1565790176391602,139.0028533935547,-137.84627437591553,-138.19947123527527,138.19947123527527,0.0021408835624443243,9.375215520337322,8.942637688878108,True,19978702,be2a2dd1fd29da6985ea1607b0716d083ccddf6f806a9918172d895e7e1673cb,6b6114b01b57339b0cfcc5b4c4151858d87881b184d128c99504870c767290a2,29bed3fa6bbe602261445989609a0f4e86c4f6db2c826f79317d8c948af3af81,1
40,93,9,0.803382158279419,1.1926379203796387,167.92727661132812,-166.7346386909485,-167.1238944530487,167.1238944530487,0.0019082755945521541,10.051798982818973,8.972610497266782,True,19978702,be2a2dd1fd29da6985ea1607b0716d083ccddf6f806a9918172d895e7e1673cb,6b6114b01b57339b0cfcc5b4c4151858d87881b184d128c99504870c767290a2,83de8df94be8a02a0315156d992a4a56f2f341c9453a591489e462a54ccdde61,1
40,34,0,1.353447437286377,1.781301498413086,172.1367645263672,-170.3554630279541,-170.7833170890808,170.7833170890808,0.010996733165268193,9.9769452550778,8.832157932110011,True,19919879,9b01ea933e9cabbd3a71a0825bb9503c5e31758dd2d72e9623e66807b8431f55,fbe80ad529ef7bf57b715661942a54e36338e64eb11e4489ef08d8c357d1ead9,0b6c6ccc41e7b977dc32090ac7a5e84532ee118a48f5ff64b08d9bb433f1a3aa,1
40,34,1,1.353447437286377,1.6064989566802979,254.7568359375,-253.1503369808197,-253.40338850021362,253.40338850021362,0.007669343398452778,13.276071438773208,8.854749292343536,True,19919879,9b01ea933e9cabbd3a71a0825bb9503c5e31758dd2d72e9623e66807b8431f55,fbe80ad529ef7bf57b715661942a54e36338e64eb11e4489ef08d8c357d1ead9,c8bac9635f50a23f914ce9caf75e6cc68f1f564fbfa4d6c44949b9d4ddd55f5c,1
40,34,2,1.353447437286377,1.7612090110778809,207.93174743652344,-206.17053842544556,-206.57829999923706,206.57829999923706,0.00560438746758675,9.879367185081598,9.205848904076486,True,19919879,9b01ea933e9cabbd3a71a0825bb9503c5e31758dd2d72e9623e66807b8431f55,fbe80ad529ef7bf57b715661942a54e36338e64eb11e4489ef08d8c357d1ead9,40b3cb202b71b88c2382a11387737c8b6fa36cd754dfbb7718c0c98387f03f8b,1
40,34,3,1.353447437286377,1.5801628828048706,157.97039794921875,-156.39023506641388,-156.61695051193237,156.61695051193237,0.0014982471274446454,8.431515444404514,9.033929154349346,True,19919879,9b01ea933e9cabbd3a71a0825bb9503c5e31758dd2d72e9623e66807b8431f55,fbe80ad529ef7bf57b715661942a54e36338e64eb11e4489ef08d8c357d1ead9,2b0454e6624355bb906be9c304f2c6f5d1f87ae3dc3438cef12eb9f1fbdb7280,1
40,34,4,1.353447437286377,1.452186942100525,118.31375122070312,-116.8615642786026,-116.96030378341675,116.96030378341675,0.0042452319387711,8.919306176264602,9.086787230378969,True,19919879,9b01ea933e9cabbd3a71a0825bb9503c5e31758dd2d72e9623e66807b8431f55,fbe80ad529ef7bf57b715661942a54e36338e64eb11e4489ef08d8c357d1ead9,80549631d7f5694177eb970b0c4bb154d68429ddb79755305f5d1e29d5aa7d1f,1
40,34,5,1.353447437286377,1.5191702842712402,195.151123046875,-193.63195276260376,-193.79767560958862,193.79767560958862,0.0037903789300891924,6.9026831473623345,8.994654712468154,True,19919879,9b01ea933e9cabbd3a71a0825bb9503c5e31758dd2d72e9623e66807b8431f55,fbe80ad529ef7bf57b715661942a54e36338e64eb11e4489ef08d8c357d1ead9,187488335a942a4e0bc6515fe57d994185f5fc837a633e95d277132d944ffdd8,1
40,34,6,1.353447437286377,1.6003299951553345,193.46664428710938,-191.86631429195404,-192.113196849823,192.113196849823,0.0014545639322034595,8.599300188571341,8.946654641632813,True,19919879,9b01ea933e9cabbd3a71a0825bb9503c5e31758dd2d72e9623e66807b8431f55,fbe80ad529ef7bf57b715661942a54e36338e64eb11e4489ef08d8c357d1ead9,05c4b383e23f97797426089e23f38f11ef3e9314af7742feaa62b46e485dcdd8,1
40,34,7,1.353447437286377,1.3720444440841675,186.48974609375,-185.11770164966583,-185.13629865646362,185.13629865646362,0.001664242185390032,9.342165488731931,9.098432412406735,True,19919879,9b01ea933e9cabbd3a71a0825bb9503c5e31758dd2d72e9623e66807b8431f55,fbe80ad529ef7bf57b715661942a54e36338e64eb11e4489ef08d8c357d1ead9,c4c7775d5153e464c49077deebeb931d97e613c47922b64b3457c360b6a1236d,1
40,34,8,1.353447437286377,1.6214163303375244,199.5264892578125,-197.90507292747498,-198.17304182052612,198.17304182052612,0.005766018326748786,9.50311304580536,8.942637688878108,True,19919879,9b01ea933e9cabbd3a71a0825bb9503c5e31758dd2d72e9623e66807b8431f55,fbe80ad529ef7bf57b715661942a54e36338e64eb11e4489ef08d8c357d1ead9,29bed3fa6bbe602261445989609a0f4e86c4f6db2c826f79317d8c948af3af81,1
40,34,9,1.353447437286377,1.779676914215088,187.35658264160156,-185.57690572738647,-186.00313520431519,186.00313520431519,0.0019802958075636943,8.668102084994425,8.972610497266782,True,19919879,9b01ea933e9cabbd3a71a0825bb9503c5e31758dd2d72e9623e66807b8431f55,fbe80ad529ef7bf57b715661942a54e36338e64eb11e4489ef08d8c357d1ead9,83de8df94be8a02a0315156d992a4a56f2f341c9453a591489e462a54ccdde61,1
40,60,0,1.3366891145706177,1.7525360584259033,79.41326141357422,-77.66072535514832,-78.0765722990036,78.0765722990036,0.006416807976395897,6.156521475038269,8.832157932110011,True,19945801,6ee8502c8bc872cc07e9fe36e41f87a1b476883b45a137a3385d501206b72e6f,ad72e0e2ef46509bd4daf0accafd2f58f7fd236ececc8e42bad7e93ee3d64109,0b6c6ccc41e7b977dc32090ac7a5e84532ee118a48f5ff64b08d9bb433f1a3aa,1
40,60,1,1.3366891145706177,2.036942481994629,102.79972839355469,-100.76278591156006,-101.46303927898407,101.46303927898407,0.011312347228920988,11.007915209516334,8.854749292343536,True,19945801,6ee8502c8bc872cc07e9fe36e41f87a1b476883b45a137a3385d501206b72e6f,ad72e0e2ef46509bd4daf0accafd2f58f7fd236ececc8e42bad7e93ee3d64109,c8bac9635f50a23f914ce9caf75e6cc68f1f564fbfa4d6c44949b9d4ddd55f5c,1
40,60,2,1.3366891145706177,1.4095382690429688,90.58755493164062,-89.17801666259766,-89.25086581707001,89.25086581707001,0.00786946814476857,7.461203944192748,9.205848904076486,True,19945801,6ee8502c8bc872cc07e9fe36e41f87a1b476883b45a137a3385d501206b72e6f,ad72e0e2ef46509bd4daf0accafd2f58f7fd236ececc8e42bad7e93ee3d64109,40b3cb202b71b88c2382a11387737c8b6fa36cd754dfbb7718c0c98387f03f8b,1
40,60,3,1.3366891145706177,1.5916926860809326,72.84169006347656,-71.24999737739563,-71.50500094890594,71.50500094890594,0.005774686847569058,7.154329865282115,9.033929154349346,True,19945801,6ee8502c8bc872cc07e9fe36e41f87a1b476883b45a137a3385d501206b72e6f,ad72e0e2ef46509bd4daf0accafd2f58f7fd236ececc8e42bad7e93ee3d64109,2b0454e6624355bb906be9c304f2c6f5d1f87ae3dc3438cef12eb9f1fbdb7280,1
40,60,4,1.3366891145706177,1.5085985660552979,53.73613357543945,-52.227535009384155,-52.399444460868835,52.399444460868835,0.001166162179862006,6.846913534927232,9.086787230378969,True,19945801,6ee8502c8bc872cc07e9fe36e41f87a1b476883b45a137a3385d501206b72e6f,ad72e0e2ef46509bd4daf0accafd2f58f7fd236ececc8e42bad7e93ee3d64109,80549631d7f5694177eb970b0c4bb154d68429ddb79755305f5d1e29d5aa7d1f,1
40,60,5,1.3366891145706177,1.4091370105743408,60.328102111816406,-58.918965101242065,-58.99141299724579,58.99141299724579,0.006621295215533917,5.741182363517248,8.994654712468154,True,19945801,6ee8502c8bc872cc07e9fe36e41f87a1b476883b45a137a3385d501206b72e6f,ad72e0e2ef46509bd4daf0accafd2f58f7fd236ececc8e42bad7e93ee3d64109,187488335a942a4e0bc6515fe57d994185f5fc837a633e95d277132d944ffdd8,1
40,60,6,1.3366891145706177,1.4973173141479492,66.57234191894531,-65.07502460479736,-65.2356528043747,65.2356528043747,0.0048973934741241,6.0992509187985595,8.946654641632813,True,19945801,6ee8502c8bc872cc07e9fe36e41f87a1b476883b45a137a3385d501206b72e6f,ad72e0e2ef46509bd4daf0accafd2f58f7fd236ececc8e42bad7e93ee3d64109,05c4b383e23f97797426089e23f38f11ef3e9314af7742feaa62b46e485dcdd8,1
40,60,7,1.3366891145706177,1.6064428091049194,79.63768005371094,-78.03123724460602,-78.30099093914032,78.30099093914032,0.0010774452241980495,7.356034925616051,9.098432412406735,True,19945801,6ee8502c8bc872cc07e9fe36e41f87a1b476883b45a137a3385d501206b72e6f,ad72e0e2ef46509bd4daf0accafd2f58f7fd236ececc8e42bad7e93ee3d64109,c4c7775d5153e464c49077deebeb931d97e613c47922b64b3457c360b6a1236d,1
40,60,8,1.3366891145706177,1.3769574165344238,92.62812805175781,-91.25117063522339,-91.2914389371872,91.2914389371872,-0.001448001155068661,8.242979558636195,8.942637688878108,True,19945801,6ee8502c8bc872cc07e9fe36e41f87a1b476883b45a137a3385d501206b72e6f,ad72e0e2ef46509bd4daf0accafd2f58f7fd236ececc8e42bad7e93ee3d64109,29bed3fa6bbe602261445989609a0f4e86c4f6db2c826f79317d8c948af3af81,1
40,60,9,1.3366891145706177,1.2942962646484375,71.4561996459961,-70.16190338134766,-70.11951053142548,70.11951053142548,-0.005148622362553057,6.490146353548722,8.972610497266782,True,19945801,6ee8502c8bc872cc07e9fe36e41f87a1b476883b45a137a3385d501206b72e6f,ad72e0e2ef46509bd4daf0accafd2f58f7fd236ececc8e42bad7e93ee3d64109,83de8df94be8a02a0315156d992a4a56f2f341c9453a591489e462a54ccdde61,1
40,90,0,1.33390212059021,1.5692609548568726,110.86027526855469,-109.29101431369781,-109.52637314796448,109.52637314796448,-0.00016810794788295558,8.800039939088098,8.832157932110011,True,19975711,d60f418561b5e111e80c5bd02ab9be891751af1d3cea7b9bc94c5a40ce7517d6,46fc1433dde8319e2f05a2e793160bd2ccfcc09c055477aa3ed71cd977f864c8,0b6c6ccc41e7b977dc32090ac7a5e84532ee118a48f5ff64b08d9bb433f1a3aa,1
40,90,1,1.33390212059021,1.8110520839691162,138.24993896484375,-136.43888688087463,-136.91603684425354,136.91603684425354,0.009017349785698982,13.120005345027627,8.854749292343536,True,19975711,d60f418561b5e111e80c5bd02ab9be891751af1d3cea7b9bc94c5a40ce7517d6,46fc1433dde8319e2f05a2e793160bd2ccfcc09c055477aa3ed71cd977f864c8,c8bac9635f50a23f914ce9caf75e6cc68f1f564fbfa4d6c44949b9d4ddd55f5c,1
40,90,2,1.33390212059021,1.9743678569793701,110.61817932128906,-108.64381146430969,-109.28427720069885,109.28427720069885,0.012247702632790337,10.135288271960768,9.205848904076486,True,19975711,d60f418561b5e111e80c5bd02ab9be891751af1d3cea7b9bc94c5a40ce7517d6,46fc1433dde8319e2f05a2e793160bd2ccfcc09c055477aa3ed71cd977f864c8,40b3cb202b71b88c2382a11387737c8b6fa36cd754dfbb7718c0c98387f03f8b,1
40,90,3,1.33390212059021,1.4434103965759277,108.0506820678711,-106.60727167129517,-106.71677994728088,106.71677994728088,0.0048494892349991775,6.72333344761004,9.033929154349346,True,19975711,d60f418561b5e111e80c5bd02ab9be891751af1d3cea7b9bc94c5a40ce7517d6,46fc1433dde8319e2f05a2e793160bd2ccfcc09c055477aa3ed71cd977f864c8,2b0454e6624355bb906be9c304f2c6f5d1f87ae3dc3438cef12eb9f1fbdb7280,1
40,90,4,1.33390212059021,1.7303067445755005,116.45233154296875,-114.72202479839325,-115.11842942237854,115.11842942237854,0.0026121485782165305,9.997928023853893,9.086787230378969,True,19975711,d60f418561b5e111e80c5bd02ab9be891751af1d3cea7b9bc94c5a40ce7517d6,46fc1433dde8319e2f05a2e793160bd2ccfcc09c055477aa3ed71cd977f864c8,80549631d7f5694177eb970b0c4bb154d68429ddb79755305f5d1e29d5aa7d1f,1
40,90,5,1.33390212059021,1.5528216361999512,96.59153747558594,-95.03871583938599,-95.25763535499573,95.25763535499573,0.008796786652724351,10.021251566878643,8.994654712468154,True,19975711,d60f418561b5e111e80c5bd02ab9be891751af1d3cea7b9bc94c5a40ce7517d6,46fc1433dde8319e2f05a2e793160bd2ccfcc09c055477aa3ed71cd977f864c8,187488335a942a4e0bc6515fe57d994185f5fc837a633e95d277132d944ffdd8,1
40,90,6,1.33390212059021,1.4492268562316895,84.17033386230469,-82.721107006073,-82.83643174171448,82.83643174171448,0.0032782121124935283,8.607159411438879,8.946654641632813,True,19975711,d60f418561b5e111e80c5bd02ab9be891751af1d3cea7b9bc94c5a40ce7517d6,46fc1433dde8319e2f05a2e793160bd2ccfcc09c055477aa3ed71cd977f864c8,05c4b383e23f97797426089e23f38f11ef3e9314af7742feaa62b46e485dcdd8,1
40,90,7,1.33390212059021,1.2873616218566895,116.78141021728516,-115.49404859542847,-115.44750809669495,115.44750809669495,-0.002055629443225528,8.907645192144813,9.098432412406735,True,19975711,d60f418561b5e111e80c5bd02ab9be891751af1d3cea7b9bc94c5a40ce7517d6,46fc1433dde8319e2f05a2e793160bd2ccfcc09c055477aa3ed71cd977f864c8,c4c7775d5153e464c49077deebeb931d97e613c47922b64b3457c360b6a1236d,1
40,90,8,1.33390212059021,1.7416231632232666,119.38311767578125,-117.64149451255798,-118.04921555519104,118.04921555519104,0.002592943739245638,11.482814057926463,8.942637688878108,True,19975711,d60f418561b5e111e80c5bd02ab9be891751af1d3cea7b9bc94c5a40ce7517d6,46fc1433dde8319e2f05a2e793160bd2ccfcc09c055477aa3ed71cd977f864c8,29bed3fa6bbe602261445989609a0f4e86c4f6db2c826f79317d8c948af3af81,1
40,90,9,1.33390212059021,1.3778831958770752,110.68033599853516,-109.30245280265808,-109.34643387794495,109.34643387794495,-0.00411820129164397,8.636923728394745,8.972610497266782,True,19975711,d60f418561b5e111e80c5bd02ab9be891751af1d3cea7b9bc94c5a40ce7517d6,46fc1433dde8319e2f05a2e793160bd2ccfcc09c055477aa3ed71cd977f864c8,83de8df94be8a02a0315156d992a4a56f2f341c9453a591489e462a54ccdde61,1
40,45,0,1.654198408126831,2.0517053604125977,23.103240966796875,-21.051535606384277,-21.449042558670044,21.449042558670044,0.0034915156905439234,7.756709531784019,8.832157932110011,True,19930846,398069cd62930e787dea6e0f29c86cb0e464df5ac84187863504ebcb9dff54df,95f59ed5d47edc46430d21041c134a760cd7463c5b104ef16f49f07da4762f77,0b6c6ccc41e7b977dc32090ac7a5e84532ee118a48f5ff64b08d9bb433f1a3aa,1
40,45,1,1.654198408126831,2.19246768951416,34.66133499145508,-32.46886730194092,-33.00713658332825,33.00713658332825,0.012805933432848828,11.815696861639067,8.854749292343536,True,19930846,398069cd62930e787dea6e0f29c86cb0e464df5ac84187863504ebcb9dff54df,95f59ed5d47edc46430d21041c134a760cd7463c5b104ef16f49f07da4762f77,c8bac9635f50a23f914ce9caf75e6cc68f1f564fbfa4d6c44949b9d4ddd55f5c,1
40,45,2,1.654198408126831,2.1105947494506836,34.85077667236328,-32.7401819229126,-33.19657826423645,33.19657826423645,0.011906758375961196,7.503746597433946,9.205848904076486,True,19930846,398069cd62930e787dea6e0f29c86cb0e464df5ac84187863504ebcb9dff54df,95f59ed5d47edc46430d21041c134a760cd7463c5b104ef16f49f07da4762f77,40b3cb202b71b88c2382a11387737c8b6fa36cd754dfbb7718c0c98387f03f8b,1
40,45,3,1.654198408126831,1.7349085807800293,32.07797622680664,-30.34306764602661,-30.42377781867981,30.42377781867981,0.0063473195932578965,6.339262669345672,9.033929154349346,True,19930846,398069cd62930e787dea6e0f29c86cb0e464df5ac84187863504ebcb9dff54df,95f59ed5d47edc46430d21041c134a760cd7463c5b104ef16f49f07da4762f77,2b0454e6624355bb906be9c304f2c6f5d1f87ae3dc3438cef12eb9f1fbdb7280,1
40,45,4,1.654198408126831,2.1768994331359863,29.20677947998047,-27.029880046844482,-27.552581071853638,27.552581071853638,0.0034484766937794347,6.877537275192563,9.086787230378969,True,19930846,398069cd62930e787dea6e0f29c86cb0e464df5ac84187863504ebcb9dff54df,95f59ed5d47edc46430d21041c134a760cd7463c5b104ef16f49f07da4762f77,80549631d7f5694177eb970b0c4bb154d68429ddb79755305f5d1e29d5aa7d1f,1
40,45,5,1.654198408126831,1.8723363876342773,26.012489318847656,-24.14015293121338,-24.358290910720825,24.358290910720825,0.010276925475373852,8.952360456676608,8.994654712468154,True,19930846,398069cd62930e787dea6e0f29c86cb0e464df5ac84187863504ebcb9dff54df,95f59ed5d47edc46430d21041c134a760cd7463c5b104ef16f49f07da4762f77,187488335a942a4e0bc6515fe57d994185f5fc837a633e95d277132d944ffdd8,1
40,45,6,1.654198408126831,1.758852481842041,26.19852066040039,-24.43966817855835,-24.54432225227356,24.54432225227356,0.0038386320845079634,6.545842748474118,8.946654641632813,True,19930846,398069cd62930e787dea6e0f29c86cb0e464df5ac84187863504ebcb9dff54df,95f59ed5d47edc46430d21041c134a760cd7463c5b104ef16f49f07da4762f77,05c4b383e23f97797426089e23f38f11ef3e9314af7742feaa62b46e485dcdd8,1
40,45,7,1.654198408126831,1.5931246280670166,21.145830154418945,-19.55270552635193,-19.491631746292114,19.491631746292114,0.007024639073787375,8.858285323467339,9.098432412406735,True,19930846,398069cd62930e787dea6e0f29c86cb0e464df5ac84187863504ebcb9dff54df,95f59ed5d47edc46430d21041c134a760cd7463c5b104ef16f49f07da4762f77,c4c7775d5153e464c49077deebeb931d97e613c47922b64b3457c360b6a1236d,1
40,45,8,1.654198408126831,1.9577372074127197,31.4062442779541,-29.448507070541382,-29.75204586982727,29.75204586982727,0.002701367087252329,8.337496749173425,8.942637688878108,True,19930846,398069cd62930e787dea6e0f29c86cb0e464df5ac84187863504ebcb9dff54df,95f59ed5d47edc46430d21041c134a760cd7463c5b104ef16f49f07da4762f77,29bed3fa6bbe602261445989609a0f4e86c4f6db2c826f79317d8c948af3af81,1
40,45,9,1.654198408126831,1.49313223361969,30.914350509643555,-29.421218276023865,-29.260152101516724,29.260152101516724,-0.000706925959514764,7.781304841967303,8.972610497266782,True,19930846,398069cd62930e787dea6e0f29c86cb0e464df5ac84187863504ebcb9dff54df,95f59ed5d47edc46430d21041c134a760cd7463c5b104ef16f49f07da4762f77,83de8df94be8a02a0315156d992a4a56f2f341c9453a591489e462a54ccdde61,1
40,42,0,1.8779022693634033,2.5667638778686523,476.9914855957031,-474.4247217178345,-475.1135833263397,475.1135833263397,0.008724988490997346,12.597817150126964,8.832157932110011,True,19927855,9e3acdaef5b717345d09bf99e89e762ba7c417040b8d60fb88b2f7a073224482,96a8a379d22bce94073d5310e10f68a7100baf2cd6d34b5e4e316f1461eb85c0,0b6c6ccc41e7b977dc32090ac7a5e84532ee118a48f5ff64b08d9bb433f1a3aa,1
40,42,1,1.8779022693634033,2.82350754737854,786.5028686523438,-783.6793611049652,-784.6249663829803,784.6249663829803,0.010082909926570382,18.48189842917299,8.854749292343536,True,19927855,9e3acdaef5b717345d09bf99e89e762ba7c417040b8d60fb88b2f7a073224482,96a8a379d22bce94073d5310e10f68a7100baf2cd6d34b5e4e316f1461eb85c0,c8bac9635f50a23f914ce9caf75e6cc68f1f564fbfa4d6c44949b9d4ddd55f5c,1
40,42,2,1.8779022693634033,2.0413589477539062,510.1072998046875,-508.0659408569336,-508.2293975353241,508.2293975353241,0.006671200210965947,10.960756532922343,9.205848904076486,True,19927855,9e3acdaef5b717345d09bf99e89e762ba7c417040b8d60fb88b2f7a073224482,96a8a379d22bce94073d5310e10f68a7100baf2cd6d34b5e4e316f1461eb85c0,40b3cb202b71b88c2382a11387737c8b6fa36cd754dfbb7718c0c98387f03f8b,1
40,42,3,1.8779022693634033,2.2896854877471924,420.9212646484375,-418.6315791606903,-419.0433623790741,419.0433623790741,0.00445057353106758,11.867532288626663,9.033929154349346,True,19927855,9e3acdaef5b717345d09bf99e89e762ba7c417040b8d60fb88b2f7a073224482,96a8a379d22bce94073d5310e10f68a7100baf2cd6d34b5e4e316f1461eb85c0,2b0454e6624355bb906be9c304f2c6f5d1f87ae3dc3438cef12eb9f1fbdb7280,1
40,42,4,1.8779022693634033,2.09202241897583,366.629638671875,-364.53761625289917,-364.7517364025116,364.7517364025116,0.0020145530515221443,12.566215552139408,9.086787230378969,True,19927855,9e3acdaef5b717345d09bf99e89e762ba7c417040b8d60fb88b2f7a073224482,96a8a379d22bce94073d5310e10f68a7100baf2cd6d34b5e4e316f1461eb85c0,80549631d7f5694177eb970b0c4bb154d68429ddb79755305f5d1e29d5aa7d1f,1
40,42,5,1.8779022693634033,2.0407323837280273,425.1551208496094,-423.11438846588135,-423.277218580246,423.277218580246,0.0030295257960436203,10.129680258766612,8.994654712468154,True,19927855,9e3acdaef5b717345d09bf99e89e762ba7c417040b8d60fb88b2f7a073224482,96a8a379d22bce94073d5310e10f68a7100baf2cd6d34b5e4e316f1461eb85c0,187488335a942a4e0bc6515fe57d994185f5fc837a633e95d277132d944ffdd8,1
40,42,6,1.8779022693634033,2.116203784942627,369.92144775390625,-367.8052439689636,-368.04354548454285,368.04354548454285,0.004111602433320048,8.735172171737263,8.946654641632813,True,19927855,9e3acdaef5b717345d09bf99e89e762ba7c417040b8d60fb88b2f7a073224482,96a8a379d22bce94073d5310e10f68a7100baf2cd6d34b5e4e316f1461eb85c0,05c4b383e23f97797426089e23f38f11ef3e9314af7742feaa62b46e485dcdd8,1
40,42,7,1.8779022693634033,2.065911293029785,445.5684814453125,-443.5025701522827,-443.6905791759491,443.6905791759491,0.004978755337552954,12.766273012939163,9.098432412406735,True,19927855,9e3acdaef5b717345d09bf99e89e762ba7c417040b8d60fb88b2f7a073224482,96a8a379d22bce94073d5310e10f68a7100baf2cd6d34b5e4e316f1461eb85c0,c4c7775d5153e464c49077deebeb931d97e613c47922b64b3457c360b6a1236d,1
40,42,8,1.8779022693634033,2.324824094772339,529.6961669921875,-527.3713428974152,-527.8182647228241,527.8182647228241,0.005942777642453577,12.342984709308748,8.942637688878108,True,19927855,9e3acdaef5b717345d09bf99e89e762ba7c417040b8d60fb88b2f7a073224482,96a8a379d22bce94073d5310e10f68a7100baf2cd6d34b5e4e316f1461eb85c0,29bed3fa6bbe602261445989609a0f4e86c4f6db2c826f79317d8c948af3af81,1
40,42,9,1.8779022693634033,2.223573923110962,565.3623046875,-563.138730764389,-563.4844024181366,563.4844024181366,0.00036299448410375605,9.4040569813069,8.972610497266782,True,19927855,9e3acdaef5b717345d09bf99e89e762ba7c417040b8d60fb88b2f7a073224482,96a8a379d22bce94073d5310e10f68a7100baf2cd6d34b5e4e316f1461eb85c0,83de8df94be8a02a0315156d992a4a56f2f341c9453a591489e462a54ccdde61,1
40,41,0,0.9925819635391235,1.454432487487793,233.9749298095703,-232.52049732208252,-232.9823478460312,232.9823478460312,0.011411432792648314,11.091784860651615,8.832157932110011,True,19926858,8729eb1121d09abe29eacbe9ff99c9d925ec0b30ca58f9ca817feb75c6863ead,5184cbfc6c2a55bde7b6d5764add2336362103136d1fed692f9ae10403a33541,0b6c6ccc41e7b977dc32090ac7a5e84532ee118a48f5ff64b08d9bb433f1a3aa,1
40,41,1,0.9925819635391235,1.8442018032073975,257.4874572753906,-255.64325547218323,-256.4948753118515,256.4948753118515,0.011157989953894085,15.147558038667766,8.854749292343536,True,19926858,8729eb1121d09abe29eacbe9ff99c9d925ec0b30ca58f9ca817feb75c6863ead,5184cbfc6c2a55bde7b6d5764add2336362103136d1fed692f9ae10403a33541,c8bac9635f50a23f914ce9caf75e6cc68f1f564fbfa4d6c44949b9d4ddd55f5c,1
40,41,2,0.9925819635391235,1.3756096363067627,123.25526428222656,-121.8796546459198,-122.26268231868744,122.26268231868744,0.004926349038110837,10.373925108795778,9.205848904076486,True,19926858,8729eb1121d09abe29eacbe9ff99c9d925ec0b30ca58f9ca817feb75c6863ead,5184cbfc6c2a55bde7b6d5764add2336362103136d1fed692f9ae10403a33541,40b3cb202b71b88c2382a11387737c8b6fa36cd754dfbb7718c0c98387f03f8b,1
40,41,3,0.9925819635391235,1.2799339294433594,152.7052764892578,-151.42534255981445,-151.7126945257187,151.7126945257187,0.00604826865772605,7.521268245104419,9.033929154349346,True,19926858,8729eb1121d09abe29eacbe9ff99c9d925ec0b30ca58f9ca817feb75c6863ead,5184cbfc6c2a55bde7b6d5764add2336362103136d1fed692f9ae10403a33541,2b0454e6624355bb906be9c304f2c6f5d1f87ae3dc3438cef12eb9f1fbdb7280,1
40,41,4,0.9925819635391235,1.2502317428588867,31.52444839477539,-30.274216651916504,-30.531866431236267,30.531866431236267,0.0002689684038369026,9.264293898001396,9.086787230378969,True,19926858,8729eb1121d09abe29eacbe9ff99c9d925ec0b30ca58f9ca817feb75c6863ead,5184cbfc6c2a55bde7b6d5764add2336362103136d1fed692f9ae10403a33541,80549631d7f5694177eb970b0c4bb154d68429ddb79755305f5d1e29d5aa7d1f,1
40,41,5,0.9925819635391235,1.2040221691131592,128.7105712890625,-127.50654911994934,-127.71798932552338,127.71798932552338,0.003659525010086958,8.79312060684685,8.994654712468154,True,19926858,8729eb1121d09abe29eacbe9ff99c9d925ec0b30ca58f9ca817feb75c6863ead,5184cbfc6c2a55bde7b6d5764add2336362103136d1fed692f9ae10403a33541,187488335a942a4e0bc6515fe57d994185f5fc837a633e95d277132d944ffdd8,1
40,41,6,0.9925819635391235,1.137611985206604,119.44075775146484,-118.30314576625824,-118.44817578792572,118.44817578792572,-1.2456303532405567e-05,7.396923650562697,8.946654641632813,True,19926858,8729eb1121d09abe29eacbe9ff99c9d925ec0b30ca58f9ca817feb75c6863ead,5184cbfc6c2a55bde7b6d5764add2336362103136d1fed692f9ae10403a33541,05c4b383e23f97797426089e23f38f11ef3e9314af7742feaa62b46e485dcdd8,1
40,41,7,0.9925819635391235,1.1113662719726562,161.06729125976562,-159.95592498779297,-160.0747092962265,160.0747092962265,0.005082479258790155,7.477185497572202,9.098432412406735,True,19926858,8729eb1121d09abe29eacbe9ff99c9d925ec0b30ca58f9ca817feb75c6863ead,5184cbfc6c2a55bde7b6d5764add2336362103136d1fed692f9ae10403a33541,c4c7775d5153e464c49077deebeb931d97e613c47922b64b3457c360b6a1236d,1
40,41,8,0.9925819635391235,1.4275944232940674,159.55917358398438,-158.1315791606903,-158.56659162044525,158.56659162044525,0.007006030936340955,8.859581916782552,8.942637688878108,True,19926858,8729eb1121d09abe29eacbe9ff99c9d925ec0b30ca58f9ca817feb75c6863ead,5184cbfc6c2a55bde7b6d5764add2336362103136d1fed692f9ae10403a33541,29bed3fa6bbe602261445989609a0f4e86c4f6db2c826f79317d8c948af3af81,1
40,41,9,0.9925819635391235,1.520674228668213,163.94329833984375,-162.42262411117554,-162.95071637630463,162.95071637630463,-0.0004257922535902141,10.575979715622836,8.972610497266782,True,19926858,8729eb1121d09abe29eacbe9ff99c9d925ec0b30ca58f9ca817feb75c6863ead,5184cbfc6c2a55bde7b6d5764add2336362103136d1fed692f9ae10403a33541,83de8df94be8a02a0315156d992a4a56f2f341c9453a591489e462a54ccdde61,1
40,91,0,1.6912914514541626,2.4199390411376953,632.978515625,-630.5585765838623,-631.2872241735458,631.2872241735458,0.006198623429080637,12.91362056024931,8.832157932110011,True,19976708,ffd76308022228ea01cab35cf050c0a9d65036295e26b86b3cdd71f307d531e7,2db3756a90e5111ad35b5ea76610b8cde4694cd384fed17af02b5a9f5b30cd14,0b6c6ccc41e7b977dc32090ac7a5e84532ee118a48f5ff64b08d9bb433f1a3aa,1
40,91,1,1.6912914514541626,2.7069244384765625,832.3516845703125,-829.6447601318359,-830.6603931188583,830.6603931188583,0.009340653223907371,17.25261042672629,8.854749292343536,True,19976708,ffd76308022228ea01cab35cf050c0a9d65036295e26b86b3cdd71f307d531e7,2db3756a90e5111ad35b5ea76610b8cde4694cd384fed17af02b5a9f5b30cd14,c8bac9635f50a23f914ce9caf75e6cc68f1f564fbfa4d6c44949b9d4ddd55f5c,1
40,91,2,1.6912914514541626,1.9353597164154053,838.9242553710938,-836.9888956546783,-837.2329639196396,837.2329639196396,0.004762006956975742,11.95726421240066,9.205848904076486,True,19976708,ffd76308022228ea01cab35cf050c0a9d65036295e26b86b3cdd71f307d531e7,2db3756a90e5111ad35b5ea76610b8cde4694cd384fed17af02b5a9f5b30cd14,40b3cb202b71b88c2382a11387737c8b6fa36cd754dfbb7718c0c98387f03f8b,1
40,91,3,1.6912914514541626,2.475658416748047,611.4630126953125,-608.9873542785645,-609.7717212438583,609.7717212438583,0.0032110107217330776,15.21083238992998,9.033929154349346,True,19976708,ffd76308022228ea01cab35cf050c0a9d65036295e26b86b3cdd71f307d531e7,2db3756a90e5111ad35b5ea76610b8cde4694cd384fed17af02b5a9f5b30cd14,2b0454e6624355bb906be9c304f2c6f5d1f87ae3dc3438cef12eb9f1fbdb7280,1
40,91,4,1.6912914514541626,2.109431266784668,595.1678466796875,-593.0584154129028,-593.4765552282333,593.4765552282333,0.0028528041603848252,16.66575596982821,9.086787230378969,True,19976708,ffd76308022228ea01cab35cf050c0a9d65036295e26b86b3cdd71f307d531e7,2db3756a90e5111ad35b5ea76610b8cde4694cd384fed17af02b5a9f5b30cd14,80549631d7f5694177eb970b0c4bb154d68429ddb79755305f5d1e29d5aa7d1f,1
40,91,5,1.6912914514541626,2.0324089527130127,757.2735595703125,-755.2411506175995,-755.5822681188583,755.5822681188583,-0.00012959631317879656,11.431076676494277,8.994654712468154,True,19976708,ffd76308022228ea01cab35cf050c0a9d65036295e26b86b3cdd71f307d531e7,2db3756a90e5111ad35b5ea76610b8cde4694cd384fed17af02b5a9f5b30cd14,187488335a942a4e0bc6515fe57d994185f5fc837a633e95d277132d944ffdd8,1
40,91,6,1.6912914514541626,2.0900135040283203,590.0741577148438,-587.9841442108154,-588.3828662633896,588.3828662633896,0.003189232759830676,10.527049147034736,8.946654641632813,True,19976708,ffd76308022228ea01cab35cf050c0a9d65036295e26b86b3cdd71f307d531e7,2db3756a90e5111ad35b5ea76610b8cde4694cd384fed17af02b5a9f5b30cd14,05c4b383e23f97797426089e23f38f11ef3e9314af7742feaa62b46e485dcdd8,1
40,91,7,1.6912914514541626,1.9976015090942383,708.430419921875,-706.4328184127808,-706.7391284704208,706.7391284704208,0.00217060882796474,14.230572955615765,9.098432412406735,True,19976708,ffd76308022228ea01cab35cf050c0a9d65036295e26b86b3cdd71f307d531e7,2db3756a90e5111ad35b5ea76610b8cde4694cd384fed17af02b5a9f5b30cd14,c4c7775d5153e464c49077deebeb931d97e613c47922b64b3457c360b6a1236d,1
40,91,8,1.6912914514541626,2.182215929031372,835.0675659179688,-832.8853499889374,-833.3762744665146,833.3762744665146,0.002655907386532145,13.906179739408861,8.942637688878108,True,19976708,ffd76308022228ea01cab35cf050c0a9d65036295e26b86b3cdd71f307d531e7,2db3756a90e5111ad35b5ea76610b8cde4694cd384fed17af02b5a9f5b30cd14,29bed3fa6bbe602261445989609a0f4e86c4f6db2c826f79317d8c948af3af81,1
40,91,9,1.6912914514541626,1.926727533340454,914.1256103515625,-912.198882818222,-912.4343189001083,912.4343189001083,0.0012340961453890657,13.75583854673744,8.972610497266782,True,19976708,ffd76308022228ea01cab35cf050c0a9d65036295e26b86b3cdd71f307d531e7,2db3756a90e5111ad35b5ea76610b8cde4694cd384fed17af02b5a9f5b30cd14,83de8df94be8a02a0315156d992a4a56f2f341c9453a591489e462a54ccdde61,1
40,36,0,1.0044820308685303,1.7474535703659058,140.5540008544922,-138.80654728412628,-139.54951882362366,139.54951882362366,0.008269867714182706,10.945461184305367,8.832157932110011,True,19921873,6ca81770b11ae90a28339c689cdce3eeb04c71dcdbdeaa03f0c7aa85c73a10f4,e46a7616d3aae8127e7c393f62c0892fa1ce926c71cb5208fa26e3f8e4b9ef4d,0b6c6ccc41e7b977dc32090ac7a5e84532ee118a48f5ff64b08d9bb433f1a3aa,1
40,36,1,1.0044820308685303,1.6027464866638184,207.128662109375,-205.52591562271118,-206.12418007850647,206.12418007850647,0.007580520257425657,13.21074289003578,8.854749292343536,True,19921873,6ca81770b11ae90a28339c689cdce3eeb04c71dcdbdeaa03f0c7aa85c73a10f4,e46a7616d3aae8127e7c393f62c0892fa1ce926c71cb5208fa26e3f8e4b9ef4d,c8bac9635f50a23f914ce9caf75e6cc68f1f564fbfa4d6c44949b9d4ddd55f5c,1
40,36,2,1.0044820308685303,1.418837547302246,87.50953674316406,-86.09069919586182,-86.50505471229553,86.50505471229553,0.004760639283766469,10.012185061418666,9.205848904076486,True,19921873,6ca81770b11ae90a28339c689cdce3eeb04c71dcdbdeaa03f0c7aa85c73a10f4,e46a7616d3aae8127e7c393f62c0892fa1ce926c71cb5208fa26e3f8e4b9ef4d,40b3cb202b71b88c2382a11387737c8b6fa36cd754dfbb7718c0c98387f03f8b,1
40,36,3,1.0044820308685303,1.403548002243042,90.56271362304688,-89.15916562080383,-89.55823159217834,89.55823159217834,0.007691906535971909,8.69598661189049,9.033929154349346,True,19921873,6ca81770b11ae90a28339c689cdce3eeb04c71dcdbdeaa03f0c7aa85c73a10f4,e46a7616d3aae8127e7c393f62c0892fa1ce926c71cb5208fa26e3f8e4b9ef4d,2b0454e6624355bb906be9c304f2c6f5d1f87ae3dc3438cef12eb9f1fbdb7280,1
40,36,4,1.0044820308685303,0.9201662540435791,42.898231506347656,-41.97806525230408,-41.893749475479126,41.893749475479126,-0.0034524900661709896,7.164760040418744,9.086787230378969,True,19921873,6ca81770b11ae90a28339c689cdce3eeb04c71dcdbdeaa03f0c7aa85c73a10f4,e46a7616d3aae8127e7c393f62c0892fa1ce926c71cb5208fa26e3f8e4b9ef4d,80549631d7f5694177eb970b0c4bb154d68429ddb79755305f5d1e29d5aa7d1f,1
40,36,5,1.0044820308685303,1.3936693668365479,80.18751525878906,-78.79384589195251,-79.18303322792053,79.18303322792053,0.004061628308059984,7.564553525015839,8.994654712468154,True,19921873,6ca81770b11ae90a28339c689cdce3eeb04c71dcdbdeaa03f0c7aa85c73a10f4,e46a7616d3aae8127e7c393f62c0892fa1ce926c71cb5208fa26e3f8e4b9ef4d,187488335a942a4e0bc6515fe57d994185f5fc837a633e95d277132d944ffdd8,1
40,36,6,1.0044820308685303,1.116473913192749,84.98655700683594,-83.87008309364319,-83.98207497596741,83.98207497596741,0.002175472223586126,6.777723967293975,8.946654641632813,True,19921873,6ca81770b11ae90a28339c689cdce3eeb04c71dcdbdeaa03f0c7aa85c73a10f4,e46a7616d3aae8127e7c393f62c0892fa1ce926c71cb5208fa26e3f8e4b9ef4d,05c4b383e23f97797426089e23f38f11ef3e9314af7742feaa62b46e485dcdd8,1
40,36,7,1.0044820308685303,1.181751012802124,90.91073608398438,-89.72898507118225,-89.90625405311584,89.90625405311584,0.0037824445706500388,8.958447578183655,9.098432412406735,True,19921873,6ca81770b11ae90a28339c689cdce3eeb04c71dcdbdeaa03f0c7aa85c73a10f4,e46a7616d3aae8127e7c393f62c0892fa1ce926c71cb5208fa26e3f8e4b9ef4d,c4c7775d5153e464c49077deebeb931d97e613c47922b64b3457c360b6a1236d,1
40,36,8,1.0044820308685303,1.431716799736023,123.34487915039062,-121.9131623506546,-122.3403971195221,122.3403971195221,0.0052974656837567954,9.902905083008012,8.942637688878108,True,19921873,6ca81770b11ae90a28339c689cdce3eeb04c71dcdbdeaa03f0c7aa85c73a10f4,e46a7616d3aae8127e7c393f62c0892fa1ce926c71cb5208fa26e3f8e4b9ef4d,29bed3fa6bbe602261445989609a0f4e86c4f6db2c826f79317d8c948af3af81,1
40,36,9,1.0044820308685303,1.450347900390625,132.4180145263672,-130.96766662597656,-131.41353249549866,131.41353249549866,0.0006988039344659388,11.344369573135516,8.972610497266782,True,19921873,6ca81770b11ae90a28339c689cdce3eeb04c71dcdbdeaa03f0c7aa85c73a10f4,e46a7616d3aae8127e7c393f62c0892fa1ce926c71cb5208fa26e3f8e4b9ef4d,83de8df94be8a02a0315156d992a4a56f2f341c9453a591489e462a54ccdde61,1
40,83,0,1.2917935848236084,1.6393451690673828,88.23333740234375,-86.59399223327637,-86.94154381752014,86.94154381752014,0.010578353954109285,7.068972846019491,8.832157932110011,True,35454595,c0e60b7c13c149e5e978b70ee2d0788082f1445a8e5b58bff6bc613eefa348da,c1da02171e0c533f35d6d9feb1b65c84beecb2bb69eeb7f3404632b25c644b75,0b6c6ccc41e7b977dc32090ac7a5e84532ee118a48f5ff64b08d9bb433f1a3aa,2
40,83,1,1.2917935848236084,1.635179042816162,134.5452880859375,-132.91010904312134,-133.2534945011139,133.2534945011139,0.008863630808407894,10.082520829808416,8.854749292343536,True,35454595,c0e60b7c13c149e5e978b70ee2d0788082f1445a8e5b58bff6bc613eefa348da,c1da02171e0c533f35d6d9feb1b65c84beecb2bb69eeb7f3404632b25c644b75,c8bac9635f50a23f914ce9caf75e6cc68f1f564fbfa4d6c44949b9d4ddd55f5c,2
40,83,2,1.2917935848236084,1.4000047445297241,106.9661636352539,-105.56615889072418,-105.6743700504303,105.6743700504303,0.004814498403790405,6.66019278553248,9.205848904076486,True,35454595,c0e60b7c13c149e5e978b70ee2d0788082f1445a8e5b58bff6bc613eefa348da,c1da02171e0c533f35d6d9feb1b65c84beecb2bb69eeb7f3404632b25c644b75,40b3cb202b71b88c2382a11387737c8b6fa36cd754dfbb7718c0c98387f03f8b,2
40,83,3,1.2917935848236084,1.5653470754623413,85.75899505615234,-84.19364798069,-84.46720147132874,84.46720147132874,0.006796257348333614,7.712336286378397,9.033929154349346,True,35454595,c0e60b7c13c149e5e978b70ee2d0788082f1445a8e5b58bff6bc613eefa348da,c1da02171e0c533f35d6d9feb1b65c84beecb2bb69eeb7f3404632b25c644b75,2b0454e6624355bb906be9c304f2c6f5d1f87ae3dc3438cef12eb9f1fbdb7280,2
40,83,4,1.2917935848236084,1.37358558177948,79.58444213867188,-78.2108565568924,-78.29264855384827,78.29264855384827,0.002079054876132118,7.350128052500073,9.086787230378969,True,35454595,c0e60b7c13c149e5e978b70ee2d0788082f1445a8e5b58bff6bc613eefa348da,c1da02171e0c533f35d6d9feb1b65c84beecb2bb69eeb7f3404632b25c644b75,80549631d7f5694177eb970b0c4bb154d68429ddb79755305f5d1e29d5aa7d1f,2
40,83,5,1.2917935848236084,1.3626551628112793,57.0939826965332,-55.731327533721924,-55.802189111709595,55.802189111709595,0.0054937969556403945,4.891387975333277,8.994654712468154,True,35454595,c0e60b7c13c149e5e978b70ee2d0788082f1445a8e5b58bff6bc613eefa348da,c1da02171e0c533f35d6d9feb1b65c84beecb2bb69eeb7f3404632b25c644b75,187488335a942a4e0bc6515fe57d994185f5fc837a633e95d277132d944ffdd8,2
40,83,6,1.2917935848236084,1.3158106803894043,86.30706787109375,-84.99125719070435,-85.01527428627014,85.01527428627014,0.0015296778850821728,6.191570269740365,8.946654641632813,True,35454595,c0e60b7c13c149e5e978b70ee2d0788082f1445a8e5b58bff6bc613eefa348da,c1da02171e0c533f35d6d9feb1b65c84beecb2bb69eeb7f3404632b25c644b75,05c4b383e23f97797426089e23f38f11ef3e9314af7742feaa62b46e485dcdd8,2
40,83,7,1.2917935848236084,1.3776648044586182,77.95500183105469,-76.57733702659607,-76.66320824623108,76.66320824623108,0.0032286305035004923,6.519974982384769,9.098432412406735,True,35454595,c0e60b7c13c149e5e978b70ee2d0788082f1445a8e5b58bff6bc613eefa348da,c1da02171e0c533f35d6d9feb1b65c84beecb2bb69eeb7f3404632b25c644b75,c4c7775d5153e464c49077deebeb931d97e613c47922b64b3457c360b6a1236d,2
40,83,8,1.2917935848236084,1.3928654193878174,109.0872802734375,-107.69441485404968,-107.79548668861389,107.79548668861389,0.0017491039045645048,6.7718369388462865,8.942637688878108,True,35454595,c0e60b7c13c149e5e978b70ee2d0788082f1445a8e5b58bff6bc613eefa348da,c1da02171e0c533f35d6d9feb1b65c84beecb2bb69eeb7f3404632b25c644b75,29bed3fa6bbe602261445989609a0f4e86c4f6db2c826f79317d8c948af3af81,2
40,83,9,1.2917935848236084,1.369880199432373,102.66433715820312,-101.29445695877075,-101.37254357337952,101.37254357337952,0.002267609450412951,6.426148447434647,8.972610497266782,True,35454595,c0e60b7c13c149e5e978b70ee2d0788082f1445a8e5b58bff6bc613eefa348da,c1da02171e0c533f35d6d9feb1b65c84beecb2bb69eeb7f3404632b25c644b75,83de8df94be8a02a0315156d992a4a56f2f341c9453a591489e462a54ccdde61,2
40,93,0,1.1253345012664795,1.4756543636322021,91.95197296142578,-90.47631859779358,-90.8266384601593,90.8266384601593,0.007239308426712768,8.85026167032505,8.832157932110011,True,35464565,0ee1daddcbd7369c7a3e3eb26fd8407baa60a9300aabdc293f702dbd8b186ff5,04848e498ec8694c5ce7c41ce17888f72e7c5f68668c603f1c3cda814a768498,0b6c6ccc41e7b977dc32090ac7a5e84532ee118a48f5ff64b08d9bb433f1a3aa,2
40,93,1,1.1253345012664795,1.3945257663726807,168.82797241210938,-167.4334466457367,-167.7026379108429,167.7026379108429,0.003238506385040938,10.769952876928361,8.854749292343536,True,35464565,0ee1daddcbd7369c7a3e3eb26fd8407baa60a9300aabdc293f702dbd8b186ff5,04848e498ec8694c5ce7c41ce17888f72e7c5f68668c603f1c3cda814a768498,c8bac9635f50a23f914ce9caf75e6cc68f1f564fbfa4d6c44949b9d4ddd55f5c,2
40,93,2,1.1253345012664795,1.4885865449905396,62.28285598754883,-60.79426944255829,-61.15752148628235,61.15752148628235,0.004151360144443089,9.009771157146192,9.205848904076486,True,35464565,0ee1daddcbd7369c7a3e3eb26fd8407baa60a9300aabdc293f702dbd8b186ff5,04848e498ec8694c5ce7c41ce17888f72e7c5f68668c603f1c3cda814a768498,40b3cb202b71b88c2382a11387737c8b6fa36cd754dfbb7718c0c98387f03f8b,2
40,93,3,1.1253345012664795,1.4451611042022705,83.49690246582031,-82.05174136161804,-82.37156796455383,82.37156796455383,0.003956390672340292,7.4647710097392395,9.033929154349346,True,35464565,0ee1daddcbd7369c7a3e3eb26fd8407baa60a9300aabdc293f702dbd8b186ff5,04848e498ec8694c5ce7c41ce17888f72e7c5f68668c603f1c3cda814a768498,2b0454e6624355bb906be9c304f2c6f5d1f87ae3dc3438cef12eb9f1fbdb7280,2
40,93,4,1.1253345012664795,1.1326020956039429,24.611042022705078,-23.478439927101135,-23.4857075214386,23.4857075214386,-0.006248412092132043,6.064476152447329,9.086787230378969,True,35464565,0ee1daddcbd7369c7a3e3eb26fd8407baa60a9300aabdc293f702dbd8b186ff5,04848e498ec8694c5ce7c41ce17888f72e7c5f68668c603f1c3cda814a768498,80549631d7f5694177eb970b0c4bb154d68429ddb79755305f5d1e29d5aa7d1f,2
40,93,5,1.1253345012664795,1.4051852226257324,47.03892135620117,-45.63373613357544,-45.91358685493469,45.91358685493469,0.0016883430865837219,6.712168660995415,8.994654712468154,True,35464565,0ee1daddcbd7369c7a3e3eb26fd8407baa60a9300aabdc293f702dbd8b186ff5,04848e498ec8694c5ce7c41ce17888f72e7c5f68668c603f1c3cda814a768498,187488335a942a4e0bc6515fe57d994185f5fc837a633e95d277132d944ffdd8,2
40,93,6,1.1253345012664795,1.3958877325057983,86.89883422851562,-85.50294649600983,-85.77349972724915,85.77349972724915,-0.0015901593922916484,7.480364130802022,8.946654641632813,True,35464565,0ee1daddcbd7369c7a3e3eb26fd8407baa60a9300aabdc293f702dbd8b186ff5,04848e498ec8694c5ce7c41ce17888f72e7c5f68668c603f1c3cda814a768498,05c4b383e23f97797426089e23f38f11ef3e9314af7742feaa62b46e485dcdd8,2
40,93,7,1.1253345012664795,1.2377957105636597,97.950439453125,-96.71264374256134,-96.82510495185852,96.82510495185852,-0.002435021683281389,8.525011780376426,9.098432412406735,True,35464565,0ee1daddcbd7369c7a3e3eb26fd8407baa60a9300aabdc293f702dbd8b186ff5,04848e498ec8694c5ce7c41ce17888f72e7c5f68668c603f1c3cda814a768498,c4c7775d5153e464c49077deebeb931d97e613c47922b64b3457c360b6a1236d,2
40,93,8,1.1253345012664795,1.3752318620681763,109.22423553466797,-107.84900367259979,-108.09890103340149,108.09890103340149,0.000851595616038012,9.235025192915142,8.942637688878108,True,35464565,0ee1daddcbd7369c7a3e3eb26fd8407baa60a9300aabdc293f702dbd8b186ff5,04848e498ec8694c5ce7c41ce17888f72e7c5f68668c603f1c3cda814a768498,29bed3fa6bbe602261445989609a0f4e86c4f6db2c826f79317d8c948af3af81,2
40,93,9,1.1253345012664795,1.3767677545547485,94.62407684326172,-93.24730908870697,-93.49874234199524,93.49874234199524,0.0037849720241082273,9.17128586864175,8.972610497266782,True,35464565,0ee1daddcbd7369c7a3e3eb26fd8407baa60a9300aabdc293f702dbd8b186ff5,04848e498ec8694c5ce7c41ce17888f72e7c5f68668c603f1c3cda814a768498,83de8df94be8a02a0315156d992a4a56f2f341c9453a591489e462a54ccdde61,2
40,34,0,1.3456618785858154,1.777756929397583,127.53968811035156,-125.76193118095398,-126.19402623176575,126.19402623176575,0.0071145516558765625,7.658062491741881,8.832157932110011,True,35405742,2683f0cb93fdfba4efe85a52670e8eeabccb59041eef326692f923df9ad04017,1304ba005696c829cd8a6833b2342786fef1bb27d16784b8b641f7677917b8d2,0b6c6ccc41e7b977dc32090ac7a5e84532ee118a48f5ff64b08d9bb433f1a3aa,2
40,34,1,1.3456618785858154,1.8823063373565674,166.34283447265625,-164.46052813529968,-164.99717259407043,164.99717259407043,0.00705070770552039,9.264595532346897,8.854749292343536,True,35405742,2683f0cb93fdfba4efe85a52670e8eeabccb59041eef326692f923df9ad04017,1304ba005696c829cd8a6833b2342786fef1bb27d16784b8b641f7677917b8d2,c8bac9635f50a23f914ce9caf75e6cc68f1f564fbfa4d6c44949b9d4ddd55f5c,2
40,34,2,1.3456618785858154,1.6762406826019287,129.76837158203125,-128.09213089942932,-128.42270970344543,128.42270970344543,0.004750777978375469,7.062436479281199,9.205848904076486,True,35405742,2683f0cb93fdfba4efe85a52670e8eeabccb59041eef326692f923df9ad04017,1304ba005696c829cd8a6833b2342786fef1bb27d16784b8b641f7677917b8d2,40b3cb202b71b88c2382a11387737c8b6fa36cd754dfbb7718c0c98387f03f8b,2
40,34,3,1.3456618785858154,1.6018681526184082,115.67485809326172,-114.07298994064331,-114.3291962146759,114.3291962146759,0.0028227361952474416,7.837976501753776,9.033929154349346,True,35405742,2683f0cb93fdfba4efe85a52670e8eeabccb59041eef326692f923df9ad04017,1304ba005696c829cd8a6833b2342786fef1bb27d16784b8b641f7677917b8d2,2b0454e6624355bb906be9c304f2c6f5d1f87ae3dc3438cef12eb9f1fbdb7280,2
40,34,4,1.3456618785858154,1.5193095207214355,80.71871948242188,-79.19940996170044,-79.37305760383606,79.37305760383606,0.0036906407229368595,7.026732437141249,9.086787230378969,True,35405742,2683f0cb93fdfba4efe85a52670e8eeabccb59041eef326692f923df9ad04017,1304ba005696c829cd8a6833b2342786fef1bb27d16784b8b641f7677917b8d2,80549631d7f5694177eb970b0c4bb154d68429ddb79755305f5d1e29d5aa7d1f,2
40,34,5,1.3456618785858154,1.4251635074615479,96.83656311035156,-95.41139960289001,-95.49090123176575,95.49090123176575,0.001161565470436583,5.840156748681611,8.994654712468154,True,35405742,2683f0cb93fdfba4efe85a52670e8eeabccb59041eef326692f923df9ad04017,1304ba005696c829cd8a6833b2342786fef1bb27d16784b8b641f7677917b8d2,187488335a942a4e0bc6515fe57d994185f5fc837a633e95d277132d944ffdd8,2
40,34,6,1.3456618785858154,1.5354433059692383,110.12797546386719,-108.59253215789795,-108.78231358528137,108.78231358528137,0.0016582855573029076,7.376185484846843,8.946654641632813,True,35405742,2683f0cb93fdfba4efe85a52670e8eeabccb59041eef326692f923df9ad04017,1304ba005696c829cd8a6833b2342786fef1bb27d16784b8b641f7677917b8d2,05c4b383e23f97797426089e23f38f11ef3e9314af7742feaa62b46e485dcdd8,2
40,34,7,1.3456618785858154,1.4104057550430298,143.19418334960938,-141.78377759456635,-141.84852147102356,141.84852147102356,0.0030329367748806483,8.083659889816996,9.098432412406735,True,35405742,2683f0cb93fdfba4efe85a52670e8eeabccb59041eef326692f923df9ad04017,1304ba005696c829cd8a6833b2342786fef1bb27d16784b8b641f7677917b8d2,c4c7775d5153e464c49077deebeb931d97e613c47922b64b3457c360b6a1236d,2
40,34,8,1.3456618785858154,1.5400643348693848,120.63975524902344,-119.09969091415405,-119.29409337043762,119.29409337043762,0.0005848545638434233,8.104945440124197,8.942637688878108,True,35405742,2683f0cb93fdfba4efe85a52670e8eeabccb59041eef326692f923df9ad04017,1304ba005696c829cd8a6833b2342786fef1bb27d16784b8b641f7677917b8d2,29bed3fa6bbe602261445989609a0f4e86c4f6db2c826f79317d8c948af3af81,2
40,34,9,1.3456618785858154,1.6821714639663696,155.88070678710938,-154.198535323143,-154.53504490852356,154.53504490852356,0.0009601380770391312,7.61190023251213,8.972610497266782,True,35405742,2683f0cb93fdfba4efe85a52670e8eeabccb59041eef326692f923df9ad04017,1304ba005696c829cd8a6833b2342786fef1bb27d16784b8b641f7677917b8d2,83de8df94be8a02a0315156d992a4a56f2f341c9453a591489e462a54ccdde61,2
40,60,0,1.7451838254928589,2.2533440589904785,42.681053161621094,-40.427709102630615,-40.935869336128235,40.935869336128235,0.003416572804706747,7.827095122522536,8.832157932110011,True,35431664,0be5db541959f8f7a3ba0f9d7b24e5bd5f68c0e92f5ab4eda1e68ef1495fa46a,efaa76fb83874e6064d66d73227c5559360ae4a8c343c7e094c041180a3281fa,0b6c6ccc41e7b977dc32090ac7a5e84532ee118a48f5ff64b08d9bb433f1a3aa,2
40,60,1,1.7451838254928589,2.2865853309631348,63.003395080566406,-60.71680974960327,-61.25821125507355,61.25821125507355,0.010039434374931785,11.326915958171856,8.854749292343536,True,35431664,0be5db541959f8f7a3ba0f9d7b24e5bd5f68c0e92f5ab4eda1e68ef1495fa46a,efaa76fb83874e6064d66d73227c5559360ae4a8c343c7e094c041180a3281fa,c8bac9635f50a23f914ce9caf75e6cc68f1f564fbfa4d6c44949b9d4ddd55f5c,2
40,60,2,1.7451838254928589,1.9889392852783203,51.542022705078125,-49.553083419799805,-49.796838879585266,49.796838879585266,0.009386392415334005,7.780734283299094,9.205848904076486,True,35431664,0be5db541959f8f7a3ba0f9d7b24e5bd5f68c0e92f5ab4eda1e68ef1495fa46a,efaa76fb83874e6064d66d73227c5559360ae4a8c343c7e094c041180a3281fa,40b3cb202b71b88c2382a11387737c8b6fa36cd754dfbb7718c0c98387f03f8b,2
40,60,3,1.7451838254928589,1.9425195455551147,35.94011306762695,-33.99759352207184,-34.194929242134094,34.194929242134094,0.0052232488389297674,6.669336871799045,9.033929154349346,True,35431664,0be5db541959f8f7a3ba0f9d7b24e5bd5f68c0e92f5ab4eda1e68ef1495fa46a,efaa76fb83874e6064d66d73227c5559360ae4a8c343c7e094c041180a3281fa,2b0454e6624355bb906be9c304f2c6f5d1f87ae3dc3438cef12eb9f1fbdb7280,2
40,60,4,1.7451838254928589,1.699449062347412,36.727020263671875,-35.02757120132446,-34.981836438179016,34.981836438179016,0.0001278234029929986,7.010867020993939,9.086787230378969,True,35431664,0be5db541959f8f7a3ba0f9d7b24e5bd5f68c0e92f5ab4eda1e68ef1495fa46a,efaa76fb83874e6064d66d73227c5559360ae4a8c343c7e094c041180a3281fa,80549631d7f5694177eb970b0c4bb154d68429ddb79755305f5d1e29d5aa7d1f,2
40,60,5,1.7451838254928589,1.914300799369812,32.08635711669922,-30.172056317329407,-30.34117329120636,30.34117329120636,0.0050697432365043125,6.557220086016662,8.994654712468154,True,35431664,0be5db541959f8f7a3ba0f9d7b24e5bd5f68c0e92f5ab4eda1e68ef1495fa46a,efaa76fb83874e6064d66d73227c5559360ae4a8c343c7e094c041180a3281fa,187488335a942a4e0bc6515fe57d994185f5fc837a633e95d277132d944ffdd8,2
40,60,6,1.7451838254928589,1.9231154918670654,30.549718856811523,-28.626603364944458,-28.804535031318665,28.804535031318665,0.0020438937544335154,5.999087737251819,8.946654641632813,True,35431664,0be5db541959f8f7a3ba0f9d7b24e5bd5f68c0e92f5ab4eda1e68ef1495fa46a,efaa76fb83874e6064d66d73227c5559360ae4a8c343c7e094c041180a3281fa,05c4b383e23f97797426089e23f38f11ef3e9314af7742feaa62b46e485dcdd8,2
40,60,7,1.7451838254928589,1.9752943515777588,56.47682189941406,-54.501527547836304,-54.731638073921204,54.731638073921204,0.00013302489786261805,8.259219533397697,9.098432412406735,True,35431664,0be5db541959f8f7a3ba0f9d7b24e5bd5f68c0e92f5ab4eda1e68ef1495fa46a,efaa76fb83874e6064d66d73227c5559360ae4a8c343c7e094c041180a3281fa,c4c7775d5153e464c49077deebeb931d97e613c47922b64b3457c360b6a1236d,2
40,60,8,1.7451838254928589,1.9248641729354858,44.924537658691406,-42.99967348575592,-43.17935383319855,43.17935383319855,-0.0014448376959426128,8.832850711279413,8.942637688878108,True,35431664,0be5db541959f8f7a3ba0f9d7b24e5bd5f68c0e92f5ab4eda1e68ef1495fa46a,efaa76fb83874e6064d66d73227c5559360ae4a8c343c7e094c041180a3281fa,29bed3fa6bbe602261445989609a0f4e86c4f6db2c826f79317d8c948af3af81,2
40,60,9,1.7451838254928589,1.6073267459869385,40.44875717163086,-38.84143042564392,-38.703573346138,38.703573346138,-0.0017721050007632525,7.48972999891846,8.972610497266782,True,35431664,0be5db541959f8f7a3ba0f9d7b24e5bd5f68c0e92f5ab4eda1e68ef1495fa46a,efaa76fb83874e6064d66d73227c5559360ae4a8c343c7e094c041180a3281fa,83de8df94be8a02a0315156d992a4a56f2f341c9453a591489e462a54ccdde61,2
40,90,0,1.6025664806365967,1.7959792613983154,122.53793334960938,-120.74195408821106,-120.93536686897278,120.93536686897278,-0.0011942939838400233,11.230851582318392,8.832157932110011,True,35461574,4feee623c540e70373869471ecb9755e37c94da7468354c785f1fd0b01698edf,243c5c7328fe8ee61d9774ec681b2ddd11ab99d9d1a43d1f641fe8e692274f73,0b6c6ccc41e7b977dc32090ac7a5e84532ee118a48f5ff64b08d9bb433f1a3aa,2
40,90,1,1.6025664806365967,2.081753969192505,168.38412475585938,-166.30237078666687,-166.78155827522278,166.78155827522278,0.009066572866729418,16.724988720498477,8.854749292343536,True,35461574,4feee623c540e70373869471ecb9755e37c94da7468354c785f1fd0b01698edf,243c5c7328fe8ee61d9774ec681b2ddd11ab99d9d1a43d1f641fe8e692274f73,c8bac9635f50a23f914ce9caf75e6cc68f1f564fbfa4d6c44949b9d4ddd55f5c,2
40,90,2,1.6025664806365967,2.0900027751922607,143.744873046875,-141.65487027168274,-142.1423065662384,142.1423065662384,0.009736256893451733,11.886416972071723,9.205848904076486,True,35461574,4feee623c540e70373869471ecb9755e37c94da7468354c785f1fd0b01698edf,243c5c7328fe8ee61d9774ec681b2ddd11ab99d9d1a43d1f641fe8e692274f73,40b3cb202b71b88c2382a11387737c8b6fa36cd754dfbb7718c0c98387f03f8b,2
40,90,3,1.6025664806365967,1.607677936553955,121.53340148925781,-119.92572355270386,-119.93083500862122,119.93083500862122,0.004748233488232909,8.967848871720005,9.033929154349346,True,35461574,4feee623c540e70373869471ecb9755e37c94da7468354c785f1fd0b01698edf,243c5c7328fe8ee61d9774ec681b2ddd11ab99d9d1a43d1f641fe8e692274f73,2b0454e6624355bb906be9c304f2c6f5d1f87ae3dc3438cef12eb9f1fbdb7280,2
40,90,4,1.6025664806365967,1.9155566692352295,119.90811157226562,-117.9925549030304,-118.30554509162903,118.30554509162903,0.002975942325441709,11.512381296429128,9.086787230378969,True,35461574,4feee623c540e70373869471ecb9755e37c94da7468354c785f1fd0b01698edf,243c5c7328fe8ee61d9774ec681b2ddd11ab99d9d1a43d1f641fe8e692274f73,80549631d7f5694177eb970b0c4bb154d68429ddb79755305f5d1e29d5aa7d1f,2
40,90,5,1.6025664806365967,1.8103415966033936,119.76708984375,-117.9567482471466,-118.1645233631134,118.1645233631134,0.007699362497406401,11.5340956042918,8.994654712468154,True,35461574,4feee623c540e70373869471ecb9755e37c94da7468354c785f1fd0b01698edf,243c5c7328fe8ee61d9774ec681b2ddd11ab99d9d1a43d1f641fe8e692274f73,187488335a942a4e0bc6515fe57d994185f5fc837a633e95d277132d944ffdd8,2
40,90,6,1.6025664806365967,1.6843843460083008,96.83829498291016,-95.15391063690186,-95.23572850227356,95.23572850227356,0.004832959340790169,10.287402509114758,8.946654641632813,True,35461574,4feee623c540e70373869471ecb9755e37c94da7468354c785f1fd0b01698edf,243c5c7328fe8ee61d9774ec681b2ddd11ab99d9d1a43d1f641fe8e692274f73,05c4b383e23f97797426089e23f38f11ef3e9314af7742feaa62b46e485dcdd8,2
40,90,7,1.6025664806365967,1.529370903968811,121.562255859375,-120.03288495540619,-119.9596893787384,119.9596893787384,0.001158651308002101,10.264256064220993,9.098432412406735,True,35461574,4feee623c540e70373869471ecb9755e37c94da7468354c785f1fd0b01698edf,243c5c7328fe8ee61d9774ec681b2ddd11ab99d9d1a43d1f641fe8e692274f73,c4c7775d5153e464c49077deebeb931d97e613c47922b64b3457c360b6a1236d,2
40,90,8,1.6025664806365967,1.9899260997772217,130.62208557128906,-128.63215947151184,-129.01951909065247,129.01951909065247,0.004007219944451517,12.728041393192193,8.942637688878108,True,35461574,4feee623c540e70373869471ecb9755e37c94da7468354c785f1fd0b01698edf,243c5c7328fe8ee61d9774ec681b2ddd11ab99d9d1a43d1f641fe8e692274f73,29bed3fa6bbe602261445989609a0f4e86c4f6db2c826f79317d8c948af3af81,2
40,90,9,1.6025664806365967,1.4793825149536133,124.79847717285156,-123.31909465789795,-123.19591069221497,123.19591069221497,-0.005012889586986139,10.117788023942193,8.972610497266782,True,35461574,4feee623c540e70373869471ecb9755e37c94da7468354c785f1fd0b01698edf,243c5c7328fe8ee61d9774ec681b2ddd11ab99d9d1a43d1f641fe8e692274f73,83de8df94be8a02a0315156d992a4a56f2f341c9453a591489e462a54ccdde61,2
40,45,0,1.878425121307373,2.1984338760375977,18.49342155456543,-16.294987678527832,-16.614996433258057,16.614996433258057,0.002871148796537019,7.415448067084289,8.832157932110011,True,35416709,511bc094794cfa1b850834f7a72665c759ac98106d1a06499cbd90fcc5a8ed19,8c75e042a1dc211f3953ffb008aedde37f7f21575444bed2bed3ce7d898f3a26,0b6c6ccc41e7b977dc32090ac7a5e84532ee118a48f5ff64b08d9bb433f1a3aa,2
40,45,1,1.878425121307373,2.574592351913452,24.12407684326172,-21.549484491348267,-22.245651721954346,22.245651721954346,0.010653933739586046,11.949194035697555,8.854749292343536,True,35416709,511bc094794cfa1b850834f7a72665c759ac98106d1a06499cbd90fcc5a8ed19,8c75e042a1dc211f3953ffb008aedde37f7f21575444bed2bed3ce7d898f3a26,c8bac9635f50a23f914ce9caf75e6cc68f1f564fbfa4d6c44949b9d4ddd55f5c,2
40,45,2,1.878425121307373,2.510342836380005,27.403148651123047,-24.892805814743042,-25.524723529815674,25.524723529815674,0.013914897299084971,6.975872055047461,9.205848904076486,True,35416709,511bc094794cfa1b850834f7a72665c759ac98106d1a06499cbd90fcc5a8ed19,8c75e042a1dc211f3953ffb008aedde37f7f21575444bed2bed3ce7d898f3a26,40b3cb202b71b88c2382a11387737c8b6fa36cd754dfbb7718c0c98387f03f8b,2
40,45,3,1.878425121307373,2.0322115421295166,21.96304702758789,-19.930835485458374,-20.084621906280518,20.084621906280518,0.005082208953212971,6.396990116316317,9.033929154349346,True,35416709,511bc094794cfa1b850834f7a72665c759ac98106d1a06499cbd90fcc5a8ed19,8c75e042a1dc211f3953ffb008aedde37f7f21575444bed2bed3ce7d898f3a26,2b0454e6624355bb906be9c304f2c6f5d1f87ae3dc3438cef12eb9f1fbdb7280,2
40,45,4,1.878425121307373,2.1834030151367188,21.356496810913086,-19.173093795776367,-19.478071689605713,19.478071689605713,0.006195373787407295,7.810726334303416,9.086787230378969,True,35416709,511bc094794cfa1b850834f7a72665c759ac98106d1a06499cbd90fcc5a8ed19,8c75e042a1dc211f3953ffb008aedde37f7f21575444bed2bed3ce7d898f3a26,80549631d7f5694177eb970b0c4bb154d68429ddb79755305f5d1e29d5aa7d1f,2
40,45,5,1.878425121307373,2.1305837631225586,14.080610275268555,-11.950026512145996,-12.202185153961182,12.202185153961182,0.007235322612830455,6.929546787400471,8.994654712468154,True,35416709,511bc094794cfa1b850834f7a72665c759ac98106d1a06499cbd90fcc5a8ed19,8c75e042a1dc211f3953ffb008aedde37f7f21575444bed2bed3ce7d898f3a26,187488335a942a4e0bc6515fe57d994185f5fc837a633e95d277132d944ffdd8,2
40,45,6,1.878425121307373,1.9951152801513672,20.550426483154297,-18.55531120300293,-18.672001361846924,18.672001361846924,0.006190872092749011,6.388721403848022,8.946654641632813,True,35416709,511bc094794cfa1b850834f7a72665c759ac98106d1a06499cbd90fcc5a8ed19,8c75e042a1dc211f3953ffb008aedde37f7f21575444bed2bed3ce7d898f3a26,05c4b383e23f97797426089e23f38f11ef3e9314af7742feaa62b46e485dcdd8,2
40,45,7,1.878425121307373,2.060757875442505,16.732261657714844,-14.671503782272339,-14.85383653640747,14.85383653640747,0.00552030736144512,8.864302862716189,9.098432412406735,True,35416709,511bc094794cfa1b850834f7a72665c759ac98106d1a06499cbd90fcc5a8ed19,8c75e042a1dc211f3953ffb008aedde37f7f21575444bed2bed3ce7d898f3a26,c4c7775d5153e464c49077deebeb931d97e613c47922b64b3457c360b6a1236d,2
40,45,8,1.878425121307373,2.27911114692688,21.760562896728516,-19.481451749801636,-19.882137775421143,19.882137775421143,0.0032460831225461506,7.586154982479121,8.942637688878108,True,35416709,511bc094794cfa1b850834f7a72665c759ac98106d1a06499cbd90fcc5a8ed19,8c75e042a1dc211f3953ffb008aedde37f7f21575444bed2bed3ce7d898f3a26,29bed3fa6bbe602261445989609a0f4e86c4f6db2c826f79317d8c948af3af81,2
40,45,9,1.878425121307373,1.7183973789215088,24.99744987487793,-23.27905249595642,-23.119024753570557,23.119024753570557,-0.00112562950760934,7.288686699411234,8.972610497266782,True,35416709,511bc094794cfa1b850834f7a72665c759ac98106d1a06499cbd90fcc5a8ed19,8c75e042a1dc211f3953ffb008aedde37f7f21575444bed2bed3ce7d898f3a26,83de8df94be8a02a0315156d992a4a56f2f341c9453a591489e462a54ccdde61,2
40,42,0,1.880644679069519,2.3937864303588867,292.3675537109375,-289.9737672805786,-290.486909031868,290.486909031868,0.010172299465157372,11.520199442770261,8.832157932110011,True,35413718,cfb5459fad190c95f28f5306046f90d761452dbd2d58da34af86941e53c58d2b,e65189c42cd383ec641a4b9cf2bb3b0ea7a8e412fe1748257397569acea2defa,0b6c6ccc41e7b977dc32090ac7a5e84532ee118a48f5ff64b08d9bb433f1a3aa,2
40,42,1,1.880644679069519,2.799530506134033,445.3984069824219,-442.59887647628784,-443.51776230335236,443.51776230335236,0.011314742925830115,15.54174372381348,8.854749292343536,True,35413718,cfb5459fad190c95f28f5306046f90d761452dbd2d58da34af86941e53c58d2b,e65189c42cd383ec641a4b9cf2bb3b0ea7a8e412fe1748257397569acea2defa,c8bac9635f50a23f914ce9caf75e6cc68f1f564fbfa4d6c44949b9d4ddd55f5c,2
40,42,2,1.880644679069519,2.188230037689209,338.2010803222656,-336.0128502845764,-336.3204356431961,336.3204356431961,0.0059107343257389176,9.441530850983003,9.205848904076486,True,35413718,cfb5459fad190c95f28f5306046f90d761452dbd2d58da34af86941e53c58d2b,e65189c42cd383ec641a4b9cf2bb3b0ea7a8e412fe1748257397569acea2defa,40b3cb202b71b88c2382a11387737c8b6fa36cd754dfbb7718c0c98387f03f8b,2
40,42,3,1.880644679069519,2.065491199493408,288.5398254394531,-286.4743342399597,-286.6591807603836,286.6591807603836,0.0029626310807564283,9.48977942301364,9.033929154349346,True,35413718,cfb5459fad190c95f28f5306046f90d761452dbd2d58da34af86941e53c58d2b,e65189c42cd383ec641a4b9cf2bb3b0ea7a8e412fe1748257397569acea2defa,2b0454e6624355bb906be9c304f2c6f5d1f87ae3dc3438cef12eb9f1fbdb7280,2
40,42,4,1.880644679069519,1.8850717544555664,225.31924438476562,-223.43417263031006,-223.4385997056961,223.4385997056961,0.00389386729931011,10.48141791689412,9.086787230378969,True,35413718,cfb5459fad190c95f28f5306046f90d761452dbd2d58da34af86941e53c58d2b,e65189c42cd383ec641a4b9cf2bb3b0ea7a8e412fe1748257397569acea2defa,80549631d7f5694177eb970b0c4bb154d68429ddb79755305f5d1e29d5aa7d1f,2
40,42,5,1.880644679069519,2.0463953018188477,268.697998046875,-266.65160274505615,-266.8173533678055,266.8173533678055,0.005815119635967476,11.507840111683942,8.994654712468154,True,35413718,cfb5459fad190c95f28f5306046f90d761452dbd2d58da34af86941e53c58d2b,e65189c42cd383ec641a4b9cf2bb3b0ea7a8e412fe1748257397569acea2defa,187488335a942a4e0bc6515fe57d994185f5fc837a633e95d277132d944ffdd8,2
40,42,6,1.880644679069519,2.231443405151367,232.33139038085938,-230.099946975708,-230.45074570178986,230.45074570178986,0.0018905922074526913,8.613978607000599,8.946654641632813,True,35413718,cfb5459fad190c95f28f5306046f90d761452dbd2d58da34af86941e53c58d2b,e65189c42cd383ec641a4b9cf2bb3b0ea7a8e412fe1748257397569acea2defa,05c4b383e23f97797426089e23f38f11ef3e9314af7742feaa62b46e485dcdd8,2
40,42,7,1.880644679069519,2.12416410446167,280.864990234375,-278.74082612991333,-278.9843455553055,278.9843455553055,0.004100396296388356,12.273585067419205,9.098432412406735,True,35413718,cfb5459fad190c95f28f5306046f90d761452dbd2d58da34af86941e53c58d2b,e65189c42cd383ec641a4b9cf2bb3b0ea7a8e412fe1748257397569acea2defa,c4c7775d5153e464c49077deebeb931d97e613c47922b64b3457c360b6a1236d,2
40,42,8,1.880644679069519,2.374725818634033,344.90045166015625,-342.5257258415222,-343.01980698108673,343.01980698108673,0.005641809071264971,11.409741031500316,8.942637688878108,True,35413718,cfb5459fad190c95f28f5306046f90d761452dbd2d58da34af86941e53c58d2b,e65189c42cd383ec641a4b9cf2bb3b0ea7a8e412fe1748257397569acea2defa,29bed3fa6bbe602261445989609a0f4e86c4f6db2c826f79317d8c948af3af81,2
40,42,9,1.880644679069519,2.000223159790039,338.4901428222656,-336.4899196624756,-336.6094981431961,336.6094981431961,0.0013409958080595498,9.630158511253198,8.972610497266782,True,35413718,cfb5459fad190c95f28f5306046f90d761452dbd2d58da34af86941e53c58d2b,e65189c42cd383ec641a4b9cf2bb3b0ea7a8e412fe1748257397569acea2defa,83de8df94be8a02a0315156d992a4a56f2f341c9453a591489e462a54ccdde61,2
40,41,0,1.020437240600586,1.6309773921966553,377.9911193847656,-376.36014199256897,-376.97068214416504,376.97068214416504,0.008183429095301696,13.026062644470803,8.832157932110011,True,35412721,46e4ed8dc2ba8abc2293a76f4232c1cf91d60cc18b8d35dfb614b19f011f1c68,f4bc3bca99e74610772cefb1e12a040da334ac6402289506e69daa5b1463a2b0,0b6c6ccc41e7b977dc32090ac7a5e84532ee118a48f5ff64b08d9bb433f1a3aa,2
40,41,1,1.020437240600586,1.7622766494750977,457.7569580078125,-455.9946813583374,-456.7365207672119,456.7365207672119,0.010665458786749753,17.261211072820664,8.854749292343536,True,35412721,46e4ed8dc2ba8abc2293a76f4232c1cf91d60cc18b8d35dfb614b19f011f1c68,f4bc3bca99e74610772cefb1e12a040da334ac6402289506e69daa5b1463a2b0,c8bac9635f50a23f914ce9caf75e6cc68f1f564fbfa4d6c44949b9d4ddd55f5c,2
40,41,2,1.020437240600586,1.4173617362976074,313.47314453125,-312.0557827949524,-312.4527072906494,312.4527072906494,0.003763658192952455,13.248110310076688,9.205848904076486,True,35412721,46e4ed8dc2ba8abc2293a76f4232c1cf91d60cc18b8d35dfb614b19f011f1c68,f4bc3bca99e74610772cefb1e12a040da334ac6402289506e69daa5b1463a2b0,40b3cb202b71b88c2382a11387737c8b6fa36cd754dfbb7718c0c98387f03f8b,2
40,41,3,1.020437240600586,1.5392400026321411,254.22476196289062,-252.68552196025848,-253.20432472229004,253.20432472229004,0.006030023445941736,9.178572700116295,9.033929154349346,True,35412721,46e4ed8dc2ba8abc2293a76f4232c1cf91d60cc18b8d35dfb614b19f011f1c68,f4bc3bca99e74610772cefb1e12a040da334ac6402289506e69daa5b1463a2b0,2b0454e6624355bb906be9c304f2c6f5d1f87ae3dc3438cef12eb9f1fbdb7280,2
40,41,4,1.020437240600586,1.2293596267700195,122.9603271484375,-121.73096752166748,-121.93988990783691,121.93988990783691,-0.0013439973024025641,13.363749270924329,9.086787230378969,True,35412721,46e4ed8dc2ba8abc2293a76f4232c1cf91d60cc18b8d35dfb614b19f011f1c68,f4bc3bca99e74610772cefb1e12a040da334ac6402289506e69daa5b1463a2b0,80549631d7f5694177eb970b0c4bb154d68429ddb79755305f5d1e29d5aa7d1f,2
40,41,5,1.020437240600586,1.3258674144744873,243.88436889648438,-242.5585014820099,-242.8639316558838,242.8639316558838,-0.0003448730942500109,11.400528259909246,8.994654712468154,True,35412721,46e4ed8dc2ba8abc2293a76f4232c1cf91d60cc18b8d35dfb614b19f011f1c68,f4bc3bca99e74610772cefb1e12a040da334ac6402289506e69daa5b1463a2b0,187488335a942a4e0bc6515fe57d994185f5fc837a633e95d277132d944ffdd8,2
40,41,6,1.020437240600586,1.1194690465927124,245.61233520507812,-244.4928661584854,-244.59189796447754,244.59189796447754,-0.00010727661556084902,10.298567453223093,8.946654641632813,True,35412721,46e4ed8dc2ba8abc2293a76f4232c1cf91d60cc18b8d35dfb614b19f011f1c68,f4bc3bca99e74610772cefb1e12a040da334ac6402289506e69daa5b1463a2b0,05c4b383e23f97797426089e23f38f11ef3e9314af7742feaa62b46e485dcdd8,2
40,41,7,1.020437240600586,1.0774916410446167,323.955322265625,-322.8778306245804,-322.9348850250244,322.9348850250244,0.003400559512317268,10.155587905209186,9.098432412406735,True,35412721,46e4ed8dc2ba8abc2293a76f4232c1cf91d60cc18b8d35dfb614b19f011f1c68,f4bc3bca99e74610772cefb1e12a040da334ac6402289506e69daa5b1463a2b0,c4c7775d5153e464c49077deebeb931d97e613c47922b64b3457c360b6a1236d,2
40,41,8,1.020437240600586,1.491607904434204,321.61383056640625,-320.12222266197205,-320.59339332580566,320.59339332580566,0.0045387023263180806,11.457862032754091,8.942637688878108,True,35412721,46e4ed8dc2ba8abc2293a76f4232c1cf91d60cc18b8d35dfb614b19f011f1c68,f4bc3bca99e74610772cefb1e12a040da334ac6402289506e69daa5b1463a2b0,29bed3fa6bbe602261445989609a0f4e86c4f6db2c826f79317d8c948af3af81,2
40,41,9,1.020437240600586,1.3940801620483398,279.9003601074219,-278.50627994537354,-278.8799228668213,278.8799228668213,0.001415378512289549,13.371913711408629,8.972610497266782,True,35412721,46e4ed8dc2ba8abc2293a76f4232c1cf91d60cc18b8d35dfb614b19f011f1c68,f4bc3bca99e74610772cefb1e12a040da334ac6402289506e69daa5b1463a2b0,83de8df94be8a02a0315156d992a4a56f2f341c9453a591489e462a54ccdde61,2
40,91,0,1.9212995767593384,2.3898067474365234,331.59271240234375,-329.2029056549072,-329.6714128255844,329.6714128255844,0.00832672273953939,10.958183362830386,8.832157932110011,True,35462571,2ebb7066f4701bb6528101f30ed03a31beaa07cd2f13d7a782a585dde6e75148,66cc9be45cd8533d5e24f83ae78cdb69fc973381c691305eed1ce2a6b16c4827,0b6c6ccc41e7b977dc32090ac7a5e84532ee118a48f5ff64b08d9bb433f1a3aa,2
40,91,1,1.9212995767593384,2.616364002227783,551.966064453125,-549.3497004508972,-550.0447648763657,550.0447648763657,0.009565997931425943,14.291297464212416,8.854749292343536,True,35462571,2ebb7066f4701bb6528101f30ed03a31beaa07cd2f13d7a782a585dde6e75148,66cc9be45cd8533d5e24f83ae78cdb69fc973381c691305eed1ce2a6b16c4827,c8bac9635f50a23f914ce9caf75e6cc68f1f564fbfa4d6c44949b9d4ddd55f5c,2
40,91,2,1.9212995767593384,2.0994489192962646,458.3548889160156,-456.25543999671936,-456.4335893392563,456.4335893392563,0.0026397061052394,10.079816819824519,9.205848904076486,True,35462571,2ebb7066f4701bb6528101f30ed03a31beaa07cd2f13d7a782a585dde6e75148,66cc9be45cd8533d5e24f83ae78cdb69fc973381c691305eed1ce2a6b16c4827,40b3cb202b71b88c2382a11387737c8b6fa36cd754dfbb7718c0c98387f03f8b,2
40,91,3,1.9212995767593384,2.4488370418548584,398.0494384765625,-395.60060143470764,-396.12813889980316,396.12813889980316,0.004205936430283262,13.345400046663645,9.033929154349346,True,35462571,2ebb7066f4701bb6528101f30ed03a31beaa07cd2f13d7a782a585dde6e75148,66cc9be45cd8533d5e24f83ae78cdb69fc973381c691305eed1ce2a6b16c4827,2b0454e6624355bb906be9c304f2c6f5d1f87ae3dc3438cef12eb9f1fbdb7280,2
40,91,4,1.9212995767593384,2.0612263679504395,223.4018096923828,-221.34058332443237,-221.48051011562347,221.48051011562347,0.005183455329324481,13.483449897808466,9.086787230378969,True,35462571,2ebb7066f4701bb6528101f30ed03a31beaa07cd2f13d7a782a585dde6e75148,66cc9be45cd8533d5e24f83ae78cdb69fc973381c691305eed1ce2a6b16c4827,80549631d7f5694177eb970b0c4bb154d68429ddb79755305f5d1e29d5aa7d1f,2
40,91,5,1.9212995767593384,1.92220139503479,323.8219909667969,-321.8997895717621,-321.90069139003754,321.90069139003754,0.0034066209184621696,9.977867352620923,8.994654712468154,True,35462571,2ebb7066f4701bb6528101f30ed03a31beaa07cd2f13d7a782a585dde6e75148,66cc9be45cd8533d5e24f83ae78cdb69fc973381c691305eed1ce2a6b16c4827,187488335a942a4e0bc6515fe57d994185f5fc837a633e95d277132d944ffdd8,2
40,91,6,1.9212995767593384,2.095566749572754,265.2076721191406,-263.11210536956787,-263.2863725423813,263.2863725423813,0.001958060475910435,8.833275774318809,8.946654641632813,True,35462571,2ebb7066f4701bb6528101f30ed03a31beaa07cd2f13d7a782a585dde6e75148,66cc9be45cd8533d5e24f83ae78cdb69fc973381c691305eed1ce2a6b16c4827,05c4b383e23f97797426089e23f38f11ef3e9314af7742feaa62b46e485dcdd8,2
40,91,7,1.9212995767593384,2.0276756286621094,428.3852844238281,-426.357608795166,-426.4639848470688,426.4639848470688,0.0031647394546951498,12.059194816312866,9.098432412406735,True,35462571,2ebb7066f4701bb6528101f30ed03a31beaa07cd2f13d7a782a585dde6e75148,66cc9be45cd8533d5e24f83ae78cdb69fc973381c691305eed1ce2a6b16c4827,c4c7775d5153e464c49077deebeb931d97e613c47922b64b3457c360b6a1236d,2
40,91,8,1.9212995767593384,2.422579765319824,395.120361328125,-392.6977815628052,-393.19906175136566,393.19906175136566,0.0036181953625759487,12.107752126993699,8.942637688878108,True,35462571,2ebb7066f4701bb6528101f30ed03a31beaa07cd2f13d7a782a585dde6e75148,66cc9be45cd8533d5e24f83ae78cdb69fc973381c691305eed1ce2a6b16c4827,29bed3fa6bbe602261445989609a0f4e86c4f6db2c826f79317d8c948af3af81,2
40,91,9,1.9212995767593384,2.1756134033203125,481.34442138671875,-479.16880798339844,-479.4231218099594,479.4231218099594,0.003299831474916009,11.449503311528423,8.972610497266782,True,35462571,2ebb7066f4701bb6528101f30ed03a31beaa07cd2f13d7a782a585dde6e75148,66cc9be45cd8533d5e24f83ae78cdb69fc973381c691305eed1ce2a6b16c4827,83de8df94be8a02a0315156d992a4a56f2f341c9453a591489e462a54ccdde61,2
40,36,0,1.1698331832885742,2.2265758514404297,56.233848571777344,-54.007272720336914,-55.06401538848877,55.06401538848877,0.006195620774662898,8.72215297906268,8.832157932110011,True,35407736,f5abdbf400e5ded91a99c9ea0e3313782896d73f652aa8b30c04350cef26218a,e2f58d548b19c279960a08cb025cf5b068e187957c1c64df935256396d961e9a,0b6c6ccc41e7b977dc32090ac7a5e84532ee118a48f5ff64b08d9bb433f1a3aa,2
40,36,1,1.1698331832885742,2.0305166244506836,92.59609985351562,-90.56558322906494,-91.42626667022705,91.42626667022705,0.007647937929573836,11.70520534351143,8.854749292343536,True,35407736,f5abdbf400e5ded91a99c9ea0e3313782896d73f652aa8b30c04350cef26218a,e2f58d548b19c279960a08cb025cf5b068e187957c1c64df935256396d961e9a,c8bac9635f50a23f914ce9caf75e6cc68f1f564fbfa4d6c44949b9d4ddd55f5c,2
40,36,2,1.1698331832885742,1.7841801643371582,34.27507400512695,-32.490893840789795,-33.10524082183838,33.10524082183838,0.004616931409762647,9.682754812786031,9.205848904076486,True,35407736,f5abdbf400e5ded91a99c9ea0e3313782896d73f652aa8b30c04350cef26218a,e2f58d548b19c279960a08cb025cf5b068e187957c1c64df935256396d961e9a,40b3cb202b71b88c2382a11387737c8b6fa36cd754dfbb7718c0c98387f03f8b,2
40,36,3,1.1698331832885742,1.8031506538391113,22.235294342041016,-20.432143688201904,-21.06546115875244,21.06546115875244,0.005131655492280231,7.039747880535359,9.033929154349346,True,35407736,f5abdbf400e5ded91a99c9ea0e3313782896d73f652aa8b30c04350cef26218a,e2f58d548b19c279960a08cb025cf5b068e187957c1c64df935256396d961e9a,2b0454e6624355bb906be9c304f2c6f5d1f87ae3dc3438cef12eb9f1fbdb7280,2
40,36,4,1.1698331832885742,1.1339620351791382,17.48208999633789,-16.348127961158752,-16.312256813049316,16.312256813049316,-0.0010943088588545524,7.00619459448268,9.086787230378969,True,35407736,f5abdbf400e5ded91a99c9ea0e3313782896d73f652aa8b30c04350cef26218a,e2f58d548b19c279960a08cb025cf5b068e187957c1c64df935256396d961e9a,80549631d7f5694177eb970b0c4bb154d68429ddb79755305f5d1e29d5aa7d1f,2
40,36,5,1.1698331832885742,1.8289557695388794,24.511138916015625,-22.682183146476746,-23.34130573272705,23.34130573272705,0.002623448978294277,7.303329182327097,8.994654712468154,True,35407736,f5abdbf400e5ded91a99c9ea0e3313782896d73f652aa8b30c04350cef26218a,e2f58d548b19c279960a08cb025cf5b068e187957c1c64df935256396d961e9a,187488335a942a4e0bc6515fe57d994185f5fc837a633e95d277132d944ffdd8,2
40,36,6,1.1698331832885742,1.2520331144332886,34.619407653808594,-33.367374539375305,-33.44957447052002,33.44957447052002,-0.0009849356162121915,6.436596689090532,8.946654641632813,True,35407736,f5abdbf400e5ded91a99c9ea0e3313782896d73f652aa8b30c04350cef26218a,e2f58d548b19c279960a08cb025cf5b068e187957c1c64df935256396d961e9a,05c4b383e23f97797426089e23f38f11ef3e9314af7742feaa62b46e485dcdd8,2
40,36,7,1.1698331832885742,1.513773798942566,32.99220275878906,-31.478428959846497,-31.82236957550049,31.82236957550049,-0.001032437053338885,7.137934584221837,9.098432412406735,True,35407736,f5abdbf400e5ded91a99c9ea0e3313782896d73f652aa8b30c04350cef26218a,e2f58d548b19c279960a08cb025cf5b068e187957c1c64df935256396d961e9a,c4c7775d5153e464c49077deebeb931d97e613c47922b64b3457c360b6a1236d,2
40,36,8,1.1698331832885742,1.7166225910186768,45.42045974731445,-43.703837156295776,-44.25062656402588,44.25062656402588,0.0010058667415502084,7.995390563947907,8.942637688878108,True,35407736,f5abdbf400e5ded91a99c9ea0e3313782896d73f652aa8b30c04350cef26218a,e2f58d548b19c279960a08cb025cf5b068e187957c1c64df935256396d961e9a,29bed3fa6bbe602261445989609a0f4e86c4f6db2c826f79317d8c948af3af81,2
40,36,9,1.1698331832885742,1.611069917678833,47.868682861328125,-46.25761294364929,-46.69884967803955,46.69884967803955,0.001446861118102293,9.36498515627504,8.972610497266782,True,35407736,f5abdbf400e5ded91a99c9ea0e3313782896d73f652aa8b30c04350cef26218a,e2f58d548b19c279960a08cb025cf5b068e187957c1c64df935256396d961e9a,83de8df94be8a02a0315156d992a4a56f2f341c9453a591489e462a54ccdde61,2
