round,accuracy,Gamma,hungarian_score,baseline_score,changed_pairs,changed_fraction,assignment_margin,margin_per_K,margin_per_Q_std,Q_std,Q_interaction_std,probe_seconds,reliability_probe_seconds,formal_training_seconds,matching_seconds,peak_gpu_memory_bytes,G_mean,G_std,G_interaction_std,A_mean,A_std,A_interaction_std,D_mean,D_std,D_interaction_std,C_mean,C_std,C_interaction_std,D_positive_ratio,delta_fedrad_minus_clean,mean_reset_delta_norm,mean_active_reset_kernels,total_active_reset_kernels
1,10.1,0.5893492181241292,5.893492181241292,3.1191583405570134,7,0.7,0.09089588947615468,0.009089588947615468,0.029844797870409615,3.045619202074601,0.41293595170643105,14.476641800000039,0.0,9.753219599999966,0.00039199999991978984,425411584,0.6090125000476837,0.9649583099547158,0.13821408385556277,0.5812113690376282,0.9560919348171806,0.10244687965088715,0.20675034523010255,0.4922928056544236,0.07995042006953797,0.0030061510051218603,0.003080266683544034,0.0018051821194456973,0.2,0.0600000000000005,15.479049266693531,75.0,750
2,17.37,0.7081122219621137,7.081122219621136,2.68907273922042,10,1.0,0.013540148322618073,0.0013540148322618074,0.004883640763918114,2.772552072760343,1.0398082210208661,14.839284499999962,0.0,10.735720000000015,0.00037040000006527407,425608192,0.9578555297851562,0.745213574577195,0.14537017876486036,0.9634217548370362,0.7463103112501147,0.13202898124721285,0.039834084510803225,0.16332010366266336,0.10560966288627625,-0.0008309634912819619,0.0051700218116422225,0.003157663402895188,0.09,-1.5700000000000003,15.291252944948758,75.0,750
3,19.86,0.8134425995968039,8.134425995968039,3.7337388779970753,8,0.8,0.03651158883405259,0.003651158883405259,0.011731354523751146,3.112308025482625,1.4184305829553654,15.347483000000011,0.0,9.17189970000004,0.00031849999993482925,425673728,-0.15682844758033754,2.755181569236761,1.2516400278177873,-0.16708865880966187,2.7239272278490287,1.2453454556133812,0.807137815952301,2.4562265683166484,1.2301294461128836,-0.001266612078609605,0.007960461485170864,0.0035717364170452155,0.31,-1.4499999999999993,15.06964669789497,75.0,750
4,18.17,0.5796259019324433,5.796259019324434,3.4174344895178863,8,0.8,0.04475302675800563,0.0044753026758005635,0.014457496515786199,3.0954893683799005,0.6714037159806202,14.969907499999977,0.0,8.703854700000079,0.00031920000003538007,425608192,-0.4667888307571411,3.2170127455409085,0.7074137764559116,-0.4962517857551575,3.161094704083524,0.7094975451691526,1.0198023891448975,2.938899969010876,0.6432472819583264,0.0018114884547005994,0.008897551129136944,0.0039850040879968384,0.27,-0.28999999999999915,14.841809202041082,75.0,750
5,25.46,0.9153043537371814,9.153043537371815,-1.1663966833323878,10,1.0,0.06675522070703543,0.006675522070703543,0.021912210710072044,3.0464849754457273,0.8632474876638944,15.3101537,0.0,9.358480199999917,0.00032609999993837846,425673728,-46.14793558061123,52.44547871483698,15.503548129812781,-46.11253665864468,52.462138958033904,15.573086175648523,46.187556529045104,52.39543196935195,15.586753564073057,-0.004734795823691867,0.006677933388014713,0.0036037885291510495,0.86,0.4700000000000024,14.648602531998003,75.0,750
6,26.87,1.6773585753410842,16.773585753410842,-1.9903744969658026,10,1.0,0.04598191738124058,0.004598191738124058,0.014763453957310707,3.114577219815883,1.5672674894715424,15.477822200000105,0.0,8.87257939999995,0.0003206999999747495,425608192,-7.146571500301361,8.6848500234136,4.462125611203749,-7.162978800535202,8.669826567487696,4.5352354315665275,7.185525561571121,8.650250594083856,4.533706623493409,0.00198244036148764,0.008429667817612242,0.0036834821817141182,0.94,0.33000000000000185,14.445515225428371,75.0,750
7,28.78,0.8058334228176454,8.058334228176454,-1.4204148702032224,8,0.8,0.03510748720646717,0.003510748720646717,0.01142541858379328,3.0727528229264536,0.8995314675334264,15.043830700000058,0.0,10.120586600000024,0.00034170000003541645,425608192,-41.48778225779533,76.96450059231714,23.100872031101527,-41.49733740925789,77.01427061756988,23.13817645080813,41.51824752688408,77.0028636164305,23.139359701899533,-0.0014312314927387385,0.005755502301769381,0.003587582142981617,0.96,-0.41000000000000014,14.27490027702006,75.0,750
8,26.04,0.9014005526296118,9.014005526296119,-1.7602073015409876,9,0.9,0.004690339083015971,0.00046903390830159707,0.001507060709100874,3.112242960546871,1.0220067560631967,15.124448400000006,0.0,9.089883100000065,0.000318899999911082,425608192,-54.718726556301114,110.37659317677712,38.065950849959954,-54.89919569373131,110.45311023853478,38.1190741199325,54.90469216108322,110.45037004143019,38.12294839046521,0.0028483504332166626,0.0064235328472875,0.0027086048853933904,0.98,-0.5399999999999991,13.984073811231557,75.0,750
9,30.21,1.2369989218919035,12.369989218919034,1.6142507310404484,10,1.0,0.06849468468446496,0.006849468468446496,0.02234095353894561,3.0658800916918065,1.1599647099113788,15.168255700000032,0.0,9.242849200000023,0.00032089999990603246,425608192,-62.76251093327999,82.91958061774845,32.722570299759795,-62.766576483249665,83.01193192933503,32.79650353239194,62.766576483249665,83.01193192933503,32.79650353239194,-0.001046141966481948,0.006012836497524988,0.004045837449890955,1.0,-0.33999999999999986,13.789681025782523,75.0,750
10,32.4,1.7484073797381405,17.484073797381406,-6.527733651330663,9,0.9,0.05385245696648511,0.005385245696648511,0.017681180352462026,3.045750107909871,1.4030174615663138,15.190636100000006,0.0,8.655295000000024,0.0003248000000439788,425608192,-41.54559858202934,36.33629005693248,17.215416569668555,-41.61423663854599,36.3618152898645,17.282542706812887,41.61423663854599,36.3618152898645,17.282542706812887,-0.0009548932439049589,0.005561568130695204,0.0031880036437622454,1.0,-1.2100000000000009,13.773614959184476,75.0,750
11,33.07,1.8191573242838817,18.191573242838817,2.7284342766338647,8,0.8,0.012338928620621914,0.0012338928620621915,0.003964706477624695,3.112192211518851,1.6990701156606347,15.399243899999988,0.0,8.535550299999954,0.00031039999998938583,425608192,-55.79716619074345,66.46892695556052,38.437580949948156,-55.94737476587296,66.50083205050554,38.51054864253861,55.94737476587296,66.50083205050554,38.51054864253861,0.0010210551727900849,0.007165635534483475,0.0038801149420676154,1.0,0.990000000000002,13.483340707616154,75.0,750
12,33.09,1.3418270228067608,13.418270228067609,-0.6856495621688593,10,1.0,0.10792685468285868,0.010792685468285868,0.035770637062442864,3.017191292804112,1.0003331181952861,15.017155799999955,0.0,9.1085286,0.00031909999995605176,425608192,-44.08581580519676,39.15010975958918,13.675829705764839,-44.230862212181094,39.17531672349795,13.73939786881149,44.230862212181094,39.17531672349795,13.73939786881149,0.0006641615050820223,0.004938327478558182,0.00343512556880872,1.0,-1.5,13.281304368698832,75.0,750
13,31.19,0.5389333435814802,5.389333435814802,-0.6054814713342198,9,0.9,0.005917350610942229,0.0005917350610942229,0.001935726858107484,3.056914040407275,0.6643748837397973,15.231115799999998,0.0,9.06963799999994,0.0003191000000697386,425608192,-156.42593180000782,365.5726490953702,85.15967671155306,-156.56959829092025,365.65325250624966,85.21366764860615,156.56959829092025,365.65325250624966,85.21366764860615,-4.959775159498286e-05,0.004503292814243359,0.0032020084958580782,1.0,-1.6699999999999982,13.12161597968463,75.0,750
14,35.44,1.0811268277705433,10.811268277705432,-3.2029995180859108,10,1.0,0.10554157853995783,0.010554157853995782,0.03465455255742876,3.0455328593568374,1.1932815246129262,15.229093199999966,0.0,9.056201100000067,0.00033069999994950194,425608192,-143.82544797182084,149.07717953920837,58.557612605735656,-143.92323813676833,149.0781187380535,58.583463904573186,143.92323813676833,149.0781187380535,58.583463904573186,-0.0011881225517360611,0.005431998725323881,0.0030533318094073344,1.0,-0.12000000000000455,13.005580222535391,75.0,750
15,34.85,2.001682492423624,20.01682492423624,-0.61044744914066,8,0.8,0.09543124137206149,0.00954312413720615,0.03214288019181933,2.9689698248120795,1.6843438505256427,15.177442400000018,0.0,8.830809299999942,0.0003257999999277672,425608192,-63.04033727645874,52.20747845646478,30.350971065696516,-63.27629137516022,52.291690720299876,30.436145996283386,63.27629137516022,52.291690720299876,30.436145996283386,0.0022302561241447807,0.004854158572273458,0.003248107588158606,1.0,-0.28000000000000114,12.699390802321066,75.0,750
16,36.93,1.5361549119118632,15.361549119118632,-0.19459353502860283,8,0.8,0.3522660226085428,0.03522660226085428,0.1133902737576559,3.106668772679971,1.3216392124577605,15.316364499999963,0.0,9.247906900000089,0.00034459999983482703,425608192,-60.63435327649117,46.47752392168052,20.50162740496562,-60.87074115037918,46.45681545717657,20.466072340782222,60.87074115037918,46.45681545717657,20.466072340782222,0.004207338732094461,0.005184683896797507,0.0027413920200773747,1.0,0.8699999999999974,12.605047738024789,75.0,750
17,34.35,1.9886152083209805,19.886152083209804,0.22979040392919903,10,1.0,0.26366464771490783,0.026366464771490784,0.08661278460410422,3.044177010588964,1.5339267251673852,15.25456280000003,0.0,8.763151999999991,0.0003007999998771993,425935872,-74.65994224309921,56.790658518126165,29.552081713781284,-74.78297045588494,56.844243337232584,29.59578396371552,74.78297045588494,56.844243337232584,29.59578396371552,0.0005829339356321994,0.0037709730893964433,0.002661572061615996,1.0,1.3700000000000045,12.40827597480373,75.0,750
18,40.39,1.1824180144240837,11.824180144240836,3.466693879437452,9,0.9,0.2581778798447214,0.02581778798447214,0.08567752450250345,3.013367640391823,1.068505072622632,15.134603900000002,0.0,9.451974399999926,0.0003028999999514781,425608192,-61.24991568446159,61.95147463313222,21.33808852632579,-61.42704843044281,61.999890929550006,21.336133337520014,61.42704843044281,61.999890929550006,21.336133337520014,0.0015664772196428956,0.003863711043822133,0.002633284943110065,1.0,1.3800000000000026,12.211888969473783,75.0,750
19,36.87,1.1960432536692296,11.960432536692297,-2.090008248351641,10,1.0,0.18410212684142557,0.018410212684142557,0.05907274289636086,3.116532563324854,1.0989588424589367,15.409534699999995,0.0,8.639657599999964,0.0003218000001652399,425608192,-61.05792995005846,64.56997305003657,24.746932879859532,-61.12805344492197,64.61794038100058,24.834832007468172,61.14071303367615,64.60589863575184,24.823309803772045,0.0007342395255239864,0.004081028926908929,0.0026607635171651883,0.98,0.4799999999999969,12.05061134618268,75.0,750
20,36.46,1.424515730059748,14.24515730059748,1.7883330559800816,7,0.7,0.19983280928252434,0.019983280928252432,0.06680027346394399,2.9914968744908776,1.7041492072564046,15.099418300000025,0.0,8.139937400000008,0.00032190000001719454,425608192,-49.680360207557676,38.11668149405478,22.112950658960273,-49.82615510225296,38.19943222294658,22.145374108724898,49.82615510225296,38.19943222294658,22.145374108724898,0.0019760770092118025,0.003043653256185461,0.002630480399323562,1.0,0.509999999999998,11.830393798265435,75.0,750
21,33.07,1.1790491650404085,11.790491650404086,-2.027311553287365,10,1.0,0.00037667064607127543,3.766706460712754e-05,0.00012411319503821856,3.034896055615086,0.9991889869461815,15.225704499999893,0.0,9.271511100000225,0.00033020000000760774,425608192,-72.32566293716431,69.23894811593682,23.009441303744357,-72.50931049704552,69.27338433799552,22.986118785606752,72.50931049704552,69.27338433799552,22.986118785606752,0.0013277974788775701,0.004375816588995979,0.0028446902978345873,1.0,-0.7899999999999991,11.780384456633529,75.0,750
22,37.72,0.5849086277846043,5.849086277846043,3.057811273517138,9,0.9,0.03454866644706733,0.0034548666447067333,0.011349442384685337,3.0440849229462117,0.685296549885889,15.213853799999924,0.0,10.019964800000025,0.0003899000000728847,425608192,-154.50425785958768,240.6839234063228,56.361913420171405,-154.74669553279875,240.81533712837626,56.41279558229907,154.74669553279875,240.81533712837626,56.41279558229907,0.0031428478548640084,0.003550521701686352,0.002586996735751678,1.0,0.6400000000000006,11.622454575305067,75.0,750
23,33.93,0.9921338247353747,9.921338247353747,-6.945892209285892,10,1.0,0.1252947970793823,0.012529479707938228,0.040844997999111864,3.067567712504398,1.2605762047340954,15.22219629999995,0.0,9.550852300000088,0.0003616999999849213,425608192,-110.6127727496624,156.8049209012185,65.64803196709306,-110.83542117476463,156.81894471247858,65.63969111277325,110.83542117476463,156.81894471247858,65.63969111277325,0.00251251399259497,0.004356888067429042,0.0033066116686560326,1.0,0.240000000000002,11.411088471961842,75.0,750
24,36.83,1.6988379061448982,16.98837906144898,2.735324928819872,8,0.8,0.29865735195439314,0.029865735195439315,0.10032653585013587,2.9768530272042546,1.8400498224701656,15.223238000000038,0.0,9.256865399999924,0.00043320000008861825,425608192,-50.76901001930237,38.43356517698277,23.775579793590683,-50.99110339641571,38.54546493303446,23.8285728684644,50.99110339641571,38.54546493303446,23.8285728684644,0.0025056327868835065,0.004081059963567978,0.0026969186445086352,1.0,-1.5799999999999983,11.240332666179444,75.0,750
25,24.98,0.8049420087299509,8.04942008729951,4.279350452650346,9,0.9,0.016179896645343916,0.0016179896645343917,0.005301776732216268,3.0517876294236816,0.9880624084662352,15.198115500000085,0.0,9.984436599999981,0.0003394000000298547,425608192,-87.0702434617281,131.69541140578627,41.92622964177205,-87.31119352579117,131.6911572465129,41.89638588171864,87.31119352579117,131.6911572465129,41.89638588171864,0.0030852175847423473,0.003844585529302746,0.0028311329334819546,1.0,-1.1699999999999982,11.141745260548543,75.0,750
26,44.71,1.3542389832593107,13.542389832593107,1.0586255226652228,10,1.0,0.04347086264746558,0.004347086264746558,0.014359134372912767,3.0274013403948294,1.4432278837515302,15.580152899999803,0.0,8.83261379999999,0.0003022999999302556,425608192,-294.40079800605776,279.9751163117542,134.3799008898536,-294.753367562294,280.08276053532376,134.342612135965,294.753367562294,280.08276053532376,134.342612135965,-1.5667301950613148e-05,0.0025558007268367167,0.001861101634485311,1.0,0.18999999999999773,10.957747169769553,75.0,750
27,35.26,1.770966112133997,17.70966112133997,-11.105250569363417,10,1.0,0.0869541827017315,0.00869541827017315,0.028344990255299445,3.0677090349492833,1.6398344100404256,15.030609099999992,0.0,8.454925000000003,0.0003630999999586493,425608192,-47.393610619306564,34.42319161843589,19.499844568501693,-47.584081456661224,34.48581888579463,19.566851723990958,47.584081456661224,34.48581888579463,19.566851723990958,0.002688072184062264,0.00407038965324565,0.002916588690479657,1.0,-0.9500000000000028,10.76933523934434,75.0,750
28,43.6,1.2199640468819575,12.199640468819574,5.158020837448717,9,0.9,0.1459833485876807,0.01459833485876807,0.048569068700114154,3.0056855627404193,1.4164519316194104,15.011090599999989,0.0,9.471595500000149,0.00031869999997979903,425608192,-128.49221224308013,101.95419606013257,48.57138379303508,-128.78320100784302,102.05223911957799,48.61953805700333,128.78320100784302,102.05223911957799,48.61953805700333,0.0029669846119566062,0.004477883107916484,0.0028818632968235993,1.0,-1.4200000000000017,10.666477655732015,75.0,750
29,40.43,1.463271183180598,14.632711831805981,8.681476196228145,6,0.6,0.07074272821228966,0.007074272821228966,0.023645102094400232,2.9918554772932597,1.5770176117997519,15.307848400000012,0.0,7.410257399999864,0.00035460000003695313,425608192,-103.35601423859596,119.70518789782606,65.24113471091698,-103.51382053375244,119.81635549723569,65.3280759626239,103.51382053375244,119.81635549723569,65.3280759626239,0.0021050382370441574,0.004158126450671942,0.0026833531360395545,1.0,-1.1300000000000026,10.490936089677716,75.0,750
30,41.12,1.1144951477281138,11.144951477281138,2.3715809736187348,9,0.9,0.15394971282960768,0.015394971282960768,0.050722898195514565,3.0351127066162293,0.9385402627094118,15.169183499999917,0.0,9.457229899999902,0.0003194999999323045,425608192,-245.7952200204134,225.31687519303406,70.94734107431232,-246.05899317741395,225.38512303437878,70.9855842306402,246.05899317741395,225.38512303437878,70.9855842306402,0.003361651222404586,0.004679432250462668,0.002276482596764399,1.0,-0.5900000000000034,10.312883458947395,75.0,750
31,47.01,1.6640180696881643,16.640180696881643,-4.855464278960419,10,1.0,0.04526005828321189,0.004526005828321189,0.014783373894120783,3.0615513486546813,1.563678775693466,15.182798300000059,0.0,8.172659900000099,0.0003285000000232685,425608192,-132.80688659071922,119.78572293289479,63.92302310324049,-133.03247587680818,119.88929239887264,63.97704546472906,133.03247587680818,119.88929239887264,63.97704546472906,0.0015913120726510166,0.0040352344729391604,0.002792864684898215,1.0,-1.490000000000002,10.183401644809635,75.0,750
32,36.64,1.6205114376200211,16.20511437620021,1.795214274839673,8,0.8,0.212429257202567,0.0212429257202567,0.07027398714674343,3.022871845295762,1.4023978642938715,15.500753499999973,0.0,9.68676100000016,0.00032250000003841706,425608192,-70.47772426366807,52.770864259193665,24.769189872036858,-70.6664219737053,52.79041705155398,24.763023727502553,70.6664219737053,52.79041705155398,24.763023727502553,0.004455188761217373,0.004164134078397601,0.0028747640277330447,1.0,-6.490000000000002,10.080851480940831,75.0,750
33,42.74,2.111612924463399,21.116129244633992,-1.3902621314891563,10,1.0,0.19739494031840366,0.019739494031840367,0.06504860466600164,3.0345760886332167,1.5814441648215116,15.196455099999866,0.0,8.528760200000079,0.00035320000006322516,425608192,-49.46143100321293,28.28088625144295,15.199347705776004,-49.69731817603111,28.330700681786574,15.237338260630276,49.69731817603111,28.330700681786574,15.237338260630276,0.002502243036143798,0.0036383123231145446,0.0026766076029160774,1.0,0.240000000000002,9.910799910703007,75.0,750
34,45.88,1.1055988143157223,11.055988143157222,-2.9699364203241467,9,0.9,0.06695240971920136,0.006695240971920135,0.021793232408052633,3.072165177959665,0.9940405971828639,14.633831699999973,0.0,9.11067550000007,0.0002982999999403546,425673728,-157.0160935473442,164.98559144291457,57.19593543612588,-157.19011173009872,164.98913944438866,57.20731334489555,157.19011173009872,164.98913944438866,57.20731334489555,0.0028332699886494395,0.003348847644209446,0.0024941155019291613,1.0,-1.019999999999996,9.80754494135334,75.0,750
35,42.47,1.0217135295725432,10.217135295725432,-2.8985908410244527,9,0.9,0.03646366020096892,0.003646366020096892,0.011889276329026144,3.0669368926977976,0.9277703583796127,15.374513100000058,0.0,8.166071599999896,0.00032289999990098295,427642880,-137.64281381309033,144.01767109217135,46.21027227035316,-137.92673918008805,144.05707087713654,46.32687699697766,137.92673918008805,144.05707087713654,46.32687699697766,0.003527735975402997,0.004767462218776954,0.003680447575622424,1.0,-1.990000000000002,9.612727822991802,75.0,750
36,48.56,0.8891856752966587,8.891856752966588,-3.768686094668796,8,0.8,0.05553991933189906,0.005553991933189906,0.01830317829491729,3.0344412558840803,1.0873845410040344,14.857161399999995,0.0,7.7689333000000715,0.00031520000015916594,425608192,-228.17121823132038,468.3401328487672,173.75600997311895,-228.4396684932709,468.4225894360184,173.78228767097352,228.4396684932709,468.4225894360184,173.78228767097352,0.0034845277143687138,0.0038030726245527266,0.0024885017952814637,1.0,-0.14999999999999858,9.532906659266818,75.0,750
37,33.84,1.5602927501186863,15.602927501186864,1.1842834474669302,10,1.0,0.31378684287575354,0.031378684287575356,0.10283264807755196,3.05143209614819,1.6660211219813061,14.455739600000015,0.0,10.235175799999979,0.00033710000002429297,425608192,-65.8281731325388,55.51165104127378,31.33010870311031,-65.99030898928642,55.57888133203068,31.386014239753564,65.99030898928642,55.57888133203068,31.386014239753564,0.0033777402046078916,0.0031565515717763993,0.002347744695910803,1.0,0.09000000000000341,9.309006368632748,75.0,750
38,44.21,1.5682546902822294,15.682546902822294,5.95783780365416,10,1.0,0.13308718299118993,0.013308718299118994,0.044152985653089255,3.014228392998339,1.514862431665993,14.442983899999945,0.0,10.076930500000117,0.0003100999999787746,426066944,-132.7989906042814,90.07456710097695,45.69918731175783,-133.00550544261932,90.14195756253903,45.71777267158982,133.00550544261932,90.14195756253903,45.71777267158982,0.0013631622854261033,0.0034899062468460107,0.0027867482293637913,1.0,-1.3999999999999986,9.255612045471933,75.0,750
39,42.58,1.5689824764423803,15.689824764423802,-8.170640789132463,10,1.0,0.4576962656814523,0.045769626568145226,0.15505583763067562,2.9518157631164446,1.3006902950086645,14.020389900000055,0.0,10.07491600000003,0.0003258000001551409,425608192,-62.62782593071461,47.571550266002326,21.631867295228478,-62.8167093539238,47.69336477658154,21.752536747644434,62.8167093539238,47.69336477658154,21.752536747644434,0.004344224911797423,0.00421596676678439,0.002974794947918324,1.0,-1.5500000000000043,9.089454862179268,75.0,750
40,47.31,0.7900905380528859,7.900905380528859,-3.0779503398612307,10,1.0,0.055557787899011224,0.005555778789901123,0.018364132408884626,3.0253423718581005,0.8299549103110685,13.905568899999935,0.0,9.36300540000002,0.0003268000000389293,425608192,-169.23867582261562,197.53668478401656,54.29258520320814,-169.45328107595444,197.58857385642028,54.29873716931343,169.45328107595444,197.58857385642028,54.29873716931343,0.0041200676480267736,0.004151452414789236,0.0023363279037691186,1.0,-0.0899999999999963,9.018520314095358,75.0,750
41,47.18,1.3556423501159394,13.556423501159394,0.4826906700393231,8,0.8,0.07312925074063692,0.007312925074063692,0.02427345725414606,3.012724968469252,1.277774685710403,13.864719900000182,0.0,8.4143239,0.0003301000001556531,425608192,-58.060489253401755,47.47162151269098,21.50649593945219,-58.21715128898621,47.544881531168045,21.594847504427644,58.21715128898621,47.544881531168045,21.594847504427644,0.005098743908689252,0.003577742332296833,0.002788653654683241,1.0,0.7299999999999969,8.910135012276486,75.0,750
42,39.56,1.7259096011801653,17.259096011801653,0.28247970001348066,10,1.0,0.0153411361993534,0.00153411361993534,0.0051054581877992495,3.0048500320725036,1.2996154190572051,13.944735900000069,0.0,10.573675699999967,0.000333100000034392,425608192,-81.39908529281617,60.39495595277587,27.678522533883903,-81.59964689731598,60.445833721985586,27.752586439655,81.59964689731598,60.445833721985586,27.752586439655,0.003964446346435643,0.004035165339331844,0.0032438512545170904,1.0,-0.05999999999999517,8.71690883394388,75.0,750
43,46.75,1.2071429739908923,12.071429739908924,-4.836590958062306,10,1.0,0.1892512380005691,0.018925123800056908,0.06466101286244186,2.926821427978204,1.1104357268870453,13.776436999999987,0.0,8.646188700000039,0.0003309999999601132,425608192,-154.70654494404792,91.55739570033143,35.76667710044577,-154.98609723567964,91.6571353974577,35.82778507766979,154.98609723567964,91.6571353974577,35.82778507766979,0.0022678518852656503,0.003947638126479419,0.0030219216497589653,1.0,0.28000000000000114,8.679310461846674,75.0,750
44,46.08,0.8021066280921746,8.021066280921746,-2.8836423979773516,8,0.8,0.1298736202665971,0.01298736202665971,0.042767278624329705,3.036752032024638,0.9971307422469609,14.392006199999969,0.0,9.737235800000008,0.00034099999993486563,425673728,-165.7309476727247,179.47928253951258,60.629926090274054,-165.9569790971279,179.54133576904505,60.67525314464949,165.9569790971279,179.54133576904505,60.67525314464949,0.002710048931558454,0.004105842296139686,0.002819878296587664,1.0,0.37999999999999545,8.442194192538464,75.0,750
45,45.85,1.5693042035084004,15.693042035084003,-4.570224876786394,9,0.9,0.29305425382426975,0.029305425382426975,0.09703754409398448,3.020008972407997,1.2840582751021121,14.386568599999919,0.0,10.69094250000012,0.0003145000000586151,425608192,-95.11575287640095,82.97337178649208,36.75576087984086,-95.29011164188385,83.00957715249862,36.80641253747336,95.29011164188385,83.00957715249862,36.80641253747336,0.004000179213705301,0.004330479669495376,0.002576615568879648,1.0,2.3700000000000045,8.32560124792057,75.0,750
46,53.93,1.0827994981342104,10.827994981342103,2.3808987607306307,9,0.9,0.1166363002375359,0.01166363002375359,0.039484789516900834,2.9539552233806794,0.9191004496665086,14.153530700000147,0.0,8.630365700000084,0.0003237999999328167,425608192,-355.313863645792,298.13713647278325,96.34309341327476,-355.6073608851433,298.218464441309,96.38251050945205,355.6073608851433,298.218464441309,96.38251050945205,0.002972450650926011,0.003286076840928211,0.0020768291239286678,1.0,-0.22999999999999687,8.201421678610739,75.0,750
47,51.4,2.35086795790869,23.508679579086902,-5.085240924783417,10,1.0,0.19078348740798035,0.019078348740798036,0.06455731224420112,2.955257596324691,1.9430003342930875,14.231213199999956,0.0,9.275709300000017,0.00031829999988985946,425608192,-64.06371032834053,43.98279082496854,29.619658980349087,-64.21824102878571,44.06197946702956,29.672127320952924,64.21824102878571,44.06197946702956,29.672127320952924,0.0040978106985896465,0.0038223242593328796,0.0030066192366165674,1.0,-1.1900000000000048,8.216289283142833,75.0,750
48,48.19,1.362068062352773,13.62068062352773,-0.38868101795504245,9,0.9,0.0028903794494254953,0.0002890379449425495,0.000981099835915118,2.9460604758225264,1.3116449921966817,14.113358900000094,0.0,10.04960210000013,0.00039209999999911815,426198016,-112.9845862993598,113.27875894597969,52.78099478296364,-113.15555380880832,113.34609769624822,52.86522225245107,113.15555380880832,113.34609769624822,52.86522225245107,0.0032465700367603294,0.003872115623732011,0.003035328343255163,1.0,-1.2100000000000009,8.134316972183335,75.0,750
49,53.71,1.0182609915855765,10.182609915855764,0.34572162491587183,8,0.8,0.005194532321302958,0.0005194532321302958,0.0017213882641087855,3.01764130127396,0.8030516220442931,14.071829900000012,0.0,9.443524999999909,0.00033639999992374214,425608192,-203.07521634697915,157.45445589262258,44.59909015120459,-203.331216558218,157.49127501358808,44.68012999415337,203.331216558218,157.49127501358808,44.68012999415337,0.0026501202490086732,0.003479557748967076,0.0025487721231745274,1.0,0.00999999999999801,7.931284787891956,75.0,750
50,49.9,1.1080574185865915,11.080574185865915,4.04902153965789,8,0.8,0.04301192976612711,0.004301192976612711,0.014317675251711636,3.0041140764793615,0.882015113819232,14.135464700000057,0.0,8.215853199999856,0.000324099999943428,425608192,-173.23500394046306,149.75439723075652,47.156110151110184,-173.50666338205338,149.86940439965971,47.24671260363866,173.50666338205338,149.86940439965971,47.24671260363866,0.004596635221401399,0.004267914520059112,0.0026384801702844644,1.0,1.2299999999999969,7.85074573623106,75.0,750
51,50.96,1.0755161299617204,10.755161299617205,3.763738577751815,9,0.9,0.00025683751152882905,2.5683751152882907e-05,8.585655421993874e-05,2.99147239092415,1.5192478222211538,14.664476199999854,0.0,8.47668079999994,0.0003404000001410168,425608192,-80.67044854581356,79.17254116156484,39.927505020464636,-80.82243950664997,79.1845737509009,39.94222444141523,80.82243950664997,79.1845737509009,39.94222444141523,0.0042857222880626,0.0031994140781100686,0.002304316717881604,1.0,-2.259999999999998,7.74478982937336,74.0,740
52,55.06,1.0527792282448514,10.527792282448514,-0.5630839585953107,9,0.9,0.005295438270705333,0.0005295438270705333,0.0017658341910137584,2.9988309761208343,0.8741590362173249,14.440916699999889,0.0,10.566097300000138,0.00033389999998689746,425608192,-187.13958108127116,220.09940891160153,68.77491223945869,-187.34283288121225,220.16720364785226,68.8191185154192,187.51181406378745,220.02265482031532,68.8191185154192,0.0029003432058423272,0.0035082872898193566,0.0022998259697373873,0.9,-0.4099999999999966,7.675840400794833,74.0,740
53,47.56,0.8441367143666649,8.44136714366665,-3.430576549010837,9,0.9,0.07386872865556349,0.007386872865556349,0.025124869495862873,2.9400641729791634,1.0289034055735402,13.92597539999997,0.0,8.49191350000001,0.00033239999993384117,425608192,-281.4625260198116,421.59539680033123,147.02187760720966,-281.7068716490269,421.64734761367816,147.04974373039676,281.7068716490269,421.64734761367816,147.04974373039676,0.004612347888637669,0.003402530348575477,0.0023165405497779495,1.0,-1.3900000000000006,7.501539747273822,74.0,740
54,53.55,1.195265460806715,11.95265460806715,6.296513615249592,9,0.9,0.10932407859998783,0.010932407859998782,0.0376797657067202,2.901400169282099,1.1231510286730952,13.800003199999992,0.0,10.010505400000056,0.00036659999977928237,426198016,-335.5543047237396,234.3460116470546,92.16599670274485,-335.7938901817799,234.496100657305,92.23066970467563,335.7938901817799,234.496100657305,92.23066970467563,0.0032478029156929222,0.0033356888518447595,0.0021721403254116455,1.0,-1.1799999999999997,7.4464872936421,74.0,740
55,54.06,1.663226670397836,16.63226670397836,4.496013211933343,10,1.0,0.0991405737103257,0.00991405737103257,0.03352104607840445,2.9575620485840353,1.5361429276459941,13.830674300000283,0.0,9.69060430000036,0.0003652000000329281,425608192,-98.43183865875005,64.1866718175598,34.65491517837994,-98.68807881355286,64.2783299149205,34.772101090397484,98.68807881355286,64.2783299149205,34.772101090397484,0.0033223695632372263,0.003543615615053367,0.0027173942693287487,1.0,1.0800000000000054,7.2554889842761785,74.0,740
56,46.92,1.3523700546291708,13.523700546291709,-1.3138770490194875,10,1.0,0.49736920451159605,0.04973692045115961,0.16952788943479719,2.933848856195967,1.2449389813220173,14.836706699999922,0.0,9.035601000000042,0.0003320000000712753,426198016,-83.09604921102523,85.26741601628927,36.83049620382176,-83.30990443110466,85.34162365285637,36.88213940105817,83.30990443110466,85.34162365285637,36.88213940105817,0.007551673340121645,0.0035914371396878505,0.002875267109762218,1.0,-0.769999999999996,7.119496165705613,74.0,740
57,48.73,0.7762506683132652,7.762506683132652,1.702024667331159,9,0.9,0.08012900025490133,0.008012900025490132,0.026539509157583175,3.0192344469945085,0.7341044142768948,14.016526200000044,0.0,8.94804239999985,0.00030459999970844365,425673728,-255.60662101149558,348.96097290747633,90.2450408460154,-255.80870042324065,349.00893309386356,90.28847769083615,255.80870042324065,349.00893309386356,90.28847769083615,0.003620794336601712,0.004207932488712492,0.0027786487317003838,1.0,-0.6300000000000026,7.113387558107396,74.0,740
58,53.18,1.6768333051481328,16.768333051481328,-7.419137151034186,7,0.7,0.26884876419359216,0.026884876419359216,0.08882489784364443,3.026727536088337,1.489520537984101,13.865815000000111,0.0,9.014473799999905,0.000423799999680341,425608192,-130.0796975272894,75.40238728900484,39.42466304374781,-130.29357321739198,75.46304848528354,39.51477492052608,130.29357321739198,75.46304848528354,39.51477492052608,0.0043593742656592455,0.004394836543700034,0.0029921489525963573,1.0,-0.29999999999999716,6.993147902028542,74.0,740
59,50.76,1.2666702848846354,12.666702848846354,6.0147713919236745,8,0.8,0.47404463583545287,0.04740446358354529,0.15684596514593752,3.0223578617044913,1.0684702546416955,14.081146199999694,0.0,9.505142699999851,0.0003233000002182962,425608192,-85.7451704353094,68.07455732113797,25.752293489570853,-85.91728763699531,68.10352558673088,25.81630580280162,85.91728763699531,68.10352558673088,25.81630580280162,0.005025333725351905,0.0038049629547251634,0.0029531240785683065,1.0,-0.6200000000000045,6.916408485144738,74.0,740
60,49.74,1.2386107879311927,12.386107879311927,-9.992518071378372,10,1.0,0.16261259254204852,0.016261259254204852,0.05407841028834791,3.0069780467841545,1.4538164073486257,13.917856000000029,0.0,10.398899599999822,0.0003465999998297775,425673728,-298.4865516754985,213.36772235930167,110.53238798140687,-298.69082398295404,213.50263385604617,110.66187642207542,298.69082398295404,213.50263385604617,110.66187642207542,0.001962191477127935,0.004234684795341375,0.003062808708279556,1.0,-0.030000000000001137,6.8474524827086185,74.0,740
61,55.09,0.7969259933150219,7.969259933150219,3.9438327963730924,9,0.9,6.146156994368823e-05,6.146156994368823e-06,2.0136102023595594e-05,3.0523072376007643,0.8095315227258386,13.997885499999938,0.0,7.769842300000164,0.00032400000009147334,425608192,-140.60199438273906,156.69826723405166,40.78173128333899,-140.78325477838516,156.72295220640206,40.77650357903151,140.78325477838516,156.72295220640206,40.77650357903151,0.005540889988951586,0.004353502219801683,0.0025519978063195245,1.0,-0.509999999999998,6.746126805206887,74.0,740
62,56.7,0.8598928536475829,8.59892853647583,-5.375230822024722,9,0.9,0.059985870454315915,0.005998587045431591,0.019942324758552864,3.007967786132315,1.057557032756953,14.078453199999785,0.0,9.531997600000068,0.0003340999996908067,425935872,-194.25632192999126,315.1387908498275,116.67133874704575,-194.43514620900154,315.2404634974564,116.73233323441225,194.43514620900154,315.2404634974564,116.73233323441225,0.005932240651367546,0.003811455982745481,0.0029745573832010044,1.0,-0.14999999999999858,6.652747144196288,74.0,740
63,53.99,1.1753290606354307,11.753290606354307,1.6481553960354445,10,1.0,0.022529979186508342,0.0022529979186508343,0.00763264103748284,2.951793366918049,1.3179199373949098,14.578571300000021,0.0,8.577984100000322,0.00032439999995403923,425608192,-203.65168122112752,124.45611270384738,59.31365559978296,-203.85167590141296,124.50233212610806,59.37996298289443,203.85167590141296,124.50233212610806,59.37996298289443,0.003862598144144845,0.003588233173875542,0.0028760865346839468,1.0,1.2000000000000028,6.536075473256846,74.0,740
64,56.81,0.8238141614718197,8.238141614718197,2.1174826418247754,9,0.9,0.0005261691641429422,5.261691641429422e-05,0.0001764439857656898,2.9820748032844415,1.4109140834424665,13.847128800000064,0.0,10.120925700000043,0.00033080000002883025,425608192,-182.72136372268199,239.88800090423635,115.36286369826536,-182.8623571395874,239.92295223192403,115.41427706269889,182.8623571395874,239.92295223192403,115.41427706269889,0.005923508295577744,0.004136336615687904,0.002631016925723308,1.0,0.20000000000000284,6.478976769888179,74.0,740
65,58.12,1.089995085287208,10.89995085287208,-6.844726134211782,8,0.8,0.02097385228505999,0.002097385228505999,0.007054148849124534,2.9732647741992264,1.037128657616343,13.779713400000219,0.0,9.130121000000145,0.00033660000008239876,425608192,-118.07930014669896,113.78592051250502,41.352684739883756,-118.26702051818371,113.83381943839862,41.38433171670033,118.26702051818371,113.83381943839862,41.38433171670033,0.003954547578298342,0.0035421630662640347,0.0028639891283530365,1.0,-0.740000000000002,6.378771748042782,74.0,740
66,55.76,1.0240908639036372,10.240908639036373,6.792841099123238,8,0.8,0.06813396421185125,0.006813396421185125,0.02286328989789783,2.980059497829131,1.6671646106592393,14.408694799999921,0.0,9.022392599999876,0.00035120000029564835,425608192,-364.3839116245508,554.5305902528177,311.18739707831435,-364.58527057528494,554.6162669489605,311.22998004019115,364.58527057528494,554.6162669489605,311.22998004019115,0.0030971396102796507,0.004279495986167951,0.0023844763241821086,1.0,0.030000000000001137,6.297086061769134,74.0,740
67,56.13,0.9042640362918348,9.042640362918348,5.408543293752298,7,0.7,0.10280972238584596,0.010280972238584596,0.03390615396075024,3.0321847327437514,0.9508492052738349,14.304055499999777,0.0,7.732564700000239,0.0003171000003021618,425608192,-109.97328989088535,115.08640290782772,39.19485395014642,-110.11203770697117,115.08820147904228,39.24447802861065,110.11203770697117,115.08820147904228,39.24447802861065,0.004679811398044479,0.004347524578488374,0.0030752210173615275,1.0,-0.0799999999999983,6.172372424273708,74.0,740
68,53.62,1.257084189479973,12.57084189479973,8.871549086936286,7,0.7,0.03207946172823917,0.003207946172823917,0.010875385973765408,2.9497308698398523,1.4892740632554449,14.766651600000387,0.0,10.824604999999792,0.00034080000023095636,425608192,-281.55116071879866,302.4802207190313,157.28821660396642,-281.74962292909623,302.5425470281332,157.3310583763266,281.74962292909623,302.5425470281332,157.3310583763266,0.00489087726644893,0.004053832440120005,0.0027720816359447864,1.0,-2.0600000000000023,6.100225791776388,74.0,740
69,58.21,2.083879598771051,20.838795987710512,7.609349193947474,9,0.9,0.8152903176442372,0.08152903176442372,0.27592569912037707,2.95474586181461,1.6713593550196189,14.181273600000168,0.0,9.300125599999774,0.00031409999974130187,425608192,-153.62250061392785,84.84742953315205,49.744232992562665,-153.8275392138958,84.87567295036133,49.79581917935803,153.8275392138958,84.87567295036133,49.79581917935803,0.005488506274694247,0.003998898424674401,0.003066342155829175,1.0,2.3200000000000003,6.060570568616336,74.0,740
70,53.67,1.2600736395121017,12.600736395121018,2.4374845463708787,10,1.0,0.1363151245837244,0.01363151245837244,0.045660496711160174,2.9854060818923758,1.1378766798083297,14.089722100000017,0.0,9.41111490000003,0.00032920000012381934,425608192,-159.24518825531007,144.9624840098296,58.06518135947693,-159.46251942038535,145.05368072840858,58.12724611050963,159.46251942038535,145.05368072840858,58.12724611050963,0.0050867201007677495,0.002980491702151495,0.002112473332039898,1.0,1.5100000000000051,5.981097446328558,74.0,740
71,55.54,0.7489207903060803,7.4892079030608025,6.289223011950053,7,0.7,0.03419082666706785,0.003419082666706785,0.011454318299068393,2.9849726342814025,1.110052818825995,14.1379179999999,0.0,9.172545099999752,0.000330399999711517,427642880,-418.0351218187809,840.1768259491078,322.02011537712616,-418.20429593086243,840.2146214791196,322.0412215435052,418.20429593086243,840.2146214791196,322.0412215435052,0.005331038762731512,0.0036407723512105984,0.002622280542531484,1.0,0.6799999999999997,5.860466314966229,74.0,740
72,45.31,0.8984050286292737,8.984050286292737,-0.3928757620627318,9,0.9,0.00044054270593996137,4.405427059399614e-05,0.00014742865742767782,2.988175525888328,0.8179444665707813,14.166036200000235,0.0,9.668979299999592,0.000356399999873247,425608192,-94.77833923339844,115.99644632855531,34.069635707922274,-94.89673697471619,116.09686139421,34.14037769882468,94.89673697471619,116.09686139421,34.14037769882468,0.0050678221273858905,0.0035025815283549334,0.0025946119313522177,1.0,0.12000000000000455,5.792944889781419,74.0,740
73,58.04,1.2260650707415919,12.260650707415918,-1.9656621239860863,7,0.7,0.20741529934935699,0.0207415299349357,0.07115326169164277,2.915049773097313,1.23837879104866,14.251244399999905,0.0,10.129761199999848,0.0003818999998657091,425608192,-385.42668771862986,262.3969646578646,108.99768440975298,-385.7037748122215,262.54712549394014,109.01479476840734,385.7037748122215,262.54712549394014,109.01479476840734,0.0047630429346598654,0.0043847268624879875,0.002137103751119759,1.0,0.240000000000002,5.630999556231755,74.0,740
74,54.59,1.0815609956045238,10.815609956045238,-3.3068393426339555,8,0.8,0.010010867536578871,0.0010010867536578872,0.003288058057553395,3.0446139822810303,0.9884927615265664,14.407078500000353,0.0,8.67902019999974,0.0003374999996594852,425608192,-106.97942002803087,88.32494195381972,30.400148535050956,-107.1608020722866,88.34770737858301,30.431392015537376,107.1608020722866,88.34770737858301,30.431392015537376,0.003716943467858322,0.00331942424298088,0.0024880440429959163,1.0,0.3100000000000023,5.6455824308269715,74.0,740
75,55.42,1.092564108059015,10.92564108059015,-3.7617499158831205,9,0.9,0.06516896392510318,0.006516896392510319,0.02167216453624248,3.007035306331343,0.9993401611328819,15.191706300000078,0.0,9.284415600000102,0.0003102000000581029,425608192,-353.74430024743083,289.61323507701627,103.90909609647501,-353.9578513067961,289.70175576415414,103.99111224416944,353.9578513067961,289.70175576415414,103.99111224416944,0.004640903482320452,0.004424389588187942,0.003123525498542376,1.0,0.20000000000000284,5.511799598624671,74.0,740
76,60.67,0.8859134850395988,8.859134850395987,-3.818491161791327,9,0.9,0.07622663550152708,0.007622663550152708,0.02474015200217782,3.081090023004589,0.9109752869082933,14.829827800000203,0.0,9.319886100000076,0.0003216999998585379,425608192,-285.0743946042657,341.22235454623564,102.12131877541832,-285.3084467357397,341.2533896702141,102.10438438005406,285.3084467357397,341.2533896702141,102.10438438005406,0.006295594971575482,0.004261073278508063,0.002889018377010122,1.0,-1.3099999999999952,5.440052423497488,74.0,740
77,58.97,0.6542477399854861,6.542477399854861,3.5807119703085046,7,0.7,0.08380948774330399,0.0083809487743304,0.02801464316157299,2.9916314571610694,0.6292743890293967,14.410763000000316,0.0,7.694911700000375,0.0003400000000510772,425608192,-604.10555151999,965.7464777812208,218.11028390178797,-604.2746472656727,965.8205349882344,218.15907859641973,604.2746472656727,965.8205349882344,218.15907859641973,0.00397650699360799,0.003697501002017766,0.0027532791241673326,1.0,-0.8900000000000006,5.406677446274172,74.0,740
78,58.28,1.0114912858424396,10.114912858424397,-0.49941416248124204,10,1.0,0.012983517417517021,0.001298351741751702,0.00429823777339355,3.0206605827825714,0.8502906960035413,14.733022699999765,0.0,9.795493799999804,0.00032499999997526174,425608192,-404.33692512720825,399.97477259207216,119.00336440719556,-404.5529656761885,400.0281701936084,119.04285498165346,404.5529656761885,400.0281701936084,119.04285498165346,0.0036654196779480684,0.003564990374028908,0.0026239532688900106,1.0,1.0,5.381386075352086,74.0,740
79,57.39,0.7628008239849444,7.628008239849444,1.1394079235415189,10,1.0,0.06663188774003448,0.006663188774003448,0.022041668674270404,3.0229965219382398,0.8282298236998997,14.410257099999853,0.0,9.893501300000025,0.000339599999733764,425608192,-187.90163506805897,171.15196904288007,50.58529245429508,-188.07047217130662,171.15019417682134,50.643980892188026,188.07047217130662,171.15019417682134,50.643980892188026,0.004703121107396308,0.004060326271256444,0.002834733800014408,1.0,-0.5700000000000003,5.247765159674324,74.0,740
80,53.91,0.6154654887016502,6.154654887016502,-2.799324126638396,10,1.0,0.03273170677623227,0.0032731706776232272,0.010943257417737426,2.991038730678029,0.6800893428285901,15.182828500000142,0.0,8.473426800000198,0.000314799999614479,425608192,-240.01555813014508,284.92288855266776,69.7614590942596,-240.15625324487686,284.96707492012564,69.79235934245317,240.15625324487686,284.96707492012564,69.79235934245317,0.003953199766705041,0.003017617087115765,0.002461593300641791,1.0,0.1699999999999946,5.2130077999072695,74.0,740
81,56.01,1.4341025553832578,14.341025553832578,-0.07846276610378572,9,0.9,0.48896634742490974,0.04889663474249097,0.16706288668032543,2.926840048924487,1.2926941634146627,15.174589200000355,0.0,7.224540000000161,0.00032000000010157237,424887296,-140.64663783073425,88.35857428495896,39.391556702231675,-140.84095921039582,88.4085762438506,39.41858626009271,140.84095921039582,88.4085762438506,39.41858626009271,0.005038236531993675,0.0043809754005039265,0.003052140359869687,1.0,0.6000000000000014,5.0929970453401125,74.0,740
82,61.22,0.8855699826159684,8.855699826159684,-0.2583200014919739,8,0.8,0.0360923562139952,0.00360923562139952,0.011710303647677299,3.0821025056129954,0.7483365887792396,14.813435499999741,0.0,9.127922899999703,0.0003245000002607412,425608192,-214.53296550244093,154.71984557488628,40.17317614295611,-214.7419741779566,154.74833480507567,40.21545568555389,214.7419741779566,154.74833480507567,40.21545568555389,0.005927116375694799,0.004350833484918234,0.0030754109589542842,1.0,4.159999999999997,5.071336362103529,74.0,740
83,58.68,0.7213424938500989,7.213424938500989,2.3063788684164184,10,1.0,0.07104549748197542,0.007104549748197542,0.02351212621225524,3.021653458330975,0.7792053066328977,14.731107200000224,0.0,8.769290499999897,0.00034800000003087916,425608192,-163.09069200634957,224.6142497875622,62.90189227887801,-163.21441095113755,224.66561832637382,62.97150902822018,163.21441095113755,224.66561832637382,62.97150902822018,0.00580294036796509,0.0038122398691875546,0.0023681469891765907,1.0,0.04999999999999716,4.9811002044992705,74.0,740
84,54.59,1.2027711548738127,12.027711548738127,7.272825972139135,7,0.7,0.07675547960385742,0.007675547960385743,0.025566561367713958,3.002182362340913,1.1579692334482117,14.531934699999965,0.0,8.85688570000002,0.0004243000003043562,425608192,-365.35323306679726,236.58378166950882,96.73595468446227,-365.56146077632906,236.6161399181977,96.80008953159297,365.56146077632906,236.6161399181977,96.80008953159297,0.004287718947755531,0.0036481557352955993,0.002475754023225298,1.0,1.0900000000000034,4.898042318534962,74.0,740
85,62.68,1.3111179656685752,13.111179656685753,1.1344659473668763,9,0.9,0.020644122980684187,0.0020644122980684187,0.006923266523655919,2.9818472118826933,1.1179445689657208,14.752069799999845,0.0,7.891301299999668,0.0003133999998681247,425673728,-150.03850668370723,111.51462188841886,44.30859010700956,-150.13810781836509,111.58036176274088,44.37021722189538,150.13810781836509,111.58036176274088,44.37021722189538,0.005230866826158337,0.004664400551681089,0.0034036718240533243,1.0,1.1899999999999977,4.829909725302416,74.0,740
86,59.87,1.107810873357875,11.07810873357875,2.3806683596255764,10,1.0,0.29671496218727,0.029671496218727,0.0983172066019316,3.017935236795474,1.208525913431529,15.08213990000013,0.0,8.3325947000003,0.0003189999997630366,425608192,-150.53379184126854,139.90991031953197,60.00708536528448,-150.68514498829842,139.94587872670448,60.06172090168631,150.68514498829842,139.94587872670448,60.06172090168631,0.00509440682187826,0.004568091672455815,0.003333419876024701,1.0,-2.970000000000006,4.814226930872631,74.0,740
87,56.52,1.1374635947553486,11.374635947553486,-6.349028687151548,10,1.0,0.09770663606053276,0.009770663606053276,0.03248774063051272,3.0074924929918327,1.0411065146624832,14.961342200000217,0.0,8.43796680000014,0.00034130000040022423,427642880,-211.12320873588322,210.27393575617486,74.61647910794872,-211.30037985801698,210.3326819639035,74.65513455132123,211.30037985801698,210.3326819639035,74.65513455132123,0.004624351427828247,0.0034511900973982286,0.002720330246255151,1.0,1.0,4.770269906351636,74.0,740
88,55.96,1.1496074774531042,11.496074774531042,-1.8741441340271812,9,0.9,0.007956854215933618,0.0007956854215933618,0.00271425104267994,2.931510052245332,1.7480446087474015,14.846122500000092,0.0,7.690662900000007,0.0003412999999454769,425608192,-339.34824919462204,351.120417539845,209.7424757142343,-339.5930487549305,351.1979451830772,209.77729309326634,339.5930487549305,351.1979451830772,209.77729309326634,0.005627489446883751,0.004661711824271288,0.0023687355297760753,1.0,1.4100000000000037,4.6454317301067745,74.0,740
89,55.33,0.8118403009641388,8.118403009641389,1.6228307576993464,7,0.7,0.1101185171631549,0.011011851716315491,0.03585117786646959,3.0715453080314297,0.6830312236462643,15.146256600000015,0.0,8.345580700000028,0.00032439999995403923,425608192,-183.03066883563994,194.42061633945642,48.77866027220766,-183.24011064708233,194.46722068154534,48.83662425042011,183.24243217647074,194.46503176833994,48.83477209790484,0.007119468968605558,0.004385652055967457,0.0029993497788893494,0.99,1.1299999999999955,4.591407010605342,74.0,740
90,66.33,0.9512551332854111,9.51255133285411,6.951479771073222,6,0.6,0.1742924584583978,0.01742924584583978,0.05701598943648114,3.056904917042068,1.1396437852930175,15.027256899999884,0.0,8.949605600000268,0.0003364999997756968,425608192,-204.28899222284556,254.6812364995108,95.21077341078642,-204.40926426947118,254.70747867247243,95.22635491836192,204.40926426947118,254.70747867247243,95.22635491836192,0.0041403117112250604,0.004055300071485933,0.0025867393752645996,1.0,0.23999999999999488,4.533200232722114,74.0,740
91,52.68,0.6811711284853574,6.811711284853574,2.456759417619085,9,0.9,0.1273027908699902,0.01273027908699902,0.042592960327465616,2.9888223286489985,1.1116427430229672,14.429185199999665,0.0,8.300445099999706,0.00034839999989344506,425608192,-299.06572799503806,498.8555834769201,191.1787212904978,-299.2330858308077,498.92683100926587,191.21918670499542,299.2330858308077,498.92683100926587,191.21918670499542,0.00641816981542587,0.004677636072159693,0.0032318626663560457,1.0,-0.04999999999999716,4.491097687502537,74.0,740
92,60.5,0.9696122321326248,9.696122321326248,2.8135540478625733,9,0.9,0.05639929996721804,0.005639929996721804,0.018778545014983463,3.0033903011238015,0.8573973072499145,15.099842100000387,0.0,9.963323800000126,0.0002939999999398424,425608192,-308.95797496974467,282.63501909743127,83.69958640219193,-309.12324318528175,282.6865157535604,83.72764392389074,309.12324318528175,282.6865157535604,83.72764392389074,0.0047086626879407475,0.0045250079218248935,0.0025599175763680792,1.0,-0.3200000000000003,4.3990758325056705,74.0,740
93,56.37,0.8049771848677489,8.049771848677489,1.161432524406356,9,0.9,0.045210437726561636,0.004521043772656164,0.014969246580690529,3.0202213239563114,1.3037643376239694,14.527652600000238,0.0,9.275256200000058,0.0003283999999439402,425608192,-668.592366143465,1040.7420258988473,458.76666165046623,-668.7290720945597,1040.7555265402875,458.7890245875434,668.7290720945597,1040.7555265402875,458.7890245875434,0.005379151409904723,0.003934803727228573,0.0027421134619569233,1.0,1.3399999999999963,4.321960152084508,74.0,740
94,55.59,0.7049320796507964,7.049320796507964,-3.7106093755718006,10,1.0,0.035056337843487384,0.0035056337843487385,0.011651359630586533,3.0087765681405405,0.6064983842197665,15.44617580000022,0.0,9.194873100000223,0.00032820000024003093,425608192,-191.06666599690914,227.9597040251836,50.2444621433445,-191.15803886175155,228.0027559458868,50.30182457946082,191.15803886175155,228.0027559458868,50.30182457946082,0.004641198674569438,0.003968539225985848,0.0034617305397998755,1.0,2.8300000000000054,4.243942612875784,74.0,740
95,59.25,0.6938695924258629,6.938695924258629,-1.599525808387405,10,1.0,0.13386537027649137,0.013386537027649137,0.04448600583295908,3.0091568746167887,0.5492920177785556,15.11736830000018,0.0,8.977005799999915,0.0003472000003057474,424824832,-149.443800817132,152.09468524856845,27.52190576525194,-149.70710224032402,152.17610924762891,27.530281387421606,149.70710224032402,152.17610924762891,27.530281387421606,0.006515824622842397,0.0029827628523298624,0.002533118844691396,1.0,-0.6199999999999974,4.221847108280838,74.0,740
96,63.18,1.245116659662427,12.45116659662427,-1.8572627126107015,10,1.0,0.005355825974739048,0.0005355825974739048,0.0017772846808283053,3.0134879530064707,1.0684412872033777,14.851643700000295,0.0,8.631353000000217,0.00034450000021024607,425608192,-237.0580166849494,183.11098528812505,65.69522638762622,-237.17836642563344,183.15131331859632,65.72591931843377,237.17836642563344,183.15131331859632,65.72591931843377,0.0050481676736682905,0.0035217206568465614,0.0024712550316562595,1.0,0.10999999999999943,4.1479744920361314,74.0,740
97,59.48,0.965383802557057,9.65383802557057,-2.94986424639787,10,1.0,0.01496975886427343,0.001496975886427343,0.0049683344654466825,3.013033637003253,1.379998436293657,15.52692100000013,0.0,9.349445199999991,0.0003176000000166823,425608192,-171.0274997150898,199.101091002824,94.40536992322055,-171.17144475340842,199.15339543986067,94.44980161271363,171.17144475340842,199.15339543986067,94.44980161271363,0.007060960095633122,0.004221883506009747,0.0025764423261027624,1.0,0.4299999999999997,4.101938636832893,74.0,740
98,62.18,0.7134939915575985,7.134939915575985,-3.2074134466867497,8,0.8,0.01906509313187854,0.0019065093131878541,0.00628984103316344,3.031093000817838,0.7519877990511613,14.89163550000012,0.0,8.388316300000042,0.00032190000001719454,425608192,-223.55282376348973,252.63927075862625,65.44419853759851,-223.694789403677,252.67360715142368,65.47465975835283,223.694789403677,252.67360715142368,65.47465975835283,0.006282424666719456,0.004324967191441028,0.002866798234720508,1.0,0.28000000000000114,4.065685831681528,74.0,740
99,56.4,0.8212545136789424,8.212545136789425,-1.1009511524039324,9,0.9,0.13721126949896956,0.013721126949896956,0.045599522200865744,3.009050596946046,0.9481046343339887,14.905034700000215,0.0,9.651311300000089,0.0003332000001137203,425608192,-646.9981329390407,1072.8244858761677,347.8302419257033,-647.1865450078249,1072.8985121744304,347.87299912342854,647.1865450078249,1072.8985121744304,347.87299912342854,0.007358422502237188,0.004890975726449869,0.0026909882910560712,1.0,-3.8100000000000023,4.006131530847023,74.0,740
100,56.74,0.7967213461021564,7.967213461021564,1.7297015861286147,10,1.0,0.010958105503954485,0.0010958105503954484,0.003681861631283466,2.9762404460959013,0.9203305763102658,14.819411500000115,0.0,10.040294099999755,0.0003228000000490283,425608192,-977.9836222472787,1369.1054000074014,423.7562572852116,-978.2479139852524,1369.1955467323546,423.8008765927104,978.2479139852524,1369.1955467323546,423.8008765927104,0.0063364707077489466,0.004599279763429463,0.0030166238945024495,1.0,-1.2199999999999989,3.931767225601141,74.0,740
101,61.96,1.0385131050498027,10.385131050498027,1.0769013938626484,10,1.0,0.013898956804288431,0.0013898956804288432,0.004676806657199093,2.9718903993804227,0.8141917292106395,14.908560800000032,0.0,10.923316299999897,0.00033059999987017363,425608192,-414.5783260715008,351.24084488967225,100.57820790671921,-414.84535730004313,351.32398827914415,100.62622993440354,414.84535730004313,351.32398827914415,100.62622993440354,0.007173008468215034,0.003709310630257274,0.0023097266709702006,1.0,1.1000000000000014,3.8492272302715653,73.0,730
102,61.21,0.4159614077491435,4.159614077491435,-0.7571021108376981,9,0.9,0.040727774986693,0.0040727774986693,0.01379421650941055,2.9525254267908663,0.5349502660228524,15.200976300000093,0.0,9.354394099999809,0.00033540000003995374,425608192,-595.8469578045607,1159.937773099621,210.63537401356768,-596.0164209449291,1160.0317573002137,210.6642172994778,596.0164209449291,1160.0317573002137,210.6642172994778,0.005681925605730943,0.004283687397530376,0.0023755762110123898,1.0,1.4299999999999997,3.7966981694823025,73.0,730
103,57.26,1.0297755615335706,10.297755615335706,2.5852136332809366,9,0.9,0.012652135717480917,0.0012652135717480916,0.004307417874763256,2.9372900622455402,1.0255874123664894,15.207289899999978,0.0,9.5662284,0.00033119999989139615,425608192,-231.47819774478674,183.18114274416524,66.7477235164838,-231.65237857580186,183.21838189930665,66.78330160900357,231.65237857580186,183.21838189930665,66.78330160900357,0.005532867709229756,0.004656978703004964,0.0032398329897335614,1.0,1.6799999999999997,3.7941784744309475,73.0,730
104,65.51,0.6989747344453863,6.989747344453863,-3.1408553953217315,10,1.0,0.048437357107246726,0.004843735710724673,0.015924316913136023,3.04172275466903,0.9954743154597768,15.243368400000236,0.0,9.943695699999807,0.00044000000025334884,425608192,-234.79129540503024,228.36082220070648,80.22531215506456,-234.92194796442985,228.3934775062228,80.26244831489657,234.92194796442985,228.3934775062228,80.26244831489657,0.005233632723928367,0.004253164232702043,0.0028250137697022957,1.0,1.2000000000000028,3.6811297872877256,73.0,730
105,60.43,0.8600831281061667,8.600831281061668,0.39402204980894096,9,0.9,0.00995379237918037,0.000995379237918037,0.0033412346065749307,2.979076165317201,0.9880350764640501,14.934638099999574,0.0,9.105951399999867,0.0003241999997953826,425608192,-264.1297911521792,313.6181392892076,112.4064807192609,-264.2250796627998,313.6675898433254,112.46390989114867,264.2250796627998,313.6675898433254,112.46390989114867,0.003921401779558891,0.004126032453393325,0.0033416228621951398,1.0,-3.0700000000000003,3.678634104220999,73.0,730
106,38.95,1.0814794213749788,10.814794213749789,3.23250765898349,10,1.0,0.19897692586845572,0.019897692586845574,0.06618944150095335,3.0061732106561103,0.9652698452385792,14.995855399999982,0.0,9.962716399999863,0.00032400000009147334,425608192,-162.68318572700025,154.10904949354665,52.017645150508315,-162.79399031579496,154.1675841668733,52.0640514382027,162.79399031579496,154.1675841668733,52.0640514382027,0.004834528360831758,0.004084899728867857,0.003075082380217716,1.0,-6.979999999999997,3.6045921640633787,73.0,730
107,58.34,0.8882209239928469,8.88220923992847,-1.663580386513103,10,1.0,0.010948295770859318,0.0010948295770859318,0.0036727139329780804,2.9809824480344735,0.775423904279015,14.634485600000062,0.0,9.694190799999888,0.00031300000000555883,425608192,-557.738462767005,422.38348366241064,105.12719911857354,-557.9539513766765,422.47500060530126,105.132313098747,557.9539513766765,422.47500060530126,105.132313098747,0.004102039125313347,0.0029620817960243438,0.0021944715690326785,1.0,0.5300000000000011,3.5311692324097477,73.0,730
108,66.58,0.8021704061415367,8.021704061415367,2.4806183629950382,10,1.0,0.050748879331551144,0.005074887933155114,0.0167182669786079,3.0355346876854887,1.0960523727841784,16.352848399999857,0.0,8.463600900000074,0.0003206000001227949,425608192,-340.6305574503541,399.0839773905998,147.15150012868497,-340.81619654893876,399.14890610627066,147.19476267953436,340.81619654893876,399.14890610627066,147.19476267953436,0.006691240623242837,0.004320409887546204,0.002556014173005082,1.0,-0.21000000000000796,3.5307991850138536,73.0,730
109,60.9,0.9659441043024968,9.659441043024968,2.574642317774071,8,0.8,0.15517635777729488,0.015517635777729489,0.05218000220692336,2.973866447186653,0.7987246983235418,16.351032300000043,0.0,8.19278899999972,0.00032959999998638523,425608192,-230.6079023849964,230.35561714494497,64.6003112754707,-230.77363494277,230.43079619760022,64.63940802247772,230.77363494277,230.43079619760022,64.63940802247772,0.0064185999257117595,0.00476971906486342,0.0030986281752358835,1.0,0.00999999999999801,3.4756364285186025,73.0,730
110,65.71,0.7288998174816552,7.288998174816553,-1.585262499278073,10,1.0,0.13658877144796122,0.013658877144796123,0.04519601920134504,3.022141636843457,0.6059794004710408,15.420837099999972,0.0,9.19554270000026,0.0003248000002713525,425608192,-183.70566108822823,148.19492508070707,32.97567869406878,-183.84582161188126,148.236098239342,33.006728332550104,183.84582161188126,148.236098239342,33.006728332550104,0.007228679857360709,0.004237560262121894,0.002764033970598593,1.0,-0.19000000000001194,3.430356598904281,73.0,730
111,69.4,1.2511661174862603,12.511661174862603,5.669338972203664,10,1.0,0.12807218473503745,0.012807218473503745,0.04313420482231203,2.9691560389862466,1.2516254935476756,15.827214899999944,0.0,8.541354599999977,0.0003195999997842591,425608192,-329.9532145923376,345.95823595699005,147.81534619862512,-330.14836793363094,346.01890881538037,147.86135007191922,330.14836793363094,346.01890881538037,147.86135007191922,0.006838496463896525,0.004192708140991809,0.002707370796596056,1.0,0.3400000000000034,3.3664921933289627,73.0,730
112,65.36,0.7833804112982666,7.8338041129826665,4.715343269174309,8,0.8,0.05358438747111194,0.005358438747111194,0.017534196348852834,3.0559933517921207,0.6777551024449904,15.852038600000014,0.0,8.243865500000084,0.00032300000020768493,425608192,-247.22715958327055,223.39685692024028,55.179938388597435,-247.3745926076174,223.4224141699134,55.2266996196731,247.3745926076174,223.4224141699134,55.2266996196731,0.0070896905091275995,0.004569458447228715,0.003304354069178152,1.0,-0.4399999999999977,3.357063167529433,73.0,730
113,60.23,1.4270511046146193,14.270511046146193,-0.2426885785496241,8,0.8,0.3890579776463987,0.03890579776463987,0.12845060498964717,3.028852823836493,1.1934154090171836,15.990453999999772,0.0,9.081101199999921,0.0003272999997534498,428426240,-113.2322913134098,81.96219460310508,33.86234713107465,-113.2721798568964,81.94774980965921,33.90663254881031,113.2721798568964,81.94774980965921,33.90663254881031,0.004448251464887372,0.004070391720649893,0.0025689348784703595,1.0,-0.09000000000000341,3.3049033730921358,73.0,730
114,58.61,0.7156435704622883,7.156435704622884,2.1761620463817444,9,0.9,0.061888629027985864,0.006188862902798587,0.02008032566014011,3.0820530540914564,0.7082602584007434,15.426302799999576,0.0,8.562895500000195,0.00032079999982670415,425608192,-636.4537509667873,678.5548150301254,167.13107025113743,-636.6397213506699,678.580087704015,167.1664231081586,636.6397213506699,678.580087704015,167.1664231081586,0.005590959591615673,0.0039845665639015905,0.0024883624275364113,1.0,-0.3299999999999983,3.249789791174691,73.0,730
115,65.17,0.40285481739047685,4.028548173904769,0.9425560724450099,10,1.0,0.008668660858125676,0.0008668660858125677,0.002858767582154093,3.032306967603783,0.8148007638575848,15.259292499999901,0.0,10.519545300000118,0.00042199999961667345,425608192,-296.37205607831476,660.5274212854589,179.43106554815822,-296.4449510163069,660.5126370049891,179.46330878023394,296.4452362267673,660.5125089933322,179.46307384888433,0.005878553777704815,0.005359545457712236,0.0031136346205987483,0.99,-0.730000000000004,3.2315973354363345,73.0,730
116,63.33,0.6799352908589152,6.799352908589152,0.25204315120380627,8,0.8,0.09579211507321617,0.009579211507321616,0.03156681699486988,3.0345826469860406,0.8741076861687763,15.652297999999973,0.0,11.685319600000184,0.0003181000001859502,425673728,-509.4558993265033,710.2898528118491,214.20332265756363,-509.54848668456077,710.2914555224122,214.22886293624984,509.54848668456077,710.2914555224122,214.22886293624984,0.005583814923701545,0.004439974700975588,0.0026906172474635737,1.0,1.1899999999999977,3.141954620163083,73.0,730
117,63.36,0.8146294500763792,8.146294500763792,-0.8767539847977365,8,0.8,0.17799719892164312,0.017799719892164313,0.0594170219805142,2.9957273688340904,0.6549356158968793,15.501621600000362,0.0,11.111606999999822,0.0004387000003589492,425673728,-227.6075597387552,219.58977279624193,51.5997558995137,-227.72695401966573,219.61724828261984,51.641242660178754,227.72695401966573,219.61724828261984,51.641242660178754,0.00603961980875686,0.005183444214885251,0.003430838323533009,1.0,0.46999999999999886,3.0840739286700076,73.0,730
118,63.08,0.8168694486527002,8.168694486527002,2.0120895839301003,9,0.9,0.037865860866112655,0.0037865860866112657,0.012552937703073253,3.0164939683276057,0.7914574536417823,14.569995100000142,0.0,7.346688000000086,0.0003216000000065833,425608192,-117.59286272868513,117.67446351176582,33.47468640487936,-117.6525896179676,117.70132511948482,33.508040358246774,117.6525896179676,117.70132511948482,33.508040358246774,0.005754680516144914,0.005067577749102852,0.003466865123892108,1.0,-1.8299999999999983,3.0768386840863835,73.0,730
119,62.13,0.5563104310993385,5.563104310993385,-2.4789398919735484,8,0.8,0.018303742854639538,0.0018303742854639538,0.0061063109782279745,2.99751239658469,0.6252835914438959,15.058768200000031,0.0,10.194046900000103,0.0003255000001445296,425608192,-785.3032194511593,1542.5593571393995,323.61967722098274,-785.4311863455176,1542.6087645154025,323.6303324919227,785.4311863455176,1542.6087645154025,323.6303324919227,0.006307239160032245,0.004240261460249459,0.0030968666786514304,1.0,-0.9600000000000009,3.0551886660451144,73.0,730
120,64.01,1.52107929482417,15.2107929482417,0.6494896654035308,9,0.9,0.1530465238160854,0.015304652381608542,0.0525534219919961,2.912208530196082,1.0479543813272076,14.948451700000078,0.0,9.6040895000001,0.0003247999998166051,425608192,-288.0154280683398,163.55228848516788,61.532536037092854,-288.23517419517043,163.658572972599,61.575321642986104,288.23517419517043,163.658572972599,61.575321642986104,0.00886520903216505,0.0038431161358082125,0.0030911893550530875,1.0,-0.6999999999999886,3.0164031932359086,73.0,730
121,66.04,0.5227328453403122,5.227328453403121,-2.177210160391419,10,1.0,0.05767456194064202,0.005767456194064202,0.01910044960468263,3.0195394943217795,0.6992498392773511,14.818667200000164,0.0,10.150873000000047,0.0003085999996983446,425608192,-347.57885941386223,404.2332243500504,96.97259874996915,-347.7230506718159,404.27439124362127,96.99121742953977,347.7230506718159,404.27439124362127,96.99121742953977,0.005650412151806159,0.0034282552934893585,0.0023854085299881206,1.0,-0.7299999999999898,2.947090768535096,73.0,730
122,59.16,0.7033310492976026,7.033310492976026,-2.551653057688761,10,1.0,0.03695510562683246,0.0036955105626832463,0.012184660274493083,3.0329204749510263,0.6464545281727813,15.053351499999735,0.0,7.721021500000006,0.00032449999980599387,428426240,-76.71069538265466,69.17838539613955,14.573408917412996,-76.82914440870285,69.20032997831326,14.572632191010038,76.82914440870285,69.20032997831326,14.572632191010038,0.008715867967806075,0.004783130491582178,0.002932281092613041,1.0,-1.230000000000004,2.9070632563544914,73.0,730
123,54.61,0.4802588938000166,4.802588938000166,1.4860953932058292,7,0.7,0.07533587916799167,0.007533587916799167,0.025486780275121558,2.955880592007511,0.4558094247962142,14.955862900000284,0.0,9.80601489999981,0.0003216999998585379,425608192,-204.80366485893725,268.0736800994263,41.01251398241035,-204.92017588496208,268.16064665269,41.03554163958387,204.92017588496208,268.16064665269,41.03554163958387,0.005454637626886871,0.00438932376750962,0.003038016793033499,1.0,-4.490000000000002,2.870013688353879,73.0,730
124,63.32,1.1247110702650989,11.247110702650989,-1.085280320105582,8,0.8,0.0718024450033301,0.007180244500333011,0.02421080071652224,2.965719549883775,1.2043304781448032,15.18592579999995,0.0,9.590780599999562,0.0004403000002639601,425608192,-1001.4048778127134,1024.9000871501878,425.7002372184906,-1001.673903131485,1025.0067088604367,425.75547256988534,1001.673903131485,1025.0067088604367,425.75547256988534,0.00882177789689243,0.004337889191126269,0.002524285479163384,1.0,-1.6300000000000026,2.8540626762437364,73.0,730
125,58.83,0.5585319327200209,5.585319327200208,2.04265264756551,10,1.0,0.032579122264713156,0.0032579122264713156,0.010802571442032161,3.0158673274725807,0.5345613327584542,14.908479199999874,0.0,10.038468300000204,0.00032250000003841706,425673728,-185.4746580260992,177.89763142778062,33.594674554331625,-185.5773939216137,177.91191217854643,33.61659913632188,185.5773939216137,177.91191217854643,33.61659913632188,0.005592135296593067,0.004474414474516534,0.003458835043496763,1.0,-4.219999999999999,2.7971606850672415,73.0,730
126,65.46,0.5309292839589885,5.309292839589885,-0.0844842376683298,10,1.0,0.10153606677465188,0.010153606677465187,0.03354524529976877,3.0268392992002293,0.5950289873326282,15.052963399999953,0.0,10.398587700000007,0.000320200000260229,425608192,-343.54073627039793,432.9393238576519,86.36727604973055,-343.70246585294603,432.9888104941622,86.386566070076,343.7063797542453,432.9857030137729,86.38584086748813,0.006855426998133705,0.003974011403137965,0.00260369333920727,0.97,2.079999999999991,2.7707343325474243,73.0,730
127,62.62,0.5050886331505866,5.050886331505866,-0.7692725374528523,10,1.0,0.03412841375944975,0.003412841375944975,0.011608067856873768,2.940059808423713,0.5873780537432277,14.913584599999922,0.0,9.16990399999986,0.0003231999999115942,425608192,-392.0497282668948,514.4569691016322,99.5072498811145,-392.153659414053,514.4937500609839,99.52558188027993,392.153659414053,514.4937500609839,99.52558188027993,0.006190039593286469,0.004386223707452481,0.003140360691758886,1.0,-0.2600000000000051,2.754533338612509,73.0,730
128,71.35,0.9587344214147873,9.587344214147873,2.5058109120113663,8,0.8,0.018657229393928887,0.0018657229393928888,0.006267841076413384,2.9766596131701895,1.240459468742363,14.369450099999995,0.0,9.929173099999844,0.00034359999972366495,425608192,-331.9357430100441,301.9373432514989,128.62331279218404,-332.1087996602058,301.9999667766389,128.67510759160268,332.1087996602058,301.9999667766389,128.67510759160268,0.006586054583896839,0.004427668180648201,0.0027939073801515855,1.0,1.2299999999999898,2.720174645094129,73.0,730
129,59.77,0.7830258481041742,7.830258481041742,4.493422528662899,9,0.9,0.16292626906864704,0.016292626906864706,0.05453812138765511,2.9873832270564047,0.6969333165303109,14.854213799999343,0.0,9.19165410000005,0.0003754999997909181,426198016,-145.03700947314502,128.75507708548756,31.38072766972626,-145.15647901058196,128.79807141414963,31.40672040664807,145.15647901058196,128.79807141414963,31.40672040664807,0.006466652750825311,0.004666491752257201,0.003063866946063965,1.0,0.5200000000000031,2.718645701460802,73.0,730
130,67.11,0.5321690200690898,5.321690200690898,1.5661988957015767,8,0.8,0.041913014541998805,0.0041913014541998805,0.01355310616114779,3.0925024893665602,0.5525567569986941,14.84763010000006,0.0,8.744004800000766,0.000418599999647995,425608192,-272.09445539593696,343.68088180101773,66.6361934991289,-272.13665840506553,343.68046560527307,66.666578621497,272.13665840506553,343.68046560527307,66.666578621497,0.004383403230264694,0.004977602642276619,0.0033855895597755844,1.0,-1.0600000000000023,2.6613707856612328,73.0,730
131,67.71,0.8359749084646616,8.359749084646616,2.4704198312021557,5,0.5,0.02359872966177967,0.0023598729661779673,0.00792171323103078,2.9789931765440825,0.8050443642306111,14.813393899999937,0.0,10.15881200000058,0.000327899999319925,425608192,-128.2445476385951,110.26504749508607,31.070054616114458,-128.3335118073225,110.29423214037489,31.097555214065533,128.3335118073225,110.29423214037489,31.097555214065533,0.007849501598538039,0.004976285908880659,0.003004517300272419,1.0,0.19999999999998863,2.6028865578281097,73.0,730
132,53.55,0.9050948674238211,9.05094867423821,-4.031197988385249,9,0.9,0.05746352308814373,0.005746352308814373,0.019280298197505007,2.9804270919201796,1.0653825931173542,15.168422800000371,0.0,9.993618599999536,0.00041979999969044,425608192,-981.7400710481405,1166.3729155164415,425.0601973249914,-981.983620300889,1166.4518829231451,425.1180272368142,981.983620300889,1166.4518829231451,425.1180272368142,0.008029733718756094,0.00528080375887382,0.0030741309056090856,1.0,0.5999999999999943,2.5471051625041072,73.0,730
133,63.15,0.7789154388391463,7.789154388391463,-1.44740640862449,8,0.8,0.0015567236539002494,0.00015567236539002494,0.0005252591615470414,2.963724895945164,0.6998181411281519,14.818096299999524,0.0,11.120436000000154,0.00032949999967968324,426198016,-219.6509556478262,151.4435139257527,37.80842442809076,-219.5716283786297,151.4797463080358,37.84216453864739,219.5716283786297,151.4797463080358,37.84216453864739,0.002029447402954615,0.006684700478067172,0.004026930866269297,1.0,-0.8000000000000043,2.5332879175456,73.0,730
134,68.12,0.536098423695557,5.36098423695557,-4.464656623418851,10,1.0,0.02284474201906228,0.002284474201906228,0.007633797781539157,2.9925788805026787,0.4770652364168301,14.729029199999786,0.0,6.948470600000292,0.0003265000004830654,425673728,-340.6168337351084,635.2493697415028,100.38679108530997,-340.72198305010795,635.290907787829,100.4116480556604,340.72198305010795,635.290907787829,100.4116480556604,0.007379953174998077,0.004014157310661665,0.002963867333454745,1.0,0.6600000000000108,2.4665426381819793,73.0,730
135,72.25,1.092023459894942,10.92023459894942,-2.181429620705953,9,0.9,0.06191492398396825,0.006191492398396825,0.021191326295609537,2.921710662196538,0.9304923050068545,14.889601299999413,0.0,9.699441699999625,0.000337000000399712,425608192,-227.18135099828243,175.71177851439717,56.451343266009154,-227.2729831445217,175.73039962640834,56.47334827687864,227.2729831445217,175.73039962640834,56.47334827687864,0.005482387026049972,0.004883505153460835,0.002864966422927179,1.0,0.769999999999996,2.5097530303297964,73.0,730
136,70.08,0.901456991290752,9.01456991290752,2.126013241737489,8,0.8,0.01607010188292257,0.001607010188292257,0.005245977650000097,3.0633187853787893,0.778409302745607,14.827718100000311,0.0,9.638282300000355,0.0003249000001233071,425673728,-117.9688691779971,100.0172754925155,26.64823595198413,-118.06768823444844,100.02219200461904,26.682239243240588,118.06768823444844,100.02219200461904,26.682239243240588,0.007124607222919433,0.004982602173828629,0.0033155795655736343,1.0,1.2800000000000011,2.4667711057985517,73.0,730
137,63.87,0.6671734227620572,6.671734227620571,1.0769599988423215,10,1.0,0.08742170334258681,0.00874217033425868,0.028973559381590228,3.0172924973151374,0.6739605144990587,14.687652100000378,0.0,9.384864300000118,0.0003221000006305985,425673728,-271.53694739326835,298.81219536369554,68.5026893772589,-271.6583339959383,298.8185282231916,68.5166972715307,271.6583339959383,298.8185282231916,68.5166972715307,0.008784086444495035,0.004876641916920135,0.0027741843202943425,1.0,0.8499999999999943,2.4125749411040602,73.0,730
138,61.06,0.5437525594686237,5.437525594686236,2.37789230136904,9,0.9,0.004989567039531906,0.0004989567039531906,0.001651542573845312,3.0211555660443072,1.3171565551182394,14.928799499999514,0.0,9.913464500000373,0.0003297000002930872,426525696,-837.1465287917853,1997.2097077992437,892.731320632268,-837.2953468865156,1997.2908058414862,892.7741244393244,837.2953468865156,1997.2908058414862,892.7741244393244,0.007975989993999885,0.006244656774870921,0.00351635211887422,1.0,0.07000000000000028,2.3867226870622167,73.0,730
139,70.92,0.4157945267793385,4.157945267793385,0.4876013945026383,9,0.9,0.0007894823044072297,7.894823044072297e-05,0.000271881342198804,2.90377522055172,0.47646939405109073,14.761205400000108,0.0,8.718354999999974,0.0002928000003521447,425608192,-766.1055962203443,1015.8578479753535,160.57017401063828,-766.2598043388128,1015.9528667664968,160.5962723726876,766.2598043388128,1015.9528667664968,160.5962723726876,0.007415719700922353,0.004621505897614482,0.002948525078467274,1.0,0.3400000000000034,2.3833104813356583,73.0,730
140,68.03,1.2281539945231357,12.281539945231357,2.022205413893044,10,1.0,0.06248059271595707,0.006248059271595707,0.021452523305870674,2.912505527909563,1.2242370630087451,15.053093200000148,0.0,9.756953900000553,0.00040239999998448184,425608192,-263.67547937899826,244.09620831518683,105.58315812019399,-263.82372737407684,244.16595326002997,105.61869626033591,263.82372737407684,244.16595326002997,105.61869626033591,0.01006100873167571,0.006222313664081179,0.0037187159834467646,1.0,-0.5999999999999943,2.343611605432728,73.0,730
141,65.43,1.0671366530085802,10.671366530085802,2.6211986459090943,8,0.8,0.04566126188582054,0.004566126188582054,0.015219212458100179,3.000238153684363,0.9342750087677176,14.963944399999491,0.0,8.124767899999824,0.000335800000357267,425608192,-101.94702460497618,100.68594973173842,32.559135466194164,-102.02144937902689,100.72639763919838,32.600758811841224,102.02144937902689,100.72639763919838,32.600758811841224,0.007699868775813709,0.007440216353850857,0.0037931768097805092,1.0,-2.3499999999999943,2.316292039814496,73.0,730
142,67.69,0.8898352580384007,8.898352580384007,1.6688407152430293,9,0.9,0.0447581635458949,0.00447581635458949,0.014787221183948858,3.0268136919787687,0.7061844292216475,14.83639839999978,0.0,9.081518599999981,0.0003274000000601518,425608192,-129.08206610023976,110.01877632061343,26.365000591124694,-129.1453193259239,110.03333047927521,26.402261614504987,129.1453193259239,110.03333047927521,26.402261614504987,0.006556691118211908,0.005110316572122713,0.002872781978379729,1.0,1.2099999999999937,2.2662557566967294,73.0,730
143,60.67,0.9640278099663953,9.640278099663952,5.382515068018437,8,0.8,0.02531020330493483,0.002531020330493483,0.008418767523887701,3.00640244942253,1.008263156421687,14.857071700000233,0.0,10.612833599999249,0.0003130000004603062,425608192,-117.2198108497262,100.3860441239738,34.87934079462125,-117.31923888027669,100.41021405088073,34.904012651303105,117.31923888027669,100.41021405088073,34.904012651303105,0.008243169204590135,0.005374634256581116,0.002906361646433431,1.0,-0.3200000000000003,2.2646068342934864,73.0,730
144,65.63,0.5610514556607714,5.610514556607714,2.316129317774141,9,0.9,0.03433975869070682,0.0034339758690706823,0.01155442082958839,2.972001729655724,0.9074923455072474,14.955305499999668,0.0,7.672358699999677,0.00033290000010310905,425608192,-364.4136826944351,560.4817886519966,175.69197475442766,-364.5867792475224,560.5191352471321,175.71219645802367,364.5867792475224,560.5191352471321,175.71219645802367,0.010113417468629347,0.004993937928825335,0.0027711276589593844,1.0,1.2099999999999937,2.1839736998758377,73.0,730
145,69.34,1.0875618398393274,10.875618398393275,-0.9206566057854628,9,0.9,0.14310860418408033,0.014310860418408034,0.04699177089737531,3.045397129140191,0.8194498775631389,15.079667199999676,0.0,9.774955000000773,0.0003251000007367111,425608192,-69.8161722701788,60.0719907892173,16.676827158154108,-69.87818673372269,60.072805790556835,16.68898605872531,69.87818673372269,60.072805790556835,16.68898605872531,0.009428999332227218,0.005573087021682877,0.003922525889175124,1.0,0.6500000000000057,2.2045087704479167,73.0,730
146,66.69,0.8939421051705722,8.939421051705722,-1.1656135578905595,9,0.9,0.05822889482024962,0.005822889482024962,0.019466384095134327,2.991253770380709,1.1996538640480754,14.71374249999917,0.0,9.314851900000576,0.00032079999982670415,426525696,-331.96731393635275,553.1620924645084,226.4546947070323,-332.07968781292436,553.1993071035799,226.48153315140672,332.07968781292436,553.1993071035799,226.48153315140672,0.008232978324619842,0.005146429566211422,0.003697887766801754,1.0,-0.75,2.180890207356018,73.0,730
147,60.7,0.8933133393559727,8.933133393559727,4.253061274415567,9,0.9,0.09931271340084713,0.009931271340084712,0.0340903177977151,2.9132234551214293,1.3833264370619007,15.128959499999837,0.0,9.805006200000207,0.0003262999998696614,425608192,-271.45308711618185,253.71173177310627,120.54966022766553,-271.57080821275713,253.77467240378547,120.59092517549277,271.57080821275713,253.77467240378547,120.59092517549277,0.007331213753090327,0.005523472614225589,0.003442149204000322,1.0,2.0500000000000043,2.1235643731067637,73.0,730
148,69.49,1.0601103035616717,10.601103035616717,2.185102646662929,9,0.9,0.08877459902855023,0.008877459902855022,0.029249637573857304,3.0350666330271063,0.9110495096290617,15.30689270000039,0.0,8.670755099999951,0.00030560000050172675,426066944,-349.52529273584486,313.65631483539,98.30417768136822,-349.68885546773674,313.73392179876777,98.34105769472595,349.68885546773674,313.73392179876777,98.34105769472595,0.010577225935092362,0.004611666956698768,0.003071692280761837,1.0,-0.7800000000000011,2.1289783283302173,73.0,730
149,55.84,0.9437416122304244,9.437416122304244,1.76137865888614,10,1.0,0.015122834200614221,0.0015122834200614222,0.005164519027011711,2.9282173463817367,1.420139025595592,15.333347999999205,0.0,8.763933499999439,0.00040330000047106296,425608192,-108.54260227918626,97.79367826174392,47.5143303778041,-108.58535247564316,97.81701575778467,47.52329530564462,108.58535247564316,97.81701575778467,47.52329530564462,0.007421311705557099,0.006090412701642104,0.003946429845018066,1.0,2.990000000000002,2.1053757189392046,73.0,730
150,66.23,0.4710982004395003,4.710982004395003,2.670262589301257,10,1.0,0.017285508828928542,0.0017285508828928542,0.005694220142672419,3.0356235614059144,0.4652137550931604,15.239537800000107,0.0,7.81910550000066,0.00036410000029718503,425673728,-355.5104927292466,521.2368843589593,76.19812402080878,-355.74566097140314,521.272369266017,76.20998980213395,355.74566097140314,521.272369266017,76.20998980213395,0.010959240660611292,0.004657120137282579,0.002636701352531442,1.0,-0.9399999999999977,2.076839435678209,73.0,730
151,62.29,0.9259753206238222,9.259753206238221,-6.753278158467848,9,0.9,0.006525565635103092,0.0006525565635103093,0.0022034428101494158,2.961531656299531,0.7988153179165953,15.201080099999672,0.0,9.009663900000305,0.0003483000000414904,425608192,-167.6212551343441,119.29831746693374,33.54744633975837,-167.7005628502369,119.32566786497165,33.5756163951436,167.7005628502369,119.32566786497165,33.5756163951436,0.005182437825778682,0.006325034267591443,0.0036552999768699776,1.0,-0.6400000000000006,2.0120804746128433,72.0,720
152,66.17,0.7188230995411566,7.188230995411566,-1.132972592484433,10,1.0,0.04902693841667283,0.004902693841667282,0.01632996856942544,3.0022677758526637,0.6388905690383729,15.152557800000068,0.0,9.741019000000051,0.0003108000000793254,425608192,-147.4537041991949,114.14263274411383,26.694660412597052,-147.58643539309503,114.16722970542288,26.721647679339764,147.58643539309503,114.16722970542288,26.721647679339764,0.009577910438135544,0.005401428238273102,0.0031928847182894813,1.0,0.6800000000000068,1.9994258619112615,72.0,720
153,70.8,0.9590351581070197,9.590351581070196,-1.724549792461454,9,0.9,0.11702971691485153,0.011702971691485153,0.03992065692724772,2.9315578931511337,1.3263437721379692,15.295015800000328,0.0,9.333557699999801,0.0003127999998469022,425608192,-84.33269230872392,83.53353080886608,38.42492496188364,-84.3869404387474,83.57682299683745,38.451933328170206,84.3869404387474,83.57682299683745,38.451933328170206,0.007569788194349561,0.006224843930467949,0.0033685890573337323,1.0,1.25,1.9670924230352924,72.0,720
154,65.96,0.9849671974108309,9.84967197410831,3.6260956284415897,10,1.0,0.11388298748649817,0.011388298748649817,0.03795173155364081,3.000732320356357,0.904163009867276,15.193071300000156,0.0,9.16875600000003,0.00033970000004046597,425673728,-81.58081674695015,60.51434106162699,19.517004253156703,-81.63897828489542,60.50603955146455,19.538603585554583,81.63897828489542,60.50603955146455,19.538603585554583,0.007151793675344857,0.00536084729773167,0.0037927623123847854,1.0,-0.7400000000000091,1.9559471315843902,72.0,720
155,49.46,0.9446698979695933,9.446698979695933,4.8243976519939356,7,0.7,0.0395304065519646,0.00395304065519646,0.013022836150778065,3.0354683184432765,0.840240651484156,14.630418400000053,0.0,8.675339899999926,0.0003389000003153342,425608192,-85.2801585751772,71.29684754462778,21.29067618805961,-85.40428785264493,71.32982140026377,21.31561081802327,85.40428785264493,71.32982140026377,21.31561081802327,0.008390502610077488,0.005046717737904065,0.0034511369020030383,1.0,-1.7199999999999989,1.9286049746502898,72.0,720
156,64.05,0.39325624771838597,3.9325624771838594,-1.4402339110542017,10,1.0,0.10361339230383315,0.010361339230383316,0.03461929354669948,2.992937801115569,0.41263878769990303,14.81025260000024,0.0,9.949950500000341,0.00031379999927594326,425608192,-1227.2259946608544,2221.738629571863,305.05357808969904,-1227.439511193633,2221.7633405257534,305.0790284612666,1227.439511193633,2221.7633405257534,305.0790284612666,0.010238802912138809,0.0049095602618938914,0.00319772432150133,1.0,-1.0799999999999983,1.9080670903305996,72.0,720
157,67.9,0.9780820884013671,9.780820884013671,1.7382042639913653,7,0.7,0.0917914165000937,0.009179141650009371,0.030792485721824345,2.980968062446353,0.9143822301732915,15.109793500000706,0.0,9.253265099999226,0.00032780000037746504,425608192,-195.01837629020213,130.72035924411577,40.83340182630299,-195.0473216509819,130.73839018360007,40.85932753732794,195.0473216509819,130.73839018360007,40.85932753732794,0.003182089710669288,0.005075982087538785,0.0035447563304499795,1.0,0.6300000000000097,1.8774428041137727,72.0,720
158,70.07,0.9372872162954003,9.372872162954003,3.685732594078574,9,0.9,0.13002377439180357,0.013002377439180358,0.0434212189719178,2.9944754539455705,1.0585035417503341,15.888817899999594,0.0,10.975606599999992,0.00032620000001770677,425673728,-319.066935108006,264.1789892307354,97.20850377318621,-319.21392397880555,264.2365786740684,97.24679311603461,319.21392397880555,264.2365786740684,97.24679311603461,0.011325263270221441,0.006798976269790603,0.004133407486915395,1.0,0.14999999999999147,1.8588601129780709,72.0,720
159,62.22,0.7621022627134351,7.621022627134351,1.341849004496079,8,0.8,0.020507356766265694,0.0020507356766265696,0.0071076579766705715,2.8852481131727052,0.7309600645745657,15.847572700000455,0.0,10.317858299999898,0.00031940000008034986,427377664,-172.2502652466297,200.97618670138607,52.90224515760067,-172.35873062193394,201.04101234115996,52.93269914103419,172.35873062193394,201.04101234115996,52.93269914103419,0.009696211062096416,0.006425192139628919,0.003929014113143871,1.0,1.3200000000000003,1.8442685506414331,72.0,720
160,72.0,0.4155886417147011,4.155886417147011,-1.3690431048764995,9,0.9,0.14462126393398655,0.014462126393398656,0.04862625608647497,2.974139396559709,0.3723935210682338,15.973742700000003,0.0,10.45264059999954,0.0003139000000373926,425608192,-194.92116650521754,244.0013348578962,32.751750123118974,-195.03729766726494,244.04453014710734,32.77591601595349,195.03729766726494,244.04453014710734,32.77591601595349,0.00836706502939205,0.006118408157993516,0.0033142630229190764,1.0,-0.01999999999999602,1.823091658984811,72.0,720
161,64.42,0.5407047443494072,5.407047443494072,-0.8014470472158541,9,0.9,0.03415357436181843,0.0034153574361818428,0.011198893791977922,3.0497274995396046,0.48987377853961744,15.657526300000427,0.0,9.916138399999909,0.00042239999947923934,425608192,-284.6190823161602,400.8171893813292,69.88987125139307,-284.7181811624765,400.82845266761854,69.91882538523896,284.7181811624765,400.82845266761854,69.91882538523896,0.008720941710705938,0.007201421179406838,0.004543455707404325,1.0,0.8700000000000045,1.8311414595099538,72.0,720
162,66.85,0.6552095751255378,6.552095751255378,0.8588826894841188,8,0.8,0.05147102942216186,0.005147102942216186,0.016884234138494884,3.0484669307452616,0.6878135134027817,15.761214199999813,0.0,9.968909500000336,0.00031999999919207767,425608192,-125.20739092886448,143.66016579086264,33.71077876599991,-125.2625929313898,143.69377891933738,33.72935915464845,125.2625929313898,143.69377891933738,33.72935915464845,0.006811971782140072,0.0064614203914966405,0.0037990024025276663,1.0,1.9899999999999949,1.8003504184202406,72.0,720
163,71.75,0.46641152610228964,4.664115261022896,2.6452614015897304,8,0.8,0.10518322874566177,0.010518322874566177,0.035596314943683885,2.954890946213667,0.38770572675733045,15.83652869999969,0.0,9.730761900000289,0.0003324999997857958,425608192,-140.92629981637,175.27499606028798,22.978999371372662,-141.0370366215706,175.31474212863162,22.993961247005494,141.0370366215706,175.31474212863162,22.993961247005494,0.0099479371084269,0.006198161365000285,0.004010599790829353,1.0,1.2800000000000011,1.7721676213046336,72.0,720
164,73.77,0.47905063445432444,4.790506344543244,-3.6696671079830905,10,1.0,0.0003711808475657108,3.711808475657108e-05,0.0001249019908852679,2.971776870287592,0.6110688023542071,15.978781300000264,0.0,8.828128099999958,0.0003220999997211038,425608192,-546.3856758141518,1036.93630090094,224.84310832073618,-546.527777481079,1037.0148650592778,224.86743344961582,546.527777481079,1037.0148650592778,224.86743344961582,0.010278397898941392,0.006341759606896548,0.0036003185827018537,1.0,0.8399999999999892,1.7577579464378257,72.0,720
165,67.65,0.5381575220380234,5.381575220380234,-2.4628463196305033,10,1.0,0.038985347007526094,0.0038985347007526095,0.013119067488667082,2.971655343735644,0.6556742888153038,15.784299799999644,0.0,9.193803500000286,0.00032299999929819023,425608192,-130.97467879384757,186.17558310019845,43.54072469345861,-131.03176058590412,186.21344668113613,43.56056525414528,131.03176058590412,186.21344668113613,43.56056525414528,0.006719085441204958,0.006403511577904782,0.004137589521724595,1.0,-0.7599999999999909,1.7434656703209015,72.0,720
166,68.21,0.3802058118133437,3.8020581181334365,0.8003987236946072,9,0.9,0.037904115566495644,0.0037904115566495646,0.012436409091158286,3.047834410130793,0.3728877230107524,15.702374299999974,0.0,8.668498299999555,0.00031659999967814656,425608192,-122.30652029335499,220.59802862258047,25.674657159555935,-122.38207162678242,220.62555324127086,25.671958542875366,122.38207162678242,220.62555324127086,25.671958542875366,0.011966371895906784,0.006341339610372845,0.0030816665390963577,1.0,0.6999999999999886,1.7146270697514752,72.0,720
167,69.77,0.7886119876392563,7.886119876392563,-4.277524309119571,9,0.9,0.11766765508764898,0.011766765508764898,0.038961357121435,3.02011181799704,0.8936052160180135,15.625546999999642,0.0,8.472061499999654,0.0003253999993830803,426656768,-424.3721890413761,448.611868246432,141.03817060897828,-424.45722259044646,448.64263939931305,141.06386820483564,424.45722259044646,448.64263939931305,141.06386820483564,0.008878986376226045,0.006488291256417133,0.00411628541226389,1.0,-0.5600000000000023,1.6956253718433552,72.0,720
168,69.7,0.48432453641150663,4.843245364115067,-2.51349086686359,10,1.0,0.08517561975319765,0.008517561975319766,0.027914821719840263,3.0512686273994607,0.4759864626619682,15.624924499999906,0.0,9.858792699999867,0.00033990000065386994,425608192,-236.6967463774979,267.9119392295971,42.783424238548,-236.79772067427635,267.9650763133796,42.803100971122426,236.79772067427635,267.9650763133796,42.803100971122426,0.01394970860529237,0.006860821890879434,0.00376548571207257,1.0,0.5700000000000074,1.6538595498353452,72.0,720
169,69.29,0.6082539667268613,6.0825396672686125,0.4470379562054576,9,0.9,0.06086247291534175,0.006086247291534175,0.020165140326516784,3.0182023001004725,0.5311663965540779,16.053057699999954,0.0,10.200343800000155,0.0003281999997852836,425608192,-121.31745080336928,122.70492283150763,23.297232362175766,-121.40290531367063,122.72704064744771,23.316773073309033,121.40290531367063,122.72704064744771,23.316773073309033,0.01075246267706846,0.006362366578143339,0.0038631140444263415,1.0,1.4500000000000028,1.6254612267099884,72.0,720
170,69.03,0.5212451766739449,5.2124517667394485,3.3874780876134767,9,0.9,0.006128935151695991,0.0006128935151695991,0.002025710947536974,3.025572409108049,0.6313500093220178,15.706144900000254,0.0,8.909066299999722,0.0003330999998070183,425608192,-566.5683396950365,1211.961801833003,256.49182837724436,-566.6763703870773,1211.9825187056915,256.50696482843233,566.6763703870773,1211.9825187056915,256.50696482843233,0.006194363140454687,0.0064209444028120195,0.0037547127655100966,1.0,-0.519999999999996,1.629024044535932,72.0,720
171,68.85,0.6542761034898397,6.542761034898397,-0.10194098295875514,9,0.9,0.045971997355625405,0.00459719973556254,0.015471454712239482,2.971407550917427,0.7107729088772972,15.837551300000086,0.0,10.313312100000076,0.0003859000007651048,425608192,-216.40068687886,269.8287494693939,68.93034830171537,-216.5029679119587,269.85721998677707,68.96531124528025,216.5029679119587,269.85721998677707,68.96531124528025,0.009066282115202275,0.008209657920566186,0.004774237908835363,1.0,0.5799999999999983,1.6195367449965232,72.0,720
172,55.25,0.4415312763893498,4.415312763893498,1.056802072835544,9,0.9,0.03921157869127789,0.0039211578691277895,0.013322438417598347,2.9432734055262095,0.4459112735219224,15.893449599999258,0.0,8.830186600000161,0.0003318999997645733,425608192,-140.73520545721055,177.32250694248708,27.398149073721438,-140.78219504714014,177.36902500818871,27.410707879202526,140.78219504714014,177.36902500818871,27.410707879202526,0.0069426712553816725,0.006420381865399106,0.0035669513292241675,1.0,-7.240000000000002,1.601954558941424,72.0,720
173,67.34,0.5182778393023277,5.182778393023278,2.465296706040949,9,0.9,0.0032343390727103127,0.0003234339072710313,0.0010685235796086886,3.0269234431820236,0.5169176248397395,15.739970100000392,0.0,9.510981899999933,0.000335800000357267,425673728,-170.25814884603022,228.52852025282453,41.937045735094436,-170.39973855257034,228.54035126187227,41.96562439492851,170.39973855257034,228.54035126187227,41.96562439492851,0.011375460293356017,0.00484863785304731,0.003103513795126694,1.0,0.960000000000008,1.6088644412779793,72.0,720
174,68.41,0.710429886987215,7.10429886987215,0.26977127590854477,9,0.9,0.05970330302000448,0.005970330302000448,0.020044361927327413,2.978558421388719,0.6040204262912642,15.611398299999564,0.0,9.862489000000096,0.00031490000037592836,425673728,-74.05420119193383,65.33581174198196,14.758816963706922,-74.12935279180296,65.37735161239985,14.784106024586984,74.13013751298189,65.37646147255623,14.784645120421565,0.011324098849294504,0.007049214456365474,0.005020067100831131,0.98,0.12999999999999545,1.5746962059786764,72.0,720
175,74.44,0.3926979525859947,3.9269795258599474,-0.18152394452872306,10,1.0,0.033905472180206786,0.0033905472180206786,0.01088178104191264,3.1158017285603625,0.5432308010861668,15.548253599999953,0.0,10.470543299999918,0.00033520000033604447,425608192,-592.1622087759524,1186.6595152877196,206.30786893221966,-592.2713566420972,1186.6969185784114,206.31743962371945,592.2713566420972,1186.6969185784114,206.31743962371945,0.011809347283262876,0.0054551614887928855,0.004031013551614132,1.0,0.6299999999999955,1.5577373158946766,72.0,720
176,68.46,0.655902381126747,6.55902381126747,-2.772536315795801,9,0.9,0.05811041271540773,0.005811041271540774,0.019987170693089095,2.9073856228936092,0.7446436943750304,14.479224599999725,0.0,9.26302349999969,0.0003159000007144641,425608192,-437.9792311936617,577.1910853196566,153.5921337706538,-438.0725369495153,577.2564326437108,153.61671975133393,438.0725369495153,577.2564326437108,153.61671975133393,0.009599490862259565,0.006466711965149694,0.004007229996438728,1.0,0.8499999999999943,1.5245388776120254,72.0,720
177,67.32,0.914768375253716,9.14768375253716,0.560604905187472,10,1.0,0.07773356602282888,0.007773356602282888,0.026283655726651794,2.9574868439631308,0.840742736705449,15.327297400000134,0.0,11.646401799999694,0.0003210000004401081,426198016,-70.82725395053625,46.17912545881185,14.133059957780638,-70.92203156530857,46.20037954185253,14.15795179168199,70.92203156530857,46.20037954185253,14.15795179168199,0.012060480277061384,0.007323355586674568,0.004820778284985508,1.0,-0.020000000000010232,1.5228685397244814,72.0,720
178,66.77,0.6003851602044843,6.0038516020448425,0.23667043822445244,9,0.9,0.016997359346691887,0.0016997359346691888,0.005495480584645873,3.092970502740333,0.48352387542293285,19.639476000000286,0.0,14.208429199999955,0.00031999999919207767,425608192,-300.84439291119577,292.742063818798,48.55988118335278,-300.99680569112303,292.7657716326391,48.580736954104694,300.99680569112303,292.7657716326391,48.580736954104694,0.012153380405332434,0.0066015237697450695,0.0033484770393703046,1.0,-0.5,1.494371329621458,72.0,720
179,69.66,0.7063329652897411,7.063329652897411,-3.253935630627999,10,1.0,0.03616974699186137,0.003616974699186137,0.011883270309264737,3.0437536175257915,0.5789351832518015,20.388639499999954,0.0,13.96573940000053,0.0003130999994027661,427770880,-146.58599116593598,126.85866878947411,25.277007919351274,-146.64530675649644,126.85451228470443,25.296213047458046,146.64530675649644,126.85451228470443,25.296213047458046,0.009004258095651365,0.0050911444363207275,0.0031291439916277123,1.0,3.1499999999999915,1.4850010069003896,72.0,720
180,69.01,0.3860967332874602,3.8609673328746017,0.13886239626134755,9,0.9,0.012724553719051013,0.0012724553719051014,0.004228790767969291,3.009028920378928,0.33947839312371136,15.888918900000135,0.0,12.581756399999904,0.0003307999995740829,425608192,-174.8003887295723,185.02732000948083,24.380258153859636,-174.90943168103695,185.06321034493718,24.405318379179946,174.90943168103695,185.06321034493718,24.405318379179946,0.0108371717089112,0.006778870622455077,0.004083900643950768,1.0,-0.45999999999999375,1.4635263208885574,72.0,720
181,66.28,0.44160606313647577,4.416060631364758,1.6154123141083547,10,1.0,0.01472195556868705,0.0014721955568687052,0.004926466551313916,2.9883396985128465,0.514410414686092,19.544649300000856,0.0,16.234216099999685,0.0003453999997873325,425608192,-192.78811152011156,251.25975916650214,44.708581236799986,-192.80470886945724,251.2916185348308,44.729669052848955,192.80470886945724,251.2916185348308,44.729669052848955,0.003082336302409259,0.0064333923256983125,0.003957596127069405,1.0,-0.3199999999999932,1.4507913324014736,72.0,720
182,67.34,0.8557377304720752,8.557377304720752,5.719619017204769,9,0.9,0.013990859885238294,0.0013990859885238294,0.00472118867019263,2.96341893167075,0.7181189330177127,20.109606099999837,0.0,9.261592300000302,0.0003223000003345078,425608192,-103.82175041854381,103.72090261641702,24.743584424263297,-103.90062448590994,103.74399189621407,24.7550938560116,103.90062448590994,103.74399189621407,24.7550938560116,0.011625486145896535,0.007792580058730609,0.004066142860286202,1.0,0.4000000000000057,1.4313710656531353,72.0,720
183,71.66,0.9362858995457704,9.362858995457703,1.1201760249870494,10,1.0,0.004463116861712635,0.0004463116861712635,0.0014842516232099429,3.0069812907196938,0.8214020029310996,14.963778100000127,0.0,9.937596400000075,0.0003083000001424807,425608192,-91.27307025402784,86.02024196831394,22.896574376605386,-91.35114944875241,86.04202595227649,22.910975528869983,91.35114944875241,86.04202595227649,22.910975528869983,0.010464970799700681,0.0060379387797204085,0.00405832316087595,1.0,1.519999999999996,1.4260084926277705,72.0,720
184,72.58,0.6977567064444424,6.9775670644444245,3.5371946010395603,8,0.8,0.04707414856591896,0.004707414856591896,0.01589539041660427,2.9614968448176944,0.6764328887393186,14.964254900000014,0.0,7.914662199999839,0.00031880000005912734,425608192,-167.84957296729087,141.79739169119074,33.4971206673383,-167.99654845654965,141.82989619097663,33.51703110100943,167.99654845654965,141.82989619097663,33.51703110100943,0.01328334983661503,0.007053664289675656,0.003153740798429967,1.0,0.6099999999999994,1.4250013950630622,72.0,720
185,68.56,0.8365759514469108,8.365759514469108,2.0473498102507905,9,0.9,0.05557848730182258,0.005557848730182257,0.01833960061807138,3.030517864552456,0.685998119887784,14.75051220000023,0.0,9.428079100000105,0.00033509999957459513,425608192,-45.997958079874515,30.849895629853084,7.390430838868638,-46.0248792552948,30.86008310866573,7.411823857144714,46.0248792552948,30.86008310866573,7.411823857144714,0.006478829658367753,0.0069608636774995064,0.00405754648562412,1.0,1.7600000000000051,1.4038642700759085,72.0,720
186,66.42,0.9633256625377588,9.633256625377587,1.0642160555493179,9,0.9,0.0715240728736024,0.007152407287360241,0.024247613463595025,2.949736599067265,0.9085553415615438,14.906853600000431,0.0,10.491798000000017,0.0003295999995316379,425935872,-148.23212541252374,81.76501380000174,26.370400395505126,-148.34173248887063,81.78983960222818,26.38527380393822,148.34173248887063,81.78983960222818,26.38527380393822,0.017576162237007316,0.006354106326333693,0.0036689846507285697,1.0,-0.1599999999999966,1.3995330153369108,72.0,720
187,70.35,0.6832154603073214,6.832154603073214,-1.8611199581868392,9,0.9,0.10347344652499935,0.010347344652499934,0.03474289291484096,2.978262252905229,0.6739625543857288,14.806403099999443,0.0,9.145847799999501,0.00032589999955234816,426525696,-114.55148665115237,140.21292171853358,31.203772761140566,-114.64042279690504,140.28452053154618,31.230961503533116,114.64051282778382,140.28444695543098,31.230974299309434,0.011430926773910072,0.007640194060811751,0.004655908691888431,0.99,-0.46999999999999886,1.3942588171893737,72.0,720
188,73.17,0.74055570234262,7.4055570234262005,2.01928924851622,10,1.0,0.02248836444428992,0.002248836444428992,0.007465204844934411,3.0124242953024423,0.8208003181779563,14.887547999999697,0.0,9.570373699999436,0.00034760000016831327,425608192,-453.65845551036296,595.4911392250267,167.67513563193324,-453.81778637096284,595.5506363612167,167.6961455955787,453.81778637096284,595.5506363612167,167.6961455955787,0.014049458366621718,0.0057540992163335304,0.00368989627622704,1.0,0.21999999999999886,1.3516071688360567,72.0,720
189,71.87,0.6255807363477929,6.2558073634779285,1.4052720865245807,10,1.0,0.08232339558921264,0.008232339558921265,0.026571194409560767,3.098219610315722,0.6382214367162559,14.164769199999682,0.0,8.012206000000333,0.0003158999998049694,426198016,-161.70649876967073,196.7953131115149,43.616460914812556,-161.76578217536212,196.78995918717652,43.646801190382384,161.76578217536212,196.78995918717652,43.646801190382384,0.010983378547250984,0.009373486465914219,0.004826543331318444,1.0,0.25,1.3531283198830857,72.0,720
190,66.57,1.1173114258174215,11.173114258174214,-1.774918256601146,9,0.9,0.004355230230952856,0.00043552302309528556,0.0014578861233297167,2.9873596855464912,1.0334688673568466,14.089810999999827,0.0,12.82541300000048,0.0003194999999323045,425608192,-190.4307466313243,146.90397352699944,53.120218632344866,-190.5637776952982,146.95025071319046,53.15931825231096,190.5637776952982,146.95025071319046,53.15931825231096,0.013357520996516855,0.007577781041874734,0.004256434082638286,1.0,4.449999999999996,1.3316515305306091,72.0,720
191,68.5,0.49122611034282454,4.9122611034282455,-1.4759472871161723,7,0.7,0.043443645079773496,0.004344364507977349,0.014612667188564235,2.9730126963934533,0.8126079343612174,20.80970149999939,0.0,14.040904500000579,0.0003219999998691492,425608192,-271.7347312656045,486.16215674812173,131.59068988982756,-271.88784475147725,486.21861246774415,131.60468259725738,271.88784475147725,486.21861246774415,131.60468259725738,0.015092342783125792,0.007208681233734599,0.004354578261270844,1.0,-2.030000000000001,1.3168008118634746,72.0,720
192,73.26,0.6416599570714624,6.416599570714624,0.7726978436479112,10,1.0,0.04690357087384278,0.004690357087384278,0.015885757966814237,2.9525547960522607,0.5383799115626988,19.128026899999895,0.0,12.92577319999964,0.00033319999965897296,425608192,-160.30211947932838,157.71045257664179,30.40004150874204,-160.41184914439916,157.76555259154347,30.425067676996825,160.41184914439916,157.76555259154347,30.425067676996825,0.012010637060647361,0.007453078181809852,0.004133696116627339,1.0,0.4300000000000068,1.3054118963391634,72.0,720
193,72.33,0.6741453733422788,6.741453733422787,-1.71405972676639,10,1.0,0.013233065805984268,0.0013233065805984268,0.004573530622278543,2.893402690150028,0.7343885303442037,14.561322100000325,0.0,14.175077800000508,0.0003138999991278979,425608192,-157.50160019099712,163.77124389883642,41.04825449013463,-157.63836464583875,163.8135298057587,41.06383133536693,157.63836464583875,163.8135298057587,41.06383133536693,0.014325215367882964,0.006173604069598495,0.0036215030269201765,1.0,-0.10999999999999943,1.3145202126631834,72.0,720
194,67.37,1.126842050661717,11.268420506617169,-3.6275367456383387,9,0.9,0.09756041571669627,0.009756041571669627,0.03289991536395129,2.9653698083246147,1.0424608967040099,19.670090199999322,0.0,15.641932600000473,0.0003355000008014031,425608192,-46.77209493219853,43.28503130392837,16.354378346656585,-46.8109779137373,43.31355642344519,16.38056805809516,46.8109779137373,43.31355642344519,16.38056805809516,0.0071225385858770356,0.006478040530107295,0.005380256819968399,1.0,1.1400000000000006,1.2868006736987547,72.0,720
195,67.45,0.5448006623685793,5.448006623685793,0.32274733843948217,9,0.9,0.029040694673025058,0.0029040694673025057,0.009504158429705967,3.055577712410198,0.4753993007845518,19.0221904,0.0,12.951245299999755,0.00033489999987068586,427770880,-67.19785740211606,57.03602812858693,9.77509806598205,-67.24310525536538,57.03568248391999,9.791319270297054,67.24310525536538,57.03568248391999,9.791319270297054,0.009847463631810053,0.010708278757873183,0.00488283864015571,1.0,0.5100000000000051,1.2575144694944105,72.0,720
196,56.79,0.5818246639904852,5.818246639904851,1.155394743560664,9,0.9,0.04785773076434019,0.004785773076434019,0.01577826865440181,3.0331420900853323,0.6094420632103031,20.963492099999712,0.0,16.324291599999924,0.00032779999946797034,425608192,-139.81903667122126,225.00966074997686,48.28841485315469,-139.88101109415294,225.0217808552602,48.308427259423844,139.88101109415294,225.0217808552602,48.308427259423844,0.011663981006485007,0.00830868630916548,0.004149117185774056,1.0,-1.5799999999999983,1.2445996279431966,72.0,720
197,67.75,0.5121364518886287,5.121364518886287,2.1048450573062496,9,0.9,0.03589823545246951,0.0035898235452469507,0.01188645665069763,3.0200956018598357,0.6873782493471887,18.922755000000507,0.0,14.386014599999726,0.00033989999974437524,425608192,-269.6695078513026,332.0153365753978,75.8357492717608,-269.8238518333435,332.0767492606462,75.85893931617477,269.8238518333435,332.0767492606462,75.85893931617477,0.01578329794844055,0.009308162868226688,0.004118725944987488,1.0,-1.2600000000000051,1.2687982154903195,72.0,720
198,62.49,0.8516973140823986,8.516973140823985,-0.5045586783284786,7,0.7,0.054723046099816486,0.005472304609981648,0.018878102847421273,2.898757705798366,0.6269045300773185,20.999792999999954,0.0,14.509480799999437,0.00032699999974283855,425608192,-212.39577915489673,190.17330205999363,41.96193044051259,-212.49635079741478,190.20022594438603,41.97956563975264,212.49635079741478,190.20022594438603,41.97956563975264,0.011357700108925051,0.005240800864238611,0.0031430931632253625,1.0,1.980000000000004,1.2416046147966562,72.0,720
199,71.02,0.7844596883242815,7.844596883242815,-0.5820161254778926,10,1.0,0.08588830717092932,0.008588830717092932,0.028834659521808637,2.9786482169477004,0.6051564020125,18.74198940000042,0.0,16.564831499999855,0.0003415000001041335,425608192,-63.453313737511635,37.42585301127137,7.978662518634708,-63.50169057905674,37.43957375735167,7.994025784091401,63.50169057905674,37.43957375735167,7.994025784091401,0.00767145176522028,0.009762728947160636,0.0045588378380687624,1.0,0.28000000000000114,1.2261798029967328,72.0,720
200,71.65,0.5013934861599488,5.0139348615994885,0.2104552455598812,7,0.7,0.014457019670393478,0.0014457019670393479,0.00480133025786101,3.011044625960405,0.5838077880588501,20.481847500000185,0.0,14.240590400000656,0.00032579999970039353,425608192,-1673.0455423015355,4156.802610644789,818.8070492353575,-1673.1942080229521,4156.847177828053,818.8220124465721,1673.1942080229521,4156.847177828053,818.8220124465721,0.015504084725256462,0.006321284000315398,0.004095097692843443,1.0,0.1600000000000108,1.2222264360814004,72.0,720
