candidate,round,source_replicate,heldout_replicate,cross_score,baseline_score,cross_minus_baseline,random_mean,random_std,random_p90,random_p95,cross_percentile,cross_minus_baseline_random_std,cross_above_baseline,cross_above_random_p90,heldout_G,baseline_G,G_vs_baseline,random_G_mean,random_G_std,random_G_p90,random_G_p95,G_quality_percentile,heldout_A,baseline_A,A_vs_baseline,random_A_mean,random_A_std,random_A_p90,random_A_p95,A_quality_percentile,heldout_adapted_loss,baseline_adapted_loss,adapted_loss_vs_baseline,random_adapted_loss_mean,random_adapted_loss_std,random_adapted_loss_p90,random_adapted_loss_p95,adapted_loss_quality_percentile
Full,1,0,1,4.574386090469435,-0.8760216306638426,5.450407721133278,0.005006995454695495,2.480408073988879,3.2421072469764947,4.18643509116273,97.0,2.1973834782629864,True,True,0.6188855528831482,0.49824934005737304,0.12063621282577514,0.4935500786423684,0.054035478366237344,0.5614224803447724,0.5833706277608871,99.1,0.5122678279876709,0.4539839267730713,0.05828390121459959,0.46621104822158815,0.04094376802294321,0.5187145483493805,0.5321109074354172,86.1,2.074916863441467,2.133200764656067,-0.0582839012145997,2.12097364320755,0.04094376802294321,2.1740242648124695,2.18949976503849,86.1
G,1,0,1,1.6912202382463863,0.05257206959286731,1.638648168653519,-0.007186249218815613,0.6871440122571181,0.8559154727871724,1.1350198414928838,99.5,2.3847230557549612,True,True,0.6271089911460876,0.49824934005737304,0.1288596510887146,0.4935500786423684,0.054035478366237344,0.5614224803447724,0.5833706277608871,99.5,0.5228522539138794,0.4539839267730713,0.06886832714080804,0.46621104822158815,0.04094376802294321,0.5187145483493805,0.5321109074354172,92.0,2.064332437515259,2.133200764656067,-0.06886832714080793,2.12097364320755,0.04094376802294321,2.1740242648124695,2.18949976503849,92.0
A,1,0,1,0.42068599351654323,-0.14835718675447507,0.5690431802710183,0.010690590383423007,0.5325877655765635,0.6936448754492375,0.8679018453621078,76.6,1.0684495909420473,True,False,0.5782222628593445,0.49824934005737304,0.07997292280197149,0.4935500786423684,0.054035478366237344,0.5614224803447724,0.5833706277608871,93.9,0.49773027896881106,0.4539839267730713,0.043746352195739746,0.46621104822158815,0.04094376802294321,0.5187145483493805,0.5321109074354172,76.6,2.089454412460327,2.133200764656067,-0.043746352195739746,2.12097364320755,0.04094376802294321,2.1740242648124695,2.18949976503849,76.6
C,1,0,1,5.465381960827578,1.9531285494858541,3.512253411341724,-0.09519158234453434,1.965126986083163,2.4635302645580803,3.166272430793204,99.7,1.7872908143927384,True,True,0.5895755290985107,0.49824934005737304,0.0913261890411377,0.4935500786423684,0.054035478366237344,0.5614224803447724,0.5833706277608871,95.6,0.5354636907577515,0.4539839267730713,0.08147976398468015,0.46621104822158815,0.04094376802294321,0.5187145483493805,0.5321109074354172,95.8,2.0517210006713866,2.133200764656067,-0.08147976398468026,2.12097364320755,0.04094376802294321,2.1740242648124695,2.18949976503849,95.8
G+C,1,0,1,3.476296423397494,0.5408542069643312,2.935442216433163,-0.030984144804949147,0.9809963679482107,1.2275795295504541,1.6689360395752082,100.0,2.9923069160518367,True,True,0.6270242094993591,0.49824934005737304,0.12877486944198607,0.4935500786423684,0.054035478366237344,0.5614224803447724,0.5833706277608871,99.5,0.5214858055114746,0.4539839267730713,0.0675018787384033,0.46621104822158815,0.04094376802294321,0.5187145483493805,0.5321109074354172,91.6,2.0656988859176635,2.133200764656067,-0.06750187873840341,2.12097364320755,0.04094376802294321,2.1740242648124695,2.18949976503849,91.6
A+C,1,0,1,2.489778280657214,0.3399249506169886,2.1498533300402256,-0.013107305202710627,0.800839907585349,0.9850080769477283,1.3417784720970132,100.0,2.6844982494970213,True,True,0.6188855528831482,0.49824934005737304,0.12063621282577514,0.4935500786423684,0.054035478366237344,0.5614224803447724,0.5833706277608871,99.1,0.5122678279876709,0.4539839267730713,0.05828390121459959,0.46621104822158815,0.04094376802294321,0.5187145483493805,0.5321109074354172,86.1,2.074916863441467,2.133200764656067,-0.0582839012145997,2.12097364320755,0.04094376802294321,2.1740242648124695,2.18949976503849,86.1
G+A,1,0,1,1.4902364763219293,-0.09578511716160776,1.586021593483537,0.0035043411646076025,1.1972586417689455,1.527904329794697,1.9440427738557537,89.5,1.3247109172168479,True,False,0.5782222628593445,0.49824934005737304,0.07997292280197149,0.4935500786423684,0.054035478366237344,0.5614224803447724,0.5833706277608871,93.9,0.49773027896881106,0.4539839267730713,0.043746352195739746,0.46621104822158815,0.04094376802294321,0.5187145483493805,0.5321109074354172,76.6,2.089454412460327,2.133200764656067,-0.043746352195739746,2.12097364320755,0.04094376802294321,2.1740242648124695,2.18949976503849,76.6
Full,1,0,2,2.5029395806355534,3.7650996504576257,-1.2621600698220723,-0.1552718464255422,2.1393889375442368,2.6463702150057786,3.242058370753653,88.5,-0.5899628850427177,False,False,0.5163877010345459,0.5175166189670563,-0.0011289179325103538,0.4401974655151367,0.04599917190941918,0.5010490244626998,0.5179352626204491,94.7,0.4161055564880371,0.48350648283958436,-0.06740092635154726,0.41387963891029356,0.03464747411822657,0.4607133138179779,0.47194076657295225,52.3,2.2075498342514037,2.1401489078998566,0.06740092635154715,2.2097757518291474,0.03464747411822658,2.2537068247795107,2.2677051442861558,52.3
G,1,0,2,1.254207074164588,1.0757633838776828,0.17844369028690532,-0.040110338522353045,0.6638622500930708,0.8381022720035421,1.081805269115873,97.5,0.26879626046199834,True,True,0.5298810243606568,0.5175166189670563,0.012364405393600508,0.4401974655151367,0.04599917190941918,0.5010490244626998,0.5179352626204491,97.5,0.4268582820892334,0.48350648283958436,-0.056648200750350985,0.41387963891029356,0.03464747411822657,0.4607133138179779,0.47194076657295225,65.6,2.1967971086502076,2.1401489078998566,0.05664820075035104,2.2097757518291474,0.03464747411822658,2.2537068247795107,2.2677051442861558,65.6
A,1,0,2,0.20974736362628998,0.9832100023707041,-0.7734626387444141,-0.0401749781310048,0.5092533658558999,0.6481928521112771,0.8132155053052365,69.4,-1.518816939863439,False,False,0.5113401889801026,0.5175166189670563,-0.006176429986953669,0.4401974655151367,0.04599917190941918,0.5010490244626998,0.5179352626204491,93.2,0.4308833122253418,0.48350648283958436,-0.05262317061424254,0.41387963891029356,0.03464747411822657,0.4607133138179779,0.47194076657295225,69.4,2.192772078514099,2.1401489078998566,0.052623170614242376,2.2097757518291474,0.03464747411822658,2.2537068247795107,2.2677051442861558,69.4
C,1,0,2,8.263959848237096,2.4359626617003127,5.827997186536784,-0.09533765099792584,2.091544006418469,2.5144290471839312,3.268311807886979,100.0,2.7864568800139975,True,True,0.49470295906066897,0.5175166189670563,-0.022813659906387285,0.4401974655151367,0.04599917190941918,0.5010490244626998,0.5179352626204491,87.7,0.44479573965072633,0.48350648283958436,-0.03871074318885803,0.41387963891029356,0.03464747411822657,0.4607133138179779,0.47194076657295225,81.4,2.1788596510887146,2.1401489078998566,0.03871074318885803,2.2097757518291474,0.03464747411822658,2.2537068247795107,2.2677051442861558,81.4
G+C,1,0,2,2.7635981947948327,1.6847540493027613,1.0788441454920714,-0.06394475127183452,1.0206225606502228,1.2420440036982454,1.634354147490211,99.9,1.0570451674169896,True,True,0.5321258306503296,0.5175166189670563,0.014609211683273338,0.4401974655151367,0.04599917190941918,0.5010490244626998,0.5179352626204491,98.1,0.4245344877243042,0.48350648283958436,-0.058971995115280174,0.41387963891029356,0.03464747411822657,0.4607133138179779,0.47194076657295225,63.2,2.1991209030151366,2.1401489078998566,0.05897199511528006,2.2097757518291474,0.03464747411822658,2.2537068247795107,2.2677051442861558,63.2
A+C,1,0,2,1.3635645290210707,1.5922006677957823,-0.22863613877471156,-0.06400939088048631,0.8184467173500499,0.9539750387621189,1.3129699440161937,95.8,-0.2793537244733353,False,True,0.5163877010345459,0.5175166189670563,-0.0011289179325103538,0.4401974655151367,0.04599917190941918,0.5010490244626998,0.5179352626204491,94.7,0.4161055564880371,0.48350648283958436,-0.06740092635154726,0.41387963891029356,0.03464747411822657,0.4607133138179779,0.47194076657295225,52.3,2.2075498342514037,2.1401489078998566,0.06740092635154715,2.2097757518291474,0.03464747411822658,2.2537068247795107,2.2677051442861558,52.3
G+A,1,0,2,1.196372214385253,2.058973386248387,-0.8626011718631339,-0.08028531665335795,1.1401373452052945,1.4328854727862939,1.8342615576418733,86.4,-0.7565765435986248,False,False,0.5113401889801026,0.5175166189670563,-0.006176429986953669,0.4401974655151367,0.04599917190941918,0.5010490244626998,0.5179352626204491,93.2,0.4308833122253418,0.48350648283958436,-0.05262317061424254,0.41387963891029356,0.03464747411822657,0.4607133138179779,0.47194076657295225,69.4,2.192772078514099,2.1401489078998566,0.052623170614242376,2.2097757518291474,0.03464747411822658,2.2537068247795107,2.2677051442861558,69.4
Full,1,1,0,2.822428424069675,1.630806628719268,1.191621795350407,-0.0037909175239448025,1.3314205415216147,1.6559733396815157,2.076788530140457,98.9,0.8950003084589346,True,True,0.3168104410171509,0.25282821655273435,0.06398222446441654,0.1987684033870697,0.052714470690991576,0.26534682989120484,0.28070395171642304,99.2,0.22500054836273192,0.21564872264862062,0.009351825714111306,0.17523717318773271,0.041527079361686446,0.22687631249427795,0.23968899965286253,88.7,2.402600884437561,2.4119527101516725,-0.009351825714111417,2.45236425961256,0.041527079361686446,2.510818234682083,2.523663140535355,88.7
G,1,1,0,0.9374590854751726,0.4653019109908002,0.47215717448437244,0.00014488382814872036,0.45358104364756135,0.5730181723636774,0.7051583466573288,98.3,1.0409543809137778,True,True,0.307701575756073,0.25282821655273435,0.054873359203338634,0.1987684033870697,0.052714470690991576,0.26534682989120484,0.28070395171642304,98.3,0.21074453592300416,0.21564872264862062,-0.004904186725616461,0.17523717318773271,0.041527079361686446,0.22687631249427795,0.23968899965286253,78.7,2.416856896877289,2.4119527101516725,0.004904186725616544,2.45236425961256,0.041527079361686446,2.510818234682083,2.523663140535355,78.7
A,1,1,0,0.33676061935269685,0.3550132221193733,-0.01825260276667645,0.004214053326598307,0.3604827114231403,0.45247618104933923,0.5636988405413615,80.6,-0.050633781283483684,False,False,0.25810316801071165,0.25282821655273435,0.005274951457977295,0.1987684033870697,0.052714470690991576,0.26534682989120484,0.28070395171642304,86.8,0.21354604959487916,0.21564872264862062,-0.002102673053741455,0.17523717318773271,0.041527079361686446,0.22687631249427795,0.23968899965286253,80.6,2.414055383205414,2.4119527101516725,0.002102673053741455,2.45236425961256,0.041527079361686446,2.510818234682083,2.523663140535355,80.6
C,1,1,0,6.036199479149664,1.9339743362704374,4.1022251428792265,-0.03007533681968829,2.0293049689887557,2.622347805900514,3.314010965887097,100.0,2.02149268127178,True,True,0.3288022518157959,0.25282821655273435,0.07597403526306157,0.1987684033870697,0.052714470690991576,0.26534682989120484,0.28070395171642304,99.7,0.2500977754592896,0.21564872264862062,0.034449052810668956,0.17523717318773271,0.041527079361686446,0.22687631249427795,0.23968899965286253,97.6,2.3775036573410033,2.4119527101516725,-0.03444905281066912,2.45236425961256,0.041527079361686446,2.510818234682083,2.523663140535355,97.6
G+C,1,1,0,2.6122905440873234,0.9487954950584091,1.6634950490289144,-0.007373950376773287,0.7740524498233667,0.9469318809376687,1.221552966208843,99.9,2.149072778477107,True,True,0.3168104410171509,0.25282821655273435,0.06398222446441654,0.1987684033870697,0.052714470690991576,0.26534682989120484,0.28070395171642304,99.2,0.22500054836273192,0.21564872264862062,0.009351825714111306,0.17523717318773271,0.041527079361686446,0.22687631249427795,0.23968899965286253,88.7,2.402600884437561,2.4119527101516725,-0.009351825714111417,2.45236425961256,0.041527079361686446,2.510818234682083,2.523663140535355,88.7
A+C,1,1,0,2.032647633384363,0.8385068061869829,1.1941408271973801,-0.003304780878323779,0.6558655937557174,0.8072741338035904,1.0712332195548961,99.9,1.8207096676002001,True,True,0.3168104410171509,0.25282821655273435,0.06398222446441654,0.1987684033870697,0.052714470690991576,0.26534682989120484,0.28070395171642304,99.2,0.22500054836273192,0.21564872264862062,0.009351825714111306,0.17523717318773271,0.041527079361686446,0.22687631249427795,0.23968899965286253,88.7,2.402600884437561,2.4119527101516725,-0.009351825714111417,2.45236425961256,0.041527079361686446,2.510818234682083,2.523663140535355,88.7
G+A,1,1,0,1.1922482203746934,0.8203151331101746,0.3719330872645188,0.00435893715474729,0.8010415895973452,1.0161933315689031,1.2329856679596893,94.3,0.46431183111413254,True,True,0.2966845273971558,0.25282821655273435,0.04385631084442143,0.1987684033870697,0.052714470690991576,0.26534682989120484,0.28070395171642304,97.6,0.21502342224121093,0.21564872264862062,-0.0006253004074096846,0.17523717318773271,0.041527079361686446,0.22687631249427795,0.23968899965286253,82.5,2.412578010559082,2.4119527101516725,0.0006253004074094903,2.45236425961256,0.041527079361686446,2.510818234682083,2.523663140535355,82.5
Full,1,1,2,2.7739729328719367,3.7650996504576257,-0.991126717585689,-0.1552718464255422,2.1393889375442368,2.6463702150057786,3.242058370753653,91.1,-0.46327561117679905,False,True,0.5083571672439575,0.5175166189670563,-0.009159451723098733,0.4401974655151367,0.04599917190941918,0.5010490244626998,0.5179352626204491,92.3,0.4161228537559509,0.48350648283958436,-0.06738362908363343,0.41387963891029356,0.03464747411822657,0.4607133138179779,0.47194076657295225,52.4,2.20753253698349,2.1401489078998566,0.0673836290836336,2.2097757518291474,0.03464747411822658,2.2537068247795107,2.2677051442861558,52.4
G,1,1,2,1.0737905620137342,1.0757633838776828,-0.0019728218639485373,-0.040110338522353045,0.6638622500930708,0.8381022720035421,1.081805269115873,94.8,-0.002971733765057368,False,True,0.5173799216747283,0.5175166189670563,-0.00013669729232790306,0.4401974655151367,0.04599917190941918,0.5010490244626998,0.5179352626204491,94.8,0.42007684111595156,0.48350648283958436,-0.0634296417236328,0.41387963891029356,0.03464747411822657,0.4607133138179779,0.47194076657295225,57.3,2.203578549623489,2.1401489078998566,0.06342964172363263,2.2097757518291474,0.03464747411822658,2.2537068247795107,2.2677051442861558,57.3
A,1,1,2,0.016500040083024747,0.9832100023707041,-0.9667099622876794,-0.0401749781310048,0.5092533658558999,0.6481928521112771,0.8132155053052365,54.3,-1.8982888029869656,False,False,0.4579602420330048,0.5175166189670563,-0.05955637693405147,0.4401974655151367,0.04599917190941918,0.5010490244626998,0.5179352626204491,63.6,0.4177355706691742,0.48350648283958436,-0.06577091217041015,0.41387963891029356,0.03464747411822657,0.4607133138179779,0.47194076657295225,54.3,2.2059198200702665,2.1401489078998566,0.06577091217040998,2.2097757518291474,0.03464747411822658,2.2537068247795107,2.2677051442861558,54.3
C,1,1,2,6.294792115236623,2.4359626617003127,3.8588294535363103,-0.09533765099792584,2.091544006418469,2.5144290471839312,3.268311807886979,99.8,1.8449668960798564,True,True,0.4671198964118958,0.5175166189670563,-0.05039672255516048,0.4401974655151367,0.04599917190941918,0.5010490244626998,0.5179352626204491,72.1,0.39119027853012084,0.48350648283958436,-0.09231620430946352,0.41387963891029356,0.03464747411822657,0.4607133138179779,0.47194076657295225,27.1,2.23246511220932,2.1401489078998566,0.09231620430946341,2.2097757518291474,0.03464747411822658,2.2537068247795107,2.2677051442861558,27.1
G+C,1,1,2,2.7354239164814604,1.6847540493027613,1.0506698671786991,-0.06394475127183452,1.0206225606502228,1.2420440036982454,1.634354147490211,99.9,1.0294401747393607,True,True,0.5083571672439575,0.5175166189670563,-0.009159451723098733,0.4401974655151367,0.04599917190941918,0.5010490244626998,0.5179352626204491,92.3,0.4161228537559509,0.48350648283958436,-0.06738362908363343,0.41387963891029356,0.03464747411822657,0.4607133138179779,0.47194076657295225,52.4,2.20753253698349,2.1401489078998566,0.0673836290836336,2.2097757518291474,0.03464747411822658,2.2537068247795107,2.2677051442861558,52.4
A+C,1,1,2,1.7846462820345008,1.5922006677957823,0.19244561423871853,-0.06400939088048631,0.8184467173500499,0.9539750387621189,1.3129699440161937,99.0,0.23513517759813982,True,True,0.5083571672439575,0.5175166189670563,-0.009159451723098733,0.4401974655151367,0.04599917190941918,0.5010490244626998,0.5179352626204491,92.3,0.4161228537559509,0.48350648283958436,-0.06738362908363343,0.41387963891029356,0.03464747411822657,0.4607133138179779,0.47194076657295225,52.4,2.20753253698349,2.1401489078998566,0.0673836290836336,2.2097757518291474,0.03464747411822658,2.2537068247795107,2.2677051442861558,52.4
G+A,1,1,2,1.1232705548031086,2.058973386248387,-0.9357028314452784,-0.08028531665335795,1.1401373452052945,1.4328854727862939,1.8342615576418733,85.2,-0.8206930817416516,False,False,0.5113909542560577,0.5175166189670563,-0.006125664710998513,0.4401974655151367,0.04599917190941918,0.5010490244626998,0.5179352626204491,93.2,0.42585993409156797,0.48350648283958436,-0.05764654874801639,0.41387963891029356,0.03464747411822657,0.4607133138179779,0.47194076657295225,64.6,2.197795456647873,2.1401489078998566,0.057646548748016446,2.2097757518291474,0.03464747411822658,2.2537068247795107,2.2677051442861558,64.6
Full,1,2,0,0.8213017568619603,1.630806628719268,-0.8095048718573077,-0.0037909175239448025,1.3314205415216147,1.6559733396815157,2.076788530140457,70.2,-0.6080008882333786,False,False,0.2060298204421997,0.25282821655273435,-0.04679839611053466,0.1987684033870697,0.052714470690991576,0.26534682989120484,0.28070395171642304,54.3,0.15902321338653563,0.21564872264862062,-0.05662550926208498,0.17523717318773271,0.041527079361686446,0.22687631249427795,0.23968899965286253,34.4,2.4685782194137573,2.4119527101516725,0.05662550926208487,2.45236425961256,0.041527079361686446,2.510818234682083,2.523663140535355,34.4
G,1,2,0,0.1858690469927361,0.4653019109908002,-0.2794328639980641,0.00014488382814872036,0.45358104364756135,0.5730181723636774,0.7051583466573288,64.4,-0.6160593964662845,False,False,0.22035297155380248,0.25282821655273435,-0.03247524499893187,0.1987684033870697,0.052714470690991576,0.26534682989120484,0.28070395171642304,64.4,0.1686233401298523,0.21564872264862062,-0.04702538251876831,0.17523717318773271,0.041527079361686446,0.22687631249427795,0.23968899965286253,42.2,2.4589780926704408,2.4119527101516725,0.04702538251876831,2.45236425961256,0.041527079361686446,2.510818234682083,2.523663140535355,42.2
A,1,2,0,-0.5194587990162977,0.3550132221193733,-0.8744720211356709,0.004214053326598307,0.3604827114231403,0.45247618104933923,0.5636988405413615,8.8,-2.4258362285485635,False,False,0.13902560472488404,0.25282821655273435,-0.11380261182785031,0.1987684033870697,0.052714470690991576,0.26534682989120484,0.28070395171642304,13.7,0.11491082906723023,0.21564872264862062,-0.10073789358139039,0.17523717318773271,0.041527079361686446,0.22687631249427795,0.23968899965286253,8.8,2.5126906037330627,2.4119527101516725,0.10073789358139029,2.45236425961256,0.041527079361686446,2.510818234682083,2.523663140535355,8.8
C,1,2,0,7.143204769292991,1.9339743362704374,5.209230433022554,-0.03007533681968829,2.0293049689887557,2.622347805900514,3.314010965887097,100.0,2.567002255761696,True,True,0.2284807562828064,0.25282821655273435,-0.024347460269927956,0.1987684033870697,0.052714470690991576,0.26534682989120484,0.28070395171642304,69.9,0.1728429913520813,0.21564872264862062,-0.04280573129653931,0.17523717318773271,0.041527079361686446,0.22687631249427795,0.23968899965286253,45.9,2.4547584414482118,2.4119527101516725,0.04280573129653931,2.45236425961256,0.041527079361686446,2.510818234682083,2.523663140535355,45.9
G+C,1,2,0,1.554596817849063,0.9487954950584091,0.6058013227906539,-0.007373950376773287,0.7740524498233667,0.9469318809376687,1.221552966208843,98.2,0.7826360124935894,True,True,0.22646985054016114,0.25282821655273435,-0.026358366012573214,0.1987684033870697,0.052714470690991576,0.26534682989120484,0.28070395171642304,69.2,0.17078585624694825,0.21564872264862062,-0.04486286640167236,0.17523717318773271,0.041527079361686446,0.22687631249427795,0.23968899965286253,43.9,2.456815576553345,2.4119527101516725,0.04486286640167236,2.45236425961256,0.041527079361686446,2.510818234682083,2.523663140535355,43.9
A+C,1,2,0,1.2816688146044921,0.8385068061869829,0.4431620084175092,-0.003304780878323779,0.6558655937557174,0.8072741338035904,1.0712332195548961,97.7,0.6756902826382574,True,True,0.22646985054016114,0.25282821655273435,-0.026358366012573214,0.1987684033870697,0.052714470690991576,0.26534682989120484,0.28070395171642304,69.2,0.17078585624694825,0.21564872264862062,-0.04486286640167236,0.17523717318773271,0.041527079361686446,0.22687631249427795,0.23968899965286253,43.9,2.456815576553345,2.4119527101516725,0.04486286640167236,2.45236425961256,0.041527079361686446,2.510818234682083,2.523663140535355,43.9
G+A,1,2,0,-0.5599699873021218,0.8203151331101746,-1.3802851204122963,0.00435893715474729,0.8010415895973452,1.0161933315689031,1.2329856679596893,25.4,-1.723112929886844,False,False,0.1748641848564148,0.25282821655273435,-0.07796403169631955,0.1987684033870697,0.052714470690991576,0.26534682989120484,0.28070395171642304,31.9,0.13392175436019899,0.21564872264862062,-0.08172696828842163,0.17523717318773271,0.041527079361686446,0.22687631249427795,0.23968899965286253,17.5,2.493679678440094,2.4119527101516725,0.08172696828842163,2.45236425961256,0.041527079361686446,2.510818234682083,2.523663140535355,17.5
Full,1,2,1,1.0369295062559036,-0.8760216306638426,1.9129511369197463,0.005006995454695495,2.480408073988879,3.2421072469764947,4.18643509116273,65.3,0.7712243630312916,True,False,0.5379832506179809,0.49824934005737304,0.03973391056060788,0.4935500786423684,0.054035478366237344,0.5614224803447724,0.5833706277608871,77.9,0.4858767747879028,0.4539839267730713,0.0318928480148315,0.46621104822158815,0.04094376802294321,0.5187145483493805,0.5321109074354172,67.4,2.101307916641235,2.133200764656067,-0.03189284801483172,2.12097364320755,0.04094376802294321,2.1740242648124695,2.18949976503849,67.4
G,1,2,1,0.6661191741831702,0.05257206959286731,0.6135471045903029,-0.007186249218815613,0.6871440122571181,0.8559154727871724,1.1350198414928838,82.6,0.892894493215381,True,False,0.5464973211288452,0.49824934005737304,0.04824798107147216,0.4935500786423684,0.054035478366237344,0.5614224803447724,0.5833706277608871,82.6,0.48323657512664797,0.4539839267730713,0.02925264835357666,0.46621104822158815,0.04094376802294321,0.5187145483493805,0.5321109074354172,65.3,2.1039481163024902,2.133200764656067,-0.02925264835357666,2.12097364320755,0.04094376802294321,2.1740242648124695,2.18949976503849,65.3
A,1,2,1,-0.05344243231492829,-0.14835718675447507,0.09491475443954678,0.010690590383423007,0.5325877655765635,0.6936448754492375,0.8679018453621078,44.9,0.17821429738776465,True,False,0.498120391368866,0.49824934005737304,-0.00012894868850704677,0.4935500786423684,0.054035478366237344,0.5614224803447724,0.5833706277608871,52.7,0.46128069162368773,0.4539839267730713,0.007296764850616422,0.46621104822158815,0.04094376802294321,0.5187145483493805,0.5321109074354172,44.9,2.1259039998054505,2.133200764656067,-0.007296764850616366,2.12097364320755,0.04094376802294321,2.1740242648124695,2.18949976503849,44.9
C,1,2,1,5.785981336558457,1.9531285494858541,3.832852787072603,-0.09519158234453434,1.965126986083163,2.4635302645580803,3.166272430793204,99.7,1.9504351699490625,True,True,0.5913106799125671,0.49824934005737304,0.0930613398551941,0.4935500786423684,0.054035478366237344,0.5614224803447724,0.5833706277608871,95.8,0.53215571641922,0.4539839267730713,0.07817178964614868,0.46621104822158815,0.04094376802294321,0.5187145483493805,0.5321109074354172,95.0,2.055028975009918,2.133200764656067,-0.07817178964614868,2.12097364320755,0.04094376802294321,2.1740242648124695,2.18949976503849,95.0
G+C,1,2,1,1.9865249344688314,0.5408542069643312,1.4456707275045002,-0.030984144804949147,0.9809963679482107,1.2275795295504541,1.6689360395752082,97.5,1.4736759224992573,True,True,0.5603727340698242,0.49824934005737304,0.062123394012451205,0.4935500786423684,0.054035478366237344,0.5614224803447724,0.5833706277608871,89.4,0.49537742137908936,0.4539839267730713,0.041393494606018044,0.46621104822158815,0.04094376802294321,0.5187145483493805,0.5321109074354172,75.0,2.0918072700500487,2.133200764656067,-0.041393494606018155,2.12097364320755,0.04094376802294321,2.1740242648124695,2.18949976503849,75.0
A+C,1,2,1,1.5340391220557394,0.3399249506169886,1.1941141714387509,-0.013107305202710627,0.800839907585349,0.9850080769477283,1.3417784720970132,96.5,1.4910772554269707,True,True,0.5603727340698242,0.49824934005737304,0.062123394012451205,0.4935500786423684,0.054035478366237344,0.5614224803447724,0.5833706277608871,89.4,0.49537742137908936,0.4539839267730713,0.041393494606018044,0.46621104822158815,0.04094376802294321,0.5187145483493805,0.5321109074354172,75.0,2.0918072700500487,2.133200764656067,-0.041393494606018155,2.12097364320755,0.04094376802294321,2.1740242648124695,2.18949976503849,75.0
G+A,1,2,1,0.4358755355829116,-0.09578511716160776,0.5316606527445193,0.0035043411646076025,1.1972586417689455,1.527904329794697,1.9440427738557537,61.9,0.44406499497802127,True,False,0.5266031265258789,0.49824934005737304,0.028353786468505893,0.4935500786423684,0.054035478366237344,0.5614224803447724,0.5833706277608871,72.6,0.4671374917030334,0.4539839267730713,0.013153564929962114,0.46621104822158815,0.04094376802294321,0.5187145483493805,0.5321109074354172,50.1,2.1200471997261046,2.133200764656067,-0.013153564929962336,2.12097364320755,0.04094376802294321,2.1740242648124695,2.18949976503849,50.1
Full,5,0,1,5.3939646433457025,-0.19725187766784913,5.591216521013552,0.03650616467548892,2.8776871631485275,3.618080858152354,4.425873748622379,98.6,1.9429549509808788,True,True,-25.20849335193634,-35.51181265115738,10.303319299221037,-34.32023473293782,4.800616686313081,-28.119022883176804,-27.025697565674783,99.1,-25.192949974536894,-35.508576369285585,10.31562639474869,-34.260156561708456,4.815202364484993,-28.0574831700325,-27.002121326923373,99.1,27.792447757720947,38.108074152469634,-10.315626394748687,36.859654344892505,4.815202364484993,43.59538792252541,45.28136474370956,99.1
G,5,0,1,2.005150856072795,-0.2305888566147729,2.2357397126875678,0.016514158499494048,0.9955260494993825,1.3024880944111772,1.5292160140248492,99.5,2.2457872536955192,True,True,-24.73064888715744,-35.51181265115738,10.781163763999938,-34.32023473293782,4.800616686313081,-28.119022883176804,-27.025697565674783,99.5,-24.67587834596634,-35.508576369285585,10.832698023319246,-34.260156561708456,4.815202364484993,-28.0574831700325,-27.002121326923373,99.5,27.27537612915039,38.108074152469634,-10.832698023319242,36.859654344892505,4.815202364484993,43.59538792252541,45.28136474370956,99.5
A,5,0,1,2.002939525488838,-0.24180232360395948,2.2447418490927973,0.016894095448077386,0.9978018621161661,1.3022064440962957,1.5208975670338187,99.5,2.249686971251072,True,True,-24.73064888715744,-35.51181265115738,10.781163763999938,-34.32023473293782,4.800616686313081,-28.119022883176804,-27.025697565674783,99.5,-24.67587834596634,-35.508576369285585,10.832698023319246,-34.260156561708456,4.815202364484993,-28.0574831700325,-27.002121326923373,99.5,27.27537612915039,38.108074152469634,-10.832698023319242,36.859654344892505,4.815202364484993,43.59538792252541,45.28136474370956,99.5
C,5,0,1,5.593621876977621,2.1363499724486044,3.4572719045290166,-0.05681892205232973,1.6906890876013492,2.0666375638883188,2.6756184902903426,100.0,2.0448892288256215,True,True,-38.71048709154129,-35.51181265115738,-3.198674440383911,-34.32023473293782,4.800616686313081,-28.119022883176804,-27.025697565674783,19.2,-38.77411403656006,-35.508576369285585,-3.2655376672744723,-34.260156561708456,4.815202364484993,-28.0574831700325,-27.002121326923373,18.9,41.37361181974411,38.108074152469634,3.2655376672744794,36.859654344892505,4.815202364484993,43.59538792252541,45.28136474370956,18.9
G+C,5,0,1,2.048833775083946,0.3034986364973786,1.7453351385865674,0.0023094279864116062,0.9411027476379504,1.1791927149715171,1.4455537040687358,99.6,1.854563853911955,True,True,-29.681514716148378,-35.51181265115738,5.830297935009,-34.32023473293782,4.800616686313081,-28.119022883176804,-27.025697565674783,81.7,-29.744466817379,-35.508576369285585,5.764109551906586,-34.260156561708456,4.815202364484993,-28.0574831700325,-27.002121326923373,81.2,32.34396460056305,38.108074152469634,-5.764109551906586,36.859654344892505,4.815202364484993,43.59538792252541,45.28136474370956,81.2
A+C,5,0,1,2.0229980513671406,0.2922851695081916,1.730712881858949,0.002689364934995032,0.9404870855409084,1.189266025574279,1.4380816597710184,99.5,1.840230353470035,True,True,-29.681514716148378,-35.51181265115738,5.830297935009,-34.32023473293782,4.800616686313081,-28.119022883176804,-27.025697565674783,81.7,-29.744466817379,-35.508576369285585,5.764109551906586,-34.260156561708456,4.815202364484993,-28.0574831700325,-27.002121326923373,81.2,32.34396460056305,38.108074152469634,-5.764109551906586,36.859654344892505,4.815202364484993,43.59538792252541,45.28136474370956,81.2
G+A,5,0,1,4.008090381561633,-0.47239118021873105,4.480481561780364,0.03340825394757163,1.9932940600808242,2.605592754083489,3.0649722862916815,99.5,2.2477775113616145,True,True,-24.73064888715744,-35.51181265115738,10.781163763999938,-34.32023473293782,4.800616686313081,-28.119022883176804,-27.025697565674783,99.5,-24.67587834596634,-35.508576369285585,10.832698023319246,-34.260156561708456,4.815202364484993,-28.0574831700325,-27.002121326923373,99.5,27.27537612915039,38.108074152469634,-10.832698023319242,36.859654344892505,4.815202364484993,43.59538792252541,45.28136474370956,99.5
Full,5,0,2,8.150655028139457,-0.26720418625204934,8.417859214391507,-0.05607191664141688,3.1212598562319127,3.6351958897243564,4.51039148286198,99.9,2.6969427737919336,True,True,-29.7281468719244,-45.25590515434742,15.527758282423015,-44.159549302987756,5.644397814027463,-37.2113358399272,-35.757369974777106,99.9,-29.707264193892478,-45.298421719670294,15.591157525777817,-44.109031551568215,5.651084362109205,-37.144081676006316,-35.710787730738524,99.9,32.250522622466086,47.8416801482439,-15.591157525777817,46.65228998014182,5.651084362109205,53.97130690872669,56.54946277678013,99.9
G,5,0,2,2.7931815750593563,-0.21976744921504598,3.0129490242744024,-0.015762382668971855,1.050284677402096,1.2771305664132933,1.5476781287834942,99.9,2.8686974961179126,True,True,-29.06383527815342,-45.25590515434742,16.192069876193997,-44.159549302987756,5.644397814027463,-37.2113358399272,-35.757369974777106,99.9,-28.998016026616096,-45.298421719670294,16.3004056930542,-44.109031551568215,5.651084362109205,-37.144081676006316,-35.710787730738524,99.9,31.541274455189704,47.8416801482439,-16.3004056930542,46.65228998014182,5.651084362109205,53.97130690872669,56.54946277678013,99.9
A,5,0,2,2.7961339006107044,-0.23687733840938496,3.033011239020089,-0.01556789278185764,1.0514954477624674,1.280398088039854,1.547090630954235,99.9,2.8844739608470906,True,True,-29.06383527815342,-45.25590515434742,16.192069876193997,-44.159549302987756,5.644397814027463,-37.2113358399272,-35.757369974777106,99.9,-28.998016026616096,-45.298421719670294,16.3004056930542,-44.109031551568215,5.651084362109205,-37.144081676006316,-35.710787730738524,99.9,31.541274455189704,47.8416801482439,-16.3004056930542,46.65228998014182,5.651084362109205,53.97130690872669,56.54946277678013,99.9
C,5,0,2,5.458609862710516,1.6808201438361137,3.777789718874403,-0.03378900743241011,1.800168741432501,2.261629724188692,2.678757213403318,100.0,2.0985753345923515,True,True,-46.447833022475244,-45.25590515434742,-1.1919278681278271,-44.159549302987756,5.644397814027463,-37.2113358399272,-35.757369974777106,33.5,-46.50003392398357,-45.298421719670294,-1.2016122043132782,-44.109031551568215,5.651084362109205,-37.144081676006316,-35.710787730738524,32.8,49.04329235255718,47.8416801482439,1.2016122043132782,46.65228998014182,5.651084362109205,53.97130690872669,56.54946277678013,32.8
G+C,5,0,2,3.505475036467995,0.2004375867439827,3.3050374497240123,-0.02420963452707434,1.0783680410607739,1.3123645963451844,1.6249812843491536,100.0,3.064851074845373,True,True,-33.14732583463192,-45.25590515434742,12.108579319715496,-44.159549302987756,5.644397814027463,-37.2113358399272,-35.757369974777106,98.7,-33.18913118541241,-45.298421719670294,12.109290534257887,-44.109031551568215,5.651084362109205,-37.144081676006316,-35.710787730738524,98.6,35.732389613986015,47.8416801482439,-12.109290534257887,46.65228998014182,5.651084362109205,53.97130690872669,56.54946277678013,98.6
A+C,5,0,2,3.488425845738856,0.18332769754964362,3.3050981481892125,-0.024015144639960077,1.076461220911839,1.3068139361164726,1.6157166569714516,100.0,3.0703364728638904,True,True,-33.14732583463192,-45.25590515434742,12.108579319715496,-44.159549302987756,5.644397814027463,-37.2113358399272,-35.757369974777106,98.7,-33.18913118541241,-45.298421719670294,12.109290534257887,-44.109031551568215,5.651084362109205,-37.144081676006316,-35.710787730738524,98.6,35.732389613986015,47.8416801482439,-12.109290534257887,46.65228998014182,5.651084362109205,53.97130690872669,56.54946277678013,98.6
G+A,5,0,2,5.589315475670061,-0.4566447876244317,6.045960263294493,-0.031330275450829455,2.101747573318162,2.558757145455998,3.0825948737363777,99.9,2.876634825251328,True,True,-29.06383527815342,-45.25590515434742,16.192069876193997,-44.159549302987756,5.644397814027463,-37.2113358399272,-35.757369974777106,99.9,-28.998016026616096,-45.298421719670294,16.3004056930542,-44.109031551568215,5.651084362109205,-37.144081676006316,-35.710787730738524,99.9,31.541274455189704,47.8416801482439,-16.3004056930542,46.65228998014182,5.651084362109205,53.97130690872669,56.54946277678013,99.9
Full,5,1,0,1.6976994351333063,-0.9827724242814083,2.6804718594147148,0.07424580260086067,2.766758565430814,3.632001907833227,4.565298909059809,69.5,0.968813069888278,True,False,-47.57393206357956,-52.119621229171756,4.545689165592194,-49.37963100306988,5.739316388156978,-41.93401549577713,-40.07645780682564,60.5,-47.49611302614212,-52.1607613325119,4.664648306369784,-49.32374354176522,5.749565770462318,-41.86106688261032,-40.015119299292564,60.6,50.01746143102646,54.68210973739624,-4.664648306369777,51.84509194664955,5.749565770462318,59.5672526204586,61.0107667440176,60.6
G,5,1,0,0.5099816946222165,-0.42496722551691163,0.9349489201391281,0.025579661823297222,0.9437373569845108,1.2498901937317461,1.555335383586539,67.7,0.9906876242840869,True,False,-46.43375151157379,-52.119621229171756,5.685869717597967,-49.37963100306988,5.739316388156978,-41.93401549577713,-40.07645780682564,67.7,-46.29830708503723,-52.1607613325119,5.862454247474673,-49.32374354176522,5.749565770462318,-41.86106688261032,-40.015119299292564,68.0,48.81965548992157,54.68210973739624,-5.862454247474666,51.84509194664955,5.749565770462318,59.5672526204586,61.0107667440176,68.0
A,5,1,0,0.5225111913851017,-0.44117258203812726,0.963683773423229,0.0251829568615241,0.9451269047619294,1.2519149873638935,1.5553561158638616,68.0,1.0196342613545362,True,False,-46.43375151157379,-52.119621229171756,5.685869717597967,-49.37963100306988,5.739316388156978,-41.93401549577713,-40.07645780682564,67.7,-46.29830708503723,-52.1607613325119,5.862454247474673,-49.32374354176522,5.749565770462318,-41.86106688261032,-40.015119299292564,68.0,48.81965548992157,54.68210973739624,-5.862454247474666,51.84509194664955,5.749565770462318,59.5672526204586,61.0107667440176,68.0
C,5,1,0,6.624087856670097,1.2849788326820923,5.339109023988005,-0.0067445410722689805,1.8036004873648563,2.2711589813207143,2.9336793869902236,100.0,2.9602503777256626,True,True,-57.34277429580688,-52.119621229171756,-5.223153066635128,-49.37963100306988,5.739316388156978,-41.93401549577713,-40.07645780682564,9.4,-57.424009919166565,-52.1607613325119,-5.263248586654662,-49.32374354176522,5.749565770462318,-41.86106688261032,-40.015119299292564,8.7,59.9453583240509,54.68210973739624,5.263248586654662,51.84509194664955,5.749565770462318,59.5672526204586,61.0107667440176,8.7
G+C,5,1,0,2.7486112825705735,-0.10372251734638846,2.852333799916962,0.02389352655522991,0.9506645667307447,1.2289167428967058,1.544075622892288,100.0,3.0003577494487854,True,True,-36.68151594400406,-52.119621229171756,15.438105285167694,-49.37963100306988,5.739316388156978,-41.93401549577713,-40.07645780682564,99.2,-36.70807101726532,-52.1607613325119,15.452690315246585,-49.32374354176522,5.749565770462318,-41.86106688261032,-40.015119299292564,99.2,39.22941942214966,54.68210973739624,-15.452690315246578,51.84509194664955,5.749565770462318,59.5672526204586,61.0107667440176,99.2
A+C,5,1,0,1.1665014550348998,-0.11992787386760426,1.286429328902504,0.023496821593456917,0.9494929537470099,1.224848458298877,1.5387867026905733,89.1,1.3548592686505285,True,False,-46.797247684001924,-52.119621229171756,5.322373545169832,-49.37963100306988,5.739316388156978,-41.93401549577713,-40.07645780682564,65.7,-46.745993685722354,-52.1607613325119,5.414767646789549,-49.32374354176522,5.749565770462318,-41.86106688261032,-40.015119299292564,65.6,49.26734209060669,54.68210973739624,-5.414767646789549,51.84509194664955,5.749565770462318,59.5672526204586,61.0107667440176,65.6
G+A,5,1,0,1.0324928860073177,-0.866139807555038,1.8986326935623556,0.05076261868482131,1.8888436207792132,2.501161864308695,3.105837417478644,67.9,1.0051825744997906,True,False,-46.43375151157379,-52.119621229171756,5.685869717597967,-49.37963100306988,5.739316388156978,-41.93401549577713,-40.07645780682564,67.7,-46.29830708503723,-52.1607613325119,5.862454247474673,-49.32374354176522,5.749565770462318,-41.86106688261032,-40.015119299292564,68.0,48.81965548992157,54.68210973739624,-5.862454247474666,51.84509194664955,5.749565770462318,59.5672526204586,61.0107667440176,68.0
Full,5,1,2,3.409486388876205,-0.26720418625204934,3.676690575128254,-0.05607191664141688,3.1212598562319127,3.6351958897243564,4.51039148286198,87.1,1.1779508097627205,True,False,-39.179807126522064,-45.25590515434742,6.076098027825353,-44.159549302987756,5.644397814027463,-37.2113358399272,-35.757369974777106,79.3,-39.13066263198853,-45.298421719670294,6.167759087681766,-44.109031551568215,5.651084362109205,-37.144081676006316,-35.710787730738524,79.2,41.67392106056214,47.8416801482439,-6.167759087681766,46.65228998014182,5.651084362109205,53.97130690872669,56.54946277678013,79.2
G,5,1,2,0.7208915808549254,-0.21976744921504598,0.9406590300699714,-0.015762382668971855,1.050284677402096,1.2771305664132933,1.5476781287834942,73.4,0.8956229204416405,True,False,-40.20065310001373,-45.25590515434742,5.055252054333685,-44.159549302987756,5.644397814027463,-37.2113358399272,-35.757369974777106,73.4,-40.09421757459641,-45.298421719670294,5.204204145073888,-44.109031551568215,5.651084362109205,-37.144081676006316,-35.710787730738524,73.9,42.637476003170015,47.8416801482439,-5.204204145073888,46.65228998014182,5.651084362109205,53.97130690872669,56.54946277678013,73.9
A,5,1,2,0.7314672512525753,-0.23687733840938496,0.9683445896619602,-0.01556789278185764,1.0514954477624674,1.280398088039854,1.547090630954235,73.9,0.9209213332521332,True,False,-40.20065310001373,-45.25590515434742,5.055252054333685,-44.159549302987756,5.644397814027463,-37.2113358399272,-35.757369974777106,73.4,-40.09421757459641,-45.298421719670294,5.204204145073888,-44.109031551568215,5.651084362109205,-37.144081676006316,-35.710787730738524,73.9,42.637476003170015,47.8416801482439,-5.204204145073888,46.65228998014182,5.651084362109205,53.97130690872669,56.54946277678013,73.9
C,5,1,2,5.031313498396197,1.6808201438361137,3.3504933545600837,-0.03378900743241011,1.800168741432501,2.261629724188692,2.678757213403318,99.9,1.8612107173319195,True,True,-52.23294648826122,-45.25590515434742,-6.977041333913803,-44.159549302987756,5.644397814027463,-37.2113358399272,-35.757369974777106,7.9,-52.31390912234783,-45.298421719670294,-7.015487402677536,-44.109031551568215,5.651084362109205,-37.144081676006316,-35.710787730738524,7.8,54.85716755092144,47.8416801482439,7.015487402677536,46.65228998014182,5.651084362109205,53.97130690872669,56.54946277678013,7.8
G+C,5,1,2,3.2234675274420557,0.2004375867439827,3.023029940698073,-0.02420963452707434,1.0783680410607739,1.3123645963451844,1.6249812843491536,99.9,2.803337845328173,True,True,-30.788581082224844,-45.25590515434742,14.467324072122572,-44.159549302987756,5.644397814027463,-37.2113358399272,-35.757369974777106,99.8,-30.830210563540458,-45.298421719670294,14.468211156129836,-44.109031551568215,5.651084362109205,-37.144081676006316,-35.710787730738524,99.8,33.37346899211407,47.8416801482439,-14.468211156129833,46.65228998014182,5.651084362109205,53.97130690872669,56.54946277678013,99.8
A+C,5,1,2,1.267124305668429,0.18332769754964362,1.0837966081187853,-0.024015144639960077,1.076461220911839,1.3068139361164726,1.6157166569714516,89.4,1.0068143534243925,True,False,-40.591197058558464,-45.25590515434742,4.664708095788953,-44.159549302987756,5.644397814027463,-37.2113358399272,-35.757369974777106,71.7,-40.56513945758343,-45.298421719670294,4.733282262086867,-44.109031551568215,5.651084362109205,-37.144081676006316,-35.710787730738524,71.3,43.108397886157036,47.8416801482439,-4.733282262086867,46.65228998014182,5.651084362109205,53.97130690872669,56.54946277678013,71.3
G+A,5,1,2,1.452358832107501,-0.4566447876244317,1.9090036197319327,-0.031330275450829455,2.101747573318162,2.558757145455998,3.0825948737363777,73.7,0.908293481085394,True,False,-40.20065310001373,-45.25590515434742,5.055252054333685,-44.159549302987756,5.644397814027463,-37.2113358399272,-35.757369974777106,73.4,-40.09421757459641,-45.298421719670294,5.204204145073888,-44.109031551568215,5.651084362109205,-37.144081676006316,-35.710787730738524,73.9,42.637476003170015,47.8416801482439,-5.204204145073888,46.65228998014182,5.651084362109205,53.97130690872669,56.54946277678013,73.9
Full,5,2,0,8.701094131909427,-0.9827724242814083,9.683866556190836,0.07424580260086067,2.766758565430814,3.632001907833227,4.565298909059809,100.0,3.5000764711405,True,True,-32.693566703796385,-52.119621229171756,19.42605452537537,-49.37963100306988,5.739316388156978,-41.93401549577713,-40.07645780682564,100.0,-32.70384044647217,-52.1607613325119,19.456920886039732,-49.32374354176522,5.749565770462318,-41.86106688261032,-40.015119299292564,100.0,35.225188851356506,54.68210973739624,-19.456920886039732,51.84509194664955,5.749565770462318,59.5672526204586,61.0107667440176,100.0
G,5,2,0,2.769331906039051,-0.42496722551691163,3.1942991315559626,0.025579661823297222,0.9437373569845108,1.2498901937317461,1.555335383586539,100.0,3.3847331653401844,True,True,-32.693566703796385,-52.119621229171756,19.42605452537537,-49.37963100306988,5.739316388156978,-41.93401549577713,-40.07645780682564,100.0,-32.70384044647217,-52.1607613325119,19.456920886039732,-49.32374354176522,5.749565770462318,-41.86106688261032,-40.015119299292564,100.0,35.225188851356506,54.68210973739624,-19.456920886039732,51.84509194664955,5.749565770462318,59.5672526204586,61.0107667440176,100.0
A,5,2,0,2.757201025181571,-0.44117258203812726,3.198373607219698,0.0251829568615241,0.9451269047619294,1.2519149873638935,1.5553561158638616,100.0,3.3840678866562848,True,True,-32.693566703796385,-52.119621229171756,19.42605452537537,-49.37963100306988,5.739316388156978,-41.93401549577713,-40.07645780682564,100.0,-32.70384044647217,-52.1607613325119,19.456920886039732,-49.32374354176522,5.749565770462318,-41.86106688261032,-40.015119299292564,100.0,35.225188851356506,54.68210973739624,-19.456920886039732,51.84509194664955,5.749565770462318,59.5672526204586,61.0107667440176,100.0
C,5,2,0,4.578232304737087,1.2849788326820923,3.2932534720549946,-0.0067445410722689805,1.8036004873648563,2.2711589813207143,2.9336793869902236,99.7,1.8259329020622468,True,True,-45.01096096038818,-52.119621229171756,7.108660268783574,-49.37963100306988,5.739316388156978,-41.93401549577713,-40.07645780682564,76.6,-45.12575242519379,-52.1607613325119,7.035008907318115,-49.32374354176522,5.749565770462318,-41.86106688261032,-40.015119299292564,75.7,47.647100830078124,54.68210973739624,-7.035008907318115,51.84509194664955,5.749565770462318,59.5672526204586,61.0107667440176,75.7
G+C,5,2,0,3.459186183008004,-0.10372251734638846,3.5629087003543924,0.02389352655522991,0.9506645667307447,1.2289167428967058,1.544075622892288,100.0,3.7478084542552534,True,True,-32.6980153799057,-52.119621229171756,19.421605849266058,-49.37963100306988,5.739316388156978,-41.93401549577713,-40.07645780682564,100.0,-32.74170830249786,-52.1607613325119,19.41905303001404,-49.32374354176522,5.749565770462318,-41.86106688261032,-40.015119299292564,100.0,35.263056707382205,54.68210973739624,-19.419053030014034,51.84509194664955,5.749565770462318,59.5672526204586,61.0107667440176,100.0
A+C,5,2,0,3.4415620090164993,-0.11992787386760426,3.5614898828841035,0.023496821593456917,0.9494929537470099,1.224848458298877,1.5387867026905733,100.0,3.7509387182172325,True,True,-32.6980153799057,-52.119621229171756,19.421605849266058,-49.37963100306988,5.739316388156978,-41.93401549577713,-40.07645780682564,100.0,-32.74170830249786,-52.1607613325119,19.41905303001404,-49.32374354176522,5.749565770462318,-41.86106688261032,-40.015119299292564,100.0,35.263056707382205,54.68210973739624,-19.419053030014034,51.84509194664955,5.749565770462318,59.5672526204586,61.0107667440176,100.0
G+A,5,2,0,5.526532931220624,-0.866139807555038,6.392672738775662,0.05076261868482131,1.8888436207792132,2.501161864308695,3.105837417478644,100.0,3.3844372654515804,True,True,-32.693566703796385,-52.119621229171756,19.42605452537537,-49.37963100306988,5.739316388156978,-41.93401549577713,-40.07645780682564,100.0,-32.70384044647217,-52.1607613325119,19.456920886039732,-49.32374354176522,5.749565770462318,-41.86106688261032,-40.015119299292564,100.0,35.225188851356506,54.68210973739624,-19.456920886039732,51.84509194664955,5.749565770462318,59.5672526204586,61.0107667440176,100.0
Full,5,2,1,6.143656028219938,-0.19725187766784913,6.3409079058877875,0.03650616467548892,2.8776871631485275,3.618080858152354,4.425873748622379,99.9,2.2034736739590866,True,True,-24.502272880077363,-35.51181265115738,11.009539771080014,-34.32023473293782,4.800616686313081,-28.119022883176804,-27.025697565674783,99.5,-24.499868667125703,-35.508576369285585,11.008707702159882,-34.260156561708456,4.815202364484993,-28.0574831700325,-27.002121326923373,99.5,27.099366450309752,38.108074152469634,-11.008707702159882,36.859654344892505,4.815202364484993,43.59538792252541,45.28136474370956,99.5
G,5,2,1,2.05251024320676,-0.2305888566147729,2.283099099821533,0.016514158499494048,0.9955260494993825,1.3024880944111772,1.5292160140248492,99.5,2.293359476599963,True,True,-24.502272880077363,-35.51181265115738,11.009539771080014,-34.32023473293782,4.800616686313081,-28.119022883176804,-27.025697565674783,99.5,-24.499868667125703,-35.508576369285585,11.008707702159882,-34.260156561708456,4.815202364484993,-28.0574831700325,-27.002121326923373,99.5,27.099366450309752,38.108074152469634,-11.008707702159882,36.859654344892505,4.815202364484993,43.59538792252541,45.28136474370956,99.5
A,5,2,1,2.039412091334249,-0.24180232360395948,2.2812144149382085,0.016894095448077386,0.9978018621161661,1.3022064440962957,1.5208975670338187,99.5,2.2862398854419306,True,True,-24.502272880077363,-35.51181265115738,11.009539771080014,-34.32023473293782,4.800616686313081,-28.119022883176804,-27.025697565674783,99.5,-24.499868667125703,-35.508576369285585,11.008707702159882,-34.260156561708456,4.815202364484993,-28.0574831700325,-27.002121326923373,99.5,27.099366450309752,38.108074152469634,-11.008707702159882,36.859654344892505,4.815202364484993,43.59538792252541,45.28136474370956,99.5
C,5,2,1,4.539878963857599,2.1363499724486044,2.4035289914089946,-0.05681892205232973,1.6906890876013492,2.0666375638883188,2.6756184902903426,100.0,1.4216268437734942,True,True,-34.30603903532028,-35.51181265115738,1.2057736158370957,-34.32023473293782,4.800616686313081,-28.119022883176804,-27.025697565674783,47.3,-34.4218155503273,-35.508576369285585,1.0867608189582825,-34.260156561708456,4.815202364484993,-28.0574831700325,-27.002121326923373,46.3,37.02131333351135,38.108074152469634,-1.0867608189582825,36.859654344892505,4.815202364484993,43.59538792252541,45.28136474370956,46.3
G+C,5,2,1,2.2916482742487214,0.3034986364973786,1.9881496377513428,0.0023094279864116062,0.9411027476379504,1.1791927149715171,1.4455537040687358,99.9,2.1125744694097945,True,True,-24.87921185493469,-35.51181265115738,10.632600796222686,-34.32023473293782,4.800616686313081,-28.119022883176804,-27.025697565674783,99.4,-24.915170037746428,-35.508576369285585,10.593406331539157,-34.260156561708456,4.815202364484993,-28.0574831700325,-27.002121326923373,99.2,27.51466782093048,38.108074152469634,-10.593406331539153,36.859654344892505,4.815202364484993,43.59538792252541,45.28136474370956,99.2
A+C,5,2,1,2.2706593251836846,0.2922851695081916,1.978374155675493,0.002689364934995032,0.9404870855409084,1.189266025574279,1.4380816597710184,99.9,2.10356334083807,True,True,-24.87921185493469,-35.51181265115738,10.632600796222686,-34.32023473293782,4.800616686313081,-28.119022883176804,-27.025697565674783,99.4,-24.915170037746428,-35.508576369285585,10.593406331539157,-34.260156561708456,4.815202364484993,-28.0574831700325,-27.002121326923373,99.2,27.51466782093048,38.108074152469634,-10.593406331539153,36.859654344892505,4.815202364484993,43.59538792252541,45.28136474370956,99.2
G+A,5,2,1,4.09192233454101,-0.47239118021873105,4.564313514759741,0.03340825394757163,1.9932940600808242,2.605592754083489,3.0649722862916815,99.5,2.289834503683148,True,True,-24.502272880077363,-35.51181265115738,11.009539771080014,-34.32023473293782,4.800616686313081,-28.119022883176804,-27.025697565674783,99.5,-24.499868667125703,-35.508576369285585,11.008707702159882,-34.260156561708456,4.815202364484993,-28.0574831700325,-27.002121326923373,99.5,27.099366450309752,38.108074152469634,-11.008707702159882,36.859654344892505,4.815202364484993,43.59538792252541,45.28136474370956,99.5
Full,10,0,1,8.918008786403636,-0.15090357192298498,9.068912358326621,-0.23703431268112973,4.013555640625116,5.270922739640823,6.700193538458459,98.9,2.259570607800052,True,True,-39.809549558162686,-61.226868307590486,21.4173187494278,-61.84338293303251,9.376965510007318,-48.62209963917732,-45.277504914999014,99.0,-39.80146400928497,-61.182246279716495,21.380782270431524,-61.89849750156402,9.378650728838162,-48.680097270011906,-45.42084902048112,99.0,41.69068765640259,63.071469926834105,-21.380782270431517,63.78772114868165,9.378650728838162,75.42211598873139,77.54039288043975,99.0
G,10,0,1,3.0540231969782976,0.007012373642111713,3.047010823336186,-0.08069826644522851,1.3340472602251279,1.8002744998515314,2.2761051322231336,99.0,2.284035141919924,True,True,-39.809549558162686,-61.226868307590486,21.4173187494278,-61.84338293303251,9.376965510007318,-48.62209963917732,-45.277504914999014,99.0,-39.80146400928497,-61.182246279716495,21.380782270431524,-61.89849750156402,9.378650728838162,-48.680097270011906,-45.42084902048112,99.0,41.69068765640259,63.071469926834105,-21.380782270431517,63.78772114868165,9.378650728838162,75.42211598873139,77.54039288043975,99.0
A,10,0,1,3.061866886729403,0.021370742421469746,3.0404961443079332,-0.08048516962319849,1.333709450812704,1.7992634022302572,2.262751202194683,99.0,2.2797290237803955,True,True,-39.809549558162686,-61.226868307590486,21.4173187494278,-61.84338293303251,9.376965510007318,-48.62209963917732,-45.277504914999014,99.0,-39.80146400928497,-61.182246279716495,21.380782270431524,-61.89849750156402,9.378650728838162,-48.680097270011906,-45.42084902048112,99.0,41.69068765640259,63.071469926834105,-21.380782270431517,63.78772114868165,9.378650728838162,75.42211598873139,77.54039288043975,99.0
C,10,0,1,2.8971324882920997,-0.8026297216321432,3.699762209924243,0.01853717204198377,1.9034353379439932,2.381463330568014,3.1502604528264873,93.1,1.9437288654736036,True,True,-54.89424620866775,-61.226868307590486,6.332622098922734,-61.84338293303251,9.376965510007318,-48.62209963917732,-45.277504914999014,76.5,-55.02187445163727,-61.182246279716495,6.160371828079228,-61.89849750156402,9.378650728838162,-48.680097270011906,-45.42084902048112,76.4,56.911098098754884,63.071469926834105,-6.160371828079221,63.78772114868165,9.378650728838162,75.42211598873139,77.54039288043975,76.4
G+C,10,0,1,3.347438433642674,-0.19364505676592425,3.5410834904085986,-0.07606397343473263,1.40205610181236,1.790074144674391,2.2842538942831516,99.4,2.52563608961955,True,True,-40.32936691045761,-61.226868307590486,20.897501397132878,-61.84338293303251,9.376965510007318,-48.62209963917732,-45.277504914999014,98.8,-40.38481628894806,-61.182246279716495,20.797429990768435,-61.89849750156402,9.378650728838162,-48.680097270011906,-45.42084902048112,98.8,42.27403993606568,63.071469926834105,-20.79742999076843,63.78772114868165,9.378650728838162,75.42211598873139,77.54039288043975,98.8
A+C,10,0,1,3.3462790260149626,-0.179286687986566,3.5255657140015284,-0.07585087661270254,1.4002500308316728,1.7869254036329971,2.2757910761682916,99.4,2.517811559630913,True,True,-40.32936691045761,-61.226868307590486,20.897501397132878,-61.84338293303251,9.376965510007318,-48.62209963917732,-45.277504914999014,98.8,-40.38481628894806,-61.182246279716495,20.797429990768435,-61.89849750156402,9.378650728838162,-48.680097270011906,-45.42084902048112,98.8,42.27403993606568,63.071469926834105,-20.79742999076843,63.78772114868165,9.378650728838162,75.42211598873139,77.54039288043975,98.8
G+A,10,0,1,6.115890083707701,0.02838311606358168,6.087506967644119,-0.161183436068427,2.667743870372613,3.5942023723731658,4.538977177260154,99.0,2.2818933388810883,True,True,-39.809549558162686,-61.226868307590486,21.4173187494278,-61.84338293303251,9.376965510007318,-48.62209963917732,-45.277504914999014,99.0,-39.80146400928497,-61.182246279716495,21.380782270431524,-61.89849750156402,9.378650728838162,-48.680097270011906,-45.42084902048112,99.0,41.69068765640259,63.071469926834105,-21.380782270431517,63.78772114868165,9.378650728838162,75.42211598873139,77.54039288043975,99.0
Full,10,0,2,6.049623877549412,-5.357072945313063,11.406696822862475,0.16823929786459757,4.63326652651592,6.313526264022553,7.789296189077135,88.8,2.461912509798994,True,False,-52.35238205194473,-80.46670892238618,28.114326870441445,-67.10043062800169,11.55108383709831,-51.9131004190445,-47.98464555978776,89.0,-52.34338682889938,-80.46341174840927,28.120024919509888,-67.1311521586895,11.55648867185875,-51.9842245221138,-47.99932450294495,89.0,54.241220474243164,82.36124539375305,-28.120024919509888,69.02898580403328,11.55648867185875,84.42916839122772,88.1451096177101,89.0
G,10,0,2,2.054602105050818,-1.7439373610725097,3.7985394661233274,0.06198656697954545,1.560672180910312,2.1139536458863555,2.6447289652648767,89.0,2.433912459378694,True,False,-52.35238205194473,-80.46670892238618,28.114326870441445,-67.10043062800169,11.55108383709831,-51.9131004190445,-47.98464555978776,89.0,-52.34338682889938,-80.46341174840927,28.120024919509888,-67.1311521586895,11.55648867185875,-51.9842245221138,-47.99932450294495,89.0,54.241220474243164,82.36124539375305,-28.120024919509888,69.02898580403328,11.55648867185875,84.42916839122772,88.1451096177101,89.0
A,10,0,2,2.0596558212195313,-1.7385378263910718,3.798193647610603,0.06226085095418931,1.5609439176451074,2.108168153480934,2.646411699939154,89.0,2.433267207537274,True,False,-52.35238205194473,-80.46670892238618,28.114326870441445,-67.10043062800169,11.55108383709831,-51.9131004190445,-47.98464555978776,89.0,-52.34338682889938,-80.46341174840927,28.120024919509888,-67.1311521586895,11.55648867185875,-51.9842245221138,-47.99932450294495,89.0,54.241220474243164,82.36124539375305,-28.120024919509888,69.02898580403328,11.55648867185875,84.42916839122772,88.1451096177101,89.0
C,10,0,2,4.451940338219242,-0.5442397258336382,4.996180064052881,-0.07307588409330555,1.918162213752543,2.3695975721327533,3.047776982993369,99.1,2.604670255848041,True,True,-44.08268537521362,-80.46670892238618,36.38402354717255,-67.10043062800169,11.55108383709831,-51.9131004190445,-47.98464555978776,97.6,-44.22874773740769,-80.46341174840927,36.234664011001584,-67.1311521586895,11.55648867185875,-51.9842245221138,-47.99932450294495,97.4,46.12658138275147,82.36124539375305,-36.234664011001584,69.02898580403328,11.55648867185875,84.42916839122772,88.1451096177101,97.4
G+C,10,0,2,2.4793744695105833,-1.87999729253092,4.359371762041503,0.043717595956219074,1.5615184815468148,2.165479446424171,2.579610384714316,93.9,2.791751627379511,True,True,-55.110230314731595,-80.46670892238618,25.35647860765458,-67.10043062800169,11.55108383709831,-51.9131004190445,-47.98464555978776,83.1,-55.2088777422905,-80.46341174840927,25.254534006118774,-67.1311521586895,11.55648867185875,-51.9842245221138,-47.99932450294495,82.9,57.10671138763428,82.36124539375305,-25.254534006118774,69.02898580403328,11.55648867185875,84.42916839122772,88.1451096177101,82.9
A+C,10,0,2,2.469998228938026,-1.8745977578494817,4.344595986787508,0.04399187993086295,1.5606510289855602,2.1591074872079337,2.5876829286275744,93.7,2.7838356596679663,True,True,-55.110230314731595,-80.46670892238618,25.35647860765458,-67.10043062800169,11.55108383709831,-51.9131004190445,-47.98464555978776,83.1,-55.2088777422905,-80.46341174840927,25.254534006118774,-67.1311521586895,11.55648867185875,-51.9842245221138,-47.99932450294495,82.9,57.10671138763428,82.36124539375305,-25.254534006118774,69.02898580403328,11.55648867185875,84.42916839122772,88.1451096177101,82.9
G+A,10,0,2,4.1142579262703505,-3.4824751874635815,7.596733113733932,0.12424741793373471,3.1216076840541205,4.223669899612101,5.297607008545516,89.0,2.4335963652767023,True,False,-52.35238205194473,-80.46670892238618,28.114326870441445,-67.10043062800169,11.55108383709831,-51.9131004190445,-47.98464555978776,89.0,-52.34338682889938,-80.46341174840927,28.120024919509888,-67.1311521586895,11.55648867185875,-51.9842245221138,-47.99932450294495,89.0,54.241220474243164,82.36124539375305,-28.120024919509888,69.02898580403328,11.55648867185875,84.42916839122772,88.1451096177101,89.0
Full,10,1,0,9.108465972568077,-0.3908303471770638,9.49929631974514,0.1381044029126196,4.981444546549807,6.603564872262389,8.247997091599338,97.3,1.9069360766696555,True,True,-37.37043962478638,-51.658953642845155,14.288514018058777,-50.34924846899509,7.442878608033884,-40.499694828987124,-38.45376483261586,96.5,-37.311813867092134,-51.62806881666184,14.316254949569704,-50.38846756529808,7.459612134799496,-40.56753393411636,-38.48087785482407,96.6,39.267231130599974,53.58348608016968,-14.316254949569704,52.343884828805926,7.459612134799496,62.052800512313844,64.91109847068786,96.6
G,10,1,0,2.6552079591435507,-0.24624718803142842,2.901455147174979,0.04703280941321085,1.6666708376268784,2.2526261933659573,2.7107677324604404,94.6,1.7408687316484595,True,True,-38.70187900066376,-51.658953642845155,12.957074642181396,-50.34924846899509,7.442878608033884,-40.499694828987124,-38.45376483261586,94.6,-38.60142797231674,-51.62806881666184,13.026640844345096,-50.38846756529808,7.459612134799496,-40.56753393411636,-38.48087785482407,94.8,40.55684523582458,53.58348608016968,-13.026640844345096,52.343884828805926,7.459612134799496,62.052800512313844,64.91109847068786,94.8
A,10,1,0,2.683250872640126,-0.23035971731884342,2.9136105899589695,0.04689635939779399,1.6684581368782598,2.243500731392655,2.7102137791287877,94.8,1.7462892988195862,True,True,-38.70187900066376,-51.658953642845155,12.957074642181396,-50.34924846899509,7.442878608033884,-40.499694828987124,-38.45376483261586,94.6,-38.60142797231674,-51.62806881666184,13.026640844345096,-50.38846756529808,7.459612134799496,-40.56753393411636,-38.48087785482407,94.8,40.55684523582458,53.58348608016968,-13.026640844345096,52.343884828805926,7.459612134799496,62.052800512313844,64.91109847068786,94.8
C,10,1,0,4.329117654347515,1.2645451019682032,3.0645725523793117,-0.010884501184718292,1.9618852677561989,2.5511106074003265,3.205134980219656,98.4,1.562054928871683,True,True,-49.75332632064819,-51.658953642845155,1.9056273221969633,-50.34924846899509,7.442878608033884,-40.499694828987124,-38.45376483261586,53.0,-49.92029541730881,-51.62806881666184,1.7077733993530302,-50.38846756529808,7.459612134799496,-40.56753393411636,-38.48087785482407,52.1,51.87571268081665,53.58348608016968,-1.7077733993530302,52.343884828805926,7.459612134799496,62.052800512313844,64.91109847068786,52.1
G+C,10,1,0,4.85847123625819,0.0698890874606225,4.788582148797567,0.04431168411703129,1.6937637017184521,2.2908088796053248,2.81891605671266,100.0,2.8271843020010325,True,True,-34.537524127960204,-51.658953642845155,17.12142951488495,-50.34924846899509,7.442878608033884,-40.499694828987124,-38.45376483261586,99.4,-34.628113973140714,-51.62806881666184,16.999954843521124,-50.38846756529808,7.459612134799496,-40.56753393411636,-38.48087785482407,99.3,36.58353123664856,53.58348608016968,-16.999954843521117,52.343884828805926,7.459612134799496,62.052800512313844,64.91109847068786,99.3
A+C,10,1,0,4.137349747184828,0.0857765581732074,4.051573189011621,0.04417523410161448,1.6936315554401946,2.278559309165464,2.8233098628377946,99.8,2.392240021743436,True,True,-34.48040089607239,-51.658953642845155,17.178552746772766,-50.34924846899509,7.442878608033884,-40.499694828987124,-38.45376483261586,99.4,-34.52655638456345,-51.62806881666184,17.10151243209839,-50.38846756529808,7.459612134799496,-40.56753393411636,-38.48087785482407,99.4,36.48197364807129,53.58348608016968,-17.10151243209839,52.343884828805926,7.459612134799496,62.052800512313844,64.91109847068786,99.4
G+A,10,1,0,5.3384588317836785,-0.47660690535027195,5.815065737133951,0.09392916881100491,3.335107658636966,4.505433108150416,5.420795474173332,94.6,1.7435916115255259,True,True,-38.70187900066376,-51.658953642845155,12.957074642181396,-50.34924846899509,7.442878608033884,-40.499694828987124,-38.45376483261586,94.6,-38.60142797231674,-51.62806881666184,13.026640844345096,-50.38846756529808,7.459612134799496,-40.56753393411636,-38.48087785482407,94.8,40.55684523582458,53.58348608016968,-13.026640844345096,52.343884828805926,7.459612134799496,62.052800512313844,64.91109847068786,94.8
Full,10,1,2,1.995446385280138,-5.357072945313063,7.352519330593201,0.16823929786459757,4.63326652651592,6.313526264022553,7.789296189077135,66.4,1.5868975567270203,True,False,-62.76517450809479,-80.46670892238618,17.701534414291388,-67.10043062800169,11.55108383709831,-51.9131004190445,-47.98464555978776,65.9,-62.67735022306442,-80.46341174840927,17.78606152534485,-67.1311521586895,11.55648867185875,-51.9842245221138,-47.99932450294495,66.2,64.5751838684082,82.36124539375305,-17.78606152534485,69.02898580403328,11.55648867185875,84.42916839122772,88.1451096177101,66.2
G,10,1,2,0.13786215162464033,-1.7439373610725097,1.88179951269715,0.06198656697954545,1.560672180910312,2.1139536458863555,2.6447289652648767,51.4,1.2057621938256953,True,False,-66.53884873390197,-80.46670892238618,13.927860188484203,-67.10043062800169,11.55108383709831,-51.9131004190445,-47.98464555978776,51.4,-66.42351578474045,-80.46341174840927,14.039895963668826,-67.1311521586895,11.55648867185875,-51.9842245221138,-47.99932450294495,51.9,68.32134943008423,82.36124539375305,-14.039895963668826,69.02898580403328,11.55648867185875,84.42916839122772,88.1451096177101,51.9
A,10,1,2,0.1578418466341297,-1.7385378263910718,1.8963796730252014,0.06226085095418931,1.5609439176451074,2.108168153480934,2.646411699939154,51.9,1.2148928937089192,True,False,-66.53884873390197,-80.46670892238618,13.927860188484203,-67.10043062800169,11.55108383709831,-51.9131004190445,-47.98464555978776,51.4,-66.42351578474045,-80.46341174840927,14.039895963668826,-67.1311521586895,11.55648867185875,-51.9842245221138,-47.99932450294495,51.9,68.32134943008423,82.36124539375305,-14.039895963668826,69.02898580403328,11.55648867185875,84.42916839122772,88.1451096177101,51.9
C,10,1,2,4.716307734959054,-0.5442397258336382,5.260547460792692,-0.07307588409330555,1.918162213752543,2.3695975721327533,3.047776982993369,99.6,2.7424935300447646,True,True,-72.15023103952407,-80.46670892238618,8.316477882862102,-67.10043062800169,11.55108383709831,-51.9131004190445,-47.98464555978776,33.5,-72.29257754087448,-80.46341174840927,8.170834207534796,-67.1311521586895,11.55648867185875,-51.9842245221138,-47.99932450294495,33.2,74.19041118621826,82.36124539375305,-8.170834207534796,69.02898580403328,11.55648867185875,84.42916839122772,88.1451096177101,33.2
G+C,10,1,2,2.2211221043261773,-1.87999729253092,4.101119396857097,0.043717595956219074,1.5615184815468148,2.165479446424171,2.579610384714316,90.9,2.6263662232128016,True,True,-62.508665311336514,-80.46670892238618,17.95804361104966,-67.10043062800169,11.55108383709831,-51.9131004190445,-47.98464555978776,66.6,-62.595381915569305,-80.46341174840927,17.868029832839966,-67.1311521586895,11.55648867185875,-51.9842245221138,-47.99932450294495,66.5,64.49321556091309,82.36124539375305,-17.868029832839966,69.02898580403328,11.55648867185875,84.42916839122772,88.1451096177101,66.5
A+C,10,1,2,2.1329429415171886,-1.8745977578494817,4.00754069936667,0.04399187993086295,1.5606510289855602,2.1591074872079337,2.5876829286275744,89.6,2.567864708340092,True,False,-62.597876286506654,-80.46670892238618,17.86883263587952,-67.10043062800169,11.55108383709831,-51.9131004190445,-47.98464555978776,66.5,-62.62730470895767,-80.46341174840927,17.836107039451598,-67.1311521586895,11.55648867185875,-51.9842245221138,-47.99932450294495,66.4,64.52513835430145,82.36124539375305,-17.836107039451605,69.02898580403328,11.55648867185875,84.42916839122772,88.1451096177101,66.4
G+A,10,1,2,0.2957039982587699,-3.4824751874635815,3.7781791857223515,0.12424741793373471,3.1216076840541205,4.223669899612101,5.297607008545516,51.6,1.2103312037006273,True,False,-66.53884873390197,-80.46670892238618,13.927860188484203,-67.10043062800169,11.55108383709831,-51.9131004190445,-47.98464555978776,51.4,-66.42351578474045,-80.46341174840927,14.039895963668826,-67.1311521586895,11.55648867185875,-51.9842245221138,-47.99932450294495,51.9,68.32134943008423,82.36124539375305,-14.039895963668826,69.02898580403328,11.55648867185875,84.42916839122772,88.1451096177101,51.9
Full,10,2,0,9.732050111548482,-0.3908303471770638,10.122880458725545,0.1381044029126196,4.981444546549807,6.603564872262389,8.247997091599338,98.8,2.0321174639466264,True,True,-35.18282070159912,-51.658953642845155,16.476132941246036,-50.34924846899509,7.442878608033884,-40.499694828987124,-38.45376483261586,98.9,-35.07579506635666,-51.62806881666184,16.552273750305176,-50.38846756529808,7.459612134799496,-40.56753393411636,-38.48087785482407,99.0,37.0312123298645,53.58348608016968,-16.552273750305176,52.343884828805926,7.459612134799496,62.052800512313844,64.91109847068786,99.0
G,10,2,0,3.2508030766726614,-0.24624718803142842,3.49705026470409,0.04703280941321085,1.6666708376268784,2.2526261933659573,2.7107677324604404,98.5,2.0982249078548905,True,True,-36.042120361328124,-51.658953642845155,15.616833281517032,-50.34924846899509,7.442878608033884,-40.499694828987124,-38.45376483261586,98.5,-35.92382115125656,-51.62806881666184,15.704247665405276,-50.38846756529808,7.459612134799496,-40.56753393411636,-38.48087785482407,98.6,37.8792384147644,53.58348608016968,-15.704247665405276,52.343884828805926,7.459612134799496,62.052800512313844,64.91109847068786,98.6
A,10,2,0,3.2821392340225604,-0.23035971731884342,3.5124989513414038,0.04689635939779399,1.6684581368782598,2.243500731392655,2.7102137791287877,98.6,2.105236489729017,True,True,-36.042120361328124,-51.658953642845155,15.616833281517032,-50.34924846899509,7.442878608033884,-40.499694828987124,-38.45376483261586,98.5,-35.92382115125656,-51.62806881666184,15.704247665405276,-50.38846756529808,7.459612134799496,-40.56753393411636,-38.48087785482407,98.6,37.8792384147644,53.58348608016968,-15.704247665405276,52.343884828805926,7.459612134799496,62.052800512313844,64.91109847068786,98.6
C,10,2,0,6.63388107414753,1.2645451019682032,5.369335972179327,-0.010884501184718292,1.9618852677561989,2.5511106074003265,3.205134980219656,100.0,2.7368246555621556,True,True,-54.81727882623672,-51.658953642845155,-3.158325183391568,-50.34924846899509,7.442878608033884,-40.499694828987124,-38.45376483261586,28.3,-55.030762946605684,-51.62806881666184,-3.4026941299438462,-50.38846756529808,7.459612134799496,-40.56753393411636,-38.48087785482407,27.6,56.986180210113524,53.58348608016968,3.4026941299438462,52.343884828805926,7.459612134799496,62.052800512313844,64.91109847068786,27.6
G+C,10,2,0,1.3973109782624435,0.0698890874606225,1.327421890801821,0.04431168411703129,1.6937637017184521,2.2908088796053248,2.81891605671266,76.7,0.7837113816142419,True,False,-43.84304835796356,-51.658953642845155,7.815905284881595,-50.34924846899509,7.442878608033884,-40.499694828987124,-38.45376483261586,78.7,-43.8758808016777,-51.62806881666184,7.752188014984135,-50.38846756529808,7.459612134799496,-40.56753393411636,-38.48087785482407,78.7,45.83129806518555,53.58348608016968,-7.752188014984128,52.343884828805926,7.459612134799496,62.052800512313844,64.91109847068786,78.7
A+C,10,2,0,1.3968936751570729,0.0857765581732074,1.3111171169838656,0.04417523410161448,1.6936315554401946,2.278559309165464,2.8233098628377946,76.9,0.7741454230540071,True,False,-43.84304835796356,-51.658953642845155,7.815905284881595,-50.34924846899509,7.442878608033884,-40.499694828987124,-38.45376483261586,78.7,-43.8758808016777,-51.62806881666184,7.752188014984135,-50.38846756529808,7.459612134799496,-40.56753393411636,-38.48087785482407,78.7,45.83129806518555,53.58348608016968,-7.752188014984128,52.343884828805926,7.459612134799496,62.052800512313844,64.91109847068786,78.7
G+A,10,2,0,6.532942310695224,-0.47660690535027195,7.009549216045496,0.09392916881100491,3.335107658636966,4.505433108150416,5.420795474173332,98.6,2.1017460104751904,True,True,-36.042120361328124,-51.658953642845155,15.616833281517032,-50.34924846899509,7.442878608033884,-40.499694828987124,-38.45376483261586,98.5,-35.92382115125656,-51.62806881666184,15.704247665405276,-50.38846756529808,7.459612134799496,-40.56753393411636,-38.48087785482407,98.6,37.8792384147644,53.58348608016968,-15.704247665405276,52.343884828805926,7.459612134799496,62.052800512313844,64.91109847068786,98.6
Full,10,2,1,4.326097760589908,-0.15090357192298498,4.477001332512893,-0.23703431268112973,4.013555640625116,5.270922739640823,6.700193538458459,84.6,1.1154701051598217,True,False,-50.098882746696475,-61.226868307590486,11.127985560894011,-61.84338293303251,9.376965510007318,-48.62209963917732,-45.277504914999014,87.3,-49.996567606925964,-61.182246279716495,11.18567867279053,-61.89849750156402,9.378650728838162,-48.680097270011906,-45.42084902048112,87.5,51.88579125404358,63.071469926834105,-11.185678672790523,63.78772114868165,9.378650728838162,75.42211598873139,77.54039288043975,87.5
G,10,2,1,1.5484322133093391,0.007012373642111713,1.5414198396672274,-0.08069826644522851,1.3340472602251279,1.8002744998515314,2.2761051322231336,86.6,1.1554462016638782,True,False,-50.39228912591934,-61.226868307590486,10.834579181671145,-61.84338293303251,9.376965510007318,-48.62209963917732,-45.277504914999014,86.6,-50.31292951107025,-61.182246279716495,10.869316768646243,-61.89849750156402,9.378650728838162,-48.680097270011906,-45.42084902048112,87.0,52.20215315818787,63.071469926834105,-10.869316768646236,63.78772114868165,9.378650728838162,75.42211598873139,77.54039288043975,87.0
A,10,2,1,1.5670632857684095,0.021370742421469746,1.5456925433469397,-0.08048516962319849,1.333709450812704,1.7992634022302572,2.262751202194683,87.0,1.1589424836159499,True,False,-50.39228912591934,-61.226868307590486,10.834579181671145,-61.84338293303251,9.376965510007318,-48.62209963917732,-45.277504914999014,86.6,-50.31292951107025,-61.182246279716495,10.869316768646243,-61.89849750156402,9.378650728838162,-48.680097270011906,-45.42084902048112,87.0,52.20215315818787,63.071469926834105,-10.869316768646236,63.78772114868165,9.378650728838162,75.42211598873139,77.54039288043975,87.0
C,10,2,1,7.04143193473691,-0.8026297216321432,7.844061656369053,0.01853717204198377,1.9034353379439932,2.381463330568014,3.1502604528264873,100.0,4.1210024317620695,True,True,-64.06601078510285,-61.226868307590486,-2.839142477512361,-61.84338293303251,9.376965510007318,-48.62209963917732,-45.277504914999014,45.0,-64.25779078006744,-61.182246279716495,-3.0755445003509436,-61.89849750156402,9.378650728838162,-48.680097270011906,-45.42084902048112,44.1,66.14701442718506,63.071469926834105,3.0755445003509507,63.78772114868165,9.378650728838162,75.42211598873139,77.54039288043975,44.1
G+C,10,2,1,-0.947601927494758,-0.19364505676592425,-0.7539568707288338,-0.07606397343473263,1.40205610181236,1.790074144674391,2.2842538942831516,29.5,-0.5377508572975329,False,False,-65.27645367383957,-61.226868307590486,-4.049585366249083,-61.84338293303251,9.376965510007318,-48.62209963917732,-45.277504914999014,39.6,-65.30407507419586,-61.182246279716495,-4.12182879447937,-61.89849750156402,9.378650728838162,-48.680097270011906,-45.42084902048112,39.7,67.19329872131348,63.071469926834105,4.121828794479377,63.78772114868165,9.378650728838162,75.42211598873139,77.54039288043975,39.7
A+C,10,2,1,-0.943267692766661,-0.179286687986566,-0.763981004780095,-0.07585087661270254,1.4002500308316728,1.7869254036329971,2.2757910761682916,29.2,-0.5456032765279295,False,False,-65.27645367383957,-61.226868307590486,-4.049585366249083,-61.84338293303251,9.376965510007318,-48.62209963917732,-45.277504914999014,39.6,-65.30407507419586,-61.182246279716495,-4.12182879447937,-61.89849750156402,9.378650728838162,-48.680097270011906,-45.42084902048112,39.7,67.19329872131348,63.071469926834105,4.121828794479377,63.78772114868165,9.378650728838162,75.42211598873139,77.54039288043975,39.7
G+A,10,2,1,3.115495499077748,0.02838311606358168,3.0871123830141665,-0.161183436068427,2.667743870372613,3.5942023723731658,4.538977177260154,86.8,1.1571996912068545,True,False,-50.39228912591934,-61.226868307590486,10.834579181671145,-61.84338293303251,9.376965510007318,-48.62209963917732,-45.277504914999014,86.6,-50.31292951107025,-61.182246279716495,10.869316768646243,-61.89849750156402,9.378650728838162,-48.680097270011906,-45.42084902048112,87.0,52.20215315818787,63.071469926834105,-10.869316768646236,63.78772114868165,9.378650728838162,75.42211598873139,77.54039288043975,87.0
Full,20,0,1,7.3584710965956805,-0.7236453728531294,8.08211646944881,0.0927114033780984,3.886869543531939,4.946736794489342,6.176931521859668,97.8,2.0793382383769727,True,True,-70.68008947372437,-84.9465225815773,14.266433107852933,-85.37748162345886,8.721442148932805,-74.48291049599648,-71.87736537516119,96.4,-70.78019365072251,-85.07494195699692,14.294748306274414,-85.50189202899932,8.735534402400638,-74.59451484441757,-71.96451194524766,96.4,72.56681804656982,86.86156635284424,-14.294748306274414,87.28851642484665,8.735534402400638,99.23117488861084,101.74283189773558,96.4
G,20,0,1,1.559219436291345,0.10535863867500139,1.4538607976163436,0.03961846345109132,1.3304028442536082,1.701518888562869,2.0989789164338957,87.9,1.092797421394569,True,False,-75.41575309038163,-84.9465225815773,9.53076949119567,-85.37748162345886,8.721442148932805,-74.48291049599648,-71.87736537516119,87.9,-75.48149141073227,-85.07494195699692,9.593450546264648,-85.50189202899932,8.735534402400638,-74.59451484441757,-71.96451194524766,87.9,77.26811580657959,86.86156635284424,-9.593450546264648,87.28851642484665,8.735534402400638,99.23117488861084,101.74283189773558,87.9
A,20,0,1,1.5664856192661825,0.10484043392096387,1.4616451853452186,0.039790896831506654,1.3309342388446375,1.701624172533932,2.102327866838421,87.9,1.0982099210356548,True,False,-75.41575309038163,-84.9465225815773,9.53076949119567,-85.37748162345886,8.721442148932805,-74.48291049599648,-71.87736537516119,87.9,-75.48149141073227,-85.07494195699692,9.593450546264648,-85.50189202899932,8.735534402400638,-74.59451484441757,-71.96451194524766,87.9,77.26811580657959,86.86156635284424,-9.593450546264648,87.28851642484665,8.735534402400638,99.23117488861084,101.74283189773558,87.9
C,20,0,1,8.382058759525233,-4.154739517480242,12.536798277005474,-0.1059554149440262,2.8696252784028884,3.645698355204301,4.593083016057578,99.9,4.368792807673803,True,True,-94.11035642623901,-84.9465225815773,-9.16383384466171,-85.37748162345886,8.721442148932805,-74.48291049599648,-71.87736537516119,17.6,-94.32576574087143,-85.07494195699692,-9.250823783874509,-85.50189202899932,8.735534402400638,-74.59451484441757,-71.96451194524766,17.5,96.11239013671874,86.86156635284424,9.250823783874509,87.28851642484665,8.735534402400638,99.23117488861084,101.74283189773558,17.5
G+C,20,0,1,1.6467166443706538,-0.933326240695059,2.580042885065713,0.01312960971508479,1.356484009506981,1.7389560581580423,2.1597482056319914,88.4,1.9020075924104987,True,False,-80.04111503362655,-84.9465225815773,4.905407547950745,-85.37748162345886,8.721442148932805,-74.48291049599648,-71.87736537516119,70.4,-80.13726133108139,-85.07494195699692,4.937680625915533,-85.50189202899932,8.735534402400638,-74.59451484441757,-71.96451194524766,70.5,81.92388572692872,86.86156635284424,-4.937680625915519,87.28851642484665,8.735534402400638,99.23117488861084,101.74283189773558,70.5
A+C,20,0,1,3.4362931980693463,-0.9338444454490967,4.370137643518443,0.013302043095500097,1.3549279631838647,1.7404574246384599,2.158412404661253,99.4,3.225365305214689,True,True,-67.5688976764679,-84.9465225815773,17.3776249051094,-85.37748162345886,8.721442148932805,-74.48291049599648,-71.87736537516119,98.6,-67.68051427602768,-85.07494195699692,17.394427680969244,-85.50189202899932,8.735534402400638,-74.59451484441757,-71.96451194524766,98.6,69.467138671875,86.86156635284424,-17.39442768096923,87.28851642484665,8.735534402400638,99.23117488861084,101.74283189773558,98.6
G+A,20,0,1,3.1257050555575283,0.21019907259596549,2.915505982961563,0.079409360282598,2.6613280068750624,3.4057134971778247,4.201306783272318,87.9,1.0955079476974943,True,False,-75.41575309038163,-84.9465225815773,9.53076949119567,-85.37748162345886,8.721442148932805,-74.48291049599648,-71.87736537516119,87.9,-75.48149141073227,-85.07494195699692,9.593450546264648,-85.50189202899932,8.735534402400638,-74.59451484441757,-71.96451194524766,87.9,77.26811580657959,86.86156635284424,-9.593450546264648,87.28851642484665,8.735534402400638,99.23117488861084,101.74283189773558,87.9
Full,20,0,2,9.673919647966365,-0.6385946054081884,10.312514253374554,0.1466669477348384,5.044690494747388,6.729079204760776,8.339895690030739,97.2,2.044231308959808,True,True,-60.71333988904953,-74.5482746720314,13.834934782981868,-74.8541346612215,7.6028153287648985,-64.63513522982596,-62.478383033275605,97.1,-60.80631006956101,-74.60073469877243,13.79442462921142,-74.99320792894363,7.620346087909262,-64.78889481306075,-62.59603198766709,97.2,62.507151222229005,76.30157585144043,-13.794424629211427,76.69404908161164,7.620346087909262,86.5424207687378,88.68339802742004,97.2
G,20,0,2,3.7781653084622837,0.12068063160935427,3.6574846768529294,0.05195417869502305,1.7083454788980483,2.348153773526208,2.832773970749756,98.5,2.1409514188032706,True,True,-58.27101640701294,-74.5482746720314,16.27725826501846,-74.8541346612215,7.6028153287648985,-64.63513522982596,-62.478383033275605,98.5,-58.36087931394577,-74.60073469877243,16.239855384826654,-74.99320792894363,7.620346087909262,-64.78889481306075,-62.59603198766709,98.5,60.06172046661377,76.30157585144043,-16.23985538482666,76.69404908161164,7.620346087909262,86.5424207687378,88.68339802742004,98.5
A,20,0,2,3.780679863909687,0.13937987542269403,3.6412999884869928,0.051379537079834586,1.7086338187528798,2.339390381443556,2.831074032045521,98.5,2.1311178255530216,True,True,-58.27101640701294,-74.5482746720314,16.27725826501846,-74.8541346612215,7.6028153287648985,-64.63513522982596,-62.478383033275605,98.5,-58.36087931394577,-74.60073469877243,16.239855384826654,-74.99320792894363,7.620346087909262,-64.78889481306075,-62.59603198766709,98.5,60.06172046661377,76.30157585144043,-16.23985538482666,76.69404908161164,7.620346087909262,86.5424207687378,88.68339802742004,98.5
C,20,0,2,7.671717836488194,-4.152139951451722,11.823857787939916,-0.03218522047941479,2.664682157096269,3.360412418741851,4.150267430089126,99.8,4.4372488315171115,True,True,-83.79509617090226,-74.5482746720314,-9.246821498870858,-74.8541346612215,7.6028153287648985,-64.63513522982596,-62.478383033275605,12.5,-84.00408304929734,-74.60073469877243,-9.403348350524908,-74.99320792894363,7.620346087909262,-64.78889481306075,-62.59603198766709,12.3,85.70492420196533,76.30157585144043,9.403348350524894,76.69404908161164,7.620346087909262,86.5424207687378,88.68339802742004,12.3
G+C,20,0,2,3.8985784450513936,-0.917354356253576,4.815932801304969,0.043907873575169336,1.7161549599716475,2.303582445320867,2.88320303179598,99.3,2.806234235039319,True,True,-60.4922854423523,-74.5482746720314,14.0559892296791,-74.8541346612215,7.6028153287648985,-64.63513522982596,-62.478383033275605,97.2,-60.58732432126999,-74.60073469877243,14.013410377502439,-74.99320792894363,7.620346087909262,-64.78889481306075,-62.59603198766709,97.2,62.28816547393799,76.30157585144043,-14.013410377502446,76.69404908161164,7.620346087909262,86.5424207687378,88.68339802742004,97.2
A+C,20,0,2,4.623002259770915,-0.8986551124402367,5.521657372211151,0.04333323195998084,1.7141942899421057,2.3118408157431833,2.8700273111688213,99.9,3.221138586570392,True,True,-58.54116622209549,-74.5482746720314,16.007108449935906,-74.8541346612215,7.6028153287648985,-64.63513522982596,-62.478383033275605,98.4,-58.66365336179733,-74.60073469877243,15.937081336975098,-74.99320792894363,7.620346087909262,-64.78889481306075,-62.59603198766709,98.4,60.364494514465335,76.30157585144043,-15.937081336975098,76.69404908161164,7.620346087909262,86.5424207687378,88.68339802742004,98.4
G+A,20,0,2,7.558845172371971,0.2600605070320485,7.298784665339922,0.1033337157748575,3.4169610137632045,4.686315420052886,5.660413741580823,98.5,2.1360456370269048,True,True,-58.27101640701294,-74.5482746720314,16.27725826501846,-74.8541346612215,7.6028153287648985,-64.63513522982596,-62.478383033275605,98.5,-58.36087931394577,-74.60073469877243,16.239855384826654,-74.99320792894363,7.620346087909262,-64.78889481306075,-62.59603198766709,98.5,60.06172046661377,76.30157585144043,-16.23985538482666,76.69404908161164,7.620346087909262,86.5424207687378,88.68339802742004,98.5
Full,20,1,0,10.286044082845573,-0.29393791684601966,10.579981999691592,-0.15551411828265177,4.748932850600041,5.671655676709604,7.1872443546049425,98.8,2.22786515045265,True,True,-50.97078869342804,-69.63862556219101,18.66783686876297,-68.99280136244298,8.164873343837032,-59.038927221298216,-56.16286190927029,99.1,-51.084392964839935,-69.7225761771202,18.638183212280268,-69.14559864017963,8.1859285752008,-59.11669821500779,-56.313620612621314,99.1,52.80126132965088,71.43944454193115,-18.638183212280275,70.86246700499058,8.1859285752008,81.75461448192597,84.7989988040924,99.1
G,20,1,0,4.546192804249837,-0.1705711758838444,4.716763980133681,-0.0439454426029905,1.6008738519120556,1.9076949768788505,2.4716005710656996,100.0,2.9463683065970883,True,True,-45.58190151453018,-69.63862556219101,24.05672404766083,-68.99280136244298,8.164873343837032,-59.038927221298216,-56.16286190927029,100.0,-45.65262531042099,-69.7225761771202,24.069950866699216,-69.14559864017963,8.1859285752008,-59.11669821500779,-56.313620612621314,100.0,47.369493675231936,71.43944454193115,-24.069950866699216,70.86246700499058,8.1859285752008,81.75461448192597,84.7989988040924,100.0
A,20,1,0,4.554885101194347,-0.15658593099992757,4.711471032194274,-0.043647896079247864,1.60232006983564,1.9194169269291619,2.468093531953221,100.0,2.9404056785468335,True,True,-45.58190151453018,-69.63862556219101,24.05672404766083,-68.99280136244298,8.164873343837032,-59.038927221298216,-56.16286190927029,100.0,-45.65262531042099,-69.7225761771202,24.069950866699216,-69.14559864017963,8.1859285752008,-59.11669821500779,-56.313620612621314,100.0,47.369493675231936,71.43944454193115,-24.069950866699216,70.86246700499058,8.1859285752008,81.75461448192597,84.7989988040924,100.0
C,20,1,0,3.816382924703117,0.7538566888649719,3.062526235838145,-0.09722350055445218,2.6850011381582233,3.4939305082808367,4.19652875050677,92.5,1.1406051909307142,True,True,-68.52869285345078,-69.63862556219101,1.1099327087402315,-68.99280136244298,8.164873343837032,-59.038927221298216,-56.16286190927029,50.0,-68.78753103017807,-69.7225761771202,0.9350451469421301,-69.14559864017963,8.1859285752008,-59.11669821500779,-56.313620612621314,49.6,70.50439939498901,71.43944454193115,-0.9350451469421444,70.86246700499058,8.1859285752008,81.75461448192597,84.7989988040924,49.6
G+C,20,1,0,2.4251464851672466,0.017892996332398603,2.407253488834848,-0.06825131774160352,1.6391726350478115,1.9672181934548618,2.5435197602879343,94.0,1.4685783775085002,True,True,-59.24377517700195,-69.63862556219101,10.39485038518906,-68.99280136244298,8.164873343837032,-59.038927221298216,-56.16286190927029,89.2,-59.485527265071866,-69.7225761771202,10.237048912048337,-69.14559864017963,8.1859285752008,-59.11669821500779,-56.313620612621314,88.9,61.202395629882815,71.43944454193115,-10.237048912048337,70.86246700499058,8.1859285752008,81.75461448192597,84.7989988040924,88.9
A+C,20,1,0,2.4048377640377443,0.03187824121631544,2.3729595228214286,-0.06795377121786095,1.6385863869041586,1.975731612447497,2.5454365008738544,93.9,1.4481748059098356,True,True,-59.24377517700195,-69.63862556219101,10.39485038518906,-68.99280136244298,8.164873343837032,-59.038927221298216,-56.16286190927029,89.2,-59.485527265071866,-69.7225761771202,10.237048912048337,-69.14559864017963,8.1859285752008,-59.11669821500779,-56.313620612621314,88.9,61.202395629882815,71.43944454193115,-10.237048912048337,70.86246700499058,8.1859285752008,81.75461448192597,84.7989988040924,88.9
G+A,20,1,0,9.101077905444185,-0.327157106883772,9.428235012327958,-0.08759333868223829,3.2031761583741134,3.8269060615188724,4.939694103018922,100.0,2.943401969223446,True,True,-45.58190151453018,-69.63862556219101,24.05672404766083,-68.99280136244298,8.164873343837032,-59.038927221298216,-56.16286190927029,100.0,-45.65262531042099,-69.7225761771202,24.069950866699216,-69.14559864017963,8.1859285752008,-59.11669821500779,-56.313620612621314,100.0,47.369493675231936,71.43944454193115,-24.069950866699216,70.86246700499058,8.1859285752008,81.75461448192597,84.7989988040924,100.0
Full,20,1,2,12.259012209263574,-0.6385946054081884,12.897606814671763,0.1466669477348384,5.044690494747388,6.729079204760776,8.339895690030739,99.3,2.556669597094402,True,True,-57.84188417196274,-74.5482746720314,16.706390500068657,-74.8541346612215,7.6028153287648985,-64.63513522982596,-62.478383033275605,98.7,-57.97726668119431,-74.60073469877243,16.62346801757812,-74.99320792894363,7.620346087909262,-64.78889481306075,-62.59603198766709,98.7,59.678107833862306,76.30157585144043,-16.623468017578126,76.69404908161164,7.620346087909262,86.5424207687378,88.68339802742004,98.7
G,20,1,2,4.712418931284138,0.12068063160935427,4.591738299674784,0.05195417869502305,1.7083454788980483,2.348153773526208,2.832773970749756,99.9,2.6878277001889805,True,True,-54.11321703195572,-74.5482746720314,20.435057640075676,-74.8541346612215,7.6028153287648985,-64.63513522982596,-62.478383033275605,99.9,-54.19758299589157,-74.60073469877243,20.403151702880855,-74.99320792894363,7.620346087909262,-64.78889481306075,-62.59603198766709,99.9,55.89842414855957,76.30157585144043,-20.403151702880862,76.69404908161164,7.620346087909262,86.5424207687378,88.68339802742004,99.9
A,20,1,2,4.714174065413657,0.13937987542269403,4.574794189990962,0.051379537079834586,1.7086338187528798,2.339390381443556,2.831074032045521,99.9,2.677457357908363,True,True,-54.11321703195572,-74.5482746720314,20.435057640075676,-74.8541346612215,7.6028153287648985,-64.63513522982596,-62.478383033275605,99.9,-54.19758299589157,-74.60073469877243,20.403151702880855,-74.99320792894363,7.620346087909262,-64.78889481306075,-62.59603198766709,99.9,55.89842414855957,76.30157585144043,-20.403151702880862,76.69404908161164,7.620346087909262,86.5424207687378,88.68339802742004,99.9
C,20,1,2,6.177577017528949,-4.152139951451722,10.329716968980671,-0.03218522047941479,2.664682157096269,3.360412418741851,4.150267430089126,99.5,3.8765287415130474,True,True,-78.01254577636719,-74.5482746720314,-3.4642711043357934,-74.8541346612215,7.6028153287648985,-64.63513522982596,-62.478383033275605,35.8,-78.2548925280571,-74.60073469877243,-3.654157829284671,-74.99320792894363,7.620346087909262,-64.78889481306075,-62.59603198766709,35.3,79.9557336807251,76.30157585144043,3.654157829284671,76.69404908161164,7.620346087909262,86.5424207687378,88.68339802742004,35.3
G+C,20,1,2,2.402098405613964,-0.917354356253576,3.31945276186754,0.043907873575169336,1.7161549599716475,2.303582445320867,2.88320303179598,91.4,1.9342383638377156,True,True,-70.51677687168122,-74.5482746720314,4.031497800350181,-74.8541346612215,7.6028153287648985,-64.63513522982596,-62.478383033275605,69.2,-70.6963886141777,-74.60073469877243,3.904346084594721,-74.99320792894363,7.620346087909262,-64.78889481306075,-62.59603198766709,69.1,72.3972297668457,76.30157585144043,-3.904346084594735,76.69404908161164,7.620346087909262,86.5424207687378,88.68339802742004,69.1
A+C,20,1,2,2.3903562583813214,-0.8986551124402367,3.289011370821558,0.04333323195998084,1.7141942899421057,2.3118408157431833,2.8700273111688213,91.3,1.9186922918362068,True,True,-70.51677687168122,-74.5482746720314,4.031497800350181,-74.8541346612215,7.6028153287648985,-64.63513522982596,-62.478383033275605,69.2,-70.6963886141777,-74.60073469877243,3.904346084594721,-74.99320792894363,7.620346087909262,-64.78889481306075,-62.59603198766709,69.1,72.3972297668457,76.30157585144043,-3.904346084594735,76.69404908161164,7.620346087909262,86.5424207687378,88.68339802742004,69.1
G+A,20,1,2,9.426592996697794,0.2600605070320485,9.166532489665745,0.1033337157748575,3.4169610137632045,4.686315420052886,5.660413741580823,99.9,2.6826564461062903,True,True,-54.11321703195572,-74.5482746720314,20.435057640075676,-74.8541346612215,7.6028153287648985,-64.63513522982596,-62.478383033275605,99.9,-54.19758299589157,-74.60073469877243,20.403151702880855,-74.99320792894363,7.620346087909262,-64.78889481306075,-62.59603198766709,99.9,55.89842414855957,76.30157585144043,-20.403151702880862,76.69404908161164,7.620346087909262,86.5424207687378,88.68339802742004,99.9
Full,20,2,0,11.634960699657524,-0.29393791684601966,11.928898616503544,-0.15551411828265177,4.748932850600041,5.671655676709604,7.1872443546049425,99.7,2.511911410791225,True,True,-48.2002215385437,-69.63862556219101,21.43840402364731,-68.99280136244298,8.164873343837032,-59.038927221298216,-56.16286190927029,100.0,-48.29294084310531,-69.7225761771202,21.42963533401489,-69.14559864017963,8.1859285752008,-59.11669821500779,-56.313620612621314,100.0,50.00980920791626,71.43944454193115,-21.42963533401489,70.86246700499058,8.1859285752008,81.75461448192597,84.7989988040924,100.0
G,20,2,0,2.9334991002350983,-0.1705711758838444,3.104070276118943,-0.0439454426029905,1.6008738519120556,1.9076949768788505,2.4716005710656996,97.3,1.9389849315181806,True,True,-53.807059180736545,-69.63862556219101,15.831566381454465,-68.99280136244298,8.164873343837032,-59.038927221298216,-56.16286190927029,97.3,-53.904599130153656,-69.7225761771202,15.817977046966547,-69.14559864017963,8.1859285752008,-59.11669821500779,-56.313620612621314,97.3,55.6214674949646,71.43944454193115,-15.817977046966554,70.86246700499058,8.1859285752008,81.75461448192597,84.7989988040924,97.3
A,20,2,0,3.0836255278652356,-0.15658593099992757,3.240211458865163,-0.043647896079247864,1.60232006983564,1.9194169269291619,2.468093531953221,97.7,2.0221998836958535,True,True,-53.076477789878844,-69.63862556219101,16.562147772312166,-68.99280136244298,8.164873343837032,-59.038927221298216,-56.16286190927029,97.6,-53.168992364406584,-69.7225761771202,16.55358381271362,-69.14559864017963,8.1859285752008,-59.11669821500779,-56.313620612621314,97.7,54.88586072921753,71.43944454193115,-16.553583812713626,70.86246700499058,8.1859285752008,81.75461448192597,84.7989988040924,97.7
C,20,2,0,5.9330419280769995,0.7538566888649719,5.1791852392120274,-0.09722350055445218,2.6850011381582233,3.4939305082808367,4.19652875050677,99.1,1.9289322323210223,True,True,-86.73763909339905,-69.63862556219101,-17.099013531208044,-68.99280136244298,8.164873343837032,-59.038927221298216,-56.16286190927029,1.6,-87.04852837324142,-69.7225761771202,-17.32595219612122,-69.14559864017963,8.1859285752008,-59.11669821500779,-56.313620612621314,1.6,88.76539673805237,71.43944454193115,17.32595219612122,70.86246700499058,8.1859285752008,81.75461448192597,84.7989988040924,1.6
G+C,20,2,0,4.98389318520515,0.017892996332398603,4.966000188872751,-0.06825131774160352,1.6391726350478115,1.9672181934548618,2.5435197602879343,99.9,3.0295772895988486,True,True,-46.492750668525694,-69.63862556219101,23.145874893665315,-68.99280136244298,8.164873343837032,-59.038927221298216,-56.16286190927029,100.0,-46.55147622823715,-69.7225761771202,23.171099948883054,-69.14559864017963,8.1859285752008,-59.11669821500779,-56.313620612621314,100.0,48.2683445930481,71.43944454193115,-23.171099948883054,70.86246700499058,8.1859285752008,81.75461448192597,84.7989988040924,100.0
A+C,20,2,0,4.995232458077977,0.03187824121631544,4.963354216861662,-0.06795377121786095,1.6385863869041586,1.975731612447497,2.5454365008738544,99.9,3.0290464125233636,True,True,-46.492750668525694,-69.63862556219101,23.145874893665315,-68.99280136244298,8.164873343837032,-59.038927221298216,-56.16286190927029,100.0,-46.55147622823715,-69.7225761771202,23.171099948883054,-69.14559864017963,8.1859285752008,-59.11669821500779,-56.313620612621314,100.0,48.2683445930481,71.43944454193115,-23.171099948883054,70.86246700499058,8.1859285752008,81.75461448192597,84.7989988040924,100.0
G+A,20,2,0,5.873136383708096,-0.327157106883772,6.200293490591868,-0.08759333868223829,3.2031761583741134,3.8269060615188724,4.939694103018922,97.3,1.935670467071361,True,True,-53.807059180736545,-69.63862556219101,15.831566381454465,-68.99280136244298,8.164873343837032,-59.038927221298216,-56.16286190927029,97.3,-53.904599130153656,-69.7225761771202,15.817977046966547,-69.14559864017963,8.1859285752008,-59.11669821500779,-56.313620612621314,97.3,55.6214674949646,71.43944454193115,-15.817977046966554,70.86246700499058,8.1859285752008,81.75461448192597,84.7989988040924,97.3
Full,20,2,1,8.877237234638844,-0.7236453728531294,9.600882607491974,0.0927114033780984,3.886869543531939,4.946736794489342,6.176931521859668,99.4,2.470080999623105,True,True,-64.2955013036728,-84.9465225815773,20.651021277904505,-85.37748162345886,8.721442148932805,-74.48291049599648,-71.87736537516119,99.6,-64.38050721883774,-85.07494195699692,20.694434738159188,-85.50189202899932,8.735534402400638,-74.59451484441757,-71.96451194524766,99.6,66.16713161468506,86.86156635284424,-20.694434738159174,87.28851642484665,8.735534402400638,99.23117488861084,101.74283189773558,99.6
G,20,2,1,2.258779926598997,0.10535863867500139,2.1534212879239956,0.03961846345109132,1.3304028442536082,1.701518888562869,2.0989789164338957,96.3,1.6186234847777425,True,True,-70.8297914981842,-84.9465225815773,14.116731083393091,-85.37748162345886,8.721442148932805,-74.48291049599648,-71.87736537516119,96.3,-70.91273435354233,-85.07494195699692,14.16220760345459,-85.50189202899932,8.735534402400638,-74.59451484441757,-71.96451194524766,96.3,72.69935874938965,86.86156635284424,-14.16220760345459,87.28851642484665,8.735534402400638,99.23117488861084,101.74283189773558,96.3
A,20,2,1,2.685962348127172,0.10484043392096387,2.581121914206208,0.039790896831506654,1.3309342388446375,1.701624172533932,2.102327866838421,98.5,1.9393309142357313,True,True,-68.06505831480027,-84.9465225815773,16.88146426677703,-85.37748162345886,8.721442148932805,-74.48291049599648,-71.87736537516119,98.5,-68.1338500380516,-85.07494195699692,16.941091918945318,-85.50189202899932,8.735534402400638,-74.59451484441757,-71.96451194524766,98.5,69.92047443389893,86.86156635284424,-16.941091918945304,87.28851642484665,8.735534402400638,99.23117488861084,101.74283189773558,98.5
C,20,2,1,5.394456938625437,-4.154739517480242,9.54919645610568,-0.1059554149440262,2.8696252784028884,3.645698355204301,4.593083016057578,97.8,3.327680630629361,True,True,-99.33792142868042,-84.9465225815773,-14.391398847103119,-85.37748162345886,8.721442148932805,-74.48291049599648,-71.87736537516119,5.9,-99.59074758291244,-85.07494195699692,-14.515805625915519,-85.50189202899932,8.735534402400638,-74.59451484441757,-71.96451194524766,5.8,101.37737197875977,86.86156635284424,14.515805625915533,87.28851642484665,8.735534402400638,99.23117488861084,101.74283189773558,5.8
G+C,20,2,1,2.5245313650487553,-0.933326240695059,3.4578576057438144,0.01312960971508479,1.356484009506981,1.7389560581580423,2.1597482056319914,97.1,2.5491325968527896,True,True,-72.96247626543045,-84.9465225815773,11.984046316146845,-85.37748162345886,8.721442148932805,-74.48291049599648,-71.87736537516119,93.2,-73.06515401601791,-85.07494195699692,12.00978794097901,-85.50189202899932,8.735534402400638,-74.59451484441757,-71.96451194524766,93.1,74.85177841186524,86.86156635284424,-12.009787940978995,87.28851642484665,8.735534402400638,99.23117488861084,101.74283189773558,93.1
A+C,20,2,1,2.525715026885739,-0.9338444454490967,3.4595594723348357,0.013302043095500097,1.3549279631838647,1.7404574246384599,2.158412404661253,97.1,2.55331616612696,True,True,-72.96247626543045,-84.9465225815773,11.984046316146845,-85.37748162345886,8.721442148932805,-74.48291049599648,-71.87736537516119,93.2,-73.06515401601791,-85.07494195699692,12.00978794097901,-85.50189202899932,8.735534402400638,-74.59451484441757,-71.96451194524766,93.1,74.85177841186524,86.86156635284424,-12.009787940978995,87.28851642484665,8.735534402400638,99.23117488861084,101.74283189773558,93.1
G+A,20,2,1,4.521355208645981,0.21019907259596549,4.311156136050016,0.079409360282598,2.6613280068750624,3.4057134971778247,4.201306783272318,96.3,1.6199266399755758,True,True,-70.8297914981842,-84.9465225815773,14.116731083393091,-85.37748162345886,8.721442148932805,-74.48291049599648,-71.87736537516119,96.3,-70.91273435354233,-85.07494195699692,14.16220760345459,-85.50189202899932,8.735534402400638,-74.59451484441757,-71.96451194524766,96.3,72.69935874938965,86.86156635284424,-14.16220760345459,87.28851642484665,8.735534402400638,99.23117488861084,101.74283189773558,96.3
Full,40,0,1,5.652793530714554,-2.725623648922616,8.37841717963717,-0.02910523866965283,2.1756381939149345,2.735378352362021,3.4967596129770797,100.0,3.851015855058462,True,True,-191.6834145784378,-248.19084833860398,56.50743376016618,-224.73987631652355,15.67667198593354,-204.22671262621878,-200.34857189536095,99.1,-192.06194897890092,-248.5236459851265,56.46169700622559,-225.05383146448133,15.677101642857977,-204.5568971180916,-200.64577114343643,99.0,193.39169883728027,249.85339584350587,-56.46169700622559,226.3835813228607,15.677101642857977,246.6029386138916,254.0840700149536,99.0
G,40,0,1,1.6511245851510739,-1.096782831676187,2.747907416827261,-0.015415564587151718,0.7228800548872212,0.9304839801416985,1.1093121515098545,99.6,3.8013324593053968,True,True,-188.5986062645912,-248.19084833860398,59.59224207401277,-224.73987631652355,15.67667198593354,-204.22671262621878,-200.34857189536095,99.6,-188.97393170595168,-248.5236459851265,59.54971427917482,-225.05383146448133,15.677101642857977,-204.5568971180916,-200.64577114343643,99.6,190.30368156433104,249.85339584350587,-59.54971427917482,226.3835813228607,15.677101642857977,246.6029386138916,254.0840700149536,99.6
A,40,0,1,1.6476220143699378,-1.0972444383815265,2.7448664527514643,-0.015433932490535839,0.7226155641002686,0.9293455371118858,1.1096237905051207,99.6,3.798515544249463,True,True,-188.5986062645912,-248.19084833860398,59.59224207401277,-224.73987631652355,15.67667198593354,-204.22671262621878,-200.34857189536095,99.6,-188.97393170595168,-248.5236459851265,59.54971427917482,-225.05383146448133,15.677101642857977,-204.5568971180916,-200.64577114343643,99.6,190.30368156433104,249.85339584350587,-59.54971427917482,226.3835813228607,15.677101642857977,246.6029386138916,254.0840700149536,99.6
C,40,0,1,4.233387071089852,2.2625922380664867,1.9707948330233651,0.06871276359428151,2.180041951986888,2.843461045818262,3.4768315735693394,98.5,0.9040169301453967,True,True,-219.73590648174286,-248.19084833860398,28.454941856861126,-224.73987631652355,15.67667198593354,-204.22671262621878,-200.34857189536095,60.7,-220.1141691327095,-248.5236459851265,28.409476852417015,-225.05383146448133,15.677101642857977,-204.5568971180916,-200.64577114343643,60.7,221.44391899108888,249.85339584350587,-28.409476852416987,226.3835813228607,15.677101642857977,246.6029386138916,254.0840700149536,60.7
G+C,40,0,1,2.6422257635029256,-0.5311347721595655,3.173360535662491,0.001762626311418666,0.8556583677447038,1.079157404080103,1.3712152285392938,100.0,3.7086770319638855,True,True,-191.6834145784378,-248.19084833860398,56.50743376016618,-224.73987631652355,15.67667198593354,-204.22671262621878,-200.34857189536095,99.1,-192.06194897890092,-248.5236459851265,56.46169700622559,-225.05383146448133,15.677101642857977,-204.5568971180916,-200.64577114343643,99.0,193.39169883728027,249.85339584350587,-56.46169700622559,226.3835813228607,15.677101642857977,246.6029386138916,254.0840700149536,99.0
A+C,40,0,1,2.6386312227008943,-0.5315963788649049,3.170227601565799,0.001744258408034467,0.8548478339726909,1.0758462140244351,1.3683986380891302,100.0,3.708528553945047,True,True,-191.6834145784378,-248.19084833860398,56.50743376016618,-224.73987631652355,15.67667198593354,-204.22671262621878,-200.34857189536095,99.1,-192.06194897890092,-248.5236459851265,56.46169700622559,-225.05383146448133,15.677101642857977,-204.5568971180916,-200.64577114343643,99.0,193.39169883728027,249.85339584350587,-56.46169700622559,226.3835813228607,15.677101642857977,246.6029386138916,254.0840700149536,99.0
G+A,40,0,1,3.298746599521012,-2.1940272700577124,5.492773869578724,-0.03084949707768748,1.4454938051743176,1.8599046313246548,2.218935942014975,99.6,3.7999290276559363,True,True,-188.5986062645912,-248.19084833860398,59.59224207401277,-224.73987631652355,15.67667198593354,-204.22671262621878,-200.34857189536095,99.6,-188.97393170595168,-248.5236459851265,59.54971427917482,-225.05383146448133,15.677101642857977,-204.5568971180916,-200.64577114343643,99.6,190.30368156433104,249.85339584350587,-59.54971427917482,226.3835813228607,15.677101642857977,246.6029386138916,254.0840700149536,99.6
Full,40,0,2,6.507024475353208,-0.3774947022527333,6.884519177605942,-0.019567359923881863,2.5846538242675807,3.426364820713314,4.330694573552175,99.9,2.6636136386878904,True,True,-125.14180680513383,-153.79929168224334,28.65748487710951,-150.50558794202803,11.467946300077713,-135.2351148188114,-131.49673648536205,99.3,-125.50197392702103,-154.10530930757523,28.6033353805542,-150.79697280397414,11.477266429224503,-135.52787577867508,-131.7781746983528,99.3,127.00009193420411,155.6034273147583,-28.6033353805542,152.29509081115722,11.477266429224503,166.53416944503786,170.51989614486695,99.3
G,40,0,2,2.452116235701566,-0.2588042590135312,2.710920494715097,-0.007538625143405029,0.8748512384690798,1.1573946570925202,1.4425830272946012,100.0,3.0987216746232114,True,True,-118.26331791877746,-153.79929168224334,35.535973763465876,-150.50558794202803,11.467946300077713,-135.2351148188114,-131.49673648536205,100.0,-118.6123495221138,-154.10530930757523,35.49295978546142,-150.79697280397414,11.477266429224503,-135.52787577867508,-131.7781746983528,100.0,120.11046752929687,155.6034273147583,-35.49295978546144,152.29509081115722,11.477266429224503,166.53416944503786,170.51989614486695,100.0
A,40,0,2,2.4465807046627734,-0.2600526182599755,2.706633322922749,-0.007764449614307349,0.875237003652942,1.156631167697488,1.4425770554551192,100.0,3.092457599057376,True,True,-118.26331791877746,-153.79929168224334,35.535973763465876,-150.50558794202803,11.467946300077713,-135.2351148188114,-131.49673648536205,100.0,-118.6123495221138,-154.10530930757523,35.49295978546142,-150.79697280397414,11.477266429224503,-135.52787577867508,-131.7781746983528,100.0,120.11046752929687,155.6034273147583,-35.49295978546144,152.29509081115722,11.477266429224503,166.53416944503786,170.51989614486695,100.0
C,40,0,2,4.111658736757165,1.6056591731229939,2.505999563634171,0.01400065779255213,2.1432466975049347,2.7353486053702505,3.412794218215423,97.6,1.1692539018263908,True,True,-153.23022688627242,-153.79929168224334,0.5690647959709167,-150.50558794202803,11.467946300077713,-135.2351148188114,-131.49673648536205,42.7,-153.54614392518997,-154.10530930757523,0.5591653823852596,-150.79697280397414,11.477266429224503,-135.52787577867508,-131.7781746983528,42.8,155.04426193237305,155.6034273147583,-0.5591653823852596,152.29509081115722,11.477266429224503,166.53416944503786,170.51989614486695,42.8
G+C,40,0,2,2.664645368177742,0.14261053426721737,2.5220348339105243,-0.004038460695267054,0.9420456800998963,1.2570508741203266,1.5544882481227258,100.0,2.677189532510868,True,True,-125.14180680513383,-153.79929168224334,28.65748487710951,-150.50558794202803,11.467946300077713,-135.2351148188114,-131.49673648536205,99.3,-125.50197392702103,-154.10530930757523,28.6033353805542,-150.79697280397414,11.477266429224503,-135.52787577867508,-131.7781746983528,99.3,127.00009193420411,155.6034273147583,-28.6033353805542,152.29509081115722,11.477266429224503,166.53416944503786,170.51989614486695,99.3
A+C,40,0,2,2.6584555799734897,0.1413621750207733,2.5170934049527163,-0.004264285166169389,0.9413577960331346,1.2531850882459166,1.5523765877446263,100.0,2.673896594429561,True,True,-125.14180680513383,-153.79929168224334,28.65748487710951,-150.50558794202803,11.467946300077713,-135.2351148188114,-131.49673648536205,99.3,-125.50197392702103,-154.10530930757523,28.6033353805542,-150.79697280397414,11.477266429224503,-135.52787577867508,-131.7781746983528,99.3,127.00009193420411,155.6034273147583,-28.6033353805542,152.29509081115722,11.477266429224503,166.53416944503786,170.51989614486695,99.3
G+A,40,0,2,4.89869694036434,-0.5188568772735069,5.417553817637847,-0.01530307475771224,1.7500848561282567,2.3135850305840275,2.8852361973593723,100.0,3.0955949356782595,True,True,-118.26331791877746,-153.79929168224334,35.535973763465876,-150.50558794202803,11.467946300077713,-135.2351148188114,-131.49673648536205,100.0,-118.6123495221138,-154.10530930757523,35.49295978546142,-150.79697280397414,11.477266429224503,-135.52787577867508,-131.7781746983528,100.0,120.11046752929687,155.6034273147583,-35.49295978546144,152.29509081115722,11.477266429224503,166.53416944503786,170.51989614486695,100.0
Full,40,1,0,5.762654959657445,0.1365762590481152,5.626078700609329,-0.04950837298113432,2.1276466256175195,2.5195508388750025,3.1083637465708978,100.0,2.6442730822259732,True,True,-143.1742073774338,-177.00946254730223,33.83525516986845,-178.1448564225912,14.213931183702245,-161.15890843510627,-156.73517328441145,99.9,-143.47769464254378,-177.32708772420884,33.849393081665056,-178.43387697401047,14.216198862915672,-161.4776945281029,-157.0260914206505,99.9,144.93212814331054,178.7815212249756,-33.849393081665056,179.88831047477723,14.216198862915672,200.89181583404542,205.5472979927063,99.9
G,40,1,0,1.673937927687613,0.03297705416642771,1.6409608735211854,-0.02298477965109653,0.7005830065743704,0.8142267107374834,1.0322658747174012,99.9,2.342279013510427,True,True,-143.71646983623504,-177.00946254730223,33.2929927110672,-178.1448564225912,14.213931183702245,-161.15890843510627,-156.73517328441145,99.9,-144.00465577840805,-177.32708772420884,33.32243194580079,-178.43387697401047,14.216198862915672,-161.4776945281029,-157.0260914206505,99.9,145.4590892791748,178.7815212249756,-33.32243194580079,179.88831047477723,14.216198862915672,200.89181583404542,205.5472979927063,99.9
A,40,1,0,1.6737075316811425,0.03149448855376913,1.6422130431273734,-0.02305086230698828,0.7006099445066064,0.8125923470364377,1.0319785160223993,99.9,2.3439762110197795,True,True,-143.71646983623504,-177.00946254730223,33.2929927110672,-178.1448564225912,14.213931183702245,-161.15890843510627,-156.73517328441145,99.9,-144.00465577840805,-177.32708772420884,33.32243194580079,-178.43387697401047,14.216198862915672,-161.4776945281029,-157.0260914206505,99.9,145.4590892791748,178.7815212249756,-33.32243194580079,179.88831047477723,14.216198862915672,200.89181583404542,205.5472979927063,99.9
C,40,1,0,5.2903798893218585,0.16244091109659803,5.12793897822526,0.07831252513575636,2.2302325616133047,3.006364894577775,3.7149219505308295,99.4,2.299284418354924,True,True,-179.3986423254013,-177.00946254730223,-2.389179778099077,-178.1448564225912,14.213931183702245,-161.15890843510627,-156.73517328441145,42.9,-179.79289735555648,-177.32708772420884,-2.465809631347639,-178.43387697401047,14.216198862915672,-161.4776945281029,-157.0260914206505,42.6,181.24733085632323,178.7815212249756,2.465809631347639,179.88831047477723,14.216198862915672,200.89181583404542,205.5472979927063,42.6
G+C,40,1,0,1.9366871019041358,0.07358728194057729,1.8630998199635584,-0.0034066483671573275,0.8574687055189655,1.0485721276330415,1.4211560089185589,98.9,2.172790456342025,True,True,-174.7011081814766,-177.00946254730223,2.308354365825636,-178.1448564225912,14.213931183702245,-161.15890843510627,-156.73517328441145,55.6,-175.04205240011214,-177.32708772420884,2.2850353240966967,-178.43387697401047,14.216198862915672,-161.4776945281029,-157.0260914206505,55.5,176.4964859008789,178.7815212249756,-2.2850353240966967,179.88831047477723,14.216198862915672,200.89181583404542,205.5472979927063,55.5
A+C,40,1,0,1.934041540739023,0.0721047163279186,1.8619368244111043,-0.003472731023049185,0.8568334627945191,1.048152417552763,1.4206704434167508,98.9,2.173044010604454,True,True,-174.7011081814766,-177.00946254730223,2.308354365825636,-178.1448564225912,14.213931183702245,-161.15890843510627,-156.73517328441145,55.6,-175.04205240011214,-177.32708772420884,2.2850353240966967,-178.43387697401047,14.216198862915672,-161.4776945281029,-157.0260914206505,55.5,176.4964859008789,178.7815212249756,-2.2850353240966967,179.88831047477723,14.216198862915672,200.89181583404542,205.5472979927063,55.5
G+A,40,1,0,3.3476454593687555,0.06447154272019628,3.2831739166485594,-0.046035641958084926,1.4011915776741508,1.6278866674916768,2.0636168247271893,99.9,2.3431299252442885,True,True,-143.71646983623504,-177.00946254730223,33.2929927110672,-178.1448564225912,14.213931183702245,-161.15890843510627,-156.73517328441145,99.9,-144.00465577840805,-177.32708772420884,33.32243194580079,-178.43387697401047,14.216198862915672,-161.4776945281029,-157.0260914206505,99.9,145.4590892791748,178.7815212249756,-33.32243194580079,179.88831047477723,14.216198862915672,200.89181583404542,205.5472979927063,99.9
Full,40,1,2,1.977235033638184,-0.3774947022527333,2.3547297358909174,-0.019567359923881863,2.5846538242675807,3.426364820713314,4.330694573552175,75.8,0.9110425983480331,True,False,-142.04159203767776,-153.79929168224334,11.757699644565577,-150.50558794202803,11.467946300077713,-135.2351148188114,-131.49673648536205,75.1,-142.37525922060013,-154.10530930757523,11.730050086975098,-150.79697280397414,11.477266429224503,-135.52787577867508,-131.7781746983528,75.1,143.8733772277832,155.6034273147583,-11.730050086975098,152.29509081115722,11.477266429224503,166.53416944503786,170.51989614486695,75.1
G,40,1,2,0.7339029572148561,-0.2588042590135312,0.9927072162283873,-0.007538625143405029,0.8748512384690798,1.1573946570925202,1.4425830272946012,77.7,1.1347154494123437,True,False,-140.78643584251404,-153.79929168224334,13.012855839729298,-150.50558794202803,11.467946300077713,-135.2351148188114,-131.49673648536205,77.7,-141.12229672670364,-154.10530930757523,12.983012580871588,-150.79697280397414,11.477266429224503,-135.52787577867508,-131.7781746983528,77.5,142.62041473388672,155.6034273147583,-12.983012580871588,152.29509081115722,11.477266429224503,166.53416944503786,170.51989614486695,77.5
A,40,1,2,0.7300100503852696,-0.2600526182599755,0.9900626686452451,-0.007764449614307349,0.875237003652942,1.156631167697488,1.4425770554551192,77.5,1.1311937960952974,True,False,-140.78643584251404,-153.79929168224334,13.012855839729298,-150.50558794202803,11.467946300077713,-135.2351148188114,-131.49673648536205,77.7,-141.12229672670364,-154.10530930757523,12.983012580871588,-150.79697280397414,11.477266429224503,-135.52787577867508,-131.7781746983528,77.5,142.62041473388672,155.6034273147583,-12.983012580871588,152.29509081115722,11.477266429224503,166.53416944503786,170.51989614486695,77.5
C,40,1,2,4.782523228807472,1.6056591731229939,3.176864055684478,0.01400065779255213,2.1432466975049347,2.7353486053702505,3.412794218215423,99.4,1.4822670947692729,True,True,-136.76991899013518,-153.79929168224334,17.029372692108154,-150.50558794202803,11.467946300077713,-135.2351148188114,-131.49673648536205,87.6,-137.1104515194893,-154.10530930757523,16.994857788085938,-150.79697280397414,11.477266429224503,-135.52787577867508,-131.7781746983528,87.6,138.60856952667237,155.6034273147583,-16.994857788085938,152.29509081115722,11.477266429224503,166.53416944503786,170.51989614486695,87.6
G+C,40,1,2,2.074063217815409,0.14261053426721737,1.9314526835481916,-0.004038460695267054,0.9420456800998963,1.2570508741203266,1.5544882481227258,99.0,2.050274975352975,True,True,-137.3003805756569,-153.79929168224334,16.498911106586434,-150.50558794202803,11.467946300077713,-135.2351148188114,-131.49673648536205,86.6,-137.66441212892533,-154.10530930757523,16.44089717864989,-150.79697280397414,11.477266429224503,-135.52787577867508,-131.7781746983528,86.5,139.1625301361084,155.6034273147583,-16.44089717864992,152.29509081115722,11.477266429224503,166.53416944503786,170.51989614486695,86.5
A+C,40,1,2,2.0679232773583465,0.1413621750207733,1.926561102337573,-0.004264285166169389,0.9413577960331346,1.2531850882459166,1.5523765877446263,99.0,2.04657688124119,True,True,-137.3003805756569,-153.79929168224334,16.498911106586434,-150.50558794202803,11.467946300077713,-135.2351148188114,-131.49673648536205,86.6,-137.66441212892533,-154.10530930757523,16.44089717864989,-150.79697280397414,11.477266429224503,-135.52787577867508,-131.7781746983528,86.5,139.1625301361084,155.6034273147583,-16.44089717864992,152.29509081115722,11.477266429224503,166.53416944503786,170.51989614486695,86.5
G+A,40,1,2,1.4639130076001254,-0.5188568772735069,1.9827698848736324,-0.01530307475771224,1.7500848561282567,2.3135850305840275,2.8852361973593723,77.5,1.1329564266158778,True,False,-140.78643584251404,-153.79929168224334,13.012855839729298,-150.50558794202803,11.467946300077713,-135.2351148188114,-131.49673648536205,77.7,-141.12229672670364,-154.10530930757523,12.983012580871588,-150.79697280397414,11.477266429224503,-135.52787577867508,-131.7781746983528,77.5,142.62041473388672,155.6034273147583,-12.983012580871588,152.29509081115722,11.477266429224503,166.53416944503786,170.51989614486695,77.5
Full,40,2,0,0.794226909692626,0.1365762590481152,0.6576506506445108,-0.04950837298113432,2.1276466256175195,2.5195508388750025,3.1083637465708978,63.0,0.30909768695900663,True,False,-174.14071887731552,-177.00946254730223,2.8687436699867135,-178.1448564225912,14.213931183702245,-161.15890843510627,-156.73517328441145,57.2,-174.46838029623032,-177.32708772420884,2.8587074279785156,-178.43387697401047,14.216198862915672,-161.4776945281029,-157.0260914206505,56.9,175.92281379699708,178.7815212249756,-2.8587074279785156,179.88831047477723,14.216198862915672,200.89181583404542,205.5472979927063,56.9
G,40,2,0,0.08509209640102144,0.03297705416642771,0.052115042234593734,-0.02298477965109653,0.7005830065743704,0.8142267107374834,1.0322658747174012,52.0,0.0743881049719145,True,False,-175.95211514234543,-177.00946254730223,1.0573474049568006,-178.1448564225912,14.213931183702245,-161.15890843510627,-156.73517328441145,52.0,-176.24544328451157,-177.32708772420884,1.0816444396972713,-178.43387697401047,14.216198862915672,-161.4776945281029,-157.0260914206505,52.0,177.69987678527832,178.7815212249756,-1.0816444396972713,179.88831047477723,14.216198862915672,200.89181583404542,205.5472979927063,52.0
A,40,2,0,0.08480064009115357,0.03149448855376913,0.05330615153738444,-0.02305086230698828,0.7006099445066064,0.8125923470364377,1.0319785160223993,52.0,0.07608534813893408,True,False,-175.95211514234543,-177.00946254730223,1.0573474049568006,-178.1448564225912,14.213931183702245,-161.15890843510627,-156.73517328441145,52.0,-176.24544328451157,-177.32708772420884,1.0816444396972713,-178.43387697401047,14.216198862915672,-161.4776945281029,-157.0260914206505,52.0,177.69987678527832,178.7815212249756,-1.0816444396972713,179.88831047477723,14.216198862915672,200.89181583404542,205.5472979927063,52.0
C,40,2,0,5.320859875723187,0.16244091109659803,5.1584189646265886,0.07831252513575636,2.2302325616133047,3.006364894577775,3.7149219505308295,99.4,2.3129511484197387,True,True,-171.42976365089416,-177.00946254730223,5.579698896408075,-178.1448564225912,14.213931183702245,-161.15890843510627,-156.73517328441145,63.0,-171.78522180318834,-177.32708772420884,5.541865921020502,-178.43387697401047,14.216198862915672,-161.4776945281029,-157.0260914206505,62.9,173.2396553039551,178.7815212249756,-5.541865921020502,179.88831047477723,14.216198862915672,200.89181583404542,205.5472979927063,62.9
G+C,40,2,0,0.6962989423800399,0.07358728194057729,0.6227116604394626,-0.0034066483671573275,0.8574687055189655,1.0485721276330415,1.4211560089185589,79.9,0.7262208596435936,True,False,-183.83202044963838,-177.00946254730223,-6.822557902336143,-178.1448564225912,14.213931183702245,-161.15890843510627,-156.73517328441145,32.2,-184.15882219076155,-177.32708772420884,-6.831734466552717,-178.43387697401047,14.216198862915672,-161.4776945281029,-157.0260914206505,32.2,185.6132556915283,178.7815212249756,6.831734466552717,179.88831047477723,14.216198862915672,200.89181583404542,205.5472979927063,32.2
A+C,40,2,0,0.6944048450055533,0.0721047163279186,0.6223001286776347,-0.003472731023049185,0.8568334627945191,1.048152417552763,1.4206704434167508,79.8,0.7262789745022729,True,False,-183.83202044963838,-177.00946254730223,-6.822557902336143,-178.1448564225912,14.213931183702245,-161.15890843510627,-156.73517328441145,32.2,-184.15882219076155,-177.32708772420884,-6.831734466552717,-178.43387697401047,14.216198862915672,-161.4776945281029,-157.0260914206505,32.2,185.6132556915283,178.7815212249756,6.831734466552717,179.88831047477723,14.216198862915672,200.89181583404542,205.5472979927063,32.2
G+A,40,2,0,0.1698927364921744,0.06447154272019628,0.10542119377197812,-0.046035641958084926,1.4011915776741508,1.6278866674916768,2.0636168247271893,52.0,0.0752368166150182,True,False,-175.95211514234543,-177.00946254730223,1.0573474049568006,-178.1448564225912,14.213931183702245,-161.15890843510627,-156.73517328441145,52.0,-176.24544328451157,-177.32708772420884,1.0816444396972713,-178.43387697401047,14.216198862915672,-161.4776945281029,-157.0260914206505,52.0,177.69987678527832,178.7815212249756,-1.0816444396972713,179.88831047477723,14.216198862915672,200.89181583404542,205.5472979927063,52.0
Full,40,2,1,5.9298589927485486,-2.725623648922616,8.655482641671165,-0.02910523866965283,2.1756381939149345,2.735378352362021,3.4967596129770797,100.0,3.9783649073084746,True,True,-183.0357296705246,-248.19084833860398,65.15511866807938,-224.73987631652355,15.67667198593354,-204.22671262621878,-200.34857189536095,100.0,-183.37350941896437,-248.5236459851265,65.15013656616213,-225.05383146448133,15.677101642857977,-204.5568971180916,-200.64577114343643,100.0,184.70325927734376,249.85339584350587,-65.1501365661621,226.3835813228607,15.677101642857977,246.6029386138916,254.0840700149536,100.0
G,40,2,1,1.8191083094283058,-1.096782831676187,2.9158911411044928,-0.015415564587151718,0.7228800548872212,0.9304839801416985,1.1093121515098545,99.9,4.033713645010458,True,True,-184.95564264059067,-248.19084833860398,63.23520569801332,-224.73987631652355,15.67667198593354,-204.22671262621878,-200.34857189536095,99.9,-185.26019765138625,-248.5236459851265,63.26344833374026,-225.05383146448133,15.677101642857977,-204.5568971180916,-200.64577114343643,99.9,186.58994750976564,249.85339584350587,-63.26344833374023,226.3835813228607,15.677101642857977,246.6029386138916,254.0840700149536,99.9
A,40,2,1,1.8188017445199143,-1.0972444383815265,2.916046182901441,-0.015433932490535839,0.7226155641002686,0.9293455371118858,1.1096237905051207,99.9,4.035404615913887,True,True,-184.95564264059067,-248.19084833860398,63.23520569801332,-224.73987631652355,15.67667198593354,-204.22671262621878,-200.34857189536095,99.9,-185.26019765138625,-248.5236459851265,63.26344833374026,-225.05383146448133,15.677101642857977,-204.5568971180916,-200.64577114343643,99.9,186.58994750976564,249.85339584350587,-63.26344833374023,226.3835813228607,15.677101642857977,246.6029386138916,254.0840700149536,99.9
C,40,2,1,5.240837845818952,2.2625922380664867,2.978245607752465,0.06871276359428151,2.180041951986888,2.843461045818262,3.4768315735693394,99.8,1.3661414199107935,True,True,-226.97703053951264,-248.19084833860398,21.213817799091345,-224.73987631652355,15.67667198593354,-204.22671262621878,-200.34857189536095,43.4,-227.34122182130812,-248.5236459851265,21.182424163818382,-225.05383146448133,15.677101642857977,-204.5568971180916,-200.64577114343643,43.2,228.6709716796875,249.85339584350587,-21.182424163818354,226.3835813228607,15.677101642857977,246.6029386138916,254.0840700149536,43.2
G+C,40,2,1,2.5174196485753493,-0.5311347721595655,3.0485544207349147,0.001762626311418666,0.8556583677447038,1.079157404080103,1.3712152285392938,100.0,3.5628172827551756,True,True,-202.240702354908,-248.19084833860398,45.95014598369599,-224.73987631652355,15.67667198593354,-204.22671262621878,-200.34857189536095,93.5,-202.61574078798293,-248.5236459851265,45.90790519714358,-225.05383146448133,15.677101642857977,-204.5568971180916,-200.64577114343643,93.4,203.94549064636232,249.85339584350587,-45.90790519714355,226.3835813228607,15.677101642857977,246.6029386138916,254.0840700149536,93.4
A+C,40,2,1,2.514177705449552,-0.5315963788649049,3.045774084314457,0.001744258408034467,0.8548478339726909,1.0758462140244351,1.3683986380891302,100.0,3.562942974494052,True,True,-202.240702354908,-248.19084833860398,45.95014598369599,-224.73987631652355,15.67667198593354,-204.22671262621878,-200.34857189536095,93.5,-202.61574078798293,-248.5236459851265,45.90790519714358,-225.05383146448133,15.677101642857977,-204.5568971180916,-200.64577114343643,93.4,203.94549064636232,249.85339584350587,-45.90790519714355,226.3835813228607,15.677101642857977,246.6029386138916,254.0840700149536,93.4
G+A,40,2,1,3.6379100539482194,-2.1940272700577124,5.831937324005931,-0.03084949707768748,1.4454938051743176,1.8599046313246548,2.218935942014975,99.9,4.034564038344416,True,True,-184.95564264059067,-248.19084833860398,63.23520569801332,-224.73987631652355,15.67667198593354,-204.22671262621878,-200.34857189536095,99.9,-185.26019765138625,-248.5236459851265,63.26344833374026,-225.05383146448133,15.677101642857977,-204.5568971180916,-200.64577114343643,99.9,186.58994750976564,249.85339584350587,-63.26344833374023,226.3835813228607,15.677101642857977,246.6029386138916,254.0840700149536,99.9
